texto,intent,source,style_tag,slots_json,quality_flags
agradeco o feedback,agradecimento,original,orig,,
"perfeito, obrigada!",agradecimento,original,orig,,
obg!!,agradecimento,original,orig,,
de todo modo agradeco por perguntar,agradecimento,original,orig,,
quero body verde P,buscar_produto_por_categoria,original,orig,,
tem body preto tamanho GG?,buscar_produto_por_categoria,original,orig,,
quero body preto 38,buscar_produto_por_categoria,original,orig,,
tem body verde tamanho 46?,buscar_produto_por_categoria,original,orig,,
quero jaqueta verde GG,buscar_produto_por_categoria,original,orig,,
tem body verde tamanho 40?,buscar_produto_por_categoria,original,orig,,
tem jaqueta preto tamanho P?,buscar_produto_por_categoria,original,orig,,
quero body preto G,buscar_produto_por_categoria,original,orig,,
quero jaqueta verde 42,buscar_produto_por_categoria,original,orig,,
tem blazer preto tamanho 36?,buscar_produto_por_categoria,original,orig,,
tem saia verde tamanho 46?,buscar_produto_por_categoria,original,orig,,
tem body preto tamanho M?,buscar_produto_por_categoria,original,orig,,
quero jaqueta verde 44,buscar_produto_por_categoria,original,orig,,
tem blazer preto tamanho 42?,buscar_produto_por_categoria,original,orig,,
quero saia preto 46,buscar_produto_por_categoria,original,orig,,
quero blazer verde 36,buscar_produto_por_categoria,original,orig,,
quero vestido preto 46,buscar_produto_por_categoria,original,orig,,
quero saia verde 42,buscar_produto_por_categoria,original,orig,,
tem blazer verde tamanho 40?,buscar_produto_por_categoria,original,orig,,
quero blazer preto P,buscar_produto_por_categoria,original,orig,,
quero jaqueta verde 46,buscar_produto_por_categoria,original,orig,,
tem jaqueta preto tamanho 36?,buscar_produto_por_categoria,original,orig,,
tem body verde tamanho P?,buscar_produto_por_categoria,original,orig,,
quero body verde M,buscar_produto_por_categoria,original,orig,,
tem blazer verde tamanho 42?,buscar_produto_por_categoria,original,orig,,
tem camisa verde tamanho 40?,buscar_produto_por_categoria,original,orig,,
quero vestido verde PP,buscar_produto_por_categoria,original,orig,,
tem camisa verde tamanho PP?,buscar_produto_por_categoria,original,orig,,
tem jaqueta preto tamanho M?,buscar_produto_por_categoria,original,orig,,
quero blazer verde G,buscar_produto_por_categoria,original,orig,,
quero blazer preto 40,buscar_produto_por_categoria,original,orig,,
tem vestido verde tamanho PP?,buscar_produto_por_categoria,original,orig,,
tem camisa verde tamanho M?,buscar_produto_por_categoria,original,orig,,
quero body verde 46,buscar_produto_por_categoria,original,orig,,
tem camisa preto tamanho 42?,buscar_produto_por_categoria,original,orig,,
quero body preto M,buscar_produto_por_categoria,original,orig,,
tem blazer verde tamanho M?,buscar_produto_por_categoria,original,orig,,
tem saia verde tamanho GG?,buscar_produto_por_categoria,original,orig,,
quero saia verde M,buscar_produto_por_categoria,original,orig,,
quero blazer verde 38,buscar_produto_por_categoria,original,orig,,
quero body verde G,buscar_produto_por_categoria,original,orig,,
quero camisa verde 42,buscar_produto_por_categoria,original,orig,,
tem blazer verde tamanho G?,buscar_produto_por_categoria,original,orig,,
tem camisa verde tamanho 36?,buscar_produto_por_categoria,original,orig,,
quero camisa preto M,buscar_produto_por_categoria,original,orig,,
tem blazer verde tamanho PP?,buscar_produto_por_categoria,original,orig,,
tem camisa preto tamanho 38?,buscar_produto_por_categoria,original,orig,,
tem camisa preto tamanho P?,buscar_produto_por_categoria,original,orig,,
tem jaqueta verde tamanho 36?,buscar_produto_por_categoria,original,orig,,
tem jaqueta preto tamanho PP?,buscar_produto_por_categoria,original,orig,,
tem saia preto tamanho 36?,buscar_produto_por_categoria,original,orig,,
tem vestido preto tamanho P?,buscar_produto_por_categoria,original,orig,,
tem blazer preto tamanho G?,buscar_produto_por_categoria,original,orig,,
quero saia verde 36,buscar_produto_por_categoria,original,orig,,
tem jaqueta preto tamanho G?,buscar_produto_por_categoria,original,orig,,
quero camisa preto P,buscar_produto_por_categoria,original,orig,,
quero saia verde 38,buscar_produto_por_categoria,original,orig,,
quero camisa verde P,buscar_produto_por_categoria,original,orig,,
tem body verde tamanho GG?,buscar_produto_por_categoria,original,orig,,
quero blazer preto M,buscar_produto_por_categoria,original,orig,,
quero blazer preto 42,buscar_produto_por_categoria,original,orig,,
tem body preto tamanho 46?,buscar_produto_por_categoria,original,orig,,
tem vestido verde tamanho M?,buscar_produto_por_categoria,original,orig,,
quero jaqueta preto GG,buscar_produto_por_categoria,original,orig,,
quero vestido verde 42,buscar_produto_por_categoria,original,orig,,
tem jaqueta verde tamanho GG?,buscar_produto_por_categoria,original,orig,,
quero blazer verde 40,buscar_produto_por_categoria,original,orig,,
tem body verde tamanho 44?,buscar_produto_por_categoria,original,orig,,
tem body verde tamanho 42?,buscar_produto_por_categoria,original,orig,,
tem body verde tamanho PP?,buscar_produto_por_categoria,original,orig,,
quero camisa preto 40,buscar_produto_por_categoria,original,orig,,
quero camisa preto 44,buscar_produto_por_categoria,original,orig,,
quero vestido preto PP,buscar_produto_por_categoria,original,orig,,
tem vestido verde tamanho 44?,buscar_produto_por_categoria,original,orig,,
tem body preto tamanho 40?,buscar_produto_por_categoria,original,orig,,
quero blazer verde 42,buscar_produto_por_categoria,original,orig,,
quero jaqueta preto P,buscar_produto_por_categoria,original,orig,,
tem vestido preto tamanho 46?,buscar_produto_por_categoria,original,orig,,
quero camisa preto 46,buscar_produto_por_categoria,original,orig,,
quero camisa preto 42,buscar_produto_por_categoria,original,orig,,
tem blazer preto tamanho 44?,buscar_produto_por_categoria,original,orig,,
quero vestido verde 44,buscar_produto_por_categoria,original,orig,,
tem blazer preto tamanho PP?,buscar_produto_por_categoria,original,orig,,
quero saia preto M,buscar_produto_por_categoria,original,orig,,
tem vestido verde tamanho 36?,buscar_produto_por_categoria,original,orig,,
quero camisa verde 46,buscar_produto_por_categoria,original,orig,,
quero blazer verde 46,buscar_produto_por_categoria,original,orig,,
tem body preto tamanho 44?,buscar_produto_por_categoria,original,orig,,
quero body preto 36,buscar_produto_por_categoria,original,orig,,
tem camisa preto tamanho 46?,buscar_produto_por_categoria,original,orig,,
tem body preto tamanho 42?,buscar_produto_por_categoria,original,orig,,
tem jaqueta preto tamanho 40?,buscar_produto_por_categoria,original,orig,,
quero jaqueta verde P,buscar_produto_por_categoria,original,orig,,
tem saia preto tamanho G?,buscar_produto_por_categoria,original,orig,,
tem saia verde tamanho PP?,buscar_produto_por_categoria,original,orig,,
tem body preto tamanho PP?,buscar_produto_por_categoria,original,orig,,
quero blazer verde GG,buscar_produto_por_categoria,original,orig,,
quero body verde 40,buscar_produto_por_categoria,original,orig,,
tem vestido verde tamanho P?,buscar_produto_por_categoria,original,orig,,
tem vestido verde tamanho 38?,buscar_produto_por_categoria,original,orig,,
tem jaqueta verde tamanho 38?,buscar_produto_por_categoria,original,orig,,
quero camisa preto PP,buscar_produto_por_categoria,original,orig,,
quero blazer preto 46,buscar_produto_por_categoria,original,orig,,
tem camisa verde tamanho G?,buscar_produto_por_categoria,original,orig,,
quero jaqueta preto G,buscar_produto_por_categoria,original,orig,,
tem saia verde tamanho 40?,buscar_produto_por_categoria,original,orig,,
tem jaqueta verde tamanho P?,buscar_produto_por_categoria,original,orig,,
quero camisa verde PP,buscar_produto_por_categoria,original,orig,,
tem vestido verde tamanho GG?,buscar_produto_por_categoria,original,orig,,
quero saia verde G,buscar_produto_por_categoria,original,orig,,
quero saia preto P,buscar_produto_por_categoria,original,orig,,
quero vestido preto G,buscar_produto_por_categoria,original,orig,,
quero body verde 44,buscar_produto_por_categoria,original,orig,,
quero jaqueta verde M,buscar_produto_por_categoria,original,orig,,
quero camisa verde 44,buscar_produto_por_categoria,original,orig,,
tem camisa preto tamanho PP?,buscar_produto_por_categoria,original,orig,,
quero saia verde P,buscar_produto_por_categoria,original,orig,,
tem saia verde tamanho 44?,buscar_produto_por_categoria,original,orig,,
tem camisa verde tamanho 42?,buscar_produto_por_categoria,original,orig,,
tem saia preto tamanho M?,buscar_produto_por_categoria,original,orig,,
tem saia verde tamanho 38?,buscar_produto_por_categoria,original,orig,,
tem blazer preto tamanho 38?,buscar_produto_por_categoria,original,orig,,
tem jaqueta preto tamanho 44?,buscar_produto_por_categoria,original,orig,,
quero body verde 38,buscar_produto_por_categoria,original,orig,,
quero vestido verde 38,buscar_produto_por_categoria,original,orig,,
tem vestido preto tamanho G?,buscar_produto_por_categoria,original,orig,,
tem camisa verde tamanho 46?,buscar_produto_por_categoria,original,orig,,
tem saia verde tamanho 36?,buscar_produto_por_categoria,original,orig,,
quero jaqueta verde 38,buscar_produto_por_categoria,original,orig,,
quero vestido verde 40,buscar_produto_por_categoria,original,orig,,
tem saia verde tamanho 42?,buscar_produto_por_categoria,original,orig,,
quero jaqueta verde 40,buscar_produto_por_categoria,original,orig,,
tem saia preto tamanho 40?,buscar_produto_por_categoria,original,orig,,
quero vestido verde 46,buscar_produto_por_categoria,original,orig,,
quero jaqueta preto 36,buscar_produto_por_categoria,original,orig,,
tem camisa verde tamanho GG?,buscar_produto_por_categoria,original,orig,,
tem camisa preto tamanho M?,buscar_produto_por_categoria,original,orig,,
tem vestido verde tamanho G?,buscar_produto_por_categoria,original,orig,,
tem body preto tamanho P?,buscar_produto_por_categoria,original,orig,,
quero camisa preto 38,buscar_produto_por_categoria,original,orig,,
quero body verde GG,buscar_produto_por_categoria,original,orig,,
tem camisa preto tamanho 44?,buscar_produto_por_categoria,original,orig,,
quero vestido preto 36,buscar_produto_por_categoria,original,orig,,
tem camisa preto tamanho G?,buscar_produto_por_categoria,original,orig,,
quero camisa verde 40,buscar_produto_por_categoria,original,orig,,
quero blazer preto G,buscar_produto_por_categoria,original,orig,,
tem camisa verde tamanho 44?,buscar_produto_por_categoria,original,orig,,
tem jaqueta preto tamanho 42?,buscar_produto_por_categoria,original,orig,,
quero jaqueta verde G,buscar_produto_por_categoria,original,orig,,
quero vestido preto P,buscar_produto_por_categoria,original,orig,,
tem vestido preto tamanho 36?,buscar_produto_por_categoria,original,orig,,
tem cupom de desconto primeira compra,buscar_produto_por_nome,original,orig,,
vocaas tem loja fasica,buscar_produto_por_nome,original,orig,,
mantem,buscar_produto_por_nome,original,orig,,
bia td bom na o estou conseguindo finalizar a compra da aregata podrinhaa coloquei os dados do carta o e no campo cvv eu ponho os naomeros mas o sistema ignora que eu coloquei tentei va rias vezes acho que esta com problemaa,buscar_produto_por_nome,original,orig,,
ahhh bom d entendi errado enta o achei que estava na serra espero que abra o tempo e fiquei um lindo final de semana,buscar_produto_por_nome,original,orig,,
temos o video nos nossos stories de hoje com a bia usando ela de uma olhada,buscar_produto_por_nome,original,orig,,
tem,buscar_produto_por_nome,original,orig,,
na o tem um link de comunicaa a o no whatsapp,buscar_produto_por_nome,original,orig,,
pergunta a regata pregas jersey tem desconto a vista resposta preco estoque e pagamento,buscar_produto_por_nome,original,orig,,
essa gladiadora qual o naomero tem <num>,buscar_produto_por_nome,original,orig,,
procuro,buscar_produto_por_nome,original,orig,,
nao tem mais numeracao <num>,buscar_produto_por_nome,original,orig,,
nao temos cupom de desconto no momento,buscar_produto_por_nome,original,orig,,
voces tem loja fisica,buscar_produto_por_nome,original,orig,,
vcs tem desconto para primeira compra,buscar_produto_por_nome,original,orig,,
com relaa a o a cala a na <num> s temos essas duas opa aues que penso que vc pode gostar,buscar_produto_por_nome,original,orig,,
mas pode ficar tranquila que assim que lancarmos a terceira peca que voce gostou vou te mandar por aqui tudo bem nao deixe de garantir suas pecas da lounge a tempo,buscar_produto_por_nome,original,orig,,
nao gosto de nada apertado mas essa blusa tem um shane mais ajustado dai fiquei na duvida,buscar_produto_por_nome,original,orig,,
so entrar no site ou aqui no nosso perfil que tem a selecao completa,buscar_produto_por_nome,original,orig,,
tem sim a cala a,buscar_produto_por_nome,original,orig,,
na o tem mais numeraa a o <num>,buscar_produto_por_nome,original,orig,,
pergunta a bolsa anda sozinha tem desconto a vista resposta preco estoque e pagamento,buscar_produto_por_nome,original,orig,,
no e mail da nota fiscal nao tem nada,buscar_produto_por_nome,original,orig,,
no e mail da nota fiscal na o tem nada,buscar_produto_por_nome,original,orig,,
e tem ela preta,buscar_produto_por_nome,original,orig,,
visto g qual tamanho seria quais cores tem tem a cala a tb,buscar_produto_por_nome,original,orig,,
essa gladiadora qual o numero tem <num>,buscar_produto_por_nome,original,orig,,
mas pode ficar tranquila que assim que lana armos a terceira pea a que vocaa gostou vou te mandar por aqui tudo bem na o deixe de garantir suas pea as da lounge a tempod,buscar_produto_por_nome,original,orig,,
ahhh bom entendi errado entao achei que estava na serra espero que abra o tempo e fiquei um lindo final de semana,buscar_produto_por_nome,original,orig,,
na o temos cupom de desconto no momento,buscar_produto_por_nome,original,orig,,
era pra ter chegado ontem,buscar_produto_por_nome,original,orig,,
to de olho faz tempooo,buscar_produto_por_nome,original,orig,,
bia td bom nao estou conseguindo finalizar a compra da regata podrinha coloquei os dados do cartao e no campo cvv eu ponho os numeros mas o sistema ignora que eu coloquei tentei varias vezes acho que esta com problema,buscar_produto_por_nome,original,orig,,
na o gosto de nada apertado mas essa blusa tem um shane mais ajustado daa fiquei na daovida,buscar_produto_por_nome,original,orig,,
temos o vadeo nos nossos stories de hoje com a bia usando ela de uma olhada d,buscar_produto_por_nome,original,orig,,
temos ela ainda no tamanho <num> e <num>,buscar_produto_por_nome,original,orig,,
nao tem um link de comunicacao no whatsapp,buscar_produto_por_nome,original,orig,,
ta de olho faz tempooo,buscar_produto_por_nome,original,orig,,
sa <num> entrar no site ou aqui no nosso perfil que tem a selea a o completa,buscar_produto_por_nome,original,orig,,
categoria,despedida,original,orig,,
atemporal,despedida,original,orig,,
obrigada pela presena a livia,despedida,original,orig,,
obrigada pelo retorno namoro o modelo gladiador me lembro dele mas quando fui procurar ja nao tinha mais,despedida,original,orig,,
ok obrigada d,despedida,original,orig,,
ok muito obrigada,despedida,original,orig,,
gabriela entendo sua frustraa a o e a c completamente justificada de fato a marca informou ter tido um pequeno problema de produa a o que na o devera mais ocorrer e por isso acabou enviando atrasado seu pedido sobre o meio de contato estamos providenciando um naomero para atendimento whatsapp por hora estamos apenas com o e mail mas muito em breve ja deixaremos essa opa a o mais fa cil para solua a o de qualquer problema,despedida,original,orig,,
ate segunda,despedida,original,orig,,
evelyn obrigada pelo interesse para parcerias com o curadobia pea o que envie apresentaa aues para o nosso email contato curadobia <user> com e seguimos com as tratativas por la que fica mais fa cil d e para interesses de parcerias diretamente com a bia a c preciso entrar em contato diretamente com ela pelo email biapaesdebarros <user> com,despedida,original,orig,,
segue o link dele qualquer daovida ou questa o estamos a disposia a o obrigada por nos acompanhar equipe curadobia d,despedida,original,orig,,
obrigada pelo retorno vou acompanhar entao beijo beijo,despedida,original,orig,,
obrigada por nos acompanhar sigo aqui para o que voce precisar,despedida,original,orig,,
obrigada pelo interesse d aguardamos vocaas,despedida,original,orig,,
atimo me avise por favor um abraa o e obrigada,despedida,original,orig,,
obrigada a i,despedida,original,orig,,
mto obrigada,despedida,original,orig,,
deu certo sim obrigada,despedida,original,orig,,
prateleira,despedida,original,orig,,
com certeza sera um sucesso obrigada ana d,despedida,original,orig,,
gabriela entendo sua frustracao e e completamente justificada de fato a marca informou ter tido um pequeno problema de producao que nao devera mais ocorrer e por isso acabou enviando atrasado seu pedido sobre o meio de contato estamos providenciando um numero para atendimento whatsapp por hora estamos apenas com o e mail mas muito em breve ja deixaremos essa opcao mais facil para solucao de qualquer problema,despedida,original,orig,,
ahhh entendia muito obrigada d,despedida,original,orig,,
obrigada ate la,despedida,original,orig,,
estamos estudando trazer essa categoria para o curadobia pora c m nada de imediato ainda mas muito legal saber do interesse assim que tivermos iremos te manter avisada,despedida,original,orig,,
muito obrigada,despedida,original,orig,,
com certeza sera um sucesso obrigada ana,despedida,original,orig,,
enviado obrigada ate segunda,despedida,original,orig,,
estamos entrando em contato porque identificamos que ha um tempo voce demonstrou interesse nas sandalias da bia que apareceram em um dos nossos reels agora eles estao disponiveis no site do curadobia o link clicavel segue na proxima mensagem obrigada por nos acompanhar katia qualquer duvida estamos a disposicao equipe curadobia,despedida,original,orig,,
ahhh entendi muito obrigada,despedida,original,orig,,
muito obrigada tenham um bom fim de semana,despedida,original,orig,,
muito obrigada pela atencao,despedida,original,orig,,
ok entendi obrigada pelo retorno um abraa o,despedida,original,orig,,
qualquer daovida ou questa o estamos a disposia a o obrigada por nos acompanhar equipe curadobia d,despedida,original,orig,,
segue o link dele qualquer duvida ou questao estamos a disposicao obrigada por nos acompanhar equipe curadobia,despedida,original,orig,,
mto obrigada msm,despedida,original,orig,,
obrigada,despedida,original,orig,,
queria ver sua sapateira pq tudo e lindissimo mas seus sapatos sao escolhidos a dedo tudo a ver com vc sempre esse e da laia ne,despedida,original,orig,,
obrigada pelo retorno,despedida,original,orig,,
adorei obrigada vcs,despedida,original,orig,,
estou tentando contato para devolucao de mercadoria e ninguem me atende nem por whatsapp e nem e mail comprei um vestido que quero devolver como devo proceder cristina hees <num> <num>,despedida,original,orig,,
muito obrigada pela atena a o,despedida,original,orig,,
obrigada pela presenca silvia,despedida,original,orig,,
legal obrigada,despedida,original,orig,,
perfeito ana obrigada pelo retorno d,despedida,original,orig,,
pedimos desculpas pelo ocorrido e pode ter certeza que isso servira para aprimorarmos nosso atendimento e nao deixar que situacoes como essa ocorram novamente agradeco sua compreensao e nos disponibilizamos para auxiliar da melhor forma possivel sobre ter ficado um pouco grande o body nos informe se desejar efetuar troca que ja posso agilizar junto a marca essa solicitacao,despedida,original,orig,,
otimo me avise por favor um abraco e obrigada,despedida,original,orig,,
enfim por muito pouco na o me atende,despedida,original,orig,,
obrigada pela presena a ju amamos te receber e te atender d d,despedida,original,orig,,
muito obrigada elas entraram em contato comigo realmente a sanda lia a c linda mas infelizmente fico um pouco fora pra mim,despedida,original,orig,,
obrigada pela presena a a i a i,despedida,original,orig,,
obrigada ata c la,despedida,original,orig,,
obrigada beijinhos,despedida,original,orig,,
estamos estudando trazer essa categoria para o curadobia porem nada de imediato ainda mas muito legal saber do interesse assim que tivermos iremos te manter avisada,despedida,original,orig,,
perfeito ja passei pro pessoal realizar a correa a o obrigada pelo feedback,despedida,original,orig,,
bia esse seu curadobia esta um arraso muito tentador paraba c ns pelo projeto uma daovida qual a sua altura estou interessadassima nessa cala a mas sou baixa <num> cm e geralmente tenho que fazer a barras das cala as o que na o a c muito fa cil com essaa d obrigada,despedida,original,orig,,
bia eu terminei de subir os produtos pora c m acho que esta com um delay amanha vou ver se terminou de atualizar na plataforma ta tudo certinho <num> categorias que criei com todo produtos descria a o vadeos etc,despedida,original,orig,,
qualquer duvida ou questao estamos a disposicao obrigada por nos acompanhar equipe curadobia,despedida,original,orig,,
com certeza nao exatamente por isso que pensamos nesse material que se molda nos pes,despedida,original,orig,,
obrigada ana,despedida,original,orig,,
obrigada pela presenca,despedida,original,orig,,
obrigada pela presenca renata vai arrasar demais com o conjuntinho mascavo nosso intimo terracota,despedida,original,orig,,
certo obrigada o prazo de entrega sao <num> dias mesmo,despedida,original,orig,,
pedimos desculpas pelo ocorrido e pode ter certeza que isso servira para aprimorarmos nosso atendimento e na o deixar que situaa aues como essa ocorram novamente agradea o sua compreensa o e nos disponibilizamos para auxiliar da melhor forma possavel sobre ter ficado um pouco grande o body nos informe se desejar efetuar troca que ja posso agilizar junto a marca essa solicitaa a o,despedida,original,orig,,
muito obrigada pelo retorno,despedida,original,orig,,
estou tentando contato para devolua a o de mercadoria e ningua c m me atende nem por whatsapp e nem e mail comprei um vestido que quero devolver como devo proceder cristina hees <num> <num>,despedida,original,orig,,
obrigada pela presenca heartshearts,despedida,original,orig,,
sim a carol entrou em contato comigo uma fofa super atenciosa,despedida,original,orig,,
obrigada pela presena a silviad,despedida,original,orig,,
bia esse seu curadobia esta um arraso muito tentador parabens pelo projeto uma duvida qual a sua altura estou interessadissima nessa calca mas sou baixa <num> cm e geralmente tenho que fazer a barras das calcas o que nao e muito facil com essa obrigada,despedida,original,orig,,
bia eu terminei de subir os produtos porem acho que esta com um delay amanha vou ver se terminou de atualizar na plataforma ta tudo certinho <num> categorias que criei com todo produtos descricao videos etc,despedida,original,orig,,
muito obrigada legal que sou do mesmo tamanho que ela,despedida,original,orig,,
obrigada pela presena a stella,despedida,original,orig,,
obrigada pela presenca livia,despedida,original,orig,,
evelyn obrigada pelo interesse para parcerias com o curadobia peco que envie apresentacoes para o nosso email contato curadobia <user> com e seguimos com as tratativas por la que fica mais facil e para interesses de parcerias diretamente com a bia e preciso entrar em contato diretamente com ela pelo email biapaesdebarros <user> com,despedida,original,orig,,
muito obrigada pelos esclarecimentos,despedida,original,orig,,
obrigada pelo interesse aguardamos voces,despedida,original,orig,,
tranquilo obrigada,despedida,original,orig,,
eu estou vendo mesmo que esta demorando mas super obrigada bom final de semana brenda,despedida,original,orig,,
obrigada pelo retorno namoro o modelo gladiador me lembro dele mas quando fui procurar ja na o tinha mais d,despedida,original,orig,,
precisei sair correndo por um problema com minha filha que ja esta bem mas nem consegui me despedir obrigada queridas pelo convite,despedida,original,orig,,
ta otimo obrigada,despedida,original,orig,,
legal mto obrigada d,despedida,original,orig,,
obrigada eu aviso sim gostei bastante vou levar para a cliente,despedida,original,orig,,
obrigada pela presena a,despedida,original,orig,,
obrigada pelo prestigio,despedida,original,orig,,
ta a <num> timo obrigada,despedida,original,orig,,
queria ver sua sapateira pq tudo a c lindassimo mas seus sapatos sa o escolhidos a dedo tudo a ver com vc semprea esse a c da laia na c,despedida,original,orig,,
muito obrigada elas entraram em contato comigo realmente a sandalia e linda mas infelizmente fico um pouco fora pra mim,despedida,original,orig,,
obrigada por ser nossa cliente,despedida,original,orig,,
legal mto obrigada,despedida,original,orig,,
estamos entrando em contato porque identificamos que ha um tempo vocaa demonstrou interesse nas sanda lias da bia que apareceram em um dos nossos reels agora eles esta o disponaveis no site do curadobia dd o link clica vel segue na pra <num> xima mensagem obrigada por nos acompanhar katia qualquer daovida estamos a disposia a o equipe curadobia d,despedida,original,orig,,
obrigada enviarei,despedida,original,orig,,
todas as pecas da mybasic e da lounge <num> possuem uma ampla grade <url> <url> os produtos da cecilia possuem uma modelagem mais ampla <url> alguns dos produtos da nauanin chegam ate a numeracao xxgg equivalendo a um <num> <url>,despedida,original,orig,,
obrigada no aguardo que seja disponibilizado o envio,despedida,original,orig,,
obrigada pela presenca stella,despedida,original,orig,,
obrigada pelo retorno vou acompanhar enta o beijo beijo d d,despedida,original,orig,,
certo obrigada o prazo de entrega sa o <num> dias mesmo,despedida,original,orig,,
enviado obrigada ata c segunda,despedida,original,orig,,
ok entendi obrigada pelo retorno um abraco,despedida,original,orig,,
mto obrigada pelo retorno,despedida,original,orig,,
nos seguimos acompanhando todo o processo ate sua finalizacao,despedida,original,orig,,
sim obrigada,despedida,original,orig,,
obrigada pela presenca ju amamos te receber e te atender,despedida,original,orig,,
vou amanha obrigada,despedida,original,orig,,
perfeito ja passei pro pessoal realizar a correcao obrigada pelo feedback,despedida,original,orig,,
ok obrigada,despedida,original,orig,,
obrigada por nos acompanhar d sigo aqui para o que vocaa precisar,despedida,original,orig,,
obrigada pelo prestagio d d,despedida,original,orig,,
enfim por muito pouco nao me atende,despedida,original,orig,,
obrigada pelo convite adorei a minha sandalia nova hearts,despedida,original,orig,,
obrigada pelo convite adorei a minha sandalia nova a i,despedida,original,orig,,
seguem as medidas p cos <num> cm e veste quadril ate <num> cm m cos <num> cm e veste um quadril ate <num> cm g cos <num> cm e veste um quadril ate <num> cm,despedida,original,orig,,
eu amei a que tem a ponta duvida tem que ter tornozelo fino obrigada,despedida,original,orig,,
perfeito ana obrigada pelo retorno,despedida,original,orig,,
ate agora nada,despedida,original,orig,,
bem e vc ana muito obrigada,despedida,original,orig,,
ok muito obrigada d,despedida,original,orig,,
obrigada pelo feedback maria,despedida,original,orig,,
obrigada pela presena a renata vai arrasar demais com o conjuntinho mascavo nosso antimo terracota d deg,despedida,original,orig,,
tem saia verde no GG?,disponibilidade,original,orig,,
tem jaqueta verde no 46?,disponibilidade,original,orig,,
tem saia preto no M?,disponibilidade,original,orig,,
tem saia preto no 42?,disponibilidade,original,orig,,
tem body preto no 46?,disponibilidade,original,orig,,
tem vestido preto no GG?,disponibilidade,original,orig,,
tem camisa preto no PP?,disponibilidade,original,orig,,
tem saia preto no 46?,disponibilidade,original,orig,,
tem blazer verde no 40?,disponibilidade,original,orig,,
tem body verde no 38?,disponibilidade,original,orig,,
tem jaqueta preto no G?,disponibilidade,original,orig,,
tem body verde no P?,disponibilidade,original,orig,,
tem body preto no P?,disponibilidade,original,orig,,
tem jaqueta preto no GG?,disponibilidade,original,orig,,
tem camisa preto no 38?,disponibilidade,original,orig,,
tem vestido preto no G?,disponibilidade,original,orig,,
tem jaqueta preto no 44?,disponibilidade,original,orig,,
tem body preto no GG?,disponibilidade,original,orig,,
tem vestido preto no PP?,disponibilidade,original,orig,,
tem blazer verde no 36?,disponibilidade,original,orig,,
tem jaqueta verde no GG?,disponibilidade,original,orig,,
tem blazer preto no 42?,disponibilidade,original,orig,,
tem camisa preto no M?,disponibilidade,original,orig,,
tem vestido verde no M?,disponibilidade,original,orig,,
tem body verde no 42?,disponibilidade,original,orig,,
tem saia preto no 40?,disponibilidade,original,orig,,
tem saia verde no PP?,disponibilidade,original,orig,,
tem body verde no 40?,disponibilidade,original,orig,,
tem camisa verde no 38?,disponibilidade,original,orig,,
tem blazer preto no P?,disponibilidade,original,orig,,
tem blazer verde no 44?,disponibilidade,original,orig,,
tem body preto no M?,disponibilidade,original,orig,,
tem body preto no 38?,disponibilidade,original,orig,,
tem blazer verde no 38?,disponibilidade,original,orig,,
tem jaqueta verde no M?,disponibilidade,original,orig,,
tem blazer preto no 40?,disponibilidade,original,orig,,
tem blazer verde no GG?,disponibilidade,original,orig,,
tem blazer preto no GG?,disponibilidade,original,orig,,
tem saia preto no 36?,disponibilidade,original,orig,,
tem vestido preto no 36?,disponibilidade,original,orig,,
tem body verde no 46?,disponibilidade,original,orig,,
tem camisa verde no M?,disponibilidade,original,orig,,
tem jaqueta verde no 42?,disponibilidade,original,orig,,
tem vestido preto no 44?,disponibilidade,original,orig,,
tem camisa preto no 44?,disponibilidade,original,orig,,
tem blazer preto no 38?,disponibilidade,original,orig,,
tem blazer verde no G?,disponibilidade,original,orig,,
tem body preto no G?,disponibilidade,original,orig,,
tem saia verde no 38?,disponibilidade,original,orig,,
tem body verde no PP?,disponibilidade,original,orig,,
tem blazer preto no 44?,disponibilidade,original,orig,,
tem jaqueta preto no 46?,disponibilidade,original,orig,,
tem camisa verde no 42?,disponibilidade,original,orig,,
tem camisa preto no 36?,disponibilidade,original,orig,,
tem camisa verde no 46?,disponibilidade,original,orig,,
tem saia verde no 46?,disponibilidade,original,orig,,
tem vestido verde no 38?,disponibilidade,original,orig,,
tem camisa verde no 44?,disponibilidade,original,orig,,
tem saia verde no G?,disponibilidade,original,orig,,
tem vestido verde no 42?,disponibilidade,original,orig,,
tem camisa verde no GG?,disponibilidade,original,orig,,
tem vestido preto no 38?,disponibilidade,original,orig,,
tem jaqueta preto no 40?,disponibilidade,original,orig,,
tem camisa preto no P?,disponibilidade,original,orig,,
tem body preto no 44?,disponibilidade,original,orig,,
tem saia verde no M?,disponibilidade,original,orig,,
tem saia verde no 42?,disponibilidade,original,orig,,
tem body preto no 42?,disponibilidade,original,orig,,
tem jaqueta preto no 38?,disponibilidade,original,orig,,
tem vestido preto no 42?,disponibilidade,original,orig,,
tem saia preto no GG?,disponibilidade,original,orig,,
tem body verde no 36?,disponibilidade,original,orig,,
tem jaqueta verde no 40?,disponibilidade,original,orig,,
tem vestido verde no 44?,disponibilidade,original,orig,,
tem blazer preto no 36?,disponibilidade,original,orig,,
tem vestido preto no P?,disponibilidade,original,orig,,
tem blazer verde no PP?,disponibilidade,original,orig,,
tem camisa verde no P?,disponibilidade,original,orig,,
tem vestido verde no 46?,disponibilidade,original,orig,,
tem saia verde no P?,disponibilidade,original,orig,,
tem blazer preto no G?,disponibilidade,original,orig,,
tem jaqueta verde no G?,disponibilidade,original,orig,,
tem jaqueta verde no 36?,disponibilidade,original,orig,,
eu adorei ja usei minha saia hj,duvida_tamanho,original,orig,,
experimentei essa jaqueta maravilhosa,duvida_tamanho,original,orig,,
pergunta quem faz a calca saruel silvia resposta extras e institucional,duvida_tamanho,original,orig,,
gostaria a camisa branca tamanho m a possavel,duvida_tamanho,original,orig,,
essa sandalia calca certo calco <num> sera que preciso comprar <num>,duvida_tamanho,original,orig,,
os bodys da revival sa o excelentes pea as neutras e ba sicas para ter no arma rio e possuem uma ampla grade de tamanhos <url> ala c m disso temos nossos acessa <num> rios <url> bolsas <url> e sapatos <url>,duvida_tamanho,original,orig,,
para adquirir essa pea a basta clicar no link da jaqueta e finalizar a compra pelo site <url>,duvida_tamanho,original,orig,,
linda calca qual e a marca,duvida_tamanho,original,orig,,
elaine para o tamanho <num> na <num> s indicamos o tamanho <num> da saia,duvida_tamanho,original,orig,,
o produto e lindo apesar de ter ficando um pouco grande,duvida_tamanho,original,orig,,
pergunta a camisa viajante ta em promocao resposta preco estoque e pagamento,duvida_tamanho,original,orig,,
d body mybasic,duvida_tamanho,original,orig,,
pergunta a saia acinturante combina com jeans resposta combinacoes e ocasioes,duvida_tamanho,original,orig,,
pergunta da pra usar a camisa viajante em festa de dia resposta combinacoes e ocasioes,duvida_tamanho,original,orig,,
camisa,duvida_tamanho,original,orig,,
tenho <num> <num> essa calca esta mais curta para mim mesmo te aconselho a comprar um tamanho pequeno,duvida_tamanho,original,orig,,
pergunta da pra trocar a calca saruel silvia por outro tamanho resposta frete prazos e trocas,duvida_tamanho,original,orig,,
pergunta voces tem loja fisica pra ver a calca cool resposta extras e institucional,duvida_tamanho,original,orig,,
gostaria de saber o tamanho da cintura dessa calca no tamanho m,duvida_tamanho,original,orig,,
somos uma produtora de a udio visual e achamos que seria interessante apresentar o nosso trabalho e portifa <num> lio,duvida_tamanho,original,orig,,
fui olhar para comprar o tamanho <num> dessa calca porem a largura da cintura e do quadril eh a mesma <num>,duvida_tamanho,original,orig,,
veste,duvida_tamanho,original,orig,,
pergunta da pra parcelar a saia tech sem juros resposta preco estoque e pagamento,duvida_tamanho,original,orig,,
que calca maravilhosa,duvida_tamanho,original,orig,,
pergunta a camisa de responsa e oversized ou normal resposta tamanho e medidas,duvida_tamanho,original,orig,,
molinho,duvida_tamanho,original,orig,,
pergunta a saia acinturante e oversized ou normal resposta tamanho e medidas,duvida_tamanho,original,orig,,
fiz uma compra de um casaco com vcs e nao vestiu bem gostaria de trocar por uma calca fresquinha tamanho m,duvida_tamanho,original,orig,,
pergunta a saia tech fica justa no quadril resposta tamanho e medidas,duvida_tamanho,original,orig,,
segue o link da jaqueta <url>,duvida_tamanho,original,orig,,
comprei a jaqueta,duvida_tamanho,original,orig,,
pergunta tem estoque da camisa de responsa no tamanho m resposta preco estoque e pagamento,duvida_tamanho,original,orig,,
camisas,duvida_tamanho,original,orig,,
a calca ficou sobrando muito atras,duvida_tamanho,original,orig,,
a nossa calca diferentex esta saindo por r <num> <num>,duvida_tamanho,original,orig,,
visto g qual tamanho seria quais cores tem tem a calca tb,duvida_tamanho,original,orig,,
bia tudo bem tenho uma festa bem legal e o traje e black and white pensei na blusa pah mas queria saber se o tecido fica vistoso e se voce recomenda alguma calca mais festa para combinar beijos julie,duvida_tamanho,original,orig,,
para adquirir essa peca basta clicar no link da jaqueta e finalizar a compra pelo site <url>,duvida_tamanho,original,orig,,
pergunta aceitam pix pra calca saruel silvia resposta preco estoque e pagamento,duvida_tamanho,original,orig,,
comprei a jaqueta d>>,duvida_tamanho,original,orig,,
a jaqueta branca uma pena eu nao conseguir comprar por problemas tecnicos uma experiencia de consumidor mto ruim,duvida_tamanho,original,orig,,
pergunta tenho duvida no tamanho da camisa viajante qual voce recomenda resposta tamanho e medidas,duvida_tamanho,original,orig,,
pergunta tem rastreio pra camisa de responsa resposta frete prazos e trocas,duvida_tamanho,original,orig,,
seguem as medidas p ca <num> s <num> cm e veste quadril ata c <num> cm m ca <num> s <num> cm e veste um quadril ata c <num> cm g ca <num> s <num> cm e veste um quadril ata c <num> cm,duvida_tamanho,original,orig,,
pergunta a camisa viajante e feita no brasil resposta extras e institucional,duvida_tamanho,original,orig,,
sobre a troca da calca que comprei quero trocar por um tamanho menor recebi um e mail de vcs no dia <num> <num> <num> respondi mas dps disso nao tive mais retorno,duvida_tamanho,original,orig,,
ainda hj vou efetuar a compra da calca,duvida_tamanho,original,orig,,
os bodys da revival sao excelentes pecas neutras e basicas para ter no armario e possuem uma ampla grade de tamanhos <url> alem disso temos nossos acessorios <url> bolsas <url> e sapatos <url>,duvida_tamanho,original,orig,,
pergunta a saia tech vai bem com bota resposta combinacoes e ocasioes,duvida_tamanho,original,orig,,
o produto a c lindo apesar de ter ficando um pouco grande,duvida_tamanho,original,orig,,
sua camisa e linda,duvida_tamanho,original,orig,,
body mybasic,duvida_tamanho,original,orig,,
tem sim a calca,duvida_tamanho,original,orig,,
com relacao a calca nos temos essas duas opcoes que penso que vc pode gostar,duvida_tamanho,original,orig,,
pergunta a calca cool fica justa no quadril resposta tamanho e medidas,duvida_tamanho,original,orig,,
pergunta se eu sou baixa a calca saruel silvia fica muito comprida resposta tamanho e medidas,duvida_tamanho,original,orig,,
somos uma produtora de audio visual e achamos que seria interessante apresentar o nosso trabalho e portifolio,duvida_tamanho,original,orig,,
pergunta da pra parcelar a calca cool sem juros resposta preco estoque e pagamento,duvida_tamanho,original,orig,,
pergunta a calca cool tem frete gratis resposta frete prazos e trocas,duvida_tamanho,original,orig,,
gostaria a camisa branca tamanho m e possivel,duvida_tamanho,original,orig,,
tudo bem bia gostaria muito de saber se nesta sua plataforma vc assiste aos clientes em encontrar produtos lojas etc,duvida_tamanho,original,orig,,
paguei sedex porque estou indo hoje pra londres e queria levar o body,duvida_tamanho,original,orig,,
eu comprei a calca pantalona branca no dia <num> <num>,duvida_tamanho,original,orig,,
pergunta a calca cool vai bem com bota resposta combinacoes e ocasioes,duvida_tamanho,original,orig,,
estou com duvidas sobre o tamanho da saia unica visto <num> mas as medidas no quadro de tamanhos parecem grandes mas existe a informacao de que o tamanho <num> corresponde ao <num>,duvida_tamanho,original,orig,,
comprei um body e paguei frete de <num> dias uteis pra levar pra uma viagem agora na sexta,duvida_tamanho,original,orig,,
pergunta tem estoque da saia acinturante no tamanho m resposta preco estoque e pagamento,duvida_tamanho,original,orig,,
outra duvida e sobre o tom certinho dessa jaqueta no site achei que estava num tom diferente dos stories,duvida_tamanho,original,orig,,
vai ter reposicao dessa calca,duvida_tamanho,original,orig,,
comprei um body e paguei frete de <num> dias aoteis pra levar pra uma viagem agora na sexta,duvida_tamanho,original,orig,,
link da calca por gentileza,duvida_tamanho,original,orig,,
pergunta voces tem loja fisica pra ver a saia tech resposta extras e institucional,duvida_tamanho,original,orig,,
uauuu ameiii linda saia,duvida_tamanho,original,orig,,
pergunta a calca saruel silvia e versatil pra viagem resposta combinacoes e ocasioes,duvida_tamanho,original,orig,,
a jaqueta branca uma pena eu na o conseguir comprar por problemas ta c cnicos uma experiaancia de consumidor mto ruim,duvida_tamanho,original,orig,,
gosto da calca assim mais curta visto entre <num> <num> quadril <num>,duvida_tamanho,original,orig,,
e o body me chega hoje,duvida_tamanho,original,orig,,
pergunta a saia tech tem frete gratis resposta frete prazos e trocas,duvida_tamanho,original,orig,,
pergunta tem rastreio pra saia acinturante resposta frete prazos e trocas,duvida_tamanho,original,orig,,
milene perguntamos para a bia e ela te indicou comprar o tamanho <num> dessa jaqueta por vocaa na o estar acostumada a roupas oversized o que acha d,duvida_tamanho,original,orig,,
milene perguntamos para a bia e ela te indicou comprar o tamanho <num> dessa jaqueta por voce nao estar acostumada a roupas oversized o que acha,duvida_tamanho,original,orig,,
pergunta a camisa de responsa combina com jeans resposta combinacoes e ocasioes,duvida_tamanho,original,orig,,
sua camisa a c linda,duvida_tamanho,original,orig,,
outra daovida a c sobre o tom certinho dessa jaqueta no site achei que estava num tom diferente dos stories,duvida_tamanho,original,orig,,
pergunta a saia acinturante e slow fashion resposta extras e institucional,duvida_tamanho,original,orig,,
elaine para o tamanho <num> nos indicamos o tamanho <num> da saia,duvida_tamanho,original,orig,,
quero comprar mas preciso saber se ela calca certinho o numero do calco o numero <num> devo comprar o mesmo,duvida_tamanho,original,orig,,
pergunta a camisa de responsa e slow fashion resposta extras e institucional,duvida_tamanho,original,orig,,
erro,erros_plataforma,original,orig,,
aqui a tabela certinha mas ja estamos com o pessoal tecnico corrigindo esse erro,erros_plataforma,original,orig,,
aqui a tabela certinha mas ja estamos com o pessoal ta c cnico corrigindo esse erro,erros_plataforma,original,orig,,
plataforma,erros_plataforma,original,orig,,
erros,erros_plataforma,original,orig,,
pensamos que poderia ser a senha criada mas quando ocorre algum ponto nesse aspecto surge uma mensagem abaixo voce se importaria em tentar novamente apenas para checarmos se continua ocorrendo o mesmo erro,erros_plataforma,original,orig,,
nao reconheceu no whats esse numero,falar_com_humano,original,orig,,
qualquer duvida pode tamba c m nos conectar pelo whatsapp d,falar_com_humano,original,orig,,
este a c meu whatsappa,falar_com_humano,original,orig,,
infelizmente nao atuo mais nessa area de consultoria pessoal,falar_com_humano,original,orig,,
que aa conseguimos encaminhar pro la as tratativas o que acha se puder esclarecer que seria algo mais voltado para o perfil pessoal da bia ou para o curadobia seria bacana entendermos tamba c m para encaminhar de forma mais assertiva sua mensagem,falar_com_humano,original,orig,,
ana ja entrei em contato com o pessoal da d aura para entendermos o que aconteceu,falar_com_humano,original,orig,,
verificamos com a marca responsavel pelo envio a revival o seu pedido sofreu um pequeno atraso que a marca me informou ter lhe comunicado por whatsapp,falar_com_humano,original,orig,,
chico neto cd mare mar whatsapp <num> <url>,falar_com_humano,original,orig,,
pora c m teremos em dezembro um evento presencial para trazer as pea as ao vivo para quem quiser conhecer pessoalmente essa curadobia incravel feita pela bia,falar_com_humano,original,orig,,
verificamos com a marca responsa vel pelo envio a revival o seu pedido sofreu um pequeno atraso que a marca me informou ter lhe comunicado por whatsapp,falar_com_humano,original,orig,,
qualquer duvida pode tambem nos conectar pelo whatsapp,falar_com_humano,original,orig,,
numero,falar_com_humano,original,orig,,
chico neto cd mara c mar whatsapp <num> <url>,falar_com_humano,original,orig,,
este e meu whatsapp,falar_com_humano,original,orig,,
porem teremos em dezembro um evento presencial para trazer as pecas ao vivo para quem quiser conhecer pessoalmente essa curadobia incrivel feita pela bia,falar_com_humano,original,orig,,
pergunta aceitam pix pra trench facil resposta preco estoque e pagamento,formas_pagamento,original,orig,,
praticamos sempre o mesmo valor das marcas o que entrara de extra sera o valor do frete que e calculado automaticamente se tiver mais alguma duvida nos avise ok,formas_pagamento,original,orig,,
vou querer a <num> qual a c sua chave pix,formas_pagamento,original,orig,,
ja vi e amei esperando a virada do cartao pra perder os juizo,formas_pagamento,original,orig,,
vou querer a <num> qual e sua chave pix,formas_pagamento,original,orig,,
ja vi e amei esperando a virada do cartao pra perder os juazo,formas_pagamento,original,orig,,
qual o preco,formas_pagamento,original,orig,,
preco,formas_pagamento,original,orig,,
pergunta a blusa molona ta em promocao resposta preco estoque e pagamento,formas_pagamento,original,orig,,
valor <num>,formas_pagamento,original,orig,,
quanto ta essa blusa,formas_pagamento,original,orig,,
praticamos sempre o mesmo valor das marcas o que entrara de extra sera o valor do frete que a c calculado automaticamente se tiver mais alguma daovida nos avise ok,formas_pagamento,original,orig,,
faz em 3x sem juros?,formas_pagamento,original,orig,,
chega quando no 04567-010?,frete_prazo,original,orig,,
pergunta quanto tempo pra entregar a camisa viajante em sp resposta frete prazos e trocas,frete_prazo,original,orig,,
valor do frete pro 01455-022?,frete_prazo,original,orig,,
valor do frete pro 04567-010?,frete_prazo,original,orig,,
chega quando no 01255-022?,frete_prazo,original,orig,,
valor do frete pro 04012-000?,frete_prazo,original,orig,,
pergunta quanto tempo pra entregar a blusa molona em sp resposta frete prazos e trocas,frete_prazo,original,orig,,
valor do frete pro 05010-020?,frete_prazo,original,orig,,
chega quando no 04012-000?,frete_prazo,original,orig,,
chega quando no 06030-050?,frete_prazo,original,orig,,
chega quando no 05010-020?,frete_prazo,original,orig,,
chega quando no 01455-022?,frete_prazo,original,orig,,
valor do frete pro 06030-050?,frete_prazo,original,orig,,
valor do frete pro 01255-022?,frete_prazo,original,orig,,
bia gosto muito das suas bolsas poderia passar umas dicas nao encontrei no seu site,materiais_cuidados,original,orig,,
bia gosto muito das suas bolsas poderia passar umas dicas na o encontrei no seu site a,materiais_cuidados,original,orig,,
vocaa poderia me passar o contato dos responsa veis,materiais_cuidados,original,orig,,
voce poderia me passar o contato dos responsaveis,materiais_cuidados,original,orig,,
aqui o link com todos os acessa <num> rios,onde_comprar,original,orig,,
o tom certo a c o que esta no site os stories que a bia postou hoje modificaram um pouco o tom,onde_comprar,original,orig,,
o tom certo e o que esta no site os stories que a bia postou hoje modificaram um pouco o tom,onde_comprar,original,orig,,
um dos meus modelos favoritos do site todinh,onde_comprar,original,orig,,
link compartilhado,onde_comprar,original,orig,,
na verdade eu ja assisti ao vadeo do casaco no site curadobia va rias vezes para tentar chegar a essa conclusa o mas na o consegui,onde_comprar,original,orig,,
site,onde_comprar,original,orig,,
gostei do conjunto mas nao vi no site,onde_comprar,original,orig,,
na o estou conseguindo entrar no site para fazer compra,onde_comprar,original,orig,,
link da cala a por gentileza,onde_comprar,original,orig,,
alguem poderia entrar em contato comigo por e mail ou whatsapp o site de vcs parece que esta com problemas nao funciona direito nao,onde_comprar,original,orig,,
aqui o link com todos os acessorios,onde_comprar,original,orig,,
vou te encaminhar o link <url>,onde_comprar,original,orig,,
amanda nosso pessoal tecnico pediu se possivel se cadastrar atraves desse link,onde_comprar,original,orig,,
amanda nosso pessoal ta c cnico pediu se possavel se cadastrar atrava c s desse link,onde_comprar,original,orig,,
algua c m poderia entrar em contato comigo por e mail ou whatsapp o site de vcs parece que esta com problemas na o funciona direito na o,onde_comprar,original,orig,,
nao estou conseguindo entrar no site para fazer compra,onde_comprar,original,orig,,
sobre a questao do frete e possivel unificar ele nas blusas da lounge que voce gostou vou te mandar o link das duas,onde_comprar,original,orig,,
o site esta passando por problemas,onde_comprar,original,orig,,
venho com boas notacias o conjunto que vocaa se interessou acabou de subir no site com pouquassimas unidades,onde_comprar,original,orig,,
gostei do conjunto mas na o vi no site,onde_comprar,original,orig,,
venho com boas noticias o conjunto que voce se interessou acabou de subir no site com pouquissimas unidades,onde_comprar,original,orig,,
qual o endereco,onde_comprar,original,orig,,
certo qual o link da compra,onde_comprar,original,orig,,
endereco,onde_comprar,original,orig,,
tem link? como compro?,onde_comprar,original,orig,,
estaremos atualizando no site para conter essa tabela que realmente estava faltando,onde_comprar,original,orig,,
na verdade eu ja assisti ao video do casaco no site curadobia varias vezes para tentar chegar a essa conclusao mas nao consegui,onde_comprar,original,orig,,
jeitinho,outros,original,orig,,
ela e reta e certa acredito que o tamanho m funcione bem para voce o tecido da base e mais maleavel que da parte de cima,outros,original,orig,,
gg,outros,original,orig,,
justinho,outros,original,orig,,
sirvam,outros,original,orig,,
ser,outros,original,orig,,
e a blusa,outros,original,orig,,
esperado,outros,original,orig,,
cozy,outros,original,orig,,
qualquer outra daovida sigo a disposia a o,outros,original,orig,,
ta chegando,outros,original,orig,,
a regata chiquetosa vai voltar pro estoque,outros,original,orig,,
alta,outros,original,orig,,
seria,outros,original,orig,,
dd,outros,original,orig,,
clientes,outros,original,orig,,
de onde a c esse macaca o maravilhoso amo a i,outros,original,orig,,
vc teria alguma informacao sobre a minha encomenda,outros,original,orig,,
tudo bem tamba c m que pena d eu queria exatamente o verde d c,outros,original,orig,,
alma,outros,original,orig,,
combine,outros,original,orig,,
karyna estoque atualizado,outros,original,orig,,
pea o desculpa pela demora em lhe retornar,outros,original,orig,,
descomplicado,outros,original,orig,,
cpf,outros,original,orig,,
as,outros,original,orig,,
compro,outros,original,orig,,
campo,outros,original,orig,,
que honra ddd,outros,original,orig,,
you sent an attachment,outros,original,orig,,
faco,outros,original,orig,,
maio,outros,original,orig,,
voltando,outros,original,orig,,
reagiu com a sua mensagem,outros,original,orig,,
vista,outros,original,orig,,
agradea o o feedback,outros,original,orig,,
como falo com alguem dai,outros,original,orig,,
ata c segunda,outros,original,orig,,
sua roupa jeans e de onde,outros,original,orig,,
alongue,outros,original,orig,,
pergunta tenho duvida no tamanho da blusa molona qual voce recomenda resposta tamanho e medidas,outros,original,orig,,
anelisa acabamos de confirmar seu pedido com a marca tudo certo ele ja esta para a producao,outros,original,orig,,
aqui a c a ana do time curadobia,outros,original,orig,,
solicitamos a reposia a o para a paula ferber logo mais te atualizaremos sobre o estoque d deg,outros,original,orig,,
vc consegue rastrear o meu pedido,outros,original,orig,,
eu quero sim mas vc poderia me enviar a foto do modelo so pra eu confirmar,outros,original,orig,,
nas,outros,original,orig,,
porem na duvida do melhor tamanho,outros,original,orig,,
adquiri uma maxi pantalona valeria mansur,outros,original,orig,,
d d d,outros,original,orig,,
qualquer,outros,original,orig,,
jeito,outros,original,orig,,
deixar,outros,original,orig,,
toque em continuar para aceitar ou recusar o pedido,outros,original,orig,,
sku,outros,original,orig,,
tentar,outros,original,orig,,
fechado,outros,original,orig,,
ficou enorme,outros,original,orig,,
guarda,outros,original,orig,,
essa tshirt vai estar no evento namoro tanto ela,outros,original,orig,,
ela,outros,original,orig,,
alfaiataria,outros,original,orig,,
grandao,outros,original,orig,,
bacana vamos marcar uma conversa,outros,original,orig,,
proporcao,outros,original,orig,,
elegante,outros,original,orig,,
ficamos felizes que tenha curtido ela a c muito especial mesmo segue aqui mais detalhes,outros,original,orig,,
de nada,outros,original,orig,,
seguimos a disposia a o para o que precisar,outros,original,orig,,
tenho <num> <num> essa cala a esta mais curta para mim mesmo te aconselho a comprar um tamanho pequeno,outros,original,orig,,
perguntas,outros,original,orig,,
diversos,outros,original,orig,,
p <num>,outros,original,orig,,
verde,outros,original,orig,,
parece que o contato por aqui nao e satisfatorio,outros,original,orig,,
voce nao recebeu essa mensagem,outros,original,orig,,
adriana shared a product,outros,original,orig,,
opa acho que caiu,outros,original,orig,,
diferente,outros,original,orig,,
respostas,outros,original,orig,,
entregaria,outros,original,orig,,
perfeito gla <num> ria ja colocamos aqui na nossa lista e vamos te informar quando estiver mais pra <num> ximo da data,outros,original,orig,,
meu nome e ana sigo aqui para o que precisar,outros,original,orig,,
nuances,outros,original,orig,,
acabamento,outros,original,orig,,
com quem falo b,outros,original,orig,,
nunca,outros,original,orig,,
arrumadinhas,outros,original,orig,,
cade quero,outros,original,orig,,
<num> <num> <num> <num>,outros,original,orig,,
que legal vai ajudar muito,outros,original,orig,,
vamos pensar no q podemos fazer juntasdodo,outros,original,orig,,
podia,outros,original,orig,,
cintura,outros,original,orig,,
macacaues com mangas,outros,original,orig,,
todas,outros,original,orig,,
coleira,outros,original,orig,,
a regata arrumadona m,outros,original,orig,,
de,outros,original,orig,,
ai me ajuda com o vadeo a ainda na o usei a blusa,outros,original,orig,,
adoro,outros,original,orig,,
ja ta seguindo dd>>,outros,original,orig,,
brenda sent an attachment,outros,original,orig,,
poxa que pena quando tiverem me avise por favor,outros,original,orig,,
meu nome a c ana sigo aqui para o que precisar,outros,original,orig,,
iremos relana a la em outubro aqui no curadobia,outros,original,orig,,
chat,outros,original,orig,,
diferenca,outros,original,orig,,
mari sent an attachment,outros,original,orig,,
qualquer duvida nos avise ok,outros,original,orig,,
cai,outros,original,orig,,
beijos,outros,original,orig,,
jogo,outros,original,orig,,
expressoes,outros,original,orig,,
surpresa,outros,original,orig,,
eu comprei a cala a pantalona branca no dia <num> <num>,outros,original,orig,,
lenco,outros,original,orig,,
salaio sent an attachment,outros,original,orig,,
d r,outros,original,orig,,
qual a marca do tenis,outros,original,orig,,
essa conta na o pode receber sua mensagem porque na o aceita novas solicitaa aues de contato de todos,outros,original,orig,,
eu,outros,original,orig,,
qualquer duvida estamos a disposicao,outros,original,orig,,
te,outros,original,orig,,
mb <num> gg,outros,original,orig,,
quando ela estiver disponavel na <num> s vamos te avisar,outros,original,orig,,
sozinha,outros,original,orig,,
saia,outros,original,orig,,
parecem,outros,original,orig,,
oba,outros,original,orig,,
como estaria sua agenda para segunda a tarde,outros,original,orig,,
ahhh maravilha,outros,original,orig,,
gostaria de saber qual a altura e medidas da bia pra entender melhor o tamanho de referaancia,outros,original,orig,,
estou de olho nessa peca aqui,outros,original,orig,,
conseguem me ajudar por aqui,outros,original,orig,,
ainda nao super correria,outros,original,orig,,
muito,outros,original,orig,,
to,outros,original,orig,,
vocaas irao vender oysho,outros,original,orig,,
claro envio sim mas ata c para na <num> s entendermos o que esta ocorrendo com essa visualizaa a o vocaa esta acessando pelo celular que aa ja direcionamos pra equipe ta c cnica corrigir,outros,original,orig,,
isso e curadobia hein,outros,original,orig,,
ele,outros,original,orig,,
certa,outros,original,orig,,
a bia ira gravar o vadeo e te enviar,outros,original,orig,,
persuasao,outros,original,orig,,
porque,outros,original,orig,,
na o tenho nada da paula ferber a numeraa a o a c normal a forma,outros,original,orig,,
ah que otimo monica deve ter ficado incrivel com toda a sua bossa,outros,original,orig,,
bem,outros,original,orig,,
anelisa acabamos de confirmar seu pedido com a marcaa tudo certo ele ja esta para a producao,outros,original,orig,,
usar,outros,original,orig,,
acho otimo pode ser segunda <num> na parte da tarde estamos com <num> horas de fuso qual horario seria bom pra vc,outros,original,orig,,
meu,outros,original,orig,,
nao tenho nada da paula ferber a numeracao e normal a forma,outros,original,orig,,
vou,outros,original,orig,,
sucesso,outros,original,orig,,
ja comprei <num> pecas da curadobia,outros,original,orig,,
como falo com algua c m daa,outros,original,orig,,
volta pro estoque,outros,original,orig,,
quadril,outros,original,orig,,
ops a c a blusa pah,outros,original,orig,,
pergunta,outros,original,orig,,
precisa,outros,original,orig,,
decote,outros,original,orig,,
medidas,outros,original,orig,,
brinco,outros,original,orig,,
queria,outros,original,orig,,
de onde a c a sanda lia linda,outros,original,orig,,
duvida,outros,original,orig,,
anda,outros,original,orig,,
comprei,outros,original,orig,,
construcao,outros,original,orig,,
o meu e <user> oficial,outros,original,orig,,
code,outros,original,orig,,
perfeito fico no aguardo abraa o,outros,original,orig,,
queridinha,outros,original,orig,,
natural,outros,original,orig,,
ah show vou enviar o invite,outros,original,orig,,
inventadas,outros,original,orig,,
dos,outros,original,orig,,
chic,outros,original,orig,,
por nada,outros,original,orig,,
bom,outros,original,orig,,
perfeito gloria ja colocamos aqui na nossa lista e vamos te informar quando estiver mais proximo da data,outros,original,orig,,
vou olhar,outros,original,orig,,
seu ddd qual seria,outros,original,orig,,
mas ficou grande,outros,original,orig,,
ja to seguindo,outros,original,orig,,
exagero,outros,original,orig,,
choker,outros,original,orig,,
o que acha dessas opcoes,outros,original,orig,,
vou seguir,outros,original,orig,,
e o pedido <num>,outros,original,orig,,
continuidade,outros,original,orig,,
que aa ja envio um invite,outros,original,orig,,
independente disso sigo aqui para o que voce precisar,outros,original,orig,,
informacoes,outros,original,orig,,
ja tentei traas vezes sera que pode ser o tamanho,outros,original,orig,,
tudo,outros,original,orig,,
voa,outros,original,orig,,
ela a c reta e certa acredito que o tamanho m funcione bem para vocaa o tecido da base a c mais malea vel que da parte de cima,outros,original,orig,,
acessorios,outros,original,orig,,
logo mais te passo novas informaa aues,outros,original,orig,,
que tamanho costuma usar,outros,original,orig,,
para,outros,original,orig,,
trico,outros,original,orig,,
claro nossas medidas do tamanho <num> para o macacao cool sao ombro <num> cm cintura total <num> cm comprimento <num> cm qualquer outra questao estamos a disposicao,outros,original,orig,,
pingente,outros,original,orig,,
quero comprar mas preciso saber se ela cala a certinho o naomero do cala o o naomero <num> devo comprar o mesmo,outros,original,orig,,
coat,outros,original,orig,,
facil,outros,original,orig,,
yes,outros,original,orig,,
mas ficou granded<<,outros,original,orig,,
por onde posso acompanhar o envio da minha compra,outros,original,orig,,
aqui,outros,original,orig,,
pq,outros,original,orig,,
essas,outros,original,orig,,
zona,outros,original,orig,,
que lindoo,outros,original,orig,,
poderosa,outros,original,orig,,
credibilidade,outros,original,orig,,
deixa,outros,original,orig,,
pode me chamar novamente por favor,outros,original,orig,,
toda,outros,original,orig,,
volume,outros,original,orig,,
sensacao,outros,original,orig,,
ok,outros,original,orig,,
se,outros,original,orig,,
basica,outros,original,orig,,
consegue,outros,original,orig,,
vamos falar sim super,outros,original,orig,,
calor,outros,original,orig,,
<num> na o creio,outros,original,orig,,
necessarias,outros,original,orig,,
e so clicar nessa mensagem com a imagem que lhe mandei qualquer outra questao pode nos contatar estamos a disposicao equipe curadobia,outros,original,orig,,
conjuntinho,outros,original,orig,,
conteudo,outros,original,orig,,
amooo,outros,original,orig,,
comprimento,outros,original,orig,,
longa,outros,original,orig,,
tutu meu filho a c tutu arthur kkkk,outros,original,orig,,
emails,outros,original,orig,,
perfeito fico no aguardo abraco,outros,original,orig,,
vocaa a c linda e de uma delicadeza admira vel,outros,original,orig,,
tipo,outros,original,orig,,
brinca,outros,original,orig,,
pedimos desculpas pelo transtorno,outros,original,orig,,
na torcida,outros,original,orig,,
dizer,outros,original,orig,,
qual seu manequim,outros,original,orig,,
graca,outros,original,orig,,
deixa la,outros,original,orig,,
uhuu,outros,original,orig,,
armario,outros,original,orig,,
saberia,outros,original,orig,,
como posso fazer essa apresentacao,outros,original,orig,,
casa,outros,original,orig,,
lindas,outros,original,orig,,
pano,outros,original,orig,,
eu na o recebi a confirmaa a o dessa compra,outros,original,orig,,
poder,outros,original,orig,,
facilitadora,outros,original,orig,,
invernal,outros,original,orig,,
<num> <num> m,outros,original,orig,,
e eu como estou na praia torcendo para nao baixar,outros,original,orig,,
vcs,outros,original,orig,,
gostosa,outros,original,orig,,
nao,outros,original,orig,,
em,outros,original,orig,,
curtiu uma mensagem,outros,original,orig,,
pergunta quem faz a trench facil resposta extras e institucional,outros,original,orig,,
a i,outros,original,orig,,
solicitammos a reposia a o para a paula ferber logo mais te atualizaremos sobre o estoque d deg,outros,original,orig,,
look,pedido_sugestao,original,orig,,
"quero um look casual para trabalho, uso 40",pedido_sugestao,original,orig,,
"quero um look minimalista para trabalho, uso 40",pedido_sugestao,original,orig,,
"quero um look casual para trabalho, uso GG",pedido_sugestao,original,orig,,
pergunta posso indicar a bolsa anda sozinha pra alguem resposta extras e institucional,pedido_sugestao,original,orig,,
ah que otimo monica esperamos que aproveite muito ela e se quiser compartilhar com a gente os looks que criar com ela vamos amar ver,pedido_sugestao,original,orig,,
eu amo todos os seus looks combina <num> com o meu estilo queria ter todas as pecas para mim pena que moro do outro lado do mundo,pedido_sugestao,original,orig,,
ah que a <num> timo monica esperamos que aproveite muito ela e se quiser compartilhar com a gente os looks que criar com ela vamos amar ver,pedido_sugestao,original,orig,,
"quero um look casual para trabalho, uso PP",pedido_sugestao,original,orig,,
"quero um look casual para trabalho, uso M",pedido_sugestao,original,orig,,
"quero um look minimalista para trabalho, uso 36",pedido_sugestao,original,orig,,
pergunta posso indicar a regata pregas jersey pra alguem resposta extras e institucional,pedido_sugestao,original,orig,,
"quero um look minimalista para trabalho, uso GG",pedido_sugestao,original,orig,,
"quero um look minimalista para trabalho, uso G",pedido_sugestao,original,orig,,
gosto muito dos looks mas percebo que ha muito jogo c volumes,pedido_sugestao,original,orig,,
"quero um look casual para trabalho, uso 42",pedido_sugestao,original,orig,,
"quero um look casual para trabalho, uso P",pedido_sugestao,original,orig,,
que maximo marca a gente nos seus looks muito feliz que esta curtindo a selecao de pecas logo mais teremos muitas novidades bacanas,pedido_sugestao,original,orig,,
amoooo suas rasteiras nao sao da sua lj mas poderia indicar aonde tem aquela custo beneficio,pedido_sugestao,original,orig,,
que maximo marca a gente nos seus looks muito feliz que esta curtindo a selea a o de pea as logo mais teremos muitas novidades bacanas d,pedido_sugestao,original,orig,,
amoooo suas rasteiras na o sa o da sua lj mas poderia indicar aonde taam aquela custo benefacio,pedido_sugestao,original,orig,,
"quero um look casual para trabalho, uso 36",pedido_sugestao,original,orig,,
mas amei a sugestao ju,pedido_sugestao,original,orig,,
"quero um look casual para trabalho, uso 44",pedido_sugestao,original,orig,,
sugestao,pedido_sugestao,original,orig,,
"quero um look minimalista para trabalho, uso PP",pedido_sugestao,original,orig,,
ola bia sou a daniela e gostaria de apresentar minha marca pra vc a queens gate minha sa <num> cia e eu ja te acompanhamos tem um bom tempo e somos muito fa s a sua curadoria com seus neutros com tcharanz refora ou a vontade de apresentar o conceito da nossa marca pra vc vamos completar <num> ano em agosto e adoraraamos um bate papo com vc pra contar nossa hista <num> ria e nossos planos moro em londres e minha sa <num> cia em sp e vou deixar meu whatsapp pessoal por conta do fuso aqui e mando o link do nosso insta pra vc dar uma olhadinha d obrigada <num> <num> <num> <num>,saudacao,original,orig,,
vc poderia checar se houve algum problema com os correios de sa o paulo pois nem chegou no correio de curitiba,saudacao,original,orig,,
ola pati boa tarde tudo bem estamos entrando em contato porque identificamos que ha um tempo voce demonstrou interesse nas sandalias da bia que apareceram em um dos nossos reels agora eles estao disponiveis no site do curadobia segue o link <url> obrigada por nos acompanhar patricia qualquer duvida estamos a disposicao equipe curadobia,saudacao,original,orig,,
ola pessoal tudo bem sou a lala cunha <user> e vim contar um pouco sobre o <user> estamos em sp e fazemos fotografia vadeos em formato reels direa a o de arte e styling para marcas de acordo com a sua necessidade fazemos trabalhos exclusivos para as marcas e em breve final de mara o tamba c m faremos o nosso pra <num> ximo shooting collab uma dia ria criada para incluir va rias marcas que taam produtos a serem fotografados necessitam de um material de qualidade mas que na o querem ter um alto valor de investimento nisso o proximo collab sera em uma locaa a o linda e as modelos foram escolhidas a dedo e acho que combina muito com a marca de voces abaixo mando mais infos vamos conversar sobre essas possibilidades fico aqui a disposia a o abraa os lala <num> <num>,saudacao,original,orig,,
mas paguei por uma coisa que nao recebi,saudacao,original,orig,,
oi boa tarde ana aqui vocaa conseguiu dar uma olhada na cala a qualquer coisa sigo aqui para o que vocaa precisar viu edited,saudacao,original,orig,,
obrigada por nos mandar e informar sobre essa situacao ja passamos para o nosso setor tecnico analisar essa situacao caso deseje podemos tirar duvidas e disponibilizar mais informacoes por aqui so nos solicitar estamos a disposicao para qualquer coisa,saudacao,original,orig,,
bom dia gil infelizmente nao trabalhamos com cupom para <num> a compra ainda mas estamos a disposicao para sanar qualquer duvida,saudacao,original,orig,,
ola por favor algum retorno,saudacao,original,orig,,
ola tudo bem que bom receber sua mensagem meu nome e ana e sou do time curadobia com relacao a sua duvida conversei com a propria bia e ela nos informou que volumes tambem podem funcionar para quem esta um pouco acima desde que tenha um pouco de pele de fora para trazer leveza,saudacao,original,orig,,
ola bom dia infelizmente essa cala a tamba c m saiu do nosso mix estamos com novos produtos e novas marcas entrando no curadobia esperamos que goste qualquer coisa sigo aquid,saudacao,original,orig,,
bom dia gostei da cala a vai ter no site obrigada,saudacao,original,orig,,
oi quanto custa a blusa modernosa tem gg,saudacao,original,orig,,
sobre a questa o do frete a c possavel unificar ele nas blusas da lounge que vocaa gostouaoi vou te mandar o link das duas,saudacao,original,orig,,
ola bom dia sou muito fa da bia mas nunca comprei no curadoria uma duvida como faco para escolher um tamanho com mais seguranca tem uma tabela de medidas para servir de referencia obrigada,saudacao,original,orig,,
oi renata boa tarde ana aqui voce conseguiu dar uma olhada nas opcoes que te mandei qualquer coisa sigo aqui para o que voce precisar ta,saudacao,original,orig,,
oi maria tudo bem bom dia nosso evento e exclusivo para nossas clientes conhecerem o mix de perto e ocorre duas vezes ao ano o proximo sera em novembro te esperamos,saudacao,original,orig,,
ola juliana boa tarde tudo bem estamos entrando em contato porque identificamos que ha um tempo vocaa demonstrou interesse nos sapatos da bia que apareceram em um dos nossos reels agora eles esta o disponaveis no site do curadobia dd segue o link <url> obrigada por nos acompanhar juliana qualquer daovida estamos a disposia a o equipe curadobia d,saudacao,original,orig,,
bom dia maria luiza que bacana que se interessou por essa cala a ela a c muito especial mesmo o valor r <num> <num> caso tenha mais alguma duvida na o deixe de nos constatar equipe curadobia a,saudacao,original,orig,,
que ai conseguimos encaminhar pro la as tratativas o que acha se puder esclarecer que seria algo mais voltado para o perfil pessoal da bia ou para o curadobia seria bacana entendermos tambem para encaminhar de forma mais assertiva sua mensagem,saudacao,original,orig,,
boa noite havera reposicao da saia unica preta no tamanho <num>,saudacao,original,orig,,
oi julia tudo bem essa e da egrey mais antiga estamos a poucos dias de lancar novos modelos de jeans de uma nova marca que entrara no curadobia assim que lancarmos te mandamos aqui,saudacao,original,orig,,
oi danuza bom dia tudo bem pode nos informar por aqui a duvida ou se preferir uma comunicacao mais agil pode nos chamar no nosso whatsapp,saudacao,original,orig,,
oi roberta bom dia tudo bem estamos entrando em contato porque identificamos que ha um tempo vocaa demonstrou interesse nos sapatos da bia que apareceram em um dos nossos reels agora eles esta o disponaveis no site do curadobia dd o link clica vel segue na pra <num> xima mensagem obrigada por nos acompanhar roberta qualquer daovida estamos a disposia a o equipe curadobia d,saudacao,original,orig,,
ele foi postando dia <num> com o ca <num> digo de rastreio aa <num> br,saudacao,original,orig,,
oii o site curadobia esta fora do ar fui visitar atraves dos link da bio e nao funcionou bjs,saudacao,original,orig,,
ola dany boa tarde tudo bem sim e com vocaa pea o desculpas por essa demora estou verificando sobre porque ainda na o foi dada sequaancia na troca o processo interno nosso ja foi encaminhado com a troca para o tamanho p,saudacao,original,orig,,
ola amanda bom dia pea o desculpas pela demora mas o nosso pessoa ta c cnico ainda na o conseguiu simular um erro igual ao que ocorreu com voce por isso a demora em lhe retornar,saudacao,original,orig,,
ola van td bem farei um video para vc,saudacao,original,orig,,
ola bom dia roupas lindas aqui mas na o encontrei muitas opa aues de tamanhos maiores a isso mesmo tenho uma cliente que se enquadraria perfeita nesse estilo mais contempora neo mas a c um tamanho g gg <num> <num> poderiam me sugerir algumas opa aues,saudacao,original,orig,,
oi fatima tudo bem bom dia obrigada pela sua mensagem e feedback e muito importante para nos estamos conversando por whatsapp podemos continuar nossa comunicacao por la,saudacao,original,orig,,
oi silvana tudo bem bom dia quem fala com vocaa a c a ana do time curadobia posso confirmar com vocaa se seria essa camisa que te interessou segue,saudacao,original,orig,,
ola julienne bom dia tudo bem que bom receber sua mensagem eu me chamo ana e sou do time curadobia,saudacao,original,orig,,
daniela depois me passa seu numero de telefone que ai seguimos a comunicacao por la e pelo e mail,saudacao,original,orig,,
ola obrigada qual a previsa o de entrega,saudacao,original,orig,,
ola como vai muito prazer meu nome e ana e trabalho aqui no curadobia nao sei se recordam porem conversamos no primeiro semestre do ano passado <num> sobre esse projeto da bia paes de barros desde la evoluimos bastante e estamos concretizados como um marketplace em potencial crescimento queremos compartilhar com voces nosso site para darem uma olhada curadobia com br ainda temos a patu em foco o que acham de retomarmos contato aguardo voces,saudacao,original,orig,,
ola tudo bem ana e vc que bacana vou passar o whatsapp da maia pode falar com ela por gentileza <num> <num>,saudacao,original,orig,,
oi adriana bom dia como vai obrigada pelo seu interesse conosco estamos fazendo uma repaginaa a o no site e assim que voltarmos te mando o link do nosso conjunto que vocaa gostou d deg,saudacao,original,orig,,
ola kari bom dia tudo bem,saudacao,original,orig,,
boa tarde fabiana como vai passando para avisar que as blusas acabaram de ser repostas no site estoque,saudacao,original,orig,,
ola tudo bem sobre qual funcionamento deseja saber,saudacao,original,orig,,
ola boa tarde infelizmente na o enviamos para fora do pais mas aceitamos cartaues internacionais com entrega em todo o brasil d,saudacao,original,orig,,
qualquer coisa seguimos aqui,saudacao,original,orig,,
oi tatiana tudo bem infelizmente nao temos o cupom,saudacao,original,orig,,
ola sou o gerente de vendas da pg game platform quero falar com voce sobre parcerias nossa plataforma foi licenciada conjuntamente pelo governo federal brasileiro e pelo governo de curacao em outubro voce pode se juntar a nos e lhe daremos altas comissoes entre em contato comigo pelo whatsapp <num>,saudacao,original,orig,,
oi esse conjunto marrom a c vendido tamba c m,saudacao,original,orig,,
ola silvana boa tarde tudo bem estamos entrando em contato porque identificamos que ha um tempo vocaa demonstrou interesse nas sapatilhas da bia que apareceram em um dos nossos reels agora eles esta o disponaveis no site do curadobia dd segue o link <url> obrigada por nos acompanhar silvana qualquer daovida estamos a disposia a o equipe curadobia d,saudacao,original,orig,,
ola silvana boa tarde tudo bem estamos entrando em contato porque identificamos que ha um tempo voce demonstrou interesse nas sapatilhas da bia que apareceram em um dos nossos reels agora eles estao disponiveis no site do curadobia segue o link <url> obrigada por nos acompanhar silvana qualquer duvida estamos a disposicao equipe curadobia,saudacao,original,orig,,
ola renata bom dia que bom receber mensagem tua me chamo ana e faa o parte do time curadobia nesse lindo look da bia na <num> s temos somente a blusa disponavel no curadobia aoi,saudacao,original,orig,,
ola gente bom dia acabei de ver o post da bia sobre camisas somos uma pequena alfaiataria e camisaria e o core da nossa criacao gostaria muito de apresentar nosso produto pra voces se voces acharem conveniente por favor indiquem a melhor forma de contato abraco stella,saudacao,original,orig,,
mas a experiaancia de compra na o foi legal,saudacao,original,orig,,
oieee obrigada de verdade,saudacao,original,orig,,
ola boa tarde silvana tudo bem obrigada pela sua mensagem a nossa pantalona jeans esta saindo por r <num> <num> qualquer coisa estamos aqui,saudacao,original,orig,,
oi adriana isso ainda nao esta disponivel pois ele e um modelo exclusivo de sao paulo fashion week inclusive fomos semana passada prestigiar a marca reptilia nossa previsao e que esteja disponivel na proxima semana,saudacao,original,orig,,
fatima te respondemos no whatsapp mas nao recebemos seu retorno esta tudo bem qualquer coisa sigo aqui a disposicao,saudacao,original,orig,,
ola bom dia denize tudo bem estamos repondo o estoque da nossa calca quentinha e por isso ela esta temporariamente indisponivel no nosso site assim que ela retornar te avisamos estamos a disposicao para qualquer duvida obrigada por ter entrado em contato conosco,saudacao,original,orig,,
agora estou organizando as coisas,saudacao,original,orig,,
com relacao a previsao de entrega por conta dessa questao na plataforma as marcas tambem nao receberam a notificacao do pedido e por isso ira acabar atrasando um pouco a sua compra mas nos tambem ja entramos em contato com a stella bastos sobre a sua compra e logo mais ela estara com voce desculpa pelo ocorrido qualquer coisa nos avise obrigada por ser nossa cliente equipe curadobia,saudacao,original,orig,,
uma coisa de lindo,saudacao,original,orig,,
ola maria luiza td bem obrigada pelo seu interesse a sandalia a c feita de um material ela stico que parece um neoprene para trazer conforto e se moldar nos pa c s d,saudacao,original,orig,,
boa tarde estava previsto pra chegar hoje minha encomenda porem nada foi entregue,saudacao,original,orig,,
karyna bom dia tudo bem desculpe a demora para o esclarecimento da duvida como somos um marketolace trabalhamos com marcas unicas e diferentes como cada uma tem a sua producao optamos por entrar em contato com a marca parceira da calca ontem para confirmar sua duvida e te responder da melhor maneira possivel a marca nos confirmou que as medidas do tamanho <num> estao corretas com a cintura e o quadril com a mesma medida mesmo isso ocorre pois como e uma peca produzida com elastico na cintura ele acaba ficando na mesma medida do quadril se adequando ao formato do corpo que a usa a unica correcao que ja aproveitamos para fazer que a marca tambem nos informou foi que o tamanho <num> fa calca tambem deveria estar com a mesma medida na cintura e no quadril <num> cm pelo mesmo motivo ja vamos corrigir isso no site qualquer outra questao estamos a disposicao karyna,saudacao,original,orig,,
oi karyna bom dia vimos que voce mandou as mesmas mensagens pelo nosso whatsapp vamos dar seguimento por la entao tudo bem obrigada,saudacao,original,orig,,
oie bom dia tudo bem obrigada pela sua mensagem entramos em contato com a marca d aura que produz a saia e eles nos informaram que em <num> dias ira o receber novos estoques da nossa saia anica,saudacao,original,orig,,
obrigada pelo prestigio foi incrivel te ter de pertinho ontem,saudacao,original,orig,,
oi gabriela tudo bem vi que voce conseguiu acessar o nosso site e realizou seu pedido certo eles ja estao em separacao e logo mais estarao contigo qualquer coisa sigo aqui para te ajudar,saudacao,original,orig,,
mas venho com boas noticias a partir de quarta feira teremos reposicao dela se voce ainda tiver interesse me avisa pois ai assim que chegarem eu venho exclusivamente te avisaar,saudacao,original,orig,,
oi renata boa tarde aqui a c a ana acredito que te respondi por whatsapp certo qualquer coisa estou por aqui,saudacao,original,orig,,
mas temos varias opcoes qualquer coisa sigo aqui para te auxiliar,saudacao,original,orig,,
oi lucia bom dia tudo bem aqui a c a ana do time curadobia vocaa conseguiu dar uma olhada em tudo que te mandamos se tiver alguma daovida sigo aqui,saudacao,original,orig,,
mas venho com boas notacias a partir de quarta feira teremos reposia a o dela d <num> se vocaa ainda tiver interesse me avisa pois ai assim que chegarem eu venho exclusivamente te avisaar,saudacao,original,orig,,
ola katia tudo bem,saudacao,original,orig,,
oie em breve trarei uma curadobia de bolsas por aqui tmb,saudacao,original,orig,,
obrigada pelo prestagio foi incravel te ter de pertinho hojed d,saudacao,original,orig,,
ola muitissimo obrigada,saudacao,original,orig,,
coisa,saudacao,original,orig,,
ola sandra boa tarde tudo bem estamos entrando em contato porque identificamos que ha um tempo voce demonstrou interesse nos sapatos da bia que apareceram em um dos nossos reels agora eles estao disponiveis no site do curadobia segue o link <url> obrigada por nos acompanhar sandra qualquer duvida estamos a disposicao equipe curadobia,saudacao,original,orig,,
bom dia beatriz tudo bem obrigada por ter entrado em contato conosco vamos entrar em contato com voce pelo nosso whatsapp oficial,saudacao,original,orig,,
oi mari boa tarde ah que a <num> timo combinado enta o fico muito feliz que o conjunto tenha ficado bacana conta com a gente para o que precisar grande abraa o aproveite o final de semana torcendo para baixar um pouco a temperatura d,saudacao,original,orig,,
bia voce acaba comigo com tantas coisas lindas do curadobia queria muito que tivesse frete internacional canada eu fico aqui babando,saudacao,original,orig,,
ola carol td bem e vc pode nos enviar para contato curadobia <user> com,saudacao,original,orig,,
ola camila td bem segue aqui o link da blusa que voce gostou qualquer duvida estamos a disposicao ok,saudacao,original,orig,,
ola boa tarde tudo bem estamos entrando em contato porque identificamos que ha um tempo vocaa demonstrou interesse nas sanda lias da bia que apareceram em um dos nossos reels agora eles esta o disponaveis no site do curadobia dd segue o link <url> obrigada por nos acompanhar qualquer daovida estamos a disposia a o equipe curadobia d,saudacao,original,orig,,
oi ana a marcia fonseca esta em contato com vc ne vamos conversar sim a fernanda tem mto interesse,saudacao,original,orig,,
boa noite havera reposia a o da saia aonica preta no tamanho <num>,saudacao,original,orig,,
ola como tirar daovidas de tamanho da pea a,saudacao,original,orig,,
oi renata boa tarde ana aqui vocaa conseguiu dar uma olhada nas opa aues que te mandei qualquer coisa sigo aqui para o que vocaa precisar ta,saudacao,original,orig,,
apoio,saudacao,original,orig,,
bom dia julienne o que achou da nossa selea a o,saudacao,original,orig,,
bom dia mariella td bem que tamanho voce costuma usar de parte de cima camisas em especial,saudacao,original,orig,,
oi talita muito bom receber sua mensagem agradecemos demais o contato e que bacana vocaas terem pensado na gente pora c m nesse momento na <num> s na o estamos trabalhando com produa a o de qualquer forma salvamos o teu contato para futuras oportunidades atenciosamente equipe curadobiad,saudacao,original,orig,,
boa tarde a jaqueta off da nauanim voltou,saudacao,original,orig,,
ola dany boa tarde tudo bem sim e com voce peco desculpas por essa demora estou verificando sobre porque ainda nao foi dada sequencia na troca o processo interno nosso ja foi encaminhado com a troca para o tamanho p,saudacao,original,orig,,
ola amanda obrigada pelo contato e pedimos desculpas pela falha ja estamos verificando o que houve para que consiga finalizar sua compra,saudacao,original,orig,,
ola anna bom dia seu produto vou enviado dia <num> <num> vocaa consegue acompanhar tudo pelo codigo de rastreio abaixo,saudacao,original,orig,,
ola boa tarde o <num> e equivalente ao p <num> m e <num> g,saudacao,original,orig,,
boa tarde milene td bem e vc esse macacao nesse tom infelizmente nao tera reposicao mas lancamos ontem o mesmo modelo em preto,saudacao,original,orig,,
ola pessoal como va o meu nome a c ana e trabalho junto com a bia paes de barros no curadobia com br o curadobia a c um marketplace que nasceu com o propa <num> sito de reunir em um sa <num> lugar pea as que fazem toda a diferena a no arma rio e ao mesmo tempo sa o fa ceis de usar os chamados neutros com tcharanz acreditamos que a marca de vocaas pode se conectar com essa proposta com quem poderia conversar para falar mais sobre aguardo vocaas,saudacao,original,orig,,
oi daniela que bacana muito obrigada por acompanharem e curtirem meu trabalho,saudacao,original,orig,,
ola tudo bem estou apaixonada por essa jaqueta bacanuda da foto o preco de <num> pula pra setecentos e tanto na hora de comprar e isso mesmo entra um valor de comissao na hora da compra,saudacao,original,orig,,
bom dia,saudacao,original,orig,,
ola vcs tem uma tabela de medidas para essa calca amei e gostaria de escolher o tamanho certo visto <num> e tenho <num> <num> de quadril entao nao tenho certeza do p ou m poderiam me ajudar no aguardo grata adriana baggio,saudacao,original,orig,,
ola tudo bem meu nome e leonardo trabalho na importadora <user> <user> vi o instagram da marca e voces tem o perfil lulitex muito sofisticacao e bom gosto trabalhamos com pronta entrega e importacao de tecidos exclusivos de acordo com a demanda do cliente nosso showroom tem um acervo enorme sera um prazer recebe los em uma visita poderia me passar o contato do estilo ou compras desde ja agradeco a atencao att leonardo jose e mail leonardo <user> com br pabx <num> <num> <num> <num> whatsapp <num> <num> <num> <num> www lulitex com br,saudacao,original,orig,,
oi as compras sao direto no site,saudacao,original,orig,,
ola caroline tudo bem obrigada pelo seu interesse em trabalhar conosco no momento nao estamos trabalhando com o contrato de novas pessoas no nosso time mas ja salvamos seus dados para futuras oportunidades caso tenha mais alguma duvida estamos a disposicao equipe curadobia,saudacao,original,orig,,
ola karyna tudo bem obrigada por ter entrado em contato conosco,saudacao,original,orig,,
inclusive muito obrigada pela solicitaa a o pois em funa a o dela estamos criando esse maas um destaque aqui no insta trazendo e salvando vadeos mostrando essa a c mais outras pea as que podem gerar daovidas,saudacao,original,orig,,
com relaa a o a outra blusa que vocaa gostou ela esta em processo de lana amento e ainda na o esta a venda no nosso site mas independente desse fator na o seria possavel unificar o frete nesse caso pois o frete sa <num> fica unificado para as pea as da mesma marca,saudacao,original,orig,,
ola dany bom dia caso tenha algum problema com o tamanho voce pode optar por trocar ou devolver o produto basta nos informar pelo e mail contato curadobia <user> com que iremos encaminhar sua solicitacao para a marca responsavel a marca ira proceder com os proximos passos como envio do codigo de logistica reversa e tudo mais,saudacao,original,orig,,
ola rosangela boa tarde tudo bem estamos entrando em contato porque identificamos que ha um tempo vocaa demonstrou interesse nas rasteiras da bia que apareceram em um dos nossos reels agora eles esta o disponaveis no site do curadobia dd segue o link <url> obrigada por nos acompanhar rosangela qualquer daovida estamos a disposia a o equipe curadobia d,saudacao,original,orig,,
bom dia julienne o que achou da nossa selecao edited,saudacao,original,orig,,
oi claudia que mensagem boa ficamos felizes de voce gostar dos nossos produtos vou confirmar sua compra e te aviso,saudacao,original,orig,,
ola como tirar duvidas de tamanho da peca,saudacao,original,orig,,
ola tudo bem e com vcs vi que vcs enviaram um e mail para na <num> s vou responder vcs por la ok um beijo e muito obrigada pelo contato < <num>,saudacao,original,orig,,
ola pessoal como vao meu nome e ana e trabalho junto com a bia paes de barros no curadobia com br o curadobia e um marketplace que nasceu com o proposito de reunir em um so lugar pecas que fazem toda a diferenca no armario e ao mesmo tempo sao faceis de usar os chamados neutros com tcharanz acreditamos que a argi super se conecta com essa proposta com quem poderia conversar para falar mais sobre aguardo voces,saudacao,original,orig,,
oi pri estao entrando muitas marcas incriveis novas no curadobia porem a oysho nao e uma delas,saudacao,original,orig,,
bom dia karyna infelizmente na o trabalhamos com cupom para <num> aa compra aindaa <num> i mas estamos aqui para te auxiliar no processo inteiro,saudacao,original,orig,,
oiee bom dia,saudacao,original,orig,,
ola como vai muito prazer meu nome a c ana e trabalho aqui no curadobia na o sei se recordam pora c m conversamos no primeiro semestre do ano passado <num> sobre esse projeto da bia paes de barros desde la evoluamos bastante e estamos concretizados como um marketplace em potencial crescimento queremos compartilhar com vocaas nosso site para darem uma olhada curadobia com br ainda temos a toruss em foco o que acham de retomarmos contato aguardo vocaas,saudacao,original,orig,,
oie essa cala a vai ter reposia a o na curadoria,saudacao,original,orig,,
oii karinne tudo bem aqui quem fala a c a ana do time curadobia vocaa acredita que estive olhando todos os dias desde que vocaa demonstrou interesse se a nossa saia anica voltaria ao estoque e somente hoje isso aconteceu ela a c a queridinha das nossas clientes e tem acabado ra pido enta o espero que consiga aproveitar essa oportunidade te encaminho o link para o acesso dela,saudacao,original,orig,,
ola bia sou a daniela e gostaria de apresentar minha marca pra vc a queens gate minha socia e eu ja te acompanhamos tem um bom tempo e somos muito fas a sua curadoria com seus neutros com tcharanz reforcou a vontade de apresentar o conceito da nossa marca pra vc vamos completar <num> ano em agosto e adorariamos um bate papo com vc pra contar nossa historia e nossos planos moro em londres e minha socia em sp e vou deixar meu whatsapp pessoal por conta do fuso aqui e mando o link do nosso insta pra vc dar uma olhadinha obrigada <num> <num> <num> <num>,saudacao,original,orig,,
oi as compras sa o direto no site,saudacao,original,orig,,
oi karyna bom dia tudo bem vamos verificar,saudacao,original,orig,,
oii comprei a bico fino o dedo fica um pouquinho de lado pra fora ne mas super confortavel,saudacao,original,orig,,
bom dia pamela tudo bem revisamos aqui o nosso sistema e fizemos testes e tudo parece funcionar bem esperamos que voce tenha uma boa experiencia agora o que aconselhamos tambem e entrar no site pelo google chrome caso voce ainda nao tenha acessado por la vou te encaminhar os links dos produtos que voce nos encaminhou <url> <url> <url> <url> <url>,saudacao,original,orig,,
com relacao a outra blusa que voce gostou ela esta em processo de lancamento e ainda nao esta a venda no nosso site mas independente desse fator nao seria possivel unificar o frete nesse caso pois o frete so fica unificado para as pecas da mesma marca,saudacao,original,orig,,
colar,saudacao,original,orig,,
ola eu encontro as medidas no site,saudacao,original,orig,,
ola td bem fiz uma compra com vc e recebi apenas o tricot vc pode me ajudar muito obrigada desde ja,saudacao,original,orig,,
ola emilia boa noite tudo bem agradecemos demais o feedback e pode ter certeza que uma das preocupaa aues que estamos tendo a c seguir na busca por marcas que tragam opa aues e grades que representam o maior naomero de corpos possavel sobre a tabela de medida estamos buscando ajustar obrigada por nos informar e seguiremos aprimorando cada vez mais bjos d,saudacao,original,orig,,
ola sandra boa tarde tudo bem estamos entrando em contato porque identificamos que ha um tempo vocaa demonstrou interesse nos sapatos da bia que apareceram em um dos nossos reels agora eles esta o disponaveis no site do curadobia dd segue o link <url> obrigada por nos acompanhar sandra qualquer daovida estamos a disposia a o equipe curadobia d,saudacao,original,orig,,
ola bom dia me chamo anelisa e gostaria de confirmar se meu pedido foi realizado nao sei se esse e o canal mais adequado para essa solicitacao mas como nao achei no site um campo para falar com voces decidi vir aqui fiz essa compra ontem pelo site e logo depois de finalizar apareceu uma mensagem dizendo que o pagamento nao estava confirmado no entanto no site diz que o pagamento foi efetuado e nao recebi nenhuma mensagem do banco dizendo que o pagamento foi negado alem disso tambem nao recebi um e mail com os dados do pedido muito obrigada desde ja,saudacao,original,orig,,
oi bia tudo bem adorei a <user> o nome ficou demais e claro ja fui olhar as pecas nao localizei tabela de medidas porem pelo tamanho das pecas que vc veste o g provavelmente nao vai caber em mim uso <num> <num> a depender da confeccao pense com carinho em fazer uma curadoria para tamanhos normais desejo muito sucesso nessa nova empreitada que deus te abencoe bjos,saudacao,original,orig,,
qual seu e mail que ai envio um invite,saudacao,original,orig,,
oi sandra tudo bem passando aqui para te avisar que o jeans preto que vocaa se interessou no nosso reels um tempinho atra s esta disponavel d,saudacao,original,orig,,
oi cristiane bom dia obrigada pela sua mensagem na verdade todos os nossos pedidos sao enviados o email de confirmacao imediatamente porem realmente identificamos um erro no nosso sistema que os ultimos pedidos nao estao recebendo a confirmacao ja estamos em contato com o nosso tecnico para resolver obrigada por ter nos informado,saudacao,original,orig,,
bom dia a obrigada dd>>,saudacao,original,orig,,
bom dia sou a gianina marques mineira mae e autora de joias artesanais gostaria de deixar meu insta para vcs conhecerem minhas joias feita com carinho e totalmente exclusiva aguardo o retorno de vcs q tem tanto conhecimento na area desde ja obrigada <user>,saudacao,original,orig,,
oi bia tudo bem me chamo alice sou socia da monti uma marca de moda que preza por estilo atemporal e pecas de qualidade estamos buscando consultoras de imagem parceiras para recomendar nossas pecas aos seus clientes e pensei que poderiamos criar algo bem legal juntas o que acha de agendarmos um papo para te contar mais sobre a nossa historia e a ideia de parceria fico no aguardo,saudacao,original,orig,,
qualquer coisa seguimos a disposia a o por aqui ok,saudacao,original,orig,,
ola evelyn bom dia tudo bem aqui somos do curadobia voce teria interesse em apresentar a sua marca pensando em participar do curadobia ou seria referente a parceria de divulgacao com a bia,saudacao,original,orig,,
sheila essa foi a tabela passada para nos pela marca estamos em contato com eles para ter exatamente a medida do quadril inclusive obrigada pela pergunta pois com ela vamos atualizar o nosso site mas podemos te adiantar que ele tem uma estrutura folgada no quadril entao acreditamos que ele vai dar certo para ti no tamanho <num> para te passar outra base nas fotos do produto no nosso site a bia esta vestindo o tamanho <num>,saudacao,original,orig,,
ola tudo bem estou apaixonada por essa jaqueta bacanuda da foto o prea o de <num> pula pra setecentos e tanto na hora de comprar a isso mesmo entra um valor de comissa o na hora da compra,saudacao,original,orig,,
bom dia gostaria de adquirir essa calca mas nao esta mais disponivel podem me ajudar obrigada,saudacao,original,orig,,
oi,saudacao,original,orig,,
oi anne bom dia tudo bem aqui a c a ana do time curadobia a bia nos informou que vocaa se interessou pela nossa bolsa molona mas que infelizmente ela esta indisponavel no site,saudacao,original,orig,,
ola,saudacao,original,orig,,
oi mari bom dia tudo bem infelizmente essa cala a na o teremos mais reposia a o no curadobia mas estamos com diversas novidades no site qualquer coisa sigo aqui para o que vocaa precisar,saudacao,original,orig,,
boa tarde na pagina da regata podrinha cinza eu nao consigo ver as medidas dos tamanhos acima do g que sao justamente o que visto poderia me enviar essas medidas dos tamanhos gg e xgg por favor,saudacao,original,orig,,
bom dia adriana como vocaa esta,saudacao,original,orig,,
boa tarde pessoal tudo bem estava namorando um macacao verde no site da marca d aura porem nao localizei mais saiu de colecao nao tera reposicao aguardo obrigada milene,saudacao,original,orig,,
oie sa o lindas pora c m aquele modelo foi o que mais me agradou mas tranquilo super obrigada pela atena a o,saudacao,original,orig,,
oie td bem e vc ainda nao mas em breve tera,saudacao,original,orig,,
ola sua curadoria projeto editorial e grafico sao incriveis parabens mas sua plataforma de e commerce nao funciona bem estou desde ontem tentando fazer compras mas paginas nao carregam carrinhos esvaziam muito dificil,saudacao,original,orig,,
ola meninas tudo bem comprei a saia preta da d aura em outubro precisei trocar foram rapidissimos mas so hoje eu soube que nao levaram a sacola com a peca a ser trocada ficou este tempo todo na minha portaria como faco,saudacao,original,orig,,
bom dia gostei da calca vai ter no site obrigada,saudacao,original,orig,,
bom dia beatriz tudo bem obrigada por ter entrado em contato conosco vamos te encaminhar uma mensagem pelo nosso whatsapp oficial edited,saudacao,original,orig,,
oi clau tudo bem bom dia aqui a c a ana da equipe do curadobia vimos que vocaa se interessou pelo macaca o no video da bia mas na a c poca ele ainda estava em lana amento boa notacia agora esta disponavel d segue o link abaixo para que vocaa possa dar uma olhada,saudacao,original,orig,,
oi sandra tudo bem passando aqui para te avisar que o jeans preto que voce se interessou no nosso reels um tempinho atras esta disponivel,saudacao,original,orig,,
ola karyna boa tarde tudo bem estamos entrando em contato porque identificamos que ha um tempo voce demonstrou interesse nos sapatos da bia que apareceram em um dos nossos reels agora eles estao disponiveis no site do curadobia segue o link <url> obrigada por nos acompanhar karyna qualquer duvida estamos a disposicao equipe curadobia,saudacao,original,orig,,
ola luana bom dia tudo bem hoje ainda nao temos sapatos dentro do curadobia estamos olhando para adicionar essa categoria em breve,saudacao,original,orig,,
ola alessandra boa tarde tudo bem estamos entrando em contato porque identificamos que ha um tempo vocaa demonstrou interesse nas sanda lias da bia que apareceram em um dos nossos reels agora eles esta o disponaveis no site do curadobia dd segue o link <url> obrigada por nos acompanhar alessandra qualquer daovida estamos a disposia a o equipe curadobia d,saudacao,original,orig,,
ola tentei fazer uma compra e apos entrar com os dados do cartao e senha vem a seguinte tela,saudacao,original,orig,,
ola sou o gerente de vendas da pg game platform quero falar com vocaa sobre parcerias nossa plataforma foi licenciada conjuntamente pelo governo federal brasileiro e pelo governo de curaa ao em outubro vocaa pode se juntar a na <num> s e lhe daremos altas comissaues entre em contato comigo pelo whatsapp <num>,saudacao,original,orig,,
oi anna bom dia tudo bem nos desculpe a falta de resposta vou te mandar mensagem via whatsapp para ficar melhor a nossa comunicacao tudo bem mas pode ficar tranquila pois realmente nosso atendimento funciona prioritariamente durante a semana e nao vamos te deixar desamparada,saudacao,original,orig,,
oi bia sou erika dos <user> gostaria de saber como voce trabalha em relacao a promocao de produtos meus brincos sao autorais e os fabrico a <num> anos a producao e <num> nacional fabricamos desde a liga do metal ate o banho de ouro <num> k nossos brincos sao todos bordados a mao com um finissimo arame de cobre e depois banhado a ouro espero seu contato obrigada,saudacao,original,orig,,
ola bom dia sheila tudo bem que bom que gostou do nosso macacao cool nos temos ele nos tamanhos <num> <num> <num> e <num> vou te encaminhar o link dele para que possa visualizar no nosso site <url>,saudacao,original,orig,,
oi ana tudo bem na a c poca o pessoal da d aura te instruiu que iriam retirar na sua portaria,saudacao,original,orig,,
oi gabriela tudo bem ana aqui do time do curadobia estavamos passando por algumas instabilidades mas acredito que agora ja esta tudo resolvido te encaminho aqui o site para ficar mais facil o acesso,saudacao,original,orig,,
ola que bom que vocaa se interessou por na <num> s muito bom receber tua mensagem joana infelizmente essa cala a na o esta no curadobia e a c acervo pessoal da bia mesmod esse video tem a finalidade de apresentar as nossas camisas d esperamos que goste,saudacao,original,orig,,
oii comprei a bico fino o dedo fica um pouquinho de lado pra fora na c mas super conforta vel,saudacao,original,orig,,
obrigada pelo prestigio foi incrivel te ter de pertinho hoje,saudacao,original,orig,,
descolado,saudacao,original,orig,,
ola bom dia tudo bem obrigada pela mensagem conferimos aqui e aparentou estar tudo certo aproveito para mandar o link por aqui,saudacao,original,orig,,
boa tarde comprei a blusa pah mas na o consigo deixa la parecida como da fotoa acho que estou usando de forma erradaa tem alguma tutorial de como vesti la rs,saudacao,original,orig,,
ola meninas seguem meus contatos <num> <num> <num> <num> daniela masson <user> com muito bom falar com vcs ontem obrigada falamos na sequaancia por whatsapp d,saudacao,original,orig,,
qualquer coisa seguimos a disposicao por aqui ok,saudacao,original,orig,,
oi pri esta o entrando muitas marcas incraveis novas no curadobia pora c m a oysho na o a c uma delasd,saudacao,original,orig,,
ola gisela essa sandalia a c da minha collab com a paula ferber,saudacao,original,orig,,
como uma cratica construtiva vcs deveriam mandar um e mail para confirmar o pedido compro bastante on line e sempre vem o e mail do status do pedido o cliente fica mais seguro da compra,status_pedido,original,orig,,
como uma critica construtiva vcs deveriam mandar um e mail para confirmar o pedido compro bastante on line e sempre vem o e mail do status do pedido o cliente fica mais seguro da compra,status_pedido,original,orig,,
pergunta da pra usar a blusa molona em festa de dia resposta combinacoes e ocasioes,styling_sugestao_look,original,orig,,
mas tmb lancarei um aprograma online de estilo pessoala que podera ser baixado por aqui tmb,styling_sugestao_look,original,orig,,
muito estilo,styling_sugestao_look,original,orig,,
deixa eu tirar outra daovida vc faz consultoria de imagem estilo tb se sim como funciona,styling_sugestao_look,original,orig,,
mas tmb lancarei um programa online de estilo pessoal que podera ser baixado por aqui tmb,styling_sugestao_look,original,orig,,
bia tudo bem tenho uma festa bem legal e o traje a c black and white pensei na blusa pah mas queria saber se o tecido fica vistoso e se vocaa recomenda alguma cala a mais festa para combinar beijos julie,styling_sugestao_look,original,orig,,
deixa eu tirar outra duvida vc faz consultoria de imagem estilo tb se sim como funciona,styling_sugestao_look,original,orig,,
pergunta com que sapato usar a bolsa anda sozinha resposta combinacoes e ocasioes,styling_sugestao_look,original,orig,,
estilo,styling_sugestao_look,original,orig,,
pergunta com que sapato usar a regata pregas jersey resposta combinacoes e ocasioes,styling_sugestao_look,original,orig,,
pergunta a trench facil e versatil pra viagem resposta combinacoes e ocasioes,styling_sugestao_look,original,orig,,
pergunta a calca saruel silvia tem forro interno resposta modelagem e tecido,tamanho_modelagem,original,orig,,
pergunta a camisa de responsa marca muito o corpo resposta modelagem e tecido,tamanho_modelagem,original,orig,,
a modelagem a c grande pode ser tam <num>,tamanho_modelagem,original,orig,,
pergunta o tecido da camisa viajante esquenta resposta modelagem e tecido,tamanho_modelagem,original,orig,,
modelagem,tamanho_modelagem,original,orig,,
pergunta a regata pregas jersey precisa passar resposta modelagem e tecido,tamanho_modelagem,original,orig,,
pora c m a c interessante frisar que a modelagem da cala a a c uma cintura no lugar nem cintura baixa e nem cintura alta,tamanho_modelagem,original,orig,,
pergunta a calca cool amassa facil resposta modelagem e tecido,tamanho_modelagem,original,orig,,
pergunta a bolsa anda sozinha precisa passar resposta modelagem e tecido,tamanho_modelagem,original,orig,,
pergunta o tecido da blusa molona esquenta resposta modelagem e tecido,tamanho_modelagem,original,orig,,
todas as pea as da mybasic e da lounge <num> possuem uma ampla grade <url> <url> os produtos da cecilia possuem uma modelagem mais ampla <url> alguns dos produtos da nauanin chegam ata c a numeraa a o xxgg equivalendo a um <num> <url>,tamanho_modelagem,original,orig,,
pergunta a trench facil tem forro interno resposta modelagem e tecido,tamanho_modelagem,original,orig,,
pergunta a saia tech amassa facil resposta modelagem e tecido,tamanho_modelagem,original,orig,,
porem e interessante frisar que a modelagem da calca e uma cintura no lugar nem cintura baixa e nem cintura alta,tamanho_modelagem,original,orig,,
a modelagem e grande pode ser tam <num>,tamanho_modelagem,original,orig,,
pergunta a saia acinturante marca muito o corpo resposta modelagem e tecido,tamanho_modelagem,original,orig,,
sem problemas mari apenas encaminha pra gente um e mail solicitando que iremos dar sequencia com a troca e mail contato curadobia <user> com,troca_devolucao,original,orig,,
caso nao fique com como funciona a troca,troca_devolucao,original,orig,,
fiz uma compra de um casaco com vcs e na o vestiu bem gostaria de trocar por uma cala a fresquinha tamanho m,troca_devolucao,original,orig,,
como a c o processo da troca,troca_devolucao,original,orig,,
entrega devolucao,troca_devolucao,original,orig,,
acabei de comprar um conjunto se nao servir posso trocar pelo seu cep deve ser perto da minha casa o meu <num> <num>,troca_devolucao,original,orig,,
claro pode trocar super,troca_devolucao,original,orig,,
nao vou trocar vou tentar reduzir o gancho,troca_devolucao,original,orig,,
como proceder p troca,troca_devolucao,original,orig,,
pergunta da pra trocar a trench facil por outro tamanho resposta frete prazos e trocas,troca_devolucao,original,orig,,
caso na o fique com como funciona a troca,troca_devolucao,original,orig,,
pergunta consigo devolver a regata pregas jersey se nao servir resposta frete prazos e trocas,troca_devolucao,original,orig,,
posso trocar caso eu experimente e prefira uma maior,troca_devolucao,original,orig,,
como e o processo da troca,troca_devolucao,original,orig,,
na o vou trocar vou tentar reduzir o gancho,troca_devolucao,original,orig,,
sobre a troca da cala a que comprei quero trocar por um tamanho menor recebi um e mail de vcs no dia <num> <num> <num> respondi mas dps disso na o tive mais retorno,troca_devolucao,original,orig,,
pergunta consigo devolver a bolsa anda sozinha se nao servir resposta frete prazos e trocas,troca_devolucao,original,orig,,
