cluster,texto
9,you sent an attachment
9,you sent an attachment
3,nan
7,curtiu uma mensagem
11,body mybasic
9,bia sent an attachment
2,sem conteudo detectavel
0,oi bia tudo bem adorei a <user> o nome ficou demais e claro ja fui olhar as pecas nao localizei tabela de medidas porem pelo tamanho das pecas que vc veste o g provavelmente nao vai caber em mim uso <num> <num> a depender da confeccao pense com carinho em fazer uma curadoria para tamanhos normais desejo muito sucesso nessa nova empreitada que deus te abencoe bjos
9,brenda sent an attachment
5,<url>
10,ola emilia boa noite tudo bem agradecemos demais o feedback e pode ter certeza que uma das preocupacoes que estamos tendo e seguir na busca por marcas que tragam opcoes e grades que representam o maior numero de corpos possivel sobre a tabela de medida estamos buscando ajustar obrigada por nos informar e seguiremos aprimorando cada vez mais bjos
6,obrigada beijinhos
2,sem conteudo detectavel
5,link compartilhado
2,sem conteudo detectavel
5,link compartilhado
2,sem conteudo detectavel
9,bia sent an attachment
2,sem conteudo detectavel
5,link compartilhado
13,ola
1,como falo com alguem dai
0,comprei um body e paguei frete de <num> dias uteis pra levar pra uma viagem agora na sexta
1,mas a peca ainda nao chegou
1,era pra ter chegado ontem
10,com quem falo b
3,nan
6,oii tudo bem
6,ola gabriela boa tarde tudo bem
6,peco desculpa pela demora em lhe retornar
10,verificamos com a marca responsavel pelo envio a revival o seu pedido sofreu um pequeno atraso que a marca me informou ter lhe comunicado por whatsapp
0,seu pedido saiu para entrega hoje e esta constando aqui como entregue
0,ele foi postando dia <num> com o codigo de rastreio aa <num> br
1,chegou
0,mas paguei por uma coisa que nao recebi
0,entao era pra ter pago menos a meu ver
10,e achei muito dificil o contato com vcs
10,nao tem um link de comunicacao no whatsapp
0,no e mail da nota fiscal nao tem nada
7,precisei escrever em uma postagem
1,enfim por muito pouco nao me atende
0,paguei sedex porque estou indo hoje pra londres e queria levar o body
1,e o body me chega hoje
11,muito tenso
1,por muito pouco a minha frustracao seria ainda maior
0,o produto e lindo apesar de ter ficando um pouco grande
0,mas a experiencia de compra nao foi legal
10,gabriela entendo sua frustracao e e completamente justificada de fato a marca informou ter tido um pequeno problema de producao que nao devera mais ocorrer e por isso acabou enviando atrasado seu pedido sobre o meio de contato estamos providenciando um numero para atendimento whatsapp por hora estamos apenas com o e mail mas muito em breve ja deixaremos essa opcao mais facil para solucao de qualquer problema
10,pedimos desculpas pelo ocorrido e pode ter certeza que isso servira para aprimorarmos nosso atendimento e nao deixar que situacoes como essa ocorram novamente agradeco sua compreensao e nos disponibilizamos para auxiliar da melhor forma possivel sobre ter ficado um pouco grande o body nos informe se desejar efetuar troca que ja posso agilizar junto a marca essa solicitacao
6,ola tudo bem sim e com voce
1,tudo bem tambem
10,somos uma produtora de audio visual e achamos que seria interessante apresentar o nosso trabalho e portifolio
0,voce poderia me passar o contato dos responsaveis
10,claro pode enviar para nosso e mail contato curadobia <user> com
6,de todo modo agradeco por perguntar
6,tudo bem
1,nao vou trocar vou tentar reduzir o gancho
6,muito obrigada tenham um bom fim de semana
13,igualmente
1,ok perfeito caso mude de ideia seguimos a disposicao novamente desculpa pelo transtorno e desejo uma otima viagem
7,curtiu uma mensagem
9,bia sent an attachment
13,ebaaaaa
2,sem conteudo detectavel
5,link compartilhado
5,link compartilhado
10,ola bia sou a daniela e gostaria de apresentar minha marca pra vc a queens gate minha socia e eu ja te acompanhamos tem um bom tempo e somos muito fas a sua curadoria com seus neutros com tcharanz reforcou a vontade de apresentar o conceito da nossa marca pra vc vamos completar <num> ano em agosto e adorariamos um bate papo com vc pra contar nossa historia e nossos planos moro em londres e minha socia em sp e vou deixar meu whatsapp pessoal por conta do fuso aqui e mando o link do nosso insta pra vc dar uma olhadinha obrigada <num> <num> <num> <num>
9,bia sent an attachment
5,link compartilhado
5,link compartilhado
5,link compartilhado
5,link compartilhado
2,sem conteudo detectavel
9,bia sent an attachment
5,link compartilhado
2,sem conteudo detectavel
6,oi daniela que bacana muito obrigada por acompanharem e curtirem meu trabalho
0,adorei as bolsas de vcs
1,vamos falar sim super
6,feliz demais q vc gostou me fala como funciona melhor pra vc e marcamos um call
9,bia sent an attachment
9,bia sent an attachment
12,ola gente bom dia acabei de ver o post da bia sobre camisas somos uma pequena alfaiataria e camisaria e o core da nossa criacao gostaria muito de apresentar nosso produto pra voces se voces acharem conveniente por favor indiquem a melhor forma de contato abraco stella
5,link compartilhado
5,link compartilhado
5,link compartilhado
5,link compartilhado
5,link compartilhado
5,link compartilhado
5,<url>
6,ola daniela boa tarde tudo bem
10,claro vamos conversar sim o que acha de fazermos uma reuniao on line
0,segunda na parte da tarde voce teria disponibilidade
6,ola stella boa tarde tudo bem
1,bacana vamos marcar uma conversa
0,como estaria sua agenda para segunda a tarde
0,acho otimo pode ser segunda <num> na parte da tarde estamos com <num> horas de fuso qual horario seria bom pra vc
6,boa tarde tudo otimo segunda a tarde em qualquer horario
6,ah perfeito funcionaria as <num> h fuso sao paulo
6,ah perfeito <num> h poderia ser
10,qual seu e mail que ai envio um invite
11,fechado <num> pm brasil
7,qual seu e mail
6,que ai ja envio um invite
10,daniela masson <user> com
6,enviado obrigada ate segunda
6,obrigada ate la
10,stellathomazbastos <user> com
1,funciona
0,ah show vou enviar o invite
13,enviado
1,ate segunda
3,nan
5,link compartilhado
9,isabela sent an attachment
0,onde e a loja
0,ola isabela somos um marketplace sem loja fisica
7,curtiu uma mensagem
2,sem conteudo detectavel
9,bia sent an attachment
9,bia sent an attachment
5,link compartilhado
5,link compartilhado
2,sem conteudo detectavel
7,toque em continuar para aceitar ou recusar o pedido
5,link compartilhado
1,opa acho que caiu
10,daniela depois me passa seu numero de telefone que ai seguimos a comunicacao por la e pelo e mail
1,agora parece que travou mesmo
10,stella depois peco apenas que compartilhe seu numero de telefone que ai fica mais facil nossa comunicacao
4,<num> <num>
9,bia sent an attachment
9,bia sent an attachment
10,ola meninas seguem meus contatos <num> <num> <num> <num> daniela masson <user> com muito bom falar com vcs ontem obrigada falamos na sequencia por whatsapp
2,sem conteudo detectavel
5,link compartilhado
2,sem conteudo detectavel
5,link compartilhado
2,sem conteudo detectavel
2,sem conteudo detectavel
2,sem conteudo detectavel
5,link compartilhado
5,link compartilhado
5,link compartilhado
5,link compartilhado
5,link compartilhado
9,cecilia sent an attachment
5,link compartilhado
5,link compartilhado
2,sem conteudo detectavel
2,sem conteudo detectavel
2,sem conteudo detectavel
7,toque em continuar para aceitar ou recusar o pedido
5,link compartilhado
10,bia eu terminei de subir os produtos porem acho que esta com um delay amanha vou ver se terminou de atualizar na plataforma ta tudo certinho <num> categorias que criei com todo produtos descricao videos etc
1,mas acho que esta processando para subir tudo
6,eu estou vendo mesmo que esta demorando mas super obrigada bom final de semana brenda
9,bia sent an attachment
9,bia sent an attachment
9,bia sent an attachment
5,link compartilhado
5,link compartilhado
5,link compartilhado
5,link compartilhado
5,link compartilhado
2,sem conteudo detectavel
6,adorei
9,mybasic sent an attachment
9,mybasic sent an attachment
9,bia sent an attachment
9,bia sent an attachment
9,bia sent an attachment
9,due sent an attachment
11,imagem enviada
1,esse e o fechado
10,o meu e <user> oficial
1,ja to seguindo
2,sem conteudo detectavel
0,acabei de comprar um conjunto se nao servir posso trocar pelo seu cep deve ser perto da minha casa o meu <num> <num>
9,bia sent an attachment
9,bia sent an attachment
9,bia sent an attachment
9,bia sent an attachment
9,bia sent an attachment
1,claro pode trocar super
5,<url>
11,ola vanilda segue os detalhes aqui
9,bia sent an attachment
5,link compartilhado
7,curtiu uma mensagem
8,boa tarde na pagina da regata podrinha cinza eu nao consigo ver as medidas dos tamanhos acima do g que sao justamente o que visto poderia me enviar essas medidas dos tamanhos gg e xgg por favor
6,ola boa tarde tudo bem
5,link compartilhado
10,claro envio sim mas ate para nos entendermos o que esta ocorrendo com essa visualizacao voce esta acessando pelo celular que ai ja direcionamos pra equipe tecnica corrigir
11,imagem enviada
10,aqui a tabela certinha mas ja estamos com o pessoal tecnico corrigindo esse erro
1,estou vendo pelo celular sim
13,ta joia
6,muito obrigada pela atencao
6,perfeito ja passei pro pessoal realizar a correcao obrigada pelo feedback
13,imagina
1,a calca ficou sobrando muito atras
2,sem conteudo detectavel
6,ola boa noite
12,gostaria de saber o tamanho da cintura dessa calca no tamanho m
11,imagem enviada
10,sem problemas mari apenas encaminha pra gente um e mail solicitando que iremos dar sequencia com a troca e mail contato curadobia <user> com
6,ola dany boa tarde tudo bem
8,seguem as medidas p cos <num> cm e veste quadril ate <num> cm m cos <num> cm e veste um quadril ate <num> cm g cos <num> cm e veste um quadril ate <num> cm
10,estaremos atualizando no site para conter essa tabela que realmente estava faltando
6,agradeco o feedback
11,maravilha
6,mto obrigada msm
13,imagina
13,oieee
6,bom dia
8,caso nao fique com como funciona a troca
10,ola dany bom dia caso tenha algum problema com o tamanho voce pode optar por trocar ou devolver o produto basta nos informar pelo e mail contato curadobia <user> com que iremos encaminhar sua solicitacao para a marca responsavel a marca ira proceder com os proximos passos como envio do codigo de logistica reversa e tudo mais
10,nos seguimos acompanhando todo o processo ate sua finalizacao
11,ahhh maravilha
6,mto obrigada
0,ainda hj vou efetuar a compra da calca
2,sem conteudo detectavel
2,sem conteudo detectavel
1,imagina estamos por aqui qualquer coisa que precisar
9,bia sent an attachment
0,oi mari boa tarde ah que otimo combinado entao fico muito feliz que o conjunto tenha ficado bacana conta com a gente para o que precisar grande abraco aproveite o final de semana torcendo para baixar um pouco a temperatura
1,e eu como estou na praia torcendo para nao baixar
1,ahhh bom entendi errado entao achei que estava na serra espero que abra o tempo e fiquei um lindo final de semana
5,link compartilhado
2,sem conteudo detectavel
9,bia sent an attachment
9,bia sent an attachment
9,bia sent an attachment
5,link compartilhado
9,bia sent an attachment
2,sem conteudo detectavel
2,sem conteudo detectavel
2,sem conteudo detectavel
2,sem conteudo detectavel
2,sem conteudo detectavel
2,sem conteudo detectavel
3,nan
2,sem conteudo detectavel
9,studio sent an attachment
9,you sent an attachment
5,link compartilhado
3,nan
5,link compartilhado
3,nan
3,nan
0,bia gosto muito das suas bolsas poderia passar umas dicas nao encontrei no seu site
0,oie em breve trarei uma curadobia de bolsas por aqui tmb
2,sem conteudo detectavel
5,link compartilhado
2,sem conteudo detectavel
6,ola bia tudo bem
6,ola td e vc
10,tudo bem bia gostaria muito de saber se nesta sua plataforma vc assiste aos clientes em encontrar produtos lojas etc
10,ola vera na verdade a curadoria de pecas que seleciono ja faz parte dessa ajuda
2,sem conteudo detectavel
2,sem conteudo detectavel
5,link compartilhado
0,e fato perguntei pois esta a procurando uma peca e nao encontrava
6,mas super entendi e aproveito pra agradecer e elogiar seu trabalho
13,beijos
6,ahhh entendi muito obrigada
3,nan
2,sem conteudo detectavel
5,link compartilhado
3,nan
2,sem conteudo detectavel
3,nan
2,sem conteudo detectavel
2,sem conteudo detectavel
2,sem conteudo detectavel
2,sem conteudo detectavel
2,sem conteudo detectavel
2,sem conteudo detectavel
5,link compartilhado
9,bia sent an attachment
9,you sent an attachment
5,link compartilhado
10,luana shared a product
0,ola onde encontro os sapatos este e as gladiadoras especialmente
0,ola luana bom dia tudo bem hoje ainda nao temos sapatos dentro do curadobia estamos olhando para adicionar essa categoria em breve
11,na torcida
2,sem conteudo detectavel
6,ola boa tarde
10,preciso de uma ajudinha com o meu pedido
13,ola
10,ola dany podemos ajudar sim claro
6,ola bom dia
0,eu comprei a calca pantalona branca no dia <num> <num>
1,e ainda nao chegou
0,vc consegue rastrear o meu pedido
1,ola dany bom dia
10,perfeito estamos entrando em contato com a marca e ja lhe posicionamos tivemos alguns problemas com pedidos em funcao da greve dos correios e isso pode estar atrelado
1,aiiiin que pena
0,eu queria usar nas fotos que irei fazer amanha
13,ola
1,meu pedido chegou hj
1,mas ficou grande
8,como e o processo da troca
5,link compartilhado
9,bia sent an attachment
5,link compartilhado
0,oi dany bom dia desculpa ontem nao ter te dado um retorno a marca havia informado que estaria chegando ontem mesmo
10,dany vou pedir para voce me informar qual o seu melhor e mail para que a marca encaminhe as orientacoes
0,tem cupom de desconto primeira compra
9,bia sent an attachment
2,sem conteudo detectavel
6,ola kari bom dia tudo bem
0,nao temos cupom de desconto no momento
10,boa tarde gostaria de saber se voces enviam para fora do brasil obrigada
10,ola boa tarde infelizmente nao enviamos para fora do pais mas aceitamos cartoes internacionais com entrega em todo o brasil
5,link compartilhado
5,link compartilhado
0,e esses sapatos incriveis teremos a chance de te los rs
6,bom dia ontem tive o prazer de conhecer vc ao vivo eu estava no mil plantas vc e lindissima
6,ola cris bom dia tudo bem
10,estamos estudando trazer essa categoria para o curadobia porem nada de imediato ainda mas muito legal saber do interesse assim que tivermos iremos te manter avisada
9,bia sent an attachment
2,sem conteudo detectavel
2,sem conteudo detectavel
9,juliana sent an attachment
12,bom dia comprei esta blusa mas a parte que passa encima do ombro esta solta e assim mesmo podemos falar para eu entender melhor obrigada meu cel <num>
0,obrigada pelo retorno namoro o modelo gladiador me lembro dele mas quando fui procurar ja nao tinha mais
7,reagiu com a sua mensagem
6,obrigada no aguardo que seja disponibilizado o envio
6,ola juliana boa tarde tudo bem
1,podemos falar sim vou te dar um oi no whats para entendermos melhor
6,muito obrigada
1,seu ddd qual seria
4,nao reconheceu no whats esse numero
13,oi
6,pode me chamar novamente por favor
4,<num>
4,<num>
2,sem conteudo detectavel
1,ahhhh que pena que nao nos falamos
3,nan
5,link compartilhado
6,ola bom dia
6,td bem
8,sobre a troca da calca que comprei quero trocar por um tamanho menor recebi um e mail de vcs no dia <num> <num> <num> respondi mas dps disso nao tive mais retorno
1,conseguem me ajudar por aqui
0,ola dany boa tarde tudo bem sim e com voce peco desculpas por essa demora estou verificando sobre porque ainda nao foi dada sequencia na troca o processo interno nosso ja foi encaminhado com a troca para o tamanho p
0,ola por favor vcs tem desconto para a primeira compra obrigada
13,oie
6,mto obrigada pelo retorno
7,curtiu uma mensagem
2,sem conteudo detectavel
6,ola amanda bom dia tudo bem
0,nao nao oferecemos cupom de desconto nas compras
6,oie dany bom dia a valeria e a lunna entraram em contato com voce correto
6,obrigada
7,curtiu uma mensagem
6,oiee bom dia
0,sim a carol entrou em contato comigo uma fofa super atenciosa
6,mto obrigada msm
13,de nada
1,imagina qualquer coisa estamos por aqui so chamar abracos
7,curtiu uma mensagem
2,sem conteudo detectavel
5,link compartilhado
5,link compartilhado
10,ola bia te vi no post da teti gio amei o seu perfil eu tenho uma marca de joias autorais com design minimalista e ouro sustentavel adoraria te apresentar <user> tambem gostaria de conversar sobre divulgacao se houver interesse claro muito obrigada um abraco evelyn
5,link compartilhado
5,link compartilhado
5,link compartilhado
5,link compartilhado
10,ola evelyn bom dia tudo bem aqui somos do curadobia voce teria interesse em apresentar a sua marca pensando em participar do curadobia ou seria referente a parceria de divulgacao com a bia
13,ambos
6,bom dia
0,como posso fazer essa apresentacao
6,obrigada pelo retorno
10,evelyn obrigada pelo interesse para parcerias com o curadobia peco que envie apresentacoes para o nosso email contato curadobia <user> com e seguimos com as tratativas por la que fica mais facil e para interesses de parcerias diretamente com a bia e preciso entrar em contato diretamente com ela pelo email biapaesdebarros <user> com
6,obrigada enviarei
9,bia sent an attachment
2,sem conteudo detectavel
9,bia sent an attachment
5,link compartilhado
5,link compartilhado
5,link compartilhado
5,link compartilhado
5,link compartilhado
5,link compartilhado
5,link compartilhado
5,link compartilhado
5,link compartilhado
5,link compartilhado
9,bia sent an attachment
9,bia sent an attachment
9,bia sent an attachment
9,bia sent an attachment
9,bia sent an attachment
9,bia sent an attachment
9,bia sent an attachment
9,patifisch sent an attachment
8,bia esse seu curadobia esta um arraso muito tentador parabens pelo projeto uma duvida qual a sua altura estou interessadissima nessa calca mas sou baixa <num> cm e geralmente tenho que fazer a barras das calcas o que nao e muito facil com essa obrigada
6,oie muito obrigada feliz que esta curtindo curadobia
8,tenho <num> <num> essa calca esta mais curta para mim mesmo te aconselho a comprar um tamanho pequeno
13,qual seu manequim
2,sem conteudo detectavel
2,sem conteudo detectavel
2,sem conteudo detectavel
8,gosto da calca assim mais curta visto entre <num> <num> quadril <num>
5,link compartilhado
6,ola tudo bem meu nome e gisela acabei de fazer um pedido
11,imagem enviada
0,consegue me informar de onde e essa sandalia
1,ola gisela essa sandalia e da minha collab com a paula ferber
10,iremos relanca la em outubro aqui no curadobia
6,ah que bom e lindissima parabens
0,deixa eu tirar outra duvida vc faz consultoria de imagem estilo tb se sim como funciona
10,infelizmente nao atuo mais nessa area de consultoria pessoal
10,mas tmb lancarei um programa online de estilo pessoal que podera ser baixado por aqui tmb
2,sem conteudo detectavel
2,sem conteudo detectavel
9,stella sent an attachment
9,stella sent an attachment
2,sem conteudo detectavel
12,boa tarde comprei a blusa pah mas nao consigo deixa la parecida como da foto acho que estou usando de forma errada tem alguma tutorial de como vesti la rs
8,ja tentei tres vezes sera que pode ser o tamanho
9,bia sent an attachment
9,bia sent an attachment
9,julia sent an attachment
8,gostaria de saber qual a altura e medidas da bia pra entender melhor o tamanho de referencia
1,ola van td bem farei um video para vc
13,e simples
6,obrigada
6,ola julia bom dia tudo bem
8,altura seria <num> <num> cintura <num> quadril <num>
12,porem e interessante frisar que a modelagem da calca e uma cintura no lugar nem cintura baixa e nem cintura alta
6,muito obrigada legal que sou do mesmo tamanho que ela
0,oi as compras sao direto no site
10,ola julia isso mesmo qualquer duvida nos avise por aqui ou pelo nosso whatsapp
2,sem conteudo detectavel
5,link compartilhado
6,ola bom dia
12,eu amei a blusa branca tcharam
0,mas gostaria de experimentar antes de comprar e possivel meu cel <num> <num> <num>
6,obrigada
11,ops e a blusa pah
10,bom dia beatriz tudo bem obrigada por ter entrado em contato conosco vamos entrar em contato com voce pelo nosso whatsapp oficial
10,bom dia beatriz tudo bem obrigada por ter entrado em contato conosco vamos te encaminhar uma mensagem pelo nosso whatsapp oficial edited
11,maravilha
12,bom dia estou interessada na blusa pah mas estou em duvida quanto ao tamanho minhas medidas busto <num> cm e cintura <num> cm
12,bom dia mariella td bem que tamanho voce costuma usar de parte de cima camisas em especial
13,m
12,nao gosto de nada apertado mas essa blusa tem um shane mais ajustado dai fiquei na duvida
8,ela e reta e certa acredito que o tamanho m funcione bem para voce o tecido da base e mais maleavel que da parte de cima
10,qualquer duvida pode tambem nos conectar pelo whatsapp
6,ok obrigada
5,<url>
9,bia sent an attachment
9,bia sent an attachment
5,link compartilhado
2,sem conteudo detectavel
2,sem conteudo detectavel
5,link compartilhado
2,sem conteudo detectavel
2,sem conteudo detectavel
2,sem conteudo detectavel
2,sem conteudo detectavel
2,sem conteudo detectavel
2,sem conteudo detectavel
9,bia sent an attachment
5,link compartilhado
5,link compartilhado
5,link compartilhado
5,link compartilhado
5,link compartilhado
5,link compartilhado
9,bia sent an attachment
9,bia sent an attachment
9,bia sent an attachment
10,jussara shared a product
8,qual tamanho
0,eu quero comprar esses acessorios como faco
11,aguardo ansiosa pelos seus pisantes na curadobia
9,bia sent an attachment
9,bia sent an attachment
9,bia sent an attachment
0,amoooo suas rasteiras nao sao da sua lj mas poderia indicar aonde tem aquela custo beneficio
4,ola boa tarde o <num> e equivalente ao p <num> m e <num> g
8,que tamanho costuma usar
10,so entrar no site ou aqui no nosso perfil que tem a selecao completa
5,<url>
10,aqui o link com todos os acessorios
1,qualquer duvida estamos a disposicao
1,a partir de outubro tera lancamento por aqui
10,elas estarao no curadobia a partir de outubro
7,curtiu uma mensagem
9,bia sent an attachment
5,link compartilhado
5,link compartilhado
5,link compartilhado
6,ok muito obrigada
7,reagiu com a sua mensagem
3,nan
9,bia sent an attachment
10,oii o site curadobia esta fora do ar fui visitar atraves dos link da bio e nao funcionou bjs
6,ola bom dia tudo bem obrigada pela mensagem conferimos aqui e aparentou estar tudo certo aproveito para mandar o link por aqui
5,<url>
1,qualquer duvida estamos a disposicao
0,vou olhar aqui meu anti virus pq ele bloqueia o curadobia veja
11,imagem enviada
10,obrigada por nos mandar e informar sobre essa situacao ja passamos para o nosso setor tecnico analisar essa situacao caso deseje podemos tirar duvidas e disponibilizar mais informacoes por aqui so nos solicitar estamos a disposicao para qualquer coisa
0,ola tudo bem tem cupom para <num> a compra
0,bom dia gil infelizmente nao trabalhamos com cupom para <num> a compra ainda mas estamos a disposicao para sanar qualquer duvida
11,imagem enviada
12,fui olhar para comprar o tamanho <num> dessa calca porem a largura da cintura e do quadril eh a mesma <num>
1,eh isso mesmo
11,imagem enviada
6,ola karyna tudo bem obrigada por ter entrado em contato conosco
12,karyna bom dia tudo bem desculpe a demora para o esclarecimento da duvida como somos um marketolace trabalhamos com marcas unicas e diferentes como cada uma tem a sua producao optamos por entrar em contato com a marca parceira da calca ontem para confirmar sua duvida e te responder da melhor maneira possivel a marca nos confirmou que as medidas do tamanho <num> estao corretas com a cintura e o quadril com a mesma medida mesmo isso ocorre pois como e uma peca produzida com elastico na cintura ele acaba ficando na mesma medida do quadril se adequando ao formato do corpo que a usa a unica correcao que ja aproveitamos para fazer que a marca tambem nos informou foi que o tamanho <num> fa calca tambem deveria estar com a mesma medida na cintura e no quadril <num> cm pelo mesmo motivo ja vamos corrigir isso no site qualquer outra questao estamos a disposicao karyna
2,sem conteudo detectavel
6,muito obrigada pelos esclarecimentos
1,estamos aqui para o que precisar
2,sem conteudo detectavel
0,vcs tem desconto para primeira compra
9,denize sent an attachment
0,bom dia gostaria de adquirir essa calca mas nao esta mais disponivel podem me ajudar obrigada
10,bom dia karyna infelizmente nao trabalhamos com cupom para <num> a compra ainda mas estamos aqui para te auxiliar no processo inteiro
10,ola bom dia denize tudo bem estamos repondo o estoque da nossa calca quentinha e por isso ela esta temporariamente indisponivel no nosso site assim que ela retornar te avisamos estamos a disposicao para qualquer duvida obrigada por ter entrado em contato conosco
6,obrigada
10,oiii tudo bem me chamo caroline sou formada em marketing e trabalho como social media tem um tempinho estou a procura de uma nova oportunidade no mercado de trabalho gostaria de saber se tem um espacinho no time de voces vou deixar o meu numero e mail e portfolio caso queria marcar uma call para falarmos mais estou por aqui cel <num> <num> <num> e mail cspereiramkt <user> com portfolio <url> obrigada desde ja
10,ola caroline tudo bem obrigada pelo seu interesse em trabalhar conosco no momento nao estamos trabalhando com o contrato de novas pessoas no nosso time mas ja salvamos seus dados para futuras oportunidades caso tenha mais alguma duvida estamos a disposicao equipe curadobia
7,curtiu uma mensagem
6,oieee obrigada de verdade
2,sem conteudo detectavel
2,sem conteudo detectavel
2,sem conteudo detectavel
2,sem conteudo detectavel
3,nan
5,<url>
2,sem conteudo detectavel
1,tutu meu filho e tutu arthur kkkk
9,olivve sent an attachment
3,nan
5,<url>
2,sem conteudo detectavel
1,e a calca e de onde
0,oi julia tudo bem essa e da egrey mais antiga estamos a poucos dias de lancar novos modelos de jeans de uma nova marca que entrara no curadobia assim que lancarmos te mandamos aqui
2,sem conteudo detectavel
0,ola estou tentando finalizar uma compra mas aparece o seguinte erro
11,imagem enviada
10,ola amanda obrigada pelo contato e pedimos desculpas pela falha ja estamos verificando o que houve para que consiga finalizar sua compra
6,obrigada
9,bia sent an attachment
2,sem conteudo detectavel
9,bia sent an attachment
7,curtiu uma mensagem
2,sem conteudo detectavel
2,sem conteudo detectavel
11,ola por favor algum retorno
9,bia sent an attachment
6,bom dia consegue me mandar o video
10,ola amanda bom dia peco desculpas pela demora mas o nosso pessoa tecnico ainda nao conseguiu simular um erro igual ao que ocorreu com voce por isso a demora em lhe retornar
7,pensamos que poderia ser a senha criada mas quando ocorre algum ponto nesse aspecto surge uma mensagem abaixo voce se importaria em tentar novamente apenas para checarmos se continua ocorrendo o mesmo erro
6,ola van bom dia te enviaremos ainda hoje
1,a bia ira gravar o video e te enviar
10,inclusive muito obrigada pela solicitacao pois em funcao dela estamos criando esse mes um destaque aqui no insta trazendo e salvando videos mostrando essa e mais outras pecas que podem gerar duvidas
6,obrigada
6,que legal vai ajudar muito
10,amanda nosso pessoal tecnico pediu se possivel se cadastrar atraves desse link
5,<url>
13,imagina
2,sem conteudo detectavel
2,sem conteudo detectavel
1,deu certo mas a peca que eu queria acabou
1,ahhh qual era a peca podemos checar se havera reposicao
6,mas ficamos felizes que conseguiu concluir seu cadastro de qualquer forma
5,link compartilhado
13,obaaaa
0,a jaqueta branca uma pena eu nao conseguir comprar por problemas tecnicos uma experiencia de consumidor mto ruim
3,nan
10,oi amanda nossas sinceras desculpas por todo esse ocorrido somos um marketplace com operacoes a todo vapor e infelizmente nao estamos livres de erros tecnicos e tecnologicos acontecerem checamos com a marca e por enquanto estamos com o tamanho <num> e <num> prontos para a venda seguimos a disposicao para te auxiliar em todas as duvidas e questoes necessarias aqui com a gente como seu cadastro esta certinho acredito que nao teremos mais essa situacao ocorrendo obrigada por estar conosco equipe curadobia
10,oi amanda nossas sinceras desculpas por todo esse ocorrido somos um marketplace com operacoes a todo vapor e infelizmente nao estamos livres de erros tecnicos e tecnologicos acontecerem checamos com a marca e por enquanto estamos com o tamanho <num> e <num> prontos para a venda seguimos a disposicao para te auxiliar em todas as duvidas e questoes necessarias aqui com a gente como seu cadastro esta certinho acredito que nao teremos mais essa situacao ocorrendo obrigada por estar conosco equipe curadobia edited
9,you sent an attachment
0,you shared a product
2,sem conteudo detectavel
9,marta sent an attachment
0,como comprar
2,sem conteudo detectavel
5,link compartilhado
11,ola marta claro com certeza
2,sem conteudo detectavel
9,paula sent an attachment
6,parabens excelente ideia vim pelo insta da gloria kalil torcendo por mais um sucesso
0,oi sandra tudo bem passando aqui para te avisar que o jeans preto que voce se interessou no nosso reels um tempinho atras esta disponivel
11,imagem enviada
5,<url>
10,segue o link dele qualquer duvida ou questao estamos a disposicao obrigada por nos acompanhar equipe curadobia
7,curtiu uma mensagem
5,segue o link da jaqueta <url>
10,qualquer duvida ou questao estamos a disposicao obrigada por nos acompanhar equipe curadobia
0,oi ineia tudo bem segue o valor do casaco que voce se interessou
9,you sent an attachment
4,r <num> <num>
5,<url>
10,segue o link dele qualquer duvida ou questao estamos a disposicao obrigada por nos acompanhar equipe curadobia
3,nan
7,curtiu uma mensagem
13,ibaaaa
0,experimentei essa jaqueta maravilhosa
9,marilene sent an attachment
0,tenho interesse nessa jaqueta
6,ola marilene boa noite tudo bem
6,adoramos ela
0,para adquirir essa peca basta clicar no link da jaqueta e finalizar a compra pelo site <url>
8,temos ela ainda no tamanho <num> e <num>
7,curtiu uma mensagem
3,nan
5,<url>
3,nan
5,<url>
3,nan
6,adoro
6,voce e linda e de uma delicadeza admiravel
11,lindissima
3,nan
2,sem conteudo detectavel
2,sem conteudo detectavel
2,sem conteudo detectavel
2,sem conteudo detectavel
2,sem conteudo detectavel
5,link compartilhado
5,link compartilhado
5,link compartilhado
5,link compartilhado
5,link compartilhado
9,bia sent an attachment
5,link compartilhado
5,link compartilhado
5,link compartilhado
5,link compartilhado
5,link compartilhado
9,bia sent an attachment
3,nan
3,nan
3,nan
0,onde posso comprar
10,bom dia sou a gianina marques mineira mae e autora de joias artesanais gostaria de deixar meu insta para vcs conhecerem minhas joias feita com carinho e totalmente exclusiva aguardo o retorno de vcs q tem tanto conhecimento na area desde ja obrigada <user>
5,<url>
3,nan
0,aqui ou nas lojas da paula ferber
9,andrea sent an attachment
1,eu amei a que tem a ponta duvida tem que ter tornozelo fino obrigada
8,com certeza nao exatamente por isso que pensamos nesse material que se molda nos pes
9,bia sent an attachment
6,legal obrigada
8,nao tenho nada da paula ferber a numeracao e normal a forma
11,super normal a forma
7,curtiu uma mensagem
3,nan
10,ola gostariamos de orcar com voces o aluguel de algumas pecas objetos de voces para um dia de evento que vamos fazer e possivel obrigada desde ja
10,oi roberta bom dia tudo bem estamos entrando em contato porque identificamos que ha um tempo voce demonstrou interesse nos sapatos da bia que apareceram em um dos nossos reels agora eles estao disponiveis no site do curadobia o link clicavel segue na proxima mensagem obrigada por nos acompanhar roberta qualquer duvida estamos a disposicao equipe curadobia
5,<url>
7,curtiu uma mensagem
1,ja vi e amei esperando a virada do cartao pra perder os juizo
3,nan
11,voces tem loja fisica
5,link compartilhado
9,cecilia sent an attachment
0,comprei a jaqueta
5,link compartilhado
2,sem conteudo detectavel
0,ah que otimo monica esperamos que aproveite muito ela e se quiser compartilhar com a gente os looks que criar com ela vamos amar ver
10,ola gloria nao temos apenas vendas on line no site www curadobia com br
10,porem teremos em dezembro um evento presencial para trazer as pecas ao vivo para quem quiser conhecer pessoalmente essa curadobia incrivel feita pela bia
10,em breve divulgaremos mais a respeito se quiser informar seu whats podemos ir te atualizando por la o que acha
0,oii comprei a bico fino o dedo fica um pouquinho de lado pra fora ne mas super confortavel
1,um tiquinho por conta do bico fino mesmo
6,mas que bom que achou confortavel
11,lindaaaa
11,imagem enviada
1,acha melhor pegar maior
4,<num> <num> <num>
1,acho melhor sim esta um pouco certa demais
6,vou amanha obrigada
6,perfeito gloria ja colocamos aqui na nossa lista e vamos te informar quando estiver mais proximo da data
6,ola katia tudo bem
10,estamos entrando em contato porque identificamos que ha um tempo voce demonstrou interesse nas sandalias da bia que apareceram em um dos nossos reels agora eles estao disponiveis no site do curadobia o link clicavel segue na proxima mensagem obrigada por nos acompanhar katia qualquer duvida estamos a disposicao equipe curadobia
5,<url>
10,ola pati boa tarde tudo bem estamos entrando em contato porque identificamos que ha um tempo voce demonstrou interesse nas sandalias da bia que apareceram em um dos nossos reels agora eles estao disponiveis no site do curadobia segue o link <url> obrigada por nos acompanhar patricia qualquer duvida estamos a disposicao equipe curadobia
10,ola alessandra boa tarde tudo bem estamos entrando em contato porque identificamos que ha um tempo voce demonstrou interesse nas sandalias da bia que apareceram em um dos nossos reels agora eles estao disponiveis no site do curadobia segue o link <url> obrigada por nos acompanhar alessandra qualquer duvida estamos a disposicao equipe curadobia
10,ola andrea boa tarde tudo bem estamos entrando em contato porque identificamos que ha um tempo voce demonstrou interesse nas sandalias da bia que apareceram em um dos nossos reels agora eles estao disponiveis no site do curadobia segue o link <url> obrigada por nos acompanhar andrea qualquer duvida estamos a disposicao equipe curadobia
10,ola boa tarde tudo bem estamos entrando em contato porque identificamos que ha um tempo voce demonstrou interesse nas sandalias da bia que apareceram em um dos nossos reels agora eles estao disponiveis no site do curadobia segue o link <url> obrigada por nos acompanhar qualquer duvida estamos a disposicao equipe curadobia
10,ola rosangela boa tarde tudo bem estamos entrando em contato porque identificamos que ha um tempo voce demonstrou interesse nas rasteiras da bia que apareceram em um dos nossos reels agora eles estao disponiveis no site do curadobia segue o link <url> obrigada por nos acompanhar rosangela qualquer duvida estamos a disposicao equipe curadobia
10,ola dri boa tarde tudo bem estamos entrando em contato porque identificamos que ha um tempo voce demonstrou interesse nas sandalias da bia que apareceram em um dos nossos reels agora eles estao disponiveis no site do curadobia segue o link <url> obrigada por nos acompanhar dri qualquer duvida estamos a disposicao equipe curadobia
10,ola karyna boa tarde tudo bem estamos entrando em contato porque identificamos que ha um tempo voce demonstrou interesse nos sapatos da bia que apareceram em um dos nossos reels agora eles estao disponiveis no site do curadobia segue o link <url> obrigada por nos acompanhar karyna qualquer duvida estamos a disposicao equipe curadobia
10,ola sandra boa tarde tudo bem estamos entrando em contato porque identificamos que ha um tempo voce demonstrou interesse nos sapatos da bia que apareceram em um dos nossos reels agora eles estao disponiveis no site do curadobia segue o link <url> obrigada por nos acompanhar sandra qualquer duvida estamos a disposicao equipe curadobia
7,curtiu uma mensagem
10,ola silvana boa tarde tudo bem estamos entrando em contato porque identificamos que ha um tempo voce demonstrou interesse nas sapatilhas da bia que apareceram em um dos nossos reels agora eles estao disponiveis no site do curadobia segue o link <url> obrigada por nos acompanhar silvana qualquer duvida estamos a disposicao equipe curadobia
10,ola juliana boa tarde tudo bem estamos entrando em contato porque identificamos que ha um tempo voce demonstrou interesse nos sapatos da bia que apareceram em um dos nossos reels agora eles estao disponiveis no site do curadobia segue o link <url> obrigada por nos acompanhar juliana qualquer duvida estamos a disposicao equipe curadobia
10,ola ana boa tarde tudo bem estamos entrando em contato porque identificamos que ha um tempo voce demonstrou interesse nos sapatos da bia que apareceram em um dos nossos reels agora eles estao disponiveis no site do curadobia segue o link <url> obrigada por nos acompanhar ana qualquer duvida estamos a disposicao equipe curadobia
10,ola halanna boa tarde tudo bem estamos entrando em contato porque identificamos que ha um tempo voce demonstrou interesse nas sandalias da bia que apareceram em um dos nossos reels agora elas estao disponiveis no site do curadobia segue o link <url> obrigada por nos acompanhar halanna qualquer duvida estamos a disposicao equipe curadobia
0,muito obrigada elas entraram em contato comigo realmente a sandalia e linda mas infelizmente fico um pouco fora pra mim
7,curtiu uma mensagem
7,reagiu com a sua mensagem
10,que pena dri entendemos espero que outras pecas no site te encontrem estamos aqui qualquer coisa obrigada pela mensagem
6,obrigada
7,curtiu uma mensagem
7,curtiu uma mensagem
0,ja comprei e acabou de chegar
5,<url>
12,ai me ajuda com o video ainda nao usei a blusa
11,imagem enviada
1,nao consigo deixa la deste jeito
6,com certeza sera um sucesso obrigada ana
5,<url>
10,maria shared a product
10,maria shared a product
0,essa sandalia calca certo calco <num> sera que preciso comprar <num>
10,ola maria tudo bem obrigada por ter entrado em contato conosco te aconselhamos comprar o seu numero mesmo no caso o tamanho <num> qualquer outra duvida pode sempre entrar em contato conosco equipe curadobia
6,obrigada
2,sem conteudo detectavel
5,<url>
2,sem conteudo detectavel
2,sem conteudo detectavel
13,ola
12,fiz uma compra de um casaco com vcs e nao vestiu bem gostaria de trocar por uma calca fresquinha tamanho m
10,alguem poderia entrar em contato comigo por e mail ou whatsapp o site de vcs parece que esta com problemas nao funciona direito nao
4,meu tel <num> <num> <num>
10,email adrianaleitecarvalho <user> com
6,muito obrigada
2,sem conteudo detectavel
9,bia sent an attachment
2,sem conteudo detectavel
10,ola adriana tudo bem te encaminhamos uma mensagem pelo seu whatsapp obrigada por ter entrado em contato conosco
13,ola
10,este e meu whatsapp
7,qual foi a mensagem
7,voce nao recebeu essa mensagem
11,imagem enviada
2,sem conteudo detectavel
9,bia sent an attachment
10,ola tania identificamos o seu comentario interessada nos valores das sandalias da bia segue o link para que voce possa conferir com calma <url>
10,agradecemos o seu interesse e qualquer outra questao estamos a disposicao equipe curadobia
10,maria shared a product
13,e acolchoada
0,ola maria luiza td bem obrigada pelo seu interesse a sandalia e feita de um material elastico que parece um neoprene para trazer conforto e se moldar nos pes
7,reagiu com a sua mensagem
11,muito estilo
2,sem conteudo detectavel
11,lindas
12,bom dia tudo bem entao eu tenho mito daqueles vestidos com estampas e alguns ate sao estampas geometricas e todas as opcoes possiveis como posso fazer que nao fiquem parecendo quando usar aquelas roupas que nao tem nada haver comigo eu estou em uma fase de camisa calca jeans bem moderna e roupas mais discretas mas e esses vestido como usar
9,bia sent an attachment
2,sem conteudo detectavel
2,sem conteudo detectavel
2,sem conteudo detectavel
5,link compartilhado
7,curtiu uma mensagem
2,sem conteudo detectavel
9,you sent an attachment
1,olha que legal essa ideia
1,caraca muito
5,<url>
9,bia sent an attachment
2,sem conteudo detectavel
2,sem conteudo detectavel
2,sem conteudo detectavel
2,sem conteudo detectavel
2,sem conteudo detectavel
9,bia sent an attachment
5,link compartilhado
5,link compartilhado
5,link compartilhado
5,link compartilhado
5,link compartilhado
0,boa tarde me interessei pelos macacoes com ziper mostrados pela bia
11,macacoes com mangas
6,gostei da corrente dourada tambem
11,os brincos argola frontal nao sei o nome da peca kkk
10,oi bia sou erika dos <user> gostaria de saber como voce trabalha em relacao a promocao de produtos meus brincos sao autorais e os fabrico a <num> anos a producao e <num> nacional fabricamos desde a liga do metal ate o banho de ouro <num> k nossos brincos sao todos bordados a mao com um finissimo arame de cobre e depois banhado a ouro espero seu contato obrigada
10,sheila shared a product
0,por favor me interessei por este macacao quais tamanhos e como comprar
10,ola bom dia sheila tudo bem que bom que gostou do nosso macacao cool nos temos ele nos tamanhos <num> <num> <num> e <num> vou te encaminhar o link dele para que possa visualizar no nosso site <url>
5,<url>
10,e so clicar nessa mensagem com a imagem que lhe mandei qualquer outra questao pode nos contatar estamos a disposicao equipe curadobia
10,ola heloisa bom dia tudo bem que bom que voce gostou das pecas da bia vou te mandar os links das pecas que voce informou para que possa visualizar com mais calma e clareza todas as pecas qualquer outra duvida ou questao estamos a disposicao equipe curadobia
5,<url>
5,<url>
5,<url>
10,basta clicar nas imagens e link que te enviei que voce sera redirecionada para os produtos qualquer coisa estamos aqui
2,sem conteudo detectavel
9,bia sent an attachment
2,sem conteudo detectavel
6,obrigada pelo retorno
8,teria as medidas do <num>
1,pois sou em algumas marcas <num>
1,e em outras <num>
0,estou tentando contato para devolucao de mercadoria e ninguem me atende nem por whatsapp e nem e mail comprei um vestido que quero devolver como devo proceder cristina hees <num> <num>
8,claro nossas medidas do tamanho <num> para o macacao cool sao ombro <num> cm cintura total <num> cm comprimento <num> cm qualquer outra questao estamos a disposicao
11,e quadril
10,oi cris tudo bem estamos nos comunicando pelo whatsapp podemos continuar por la aproveito para te atualizar que ja reforcei seu pedido com a marca mybasic nesta tarde peco apenas sua compreensao em relacao aos prazos que as marcas precisam para responder e resolver essas questoes ja solicitei um adiantamento para o seu pedido e pode ficar tranquila voce entrou em contato dentro do prazo de <num> dias corridos para solicitacao de devolucao entao seu pedido sera atendido sem problemas qualquer novidade te aviso por la
8,sheila essa foi a tabela passada para nos pela marca estamos em contato com eles para ter exatamente a medida do quadril inclusive obrigada pela pergunta pois com ela vamos atualizar o nosso site mas podemos te adiantar que ele tem uma estrutura folgada no quadril entao acreditamos que ele vai dar certo para ti no tamanho <num> para te passar outra base nas fotos do produto no nosso site a bia esta vestindo o tamanho <num>
8,sheila segue resposta das meninas da olive you marca do macacao <num> cm circunferencia total mas explique a ela por favor que esta peca tem uma modelagem ampla ao corpo ok entao acredito que se encaixa no que conversamos mesmo o que voce acha qualquer coisa seguimos a disposicao
1,vou checar as minhas medidas e volto com vcs
6,obrigada pelo retorno
1,macacao precisa ser mais soltinho
1,beleza qualquer coisa estamos aqui
10,oi bia tudo bem me chamo alice sou socia da monti uma marca de moda que preza por estilo atemporal e pecas de qualidade estamos buscando consultoras de imagem parceiras para recomendar nossas pecas aos seus clientes e pensei que poderiamos criar algo bem legal juntas o que acha de agendarmos um papo para te contar mais sobre a nossa historia e a ideia de parceria fico no aguardo
13,ok
1,falamos por la
7,curtiu uma mensagem
2,sem conteudo detectavel
2,sem conteudo detectavel
2,sem conteudo detectavel
5,<url>
9,bia sent an attachment
2,sem conteudo detectavel
2,sem conteudo detectavel
2,sem conteudo detectavel
2,sem conteudo detectavel
2,sem conteudo detectavel
6,bom dia sheila tudo bem voce conseguiu ver direitinho os tamanhos qualquer coisa estamos aqui
1,ainda nao super correria
9,bia sent an attachment
9,silvana sent an attachment
12,ola quanto custa a pantalona
9,joyce sent an attachment
6,sao bem bacanas as coisas dela mesmo super obrigada joyce
5,link compartilhado
6,ola boa tarde silvana tudo bem obrigada pela sua mensagem a nossa pantalona jeans esta saindo por r <num> <num> qualquer coisa estamos aqui
5,link compartilhado
3,nan
5,link compartilhado
0,ola eu encontro as medidas no site
11,ola bom dia as medidas estao na descricao de cada peca
12,e a blusa
5,link compartilhado
2,sem conteudo detectavel
3,nan
1,oiee tudo bem amei a bota tem curadoria dela bjos
5,link compartilhado
0,queria ver sua sapateira pq tudo e lindissimo mas seus sapatos sao escolhidos a dedo tudo a ver com vc sempre esse e da laia ne
9,bia sent an attachment
5,link compartilhado
1,oie td bem e vc ainda nao mas em breve tera
13,uhuu
10,oi mariana bom dia o que acha desse modelo que temos no curadobia
5,<url>
10,oi isabella tudo bem bom dia que bom receber uma mensagem sua o curadobia esta se preparando para muitas novidades no ano que vem e com certeza estara no radar novos modelos de sapatos espero que goste qualquer coisa pode sempre entrar em contato conosco
5,<url>
5,link compartilhado
11,essa da bia e da luiza perea
7,curtiu uma mensagem
7,curtiu uma mensagem
7,curtiu uma mensagem
3,nan
11,linda calca qual e a marca
11,de onde e a sandalia linda
5,link compartilhado
5,link compartilhado
5,link compartilhado
5,link compartilhado
5,link compartilhado
5,link compartilhado
10,ola alice bom dia tudo bem aqui somos da parte de atendimento do curadobia vou te pedir para encaminhar um e mail para contato curadobia <user> com
0,bom dia marcia tudo bem obrigada pela sua mensagem ficamos muito felizes que gostou da nossa pantalona jeans infelizmente ela esta esgotada no momento mas assim que tivermos a reposicao te avisamos
10,que ai conseguimos encaminhar pro la as tratativas o que acha se puder esclarecer que seria algo mais voltado para o perfil pessoal da bia ou para o curadobia seria bacana entendermos tambem para encaminhar de forma mais assertiva sua mensagem
5,vou te encaminhar o link <url>
6,oi anna que bom receber uma mensagem sua feliz que gostou da sandalia ela e uma das queridinhas aqui no curadobia vou te encaminhar o link dela
5,<url>
7,reagiu com a sua mensagem
5,<url>
5,link compartilhado
2,sem conteudo detectavel
5,link compartilhado
5,link compartilhado
5,<url>
2,sem conteudo detectavel
7,curtiu uma mensagem
1,claro mando tudo la
6,obrigada pelo retorno
10,ola tudo bem meu nome e leonardo trabalho na importadora <user> <user> vi o instagram da marca e voces tem o perfil lulitex muito sofisticacao e bom gosto trabalhamos com pronta entrega e importacao de tecidos exclusivos de acordo com a demanda do cliente nosso showroom tem um acervo enorme sera um prazer recebe los em uma visita poderia me passar o contato do estilo ou compras desde ja agradeco a atencao att leonardo jose e mail leonardo <user> com br pabx <num> <num> <num> <num> whatsapp <num> <num> <num> <num> www lulitex com br
3,nan
2,sem conteudo detectavel
5,link compartilhado
2,sem conteudo detectavel
5,link compartilhado
2,sem conteudo detectavel
9,cecilia sent an attachment
1,ola como vai funcionar onde vai ser obrigada
5,<url>
9,iveasey sent an attachment
1,de onde e esse macacao maravilhoso amo
9,bia sent an attachment
9,bia sent an attachment
9,bia sent an attachment
2,sem conteudo detectavel
2,sem conteudo detectavel
2,sem conteudo detectavel
2,sem conteudo detectavel
8,bom dia gostei muito de uma calca mais gostaria de ter informacoes dos tamanhos se te tabela de medidas como faco para saber poderiam me ajudar no aguardo grata adriana baggio
10,adriana shared a product
8,ola vcs tem uma tabela de medidas para essa calca amei e gostaria de escolher o tamanho certo visto <num> e tenho <num> <num> de quadril entao nao tenho certeza do p ou m poderiam me ajudar no aguardo grata adriana baggio
9,bia sent an attachment
5,<url>
0,sera um dia de vendas presenciais de todas as pecas do mix
4,dia <num> <num> das <num> hs as <num> hs
11,rua peixoto gomite <num>
6,ola adriana td bem pode escolher a p atendera sua numeracao tranquilamente obrigada time curadobia
6,certo obrigada o prazo de entrega sao <num> dias mesmo
9,bia sent an attachment
9,bia sent an attachment
9,bia sent an attachment
9,bia sent an attachment
9,bia sent an attachment
2,sem conteudo detectavel
2,sem conteudo detectavel
9,bia sent an attachment
9,bia sent an attachment
7,curtiu uma mensagem
9,bia sent an attachment
2,sem conteudo detectavel
2,sem conteudo detectavel
2,sem conteudo detectavel
5,link compartilhado
5,link compartilhado
5,link compartilhado
2,sem conteudo detectavel
9,bia sent an attachment
5,link compartilhado
2,sem conteudo detectavel
10,oi pessoal tudo bem mariele da icon aqui adoraria apresentar a agencia e os talentos que representamos para voces acredito que temos uma super sinergia e que seria lindo colaborarmos futuramente qual o melhor contato para falarmos disso por favor muito obrigada
2,sem conteudo detectavel
2,sem conteudo detectavel
2,sem conteudo detectavel
5,link compartilhado
5,link compartilhado
5,link compartilhado
2,sem conteudo detectavel
2,sem conteudo detectavel
2,sem conteudo detectavel
2,sem conteudo detectavel
2,sem conteudo detectavel
2,sem conteudo detectavel
2,sem conteudo detectavel
2,sem conteudo detectavel
5,link compartilhado
2,sem conteudo detectavel
2,sem conteudo detectavel
2,sem conteudo detectavel
5,link compartilhado
5,link compartilhado
5,link compartilhado
5,link compartilhado
5,link compartilhado
5,link compartilhado
5,link compartilhado
3,nan
1,to chegando
5,link compartilhado
5,link compartilhado
7,curtiu uma mensagem
2,sem conteudo detectavel
2,sem conteudo detectavel
2,sem conteudo detectavel
2,sem conteudo detectavel
5,link compartilhado
5,link compartilhado
5,link compartilhado
5,link compartilhado
5,link compartilhado
5,link compartilhado
1,obrigada pela presenca renata vai arrasar demais com o conjuntinho mascavo nosso intimo terracota
6,obrigada pela presenca ju amamos te receber e te atender
6,obrigada pela presenca foi incrivel atender e receber voces de pertinho
6,obrigada pela presenca foi incrivel te receber
6,obrigada pelo prestigio foi incrivel te ter de pertinho hoje
6,obrigada pelo prestigio foi incrivel te atender e receber voce de pertinho
6,obrigada pelo prestigio foi incrivel te ter de pertinho hoje
6,obrigada pelo prestigio foi incrivel te ter de pertinho hoje
3,nan
6,precisei sair correndo por um problema com minha filha que ja esta bem mas nem consegui me despedir obrigada queridas pelo convite
1,imagina ju ainda bem que sua filha esta bemhearts
7,curtiu uma mensagem
2,sem conteudo detectavel
5,link compartilhado
6,obrigada pelo prestigio
2,sem conteudo detectavel
3,nan
3,nan
2,sem conteudo detectavel
3,nan
2,sem conteudo detectavel
2,sem conteudo detectavel
2,sem conteudo detectavel
2,sem conteudo detectavel
2,sem conteudo detectavel
2,sem conteudo detectavel
7,curtiu uma mensagem
5,link compartilhado
5,link compartilhado
5,link compartilhado
5,link compartilhado
5,link compartilhado
5,link compartilhado
5,link compartilhado
2,sem conteudo detectavel
2,sem conteudo detectavel
2,sem conteudo detectavel
2,sem conteudo detectavel
2,sem conteudo detectavel
7,curtiu uma mensagem
7,curtiu uma mensagem
2,sem conteudo detectavel
2,sem conteudo detectavel
2,sem conteudo detectavel
2,sem conteudo detectavel
7,curtiu uma mensagem
2,sem conteudo detectavel
2,sem conteudo detectavel
2,sem conteudo detectavel
7,curtiu uma mensagem
2,sem conteudo detectavel
5,link compartilhado
5,link compartilhado
5,link compartilhado
2,sem conteudo detectavel
5,link compartilhado
2,sem conteudo detectavel
5,link compartilhado
2,sem conteudo detectavel
2,sem conteudo detectavel
1,aaaah perdi quando vai ter offline de novo
5,link compartilhado
5,link compartilhado
5,link compartilhado
5,link compartilhado
6,obrigada pelo prestigio foi incrivel te ter de pertinho ontem
6,obrigada pelo prestigio foi incrivel te ter de pertinho ontem
6,obrigada pelo prestigio foi incrivel te ter de pertinho ontem
10,oi tatiane tudo bem obrigada pela sua mensagem vamos nos planejar para outros momentos offline com certeza postaremos por aqui
3,nan
7,curtiu uma mensagem
3,nan
6,obrigada pelo convite adorei a minha sandalia nova hearts
3,nan
3,nan
5,<url>
0,boa tarde a jaqueta off da nauanim voltou
2,sem conteudo detectavel
9,bia sent an attachment
2,sem conteudo detectavel
9,bia sent an attachment
5,link compartilhado
7,curtiu uma mensagem
9,bia sent an attachment
3,nan
9,bia sent an attachment
8,bom dia alessandra acredito que te respondemos pelo whatsapp mas aproveito para confirmar que por enquanto ela esta disponivel apenas no tamanho <num> que equivale a um tamanho m
1,qualquer coisa seguimos a disposicao
6,sim obrigada
2,sem conteudo detectavel
3,nan
5,<url>
9,brenda sent an attachment
9,bia sent an attachment
9,bia sent an attachment
5,<url>
2,sem conteudo detectavel
2,sem conteudo detectavel
9,stella sent an attachment
2,sem conteudo detectavel
2,sem conteudo detectavel
9,bia sent an attachment
2,sem conteudo detectavel
2,sem conteudo detectavel
9,bia sent an attachment
9,bia sent an attachment
9,bia sent an attachment
9,bia sent an attachment
9,bia sent an attachment
2,sem conteudo detectavel
2,sem conteudo detectavel
2,sem conteudo detectavel
2,sem conteudo detectavel
5,link compartilhado
2,sem conteudo detectavel
3,nan
3,nan
2,sem conteudo detectavel
2,sem conteudo detectavel
2,sem conteudo detectavel
10,o site esta passando por problemas
10,oi karyna tudo bem estamos passando algumas instabilidades com o site mas acredito que logo mais isso vai se resolver voce precisa de suporte com algo estamos aqui para o que precisar
9,bia sent an attachment
9,so mimimi sent an attachment
1,oi pessoal tudo bem acredito que essa calca tenha esgotado certo vai ter reposicao dela aguardo retorno obrigada milene
10,ola milene bom dia que bacana que se interessou por essa peca infelizmente ela esta fora de estoque no momento mas em breve com reposicao avisamos assim que voltar obrigada e um abraco equipe curadobia
6,perfeito fico no aguardo abraco
2,sem conteudo detectavel
0,ola boa tarde tudo bem tenho uma confeccao trabalho com tecido plano e malha faco todo desenvolvimento da peca comecando da peca piloto e entrego a producao passada e embalada caso tenha interesse meu numero e <num> obrigada
2,sem conteudo detectavel
5,link compartilhado
3,nan
7,curtiu uma mensagem
3,nan
2,sem conteudo detectavel
12,que roupa bonita
5,link compartilhado
7,curtiu uma mensagem
2,sem conteudo detectavel
2,sem conteudo detectavel
5,link compartilhado
2,sem conteudo detectavel
2,sem conteudo detectavel
2,sem conteudo detectavel
5,link compartilhado
5,link compartilhado
5,link compartilhado
10,ola primeiramente quero dizer que a curadobia esta fantastica vi que varios produtos estao indisponiveis no site como a blusa pah e phyna por exemplo tem alguma previsao de retorno ao estoque
10,ola fabiana obrigada pela sua mensagem e carinho conosco alguns de nossos parceiros ainda estao organizando a volta dos estoques pos recesso de final e inicio de ano entramos em contato com a lounge <num> produtoras da blusa pah e phyna e elas nos informaram que provavelmente amanha mesmo as blusas ja estejam de volta em estoque pode ficar tranquila que a gente te avisa qualquer coisa seguimos aqui
7,reagiu com a sua mensagem
6,obrigada pelo retorno vou acompanhar entao beijo beijo
7,curtiu uma mensagem
0,boa tarde fabiana como vai passando para avisar que as blusas acabaram de ser repostas no site estoque
1,qualquer outra duvida seguimos aqui
9,bia sent an attachment
9,stella sent an attachment
0,ola sua curadoria projeto editorial e grafico sao incriveis parabens mas sua plataforma de e commerce nao funciona bem estou desde ontem tentando fazer compras mas paginas nao carregam carrinhos esvaziam muito dificil
10,ola pamela td bem obrigada pela mensagem sentimos muito que esteja com esses problemas para conseguir efetuar as suas compras com a gente de fato o sistema passou por algumas instabilidades poderia nos dizer quais pecas se interessou para tentarmos solucionar por aqui
1,ola tudo bem seriam essas pecas
11,imagem enviada
12,as duas camisas o body a calca e o colar eu visto p
2,sem conteudo detectavel
2,sem conteudo detectavel
5,link compartilhado
2,sem conteudo detectavel
2,sem conteudo detectavel
5,link compartilhado
10,bom dia pamela tudo bem revisamos aqui o nosso sistema e fizemos testes e tudo parece funcionar bem esperamos que voce tenha uma boa experiencia agora o que aconselhamos tambem e entrar no site pelo google chrome caso voce ainda nao tenha acessado por la vou te encaminhar os links dos produtos que voce nos encaminhou <url> <url> <url> <url> <url>
1,qualquer coisa seguimos aqui
6,adorei a dica
3,nan
9,bia sent an attachment
9,bia sent an attachment
2,sem conteudo detectavel
0,ola fiz uma compra com voces tudo certo
5,link compartilhado
10,oi claudia que mensagem boa ficamos felizes de voce gostar dos nossos produtos vou confirmar sua compra e te aviso
13,obaa
6,obrigada pelo feedback maria
0,claudia pedido confirmado foi uma regata nadadora tamanho m da mybasic correto esperamos que voce adore sua compra
7,curtiu uma mensagem
13,oba
9,bia sent an attachment
1,oi pessoal tudo bem estou com duvida sobre numeracao de uma peca de voces aguardo retorno obrigada milene
2,sem conteudo detectavel
2,sem conteudo detectavel
5,link compartilhado
10,ola milene bom dia como vai claro estamos aqui para ajudar qual a sua duvida
2,sem conteudo detectavel
6,tudo bem e voces
13,joia
1,estou de olho nessa peca aqui
11,imagem enviada
8,porem na duvida do melhor tamanho
8,eu costumo usar p ou pp se a confeccao e grande
4,<num> ou <num>
8,entendi esse modelo ele e oversized ou seja possui uma estrutura mais larga voce ja chegou a usar modelos assim
4,nao rsrs
0,temos o video nos nossos stories de hoje com a bia usando ela de uma olhada
1,vou olhar
5,link compartilhado
0,na verdade eu ja assisti ao video do casaco no site curadobia varias vezes para tentar chegar a essa conclusao mas nao consegui
10,boa tarde pamela deu tudo certo com a sua experiencia no site se precisar estamos aqui
12,milene perguntamos para a bia e ela te indicou comprar o tamanho <num> dessa jaqueta por voce nao estar acostumada a roupas oversized o que acha
13,joia
8,posso trocar caso eu experimente e prefira uma maior
0,outra duvida e sobre o tom certinho dessa jaqueta no site achei que estava num tom diferente dos stories
1,claro
13,joia
0,outra duvida e sobre o tom certinho dessa jaqueta no site achei que estava num tom diferente dos stories
1,o tom certo e o que esta no site os stories que a bia postou hoje modificaram um pouco o tom
6,perfeito
0,eu amo todos os seus looks combina <num> com o meu estilo queria ter todas as pecas para mim pena que moro do outro lado do mundo
6,oi patricia bom dia caraca que legal receber essa mensagem sua ficamos muito felizes com isso nos avise quando estiver por aqui que fazemos uma entrega especial
10,ola pessoal como vao meu nome e ana e trabalho junto com a bia paes de barros no curadobia com br insta <user> oficial o curadobia e um marketplace que nasceu com o proposito de reunir em um so lugar pecas que fazem toda a diferenca no armario e ao mesmo tempo sao faceis de usar os chamados neutros com tcharanz acreditamos que a wendyel borin super se conecta com essa proposta com quem poderia conversar para falar mais sobre aguardo voces
7,curtiu uma mensagem
9,bia sent an attachment
9,bia sent an attachment
2,sem conteudo detectavel
2,sem conteudo detectavel
9,bia sent an attachment
2,sem conteudo detectavel
10,ola pessoal como vao meu nome e ana e trabalho junto com a bia paes de barros no curadobia com br o curadobia e um marketplace que nasceu com o proposito de reunir em um so lugar pecas que fazem toda a diferenca no armario e ao mesmo tempo sao faceis de usar os chamados neutros com tcharanz acreditamos que a argi super se conecta com essa proposta com quem poderia conversar para falar mais sobre aguardo voces
10,ola pessoal como vao meu nome e ana e trabalho junto com a bia paes de barros no curadobia com br o curadobia e um marketplace que nasceu com o proposito de reunir em um so lugar pecas que fazem toda a diferenca no armario e ao mesmo tempo sao faceis de usar os chamados neutros com tcharanz acreditamos que a fernanda yamamoto super se conecta com essa proposta com quem poderia conversar para falar mais sobre aguardo voces
10,ola como vao muito prazer meu nome e ana e trabalho aqui no curadobia nao sei se recordam porem conversamos no primeiro semestre do ano passado <num> sobre esse projeto da bia paes de barros desde la evoluimos bastante e estamos concretizados como um marketplace em potencial crescimento queremos compartilhar com voces nosso site para darem uma olhada curadobia com br ainda temos a jorg em foco o que acham de retomarmos contato aguardo voces
5,<url>
10,ola pessoal como vao muito prazer meu nome e ana e trabalho junto com a bia paes de barros no curadobia com br o curadobia e um marketplace que nasceu com o proposito de reunir em um so lugar pecas que fazem toda a diferenca no armario e ao mesmo tempo sao faceis de usar os chamados neutros com tcharanz acreditamos que a lourie super se conecta com essa proposta com quem poderia conversar para falar mais sobre aguardo voces
10,ola como vao muito prazer meu nome e ana e trabalho aqui no curadobia nao sei se recordam porem conversamos no primeiro semestre do ano passado <num> sobre esse projeto da bia paes de barros desde la evoluimos bastante e estamos concretizados como um marketplace em potencial crescimento queremos compartilhar com voces nosso site para darem uma olhada curadobia com br ainda temos a nua em foco o que acham de retomarmos contato aguardo voces
10,ola como vai muito prazer meu nome e ana e trabalho aqui no curadobia nao sei se recordam porem conversamos no primeiro semestre do ano passado <num> sobre esse projeto da bia paes de barros desde la evoluimos bastante e estamos concretizados como um marketplace em potencial crescimento queremos compartilhar com voces nosso site para darem uma olhada curadobia com br ainda temos a patu em foco o que acham de retomarmos contato aguardo voces
10,ola pessoal como vao meu nome e ana e trabalho junto com a bia paes de barros no curadobia com br o curadobia e um marketplace que nasceu com o proposito de reunir em um so lugar pecas que fazem toda a diferenca no armario e ao mesmo tempo sao faceis de usar os chamados neutros com tcharanz acreditamos que a rocio canvas super se conecta com essa proposta com quem poderia conversar para falar mais sobre aguardo voces
10,ola pessoal como vao meu nome e ana e trabalho junto com a bia paes de barros no curadobia com br o curadobia e um marketplace que nasceu com o proposito de reunir em um so lugar pecas que fazem toda a diferenca no armario e ao mesmo tempo sao faceis de usar os chamados neutros com tcharanz acreditamos que a projeto zero um super se conecta com essa proposta com quem poderia conversar para falar mais sobre aguardo voces
10,ola como vai muito prazer meu nome e ana e trabalho aqui no curadobia nao sei se recordam porem conversamos no primeiro semestre do ano passado <num> sobre esse projeto da bia paes de barros desde la evoluimos bastante e estamos concretizados como um marketplace em potencial crescimento queremos compartilhar com voces nosso site para darem uma olhada curadobia com br ainda temos a toruss em foco o que acham de retomarmos contato aguardo voces
10,ola pessoal como vao meu nome e ana e trabalho junto com a bia paes de barros no curadobia com br o curadobia e um marketplace que nasceu com o proposito de reunir em um so lugar pecas que fazem toda a diferenca no armario e ao mesmo tempo sao faceis de usar os chamados neutros com tcharanz acreditamos que a elisa atheniense super se conecta com essa proposta com quem poderia conversar para falar mais sobre aguardo voces
10,ola como vao muito prazer meu nome e ana e trabalho aqui no curadobia nao sei se recordam porem conversamos no primeiro semestre do ano passado <num> sobre esse projeto da bia paes de barros desde la evoluimos bastante e estamos concretizados como um marketplace em potencial crescimento queremos compartilhar com voces nosso site para darem uma olhada curadobia com br ainda temos a tempo em foco o que acham de retomarmos contato aguardo voces
6,bom dia
10,entrar em contato com a luciana nossa gerente comercial no email gerencia <user> com br
10,ola pessoal como vao meu nome e ana e trabalho junto com a bia paes de barros no curadobia com br o curadobia e um marketplace que nasceu com o proposito de reunir em um so lugar pecas que fazem toda a diferenca no armario e ao mesmo tempo sao faceis de usar os chamados neutros com tcharanz acreditamos que a a aurora super se conecta com essa proposta com quem poderia conversar para falar mais sobre aguardo voces
10,essa conta nao pode receber sua mensagem porque nao aceita novas solicitacoes de contato de todos
6,muito obrigada
13,por nada
10,ola pessoal como vao meu nome e ana e trabalho junto com a bia paes de barros no curadobia com br insta <user> oficial o curadobia e um marketplace que nasceu com o proposito de reunir em um so lugar pecas que fazem toda a diferenca no armario e ao mesmo tempo sao faceis de usar os chamados neutros com tcharanz acreditamos que a aim super se conecta com essa proposta com quem poderia conversar para falar mais sobre aguardo voces
10,ola tudo bem e com vcs vi que vcs enviaram um e mail para nos vou responder vcs por la ok um beijo e muito obrigada pelo contato < <num>
13,oi
1,a regata chiquetosa vai voltar pro estoque
2,sem conteudo detectavel
6,ola bom dia como vao aguardamos a resposta de voces por la entao obrigada
6,oi karyna bom dia tudo bem vamos verificar
11,karyna estoque atualizado
7,reagiu com a sua mensagem
11,e a regata arrumadona
13,volta pro estoque
0,boa tarde fiz um pedido de uma blusa brilhei no dia <num> <num> nao recebi nenhum e mail de confirmacao sera que esta tudo certo meu nome e cristiane rocha loures brenner
6,oi cristiane tudo bem obrigada pelo seu contato pode ficar tranquila vamos verificar para voce
10,ola pessoal como vao meu nome e ana e trabalho junto com a bia paes de barros no curadobia com br o curadobia e um marketplace que nasceu com o proposito de reunir em um so lugar pecas que fazem toda a diferenca no armario e ao mesmo tempo sao faceis de usar os chamados neutros com tcharanz acreditamos que a aylla super se conecta com essa proposta com quem poderia conversar para falar mais sobre aguardo voces
0,ok obrigada vi que foi lancado no meu cartao de credito
10,ola pessoal como vao meu nome e ana e trabalho junto com a bia paes de barros no curadobia com br o curadobia e um marketplace que nasceu com o proposito de reunir em um so lugar pecas que fazem toda a diferenca no armario e ao mesmo tempo sao faceis de usar os chamados neutros com tcharanz acreditamos que a escudero co super se conecta com essa proposta com quem poderia conversar para falar mais sobre aguardo voces
10,ola pessoal como vao meu nome e ana e trabalho junto com a bia paes de barros no curadobia com br o curadobia e um marketplace que nasceu com o proposito de reunir em um so lugar pecas que fazem toda a diferenca no armario e ao mesmo tempo sao faceis de usar os chamados neutros com tcharanz acreditamos que a gammba super se conecta com essa proposta com quem poderia conversar para falar mais sobre aguardo voces
10,ola pessoal como vao meu nome e ana e trabalho junto com a bia paes de barros no curadobia com br o curadobia e um marketplace que nasceu com o proposito de reunir em um so lugar pecas que fazem toda a diferenca no armario e ao mesmo tempo sao faceis de usar os chamados neutros com tcharanz acreditamos que a giomei super se conecta com essa proposta com quem poderia conversar para falar mais sobre aguardo voces
10,ola pessoal como vao meu nome e ana e trabalho junto com a bia paes de barros no curadobia com br o curadobia e um marketplace que nasceu com o proposito de reunir em um so lugar pecas que fazem toda a diferenca no armario e ao mesmo tempo sao faceis de usar os chamados neutros com tcharanz acreditamos que a mareu nitschke super se conecta com essa proposta com quem poderia conversar para falar mais sobre aguardo voces
10,ola pessoal como vao meu nome e ana e trabalho junto com a bia paes de barros no curadobia com br o curadobia e um marketplace que nasceu com o proposito de reunir em um so lugar pecas que fazem toda a diferenca no armario e ao mesmo tempo sao faceis de usar os chamados neutros com tcharanz acreditamos que a natu super se conecta com essa proposta com quem poderia conversar para falar mais sobre aguardo voces
10,ola curadobia tudo bem agradecemos o interesse pela marca para garantir que voce receba a atencao e cuidado adequados pedimos a gentileza de encaminhar mais informacoes como contatos rede social e portfolio para mkt conteudo <user> com br nossa equipe de marketing e especializada nesse assunto dessa forma tenho certeza de que eles avaliarao e se houver interesse entrarao em contato prontamente fique a vontade para entrar em contato caso tenha alguma duvida estamos aqui para ajudar
13,ei ana
6,tudo bem
0,em marco eu vou produzir reposicao e cores novas de tudo
0,agora estou organizando as coisas
7,ai entro em contato voces
1,pode ser
2,sem conteudo detectavel
13,oi
11,a regata arrumadona m
13,volta pro estoque
10,oie obrigada pela resposta conversamos com a bia e temos interesse em marcar uma reuniao ja por esses dias pois o curadobia esta com uma nova metodologia e com novidades e mesmo a producao de voces para marco seria interessante conversar com voces agora o que acham te aguardo
10,oi cristiane foi confirmado seu pedido
6,ola obrigada qual a previsao de entrega
10,como uma critica construtiva vcs deveriam mandar um e mail para confirmar o pedido compro bastante on line e sempre vem o e mail do status do pedido o cliente fica mais seguro da compra
13,sim
1,vamos marcar
11,imagem enviada
13,oi
0,eu nao recebi a confirmacao dessa compra
1,oi ana a marcia fonseca esta em contato com vc ne vamos conversar sim a fernanda tem mto interesse
10,oi karyna bom dia vimos que voce mandou as mesmas mensagens pelo nosso whatsapp vamos dar seguimento por la entao tudo bem obrigada
13,sim
13,pode
10,oi cristiane bom dia obrigada pela sua mensagem na verdade todos os nossos pedidos sao enviados o email de confirmacao imediatamente porem realmente identificamos um erro no nosso sistema que os ultimos pedidos nao estao recebendo a confirmacao ja estamos em contato com o nosso tecnico para resolver obrigada por ter nos informado
10,com relacao a previsao de entrega por conta dessa questao na plataforma as marcas tambem nao receberam a notificacao do pedido e por isso ira acabar atrasando um pouco a sua compra mas nos tambem ja entramos em contato com a stella bastos sobre a sua compra e logo mais ela estara com voce desculpa pelo ocorrido qualquer coisa nos avise obrigada por ser nossa cliente equipe curadobia
6,ok entendi obrigada pelo retorno um abraco
9,bia sent an attachment
2,sem conteudo detectavel
10,oiii boa tarde me chamo talita e sou figurinista na emissora cnbc <user> licenciada pela <user> uma emissora nova que transmite jornalismo de negocios e e lider mundial no seu segmento temos no nosso elenco grandes nomes do jornalismo incluido carol barcellos rita wu erica reis christiane pelajo zeca camargo natalia ariade estou apenas dando um exemplo do time de peso que faz parte da emissora as meninas sao a cara da marca elas postam marcam o tem o manequim otimo e sao mega fotogenicas podemos alinhar a producao me ajudem rs vai ser uma parceria incrivel um beijo e aguardo retorno
9,bia sent an attachment
9,bia sent an attachment
2,sem conteudo detectavel
9,bia sent an attachment
10,ola tudo bem entre em contato com nosso comercial <num>
9,bia sent an attachment
9,bia sent an attachment
13,oie
10,chama no mkt <user> com
6,ola obrigada
2,sem conteudo detectavel
10,oi talita muito bom receber sua mensagem agradecemos demais o contato e que bacana voces terem pensado na gente porem nesse momento nos nao estamos trabalhando com producao de qualquer forma salvamos o teu contato para futuras oportunidades atenciosamente equipe curadobia
9,you sent an attachment
2,sem conteudo detectavel
9,brenda sent an attachment
10,ola tudo bem bom dia como funciona o orcamento de studios com voces por favor
2,sem conteudo detectavel
5,link compartilhado
10,ola pessoal como vao meu nome e ana e trabalho junto com a bia paes de barros no curadobia com br o curadobia e um marketplace que nasceu com o proposito de reunir em um so lugar pecas que fazem toda a diferenca no armario e ao mesmo tempo sao faceis de usar os chamados neutros com tcharanz acreditamos que a iara wisnik super se conecta com essa proposta com quem poderia conversar para falar mais sobre aguardo voces
10,ola pessoal como vao meu nome e ana e trabalho junto com a bia paes de barros no curadobia com br o curadobia e um marketplace que nasceu com o proposito de reunir em um so lugar pecas que fazem toda a diferenca no armario e ao mesmo tempo sao faceis de usar os chamados neutros com tcharanz acreditamos que a l dnim super se conecta com essa proposta com quem poderia conversar para falar mais sobre aguardo voces
9,bia sent an attachment
9,bia sent an attachment
9,bia sent an attachment
2,sem conteudo detectavel
10,ola pessoal como vao meu nome e ana e trabalho junto com a bia paes de barros no curadobia com br o curadobia e um marketplace que nasceu com o proposito de reunir em um so lugar pecas que fazem toda a diferenca no armario e ao mesmo tempo sao faceis de usar os chamados neutros com tcharanz acreditamos que a novamente pode se conectar com essa proposta com quem poderia conversar para falar mais sobre aguardo voces
2,sem conteudo detectavel
2,sem conteudo detectavel
7,curtiu uma mensagem
9,brenda sent an attachment
9,bia sent an attachment
2,sem conteudo detectavel
2,sem conteudo detectavel
9,bia sent an attachment
9,bia sent an attachment
12,bia tudo bem tenho uma festa bem legal e o traje e black and white pensei na blusa pah mas queria saber se o tecido fica vistoso e se voce recomenda alguma calca mais festa para combinar beijos julie
9,bia sent an attachment
1,oie td e vc fica super vistoso pode ficar bem bacana com essa saia tmb
5,<url>
3,nan
9,brenda sent an attachment
9,bia sent an attachment
0,boa noite havera reposicao da saia unica preta no tamanho <num>
9,bia sent an attachment
10,oie bom dia tudo bem obrigada pela sua mensagem entramos em contato com a marca d aura que produz a saia e eles nos informaram que em <num> dias irao receber novos estoques da nossa saia unica
1,quando ela estiver disponivel nos vamos te avisar
2,sem conteudo detectavel
6,ok obrigada
2,sem conteudo detectavel
2,sem conteudo detectavel
2,sem conteudo detectavel
2,sem conteudo detectavel
2,sem conteudo detectavel
2,sem conteudo detectavel
10,oi time da curadobia tudo bem sou joana sigo o perfil e amo tem uma calca que vi numa propaganda que me apaixonei mas nao encontrei no site queria saber de onde ela e por favor se puderem voces me contam super obrigada bj
11,imagem enviada
2,sem conteudo detectavel
2,sem conteudo detectavel
5,link compartilhado
5,link compartilhado
5,link compartilhado
5,link compartilhado
5,link compartilhado
6,amamos
9,brenda sent an attachment
5,<url>
10,ola que bom que voce se interessou por nos muito bom receber tua mensagem joana infelizmente essa calca nao esta no curadobia e e acervo pessoal da bia mesmo esse video tem a finalidade de apresentar as nossas camisas esperamos que goste
1,seguimos a disposicao para o que precisar
2,sem conteudo detectavel
5,link compartilhado
6,oi boa tarde
12,adquiri uma maxi pantalona valeria mansur
13,p
11,ficou enorme
8,como proceder p troca
11,imagem enviada
0,obrigada pelo retorno as pecas sao incriveis e que me apaixonei por essa calca entao foi ela que me prendeu o olhar
9,bia sent an attachment
9,bia sent an attachment
2,sem conteudo detectavel
6,oi fatima bom dia tudo bem pode ficar tranquila que iremos dar seguimento com a sua solicitacao
2,sem conteudo detectavel
9,bia sent an attachment
2,sem conteudo detectavel
5,link compartilhado
10,ola pessoal como vao meu nome e ana e trabalho junto com a bia paes de barros no curadobia com br o curadobia e um marketplace que nasceu com o proposito de reunir em um so lugar pecas que fazem toda a diferenca no armario e ao mesmo tempo sao faceis de usar os chamados neutros com tcharanz acreditamos que a marca de voces pode se conectar com essa proposta com quem poderia conversar para falar mais sobre aguardo voces
1,ate agora nada
10,eu sugiro q vcs verifiquem melhor as parcerias de fornecedores pois nao comprarei mais nesta curadoria infelizmente gosto mto do trabalho da bia mas assim inviabiliza
2,sem conteudo detectavel
10,oi fatima tudo bem bom dia obrigada pela sua mensagem e feedback e muito importante para nos estamos conversando por whatsapp podemos continuar nossa comunicacao por la
0,ola meninas tudo bem comprei a saia preta da d aura em outubro precisei trocar foram rapidissimos mas so hoje eu soube que nao levaram a sacola com a peca a ser trocada ficou este tempo todo na minha portaria como faco
6,linda gladiadora
10,oi cristina que bom que gostou ela esta disponivel no nosso site se quiser dar uma olhada <url>
1,qualquer duvida sigo a disposicao
0,oi ana tudo bem na epoca o pessoal da d aura te instruiu que iriam retirar na sua portaria
1,nao se preocupe vamos resolver essa questao que bom que voce identificou isso
10,fatima te respondemos no whatsapp mas nao recebemos seu retorno esta tudo bem qualquer coisa sigo aqui a disposicao
13,sim
1,na verdade foi o porteiro rs
6,tranquilo obrigada
7,reagiu com a sua mensagem
1,ja respondi sim no wzap
9,bia sent an attachment
9,pri sent an attachment
11,voces irao vender oysho
2,sem conteudo detectavel
5,link compartilhado
10,ana vou verificar com eles voce pode me informar qual foi o numero do seu pedido por favor
0,oi pri estao entrando muitas marcas incriveis novas no curadobia porem a oysho nao e uma delas
4,e o pedido <num>
2,sem conteudo detectavel
2,sem conteudo detectavel
7,curtiu uma mensagem
6,ola tudo bem ana e vc que bacana vou passar o whatsapp da maia pode falar com ela por gentileza <num> <num>
3,nan
10,ana ja entrei em contato com o pessoal da d aura para entendermos o que aconteceu
1,logo mais te passo novas informacoes
6,obrigada
5,link compartilhado
7,curtiu uma mensagem
9,bia sent an attachment
9,bia sent an attachment
10,ola tudo bem podemos falar pelo nosso whatsapp <num> <num> <num> <num>
6,obrigada pelo interesse aguardamos voces
3,nan
1,vou seguir
2,sem conteudo detectavel
2,sem conteudo detectavel
5,link compartilhado
13,que honra
0,ja comprei <num> pecas da curadobia
11,amando heartsheartshearts
3,nan
0,que maximo marca a gente nos seus looks muito feliz que esta curtindo a selecao de pecas logo mais teremos muitas novidades bacanas
7,curtiu uma mensagem
12,linda essa blusa
6,ficamos felizes que tenha curtido ela e muito especial mesmo segue aqui mais detalhes
5,<url>
4,nao tem mais numeracao <num>
6,boa noite
8,estou com duvidas sobre o tamanho da saia unica visto <num> mas as medidas no quadro de tamanhos parecem grandes mas existe a informacao de que o tamanho <num> corresponde ao <num>
6,oi suzane bom dia como voce esta
10,solicitamos a reposicao para a paula ferber logo mais te atualizaremos sobre o estoque
6,bom dia obrigada
10,oie tudo bem elaine obrigada pela sua mensagem voce consegue nos confirmar suas medidas para que possamos verificar com mais precisao
8,elaine para o tamanho <num> nos indicamos o tamanho <num> da saia
8,oi suzane infelizmente nao estamos com previsao de reposicao do tamanho <num> da nossa gladiadora
1,poxa que pena quando tiverem me avise por favor
1,pode deixar
1,qualquer outra duvida sigo a disposicao
13,ok
6,obrigada
1,cade quero
8,bia td bom nao estou conseguindo finalizar a compra da regata podrinha coloquei os dados do cartao e no campo cvv eu ponho os numeros mas o sistema ignora que eu coloquei tentei varias vezes acho que esta com problema
2,sem conteudo detectavel
10,oi adriana bom dia como vai obrigada pelo seu interesse conosco estamos fazendo uma repaginacao no site e assim que voltarmos te mando o link do nosso conjunto que voce gostou
1,qualquer coisa sigo aqui
10,oi lais bom dia como vai ana aqui da equipe do curadobia obrigada pelo seu interesse conosco estamos fazendo uma repaginacao no site e assim que voltarmos te aviso tudo bem
1,qualquer coisa sigo aqui
10,oi lais boa noite o site esta funcionando normalmente esperamos que consiga finalizar seu pedido agora
1,qualquer duvida nos avise ok
5,<url>
2,sem conteudo detectavel
9,bia sent an attachment
6,que lindoo
10,oi natalia td bem as meninas do enjoei me passaram seu contato estou buscando uma pessoa para me ajudar em roteiros e conteudo adoraria bater um papo com vc
4,<num> <num> <num>
13,bjs
1,quem te escrever aqui e a bia paes de barros
2,sem conteudo detectavel
2,sem conteudo detectavel
3,nan
0,boa tarde pessoal tudo bem estava namorando um macacao verde no site da marca d aura porem nao localizei mais saiu de colecao nao tera reposicao aguardo obrigada milene
0,boa tarde milene td bem e vc esse macacao nesse tom infelizmente nao tera reposicao mas lancamos ontem o mesmo modelo em preto
5,<url>
1,tudo bem tambem que pena eu queria exatamente o verde
9,so mimimi sent an attachment
1,vai ter reposicao dessa calca
5,<url>
0,ola camila td bem segue aqui o link da blusa que voce gostou qualquer duvida estamos a disposicao ok
6,ola muitissimo obrigada
5,link compartilhado
5,link compartilhado
11,que calca maravilhosa
13,qual o preco
6,bom dia maria luiza que bacana que se interessou por essa calca ela e muito especial mesmo o valor r <num> <num> caso tenha mais alguma duvida nao deixe de nos constatar equipe curadobia
5,<url>
2,sem conteudo detectavel
0,ola bom dia infelizmente essa calca tambem saiu do nosso mix estamos com novos produtos e novas marcas entrando no curadobia esperamos que goste qualquer coisa sigo aqui
11,link da calca por gentileza
10,oi patricia tudo bem obrigada pela sua mensagem infelizmente nao temos mais essa calca disponivel no nosso mix mas temos diversos produtos unicos e selecionados pela bia paes de barros o que acha dessas opcoes
5,<url>
5,<url>
5,<url>
5,<url>
1,qualquer coisa meu nome e ana e sigo aqui para o que voce precisar
10,ola sou o gerente de vendas da pg game platform quero falar com voce sobre parcerias nossa plataforma foi licenciada conjuntamente pelo governo federal brasileiro e pelo governo de curacao em outubro voce pode se juntar a nos e lhe daremos altas comissoes entre em contato comigo pelo whatsapp <num>
3,nan
9,you sent an attachment
9,bia sent an attachment
2,sem conteudo detectavel
5,link compartilhado
9,bia sent an attachment
9,bia sent an attachment
10,oii karinne tudo bem aqui quem fala e a ana do time curadobia voce acredita que estive olhando todos os dias desde que voce demonstrou interesse se a nossa saia unica voltaria ao estoque e somente hoje isso aconteceu ela e a queridinha das nossas clientes e tem acabado rapido entao espero que consiga aproveitar essa oportunidade te encaminho o link para o acesso dela
5,<url>
1,sigo aqui pra o que voce precisar
12,gostaria a camisa branca tamanho m e possivel
9,bia sent an attachment
2,sem conteudo detectavel
2,sem conteudo detectavel
12,oi silvana tudo bem bom dia quem fala com voce e a ana do time curadobia posso confirmar com voce se seria essa camisa que te interessou segue
5,<url>
5,link compartilhado
9,you sent an attachment
5,link compartilhado
7,curtiu uma mensagem
2,sem conteudo detectavel
10,ola pessoal tudo bem sou a lala cunha <user> e vim contar um pouco sobre o <user> estamos em sp e fazemos fotografia videos em formato reels direcao de arte e styling para marcas de acordo com a sua necessidade fazemos trabalhos exclusivos para as marcas e em breve final de marco tambem faremos o nosso proximo shooting collab uma diaria criada para incluir varias marcas que tem produtos a serem fotografados necessitam de um material de qualidade mas que nao querem ter um alto valor de investimento nisso o proximo collab sera em uma locacao linda e as modelos foram escolhidas a dedo e acho que combina muito com a marca de voces abaixo mando mais infos vamos conversar sobre essas possibilidades fico aqui a disposicao abracos lala <num> <num>
11,imagem enviada
9,bia sent an attachment
2,sem conteudo detectavel
2,sem conteudo detectavel
9,bia sent an attachment
9,bia sent an attachment
8,ola bom dia sou muito fa da bia mas nunca comprei no curadoria uma duvida como faco para escolher um tamanho com mais seguranca tem uma tabela de medidas para servir de referencia obrigada
10,oi alessandra bom dia como voce esta aqui e a ana da equipe do curadobia a bia nos passou seu contato para tratar sobre o seu interesse nas nossa pecas
0,sobre a questao do frete e possivel unificar ele nas blusas da lounge que voce gostou vou te mandar o link das duas
5,<url>
5,<url>
12,com relacao a outra blusa que voce gostou ela esta em processo de lancamento e ainda nao esta a venda no nosso site mas independente desse fator nao seria possivel unificar o frete nesse caso pois o frete so fica unificado para as pecas da mesma marca
1,mas pode ficar tranquila que assim que lancarmos a terceira peca que voce gostou vou te mandar por aqui tudo bem nao deixe de garantir suas pecas da lounge a tempo
1,qualquer coisa sigo aqui
2,sem conteudo detectavel
5,link compartilhado
1,oi renata boa tarde aqui e a ana acredito que te respondi por whatsapp certo qualquer coisa estou por aqui
7,curtiu uma mensagem
3,nan
6,que lindo tudo
2,sem conteudo detectavel
9,bia sent an attachment
12,ola bom dia roupas lindas aqui mas nao encontrei muitas opcoes de tamanhos maiores e isso mesmo tenho uma cliente que se enquadraria perfeita nesse estilo mais contemporaneo mas e um tamanho g gg <num> <num> poderiam me sugerir algumas opcoes
6,ola julienne bom dia tudo bem que bom receber sua mensagem eu me chamo ana e sou do time curadobia
0,claro vou separar nossas opcoes disponiveis em tamanhos maiores e te mando aqui
4,todas as pecas da mybasic e da lounge <num> possuem uma ampla grade <url> <url> os produtos da cecilia possuem uma modelagem mais ampla <url> alguns dos produtos da nauanin chegam ate a numeracao xxgg equivalendo a um <num> <url>
0,os bodys da revival sao excelentes pecas neutras e basicas para ter no armario e possuem uma ampla grade de tamanhos <url> alem disso temos nossos acessorios <url> bolsas <url> e sapatos <url>
10,com certeza voce ira encontrar pecas ideais para o seu objetivo nesses links que te mandei julienne qualquer coisa eu sigo aqui para o que voce precisar
6,ola muito obrigada vou ver em breve
2,sem conteudo detectavel
2,sem conteudo detectavel
2,sem conteudo detectavel
2,sem conteudo detectavel
5,link compartilhado
5,link compartilhado
9,stella sent an attachment
6,bom dia julienne o que achou da nossa selecao
1,sigo aqui para qualquer duvida
6,bom dia julienne o que achou da nossa selecao edited
13,preco
2,sem conteudo detectavel
10,bom dia julienne como vai conseguiu analisar a selecao que fiz especificamente para voce e sua cliente
1,qualquer coisa me avisa
13,oii
6,obrigada eu aviso sim gostei bastante vou levar para a cliente
6,ola boa tarde como vai
8,a nossa calca diferentex esta saindo por r <num> <num>
5,<url>
1,meu nome e ana sigo aqui para o que voce precisar
10,ola tudo bem teria um contato do responsavel da marca ou comercial para falarmos obrigada carol
10,ola carol td bem e vc pode nos enviar para contato curadobia <user> com
0,ola td bem fiz uma compra com vc e recebi apenas o tricot vc pode me ajudar muito obrigada desde ja
11,imagem enviada
9,bia sent an attachment
2,sem conteudo detectavel
2,sem conteudo detectavel
2,sem conteudo detectavel
9,bia sent an attachment
2,sem conteudo detectavel
2,sem conteudo detectavel
2,sem conteudo detectavel
9,bia sent an attachment
5,link compartilhado
0,nao estou conseguindo entrar no site para fazer compra
5,link compartilhado
5,link compartilhado
5,link compartilhado
5,link compartilhado
5,link compartilhado
9,bia sent an attachment
9,bia sent an attachment
13,oiee
0,gosto muito dos looks mas percebo que ha muito jogo c volumes
8,nao sei se ficaria legal p quem esta um pouco acima do peso
12,sua roupa jeans e de onde
10,oie <user> oficial
2,sem conteudo detectavel
6,perfeito ana obrigada pelo retorno
2,sem conteudo detectavel
10,oi gabriela tudo bem ana aqui do time do curadobia estavamos passando por algumas instabilidades mas acredito que agora ja esta tudo resolvido te encaminho aqui o site para ficar mais facil o acesso
5,<url>
1,qualquer coisa sigo aqui
2,sem conteudo detectavel
2,sem conteudo detectavel
5,link compartilhado
13,ameiiiiiiii
0,ola tudo bem estou apaixonada por essa jaqueta bacanuda da foto o preco de <num> pula pra setecentos e tanto na hora de comprar e isso mesmo entra um valor de comissao na hora da compra
11,imagem enviada
0,ola livia td e vc ficamos felizes que gostou dessa jaqueta acredito que tenha sido um erro da lojinha do instagram o valor correto r <num>
5,<url>
1,meu nome e ana sigo aqui para o que precisar
8,praticamos sempre o mesmo valor das marcas o que entrara de extra sera o valor do frete que e calculado automaticamente se tiver mais alguma duvida nos avise ok
2,sem conteudo detectavel
10,ola tudo bem que bom receber sua mensagem meu nome e ana e sou do time curadobia com relacao a sua duvida conversei com a propria bia e ela nos informou que volumes tambem podem funcionar para quem esta um pouco acima desde que tenha um pouco de pele de fora para trazer leveza
1,voce possui interesse em alguma peca em especifico sigo aqui para o que precisar
6,obrigada
11,uma coisa de lindo
0,um dos meus modelos favoritos do site todinh
7,curtiu uma mensagem
11,imagem enviada
0,oi esse conjunto marrom e vendido tambem
2,sem conteudo detectavel
2,sem conteudo detectavel
10,bom dia tudo bem que bom receber sua mensagem adriana aqui e ana do time do curadobia esse conjunto tambem sera um lancamento do curadobia assim que ele estiver disponivel no site pode ficar tranquila que vou te avisar
7,curtiu uma mensagem
6,obrigada
2,sem conteudo detectavel
2,sem conteudo detectavel
9,bia sent an attachment
11,imagem enviada
6,bom dia gostei da calca vai ter no site obrigada
5,link compartilhado
5,link compartilhado
10,ola renata bom dia que bom receber mensagem tua me chamo ana e faco parte do time curadobia nesse lindo look da bia nos temos somente a blusa disponivel no curadobia
0,com relacao a calca nos temos essas duas opcoes que penso que vc pode gostar
5,<url>
5,<url>
1,mas temos varias opcoes qualquer coisa sigo aqui para te auxiliar
2,sem conteudo detectavel
2,sem conteudo detectavel
5,link compartilhado
9,bia sent an attachment
9,bia sent an attachment
2,sem conteudo detectavel
2,sem conteudo detectavel
5,link compartilhado
6,bia voce acaba comigo com tantas coisas lindas do curadobia queria muito que tivesse frete internacional canada eu fico aqui babando
10,oi karen que bom receber tua mensagem aqui e a ana faco parte do time curadobia realmente nos ainda nao trabalhamos com frete internacional mas nao deixe de pedir para alguem te levar nossas pecas quando for te visitar varias clientes internacionais nossas fazem isso
6,obrigada por nos acompanhar sigo aqui para o que voce precisar
0,oi renata boa tarde ana aqui voce conseguiu dar uma olhada nas opcoes que te mandei qualquer coisa sigo aqui para o que voce precisar ta
0,oi livia boa tarde ana aqui voce conseguiu dar uma olhada na jaqueta qualquer coisa sigo aqui para o que voce precisar viu
10,oi gabriela tudo bem vi que voce conseguiu acessar o nosso site e realizou seu pedido certo eles ja estao em separacao e logo mais estarao contigo qualquer coisa sigo aqui para te ajudar
6,ola thais tudo bem deu tudo certo com a chegada das pecas faltantes qualquer coisa sigo aqui para te ajudar viu
0,oi livia boa tarde ana aqui voce conseguiu dar uma olhada na calca qualquer coisa sigo aqui para o que voce precisar viu
0,oi boa tarde ana aqui voce conseguiu dar uma olhada na calca qualquer coisa sigo aqui para o que voce precisar viu edited
0,oi ana obrigada pela resposta bom eu vou continuar na torcida pra esse frete internacional se materializar um dia desses pq a gente quer comprar essas coisas lindas e usar logo ne infelizmente com o preco do dolar nao tenho recebido as amigas aqui tao frequentemente mas e uma boa ideia tambem obrigada
6,nossa perfeito
10,oi adriana tudo bem bom dia aqui e a ana da equipe do curadobia vimos que voce se interessou pelo macacao no video da bia mas na epoca ele ainda estava em lancamento boa noticia agora esta disponivel segue o link abaixo para que voce possa dar uma olhada
5,<url>
1,sigo aqui para o que voce precisar
10,oi clau tudo bem bom dia aqui e a ana da equipe do curadobia vimos que voce se interessou pelo macacao no video da bia mas na epoca ele ainda estava em lancamento boa noticia agora esta disponivel segue o link abaixo para que voce possa dar uma olhada
5,<url> www curadobia com br
1,sigo aqui para o que voce precisar
6,bem e vc ana muito obrigada
3,nan
5,link compartilhado
5,link compartilhado
5,link compartilhado
5,link compartilhado
5,link compartilhado
2,sem conteudo detectavel
5,link compartilhado
5,link compartilhado
5,link compartilhado
9,bia sent an attachment
10,oi anne bom dia tudo bem aqui e a ana do time curadobia a bia nos informou que voce se interessou pela nossa bolsa molona mas que infelizmente ela esta indisponivel no site
1,mas venho com boas noticias a partir de quarta feira teremos reposicao dela se voce ainda tiver interesse me avisa pois ai assim que chegarem eu venho exclusivamente te avisaar
1,independente disso sigo aqui para o que voce precisar
9,bia sent an attachment
6,deu certo sim obrigada
6,adorei como funciona
1,ola tudo bem sobre qual funcionamento deseja saber
0,oi ana boa tarde obrigada pelo contato sim estou interessada tentei comprar apos a mensagem da bia mas ainda estava indisponivel
6,otimo me avise por favor um abraco e obrigada
10,lucia shared a product
8,visto g qual tamanho seria quais cores tem tem a calca tb
10,ola somente essa cor selecionamos sempre uma unica para estar aqui no curadobia
8,a modelagem e grande pode ser tam <num>
1,tem sim a calca
5,<url>
4,pode ser <num> tambem
11,uauuu ameiii linda saia
2,sem conteudo detectavel
5,link compartilhado
1,oi lucia bom dia tudo bem aqui e a ana do time curadobia voce conseguiu dar uma olhada em tudo que te mandamos se tiver alguma duvida sigo aqui
2,sem conteudo detectavel
9,bia sent an attachment
2,sem conteudo detectavel
2,sem conteudo detectavel
9,bia sent an attachment
5,link compartilhado
9,bia sent an attachment
9,bia sent an attachment
2,sem conteudo detectavel
2,sem conteudo detectavel
2,sem conteudo detectavel
2,sem conteudo detectavel
5,link compartilhado
7,curtiu uma mensagem
2,sem conteudo detectavel
2,sem conteudo detectavel
5,link compartilhado
3,nan
10,ola esse conjunto ainda nao esta disponvel no site de vcs ne poderia me dizer se onde e
2,sem conteudo detectavel
5,link compartilhado
7,curtiu uma mensagem
3,nan
0,oi adriana isso ainda nao esta disponivel pois ele e um modelo exclusivo de sao paulo fashion week inclusive fomos semana passada prestigiar a marca reptilia nossa previsao e que esteja disponivel na proxima semana
1,pode ficar tranquila que irei te avisar
0,ola tentei fazer uma compra e apos entrar com os dados do cartao e senha vem a seguinte tela
11,imagem enviada
8,fiz o processo <num> x sera q cobrou <num> x
6,oi maria angela bom dia como voce esta
7,que bom receber mensagem tua
10,aqui e a ana do time curadobia
10,identificamos sua tentativa de compra estavamos realizando uns ajustes no site e acabou tendo esse erro ja estamos verificando com a equipe de tecnologia se foi corrigido e assim que estiver tudo ok voltamos para lhe comunicar tudo bem
6,obrigada por ser nossa cliente
1,ahh reptilia adoro
3,nan
9,bia sent an attachment
0,qual a marca do tenis
0,oii bia tudo bem por favor de onde e essa calca yes i am procurei aqui no feed e nao encontrei obrigada
13,vans
5,<url>
6,legal mto obrigada
7,curtiu uma mensagem
6,obrigada
9,bia sent an attachment
9,salao sent an attachment
9,bia sent an attachment
2,sem conteudo detectavel
2,sem conteudo detectavel
2,sem conteudo detectavel
2,sem conteudo detectavel
5,link compartilhado
6,bom dia adriana como voce esta
0,venho com boas noticias o conjunto que voce se interessou acabou de subir no site com pouquissimas unidades
5,<url>
5,<url>
1,nao perca essa oportunidade qualquer coisa sigo aqui para o que voce precisar
5,link compartilhado
2,sem conteudo detectavel
5,link compartilhado
2,sem conteudo detectavel
5,link compartilhado
9,bia sent an attachment
9,bia sent an attachment
9,bia sent an attachment
2,sem conteudo detectavel
2,sem conteudo detectavel
2,sem conteudo detectavel
2,sem conteudo detectavel
2,sem conteudo detectavel
2,sem conteudo detectavel
9,guarda sent an attachment
10,ola bom dia me chamo anelisa e gostaria de confirmar se meu pedido foi realizado nao sei se esse e o canal mais adequado para essa solicitacao mas como nao achei no site um campo para falar com voces decidi vir aqui fiz essa compra ontem pelo site e logo depois de finalizar apareceu uma mensagem dizendo que o pagamento nao estava confirmado no entanto no site diz que o pagamento foi efetuado e nao recebi nenhuma mensagem do banco dizendo que o pagamento foi negado alem disso tambem nao recebi um e mail com os dados do pedido muito obrigada desde ja
11,imagem enviada
1,oi anelisa tudo bem eu sou a ana faco parte do time curadobia
10,estou verificando direitinho seu pedido mas pode ficar tranquila que iremos resolver se tiver acontecido qualquer problema tudo bem
6,oi ana tudo e voce beleza obrigada
9,bia sent an attachment
2,sem conteudo detectavel
9,bia sent an attachment
2,sem conteudo detectavel
1,essa tshirt vai estar no evento namoro tanto ela
2,sem conteudo detectavel
5,link compartilhado
1,isso e curadobia hein
9,bia sent an attachment
0,super ja falei mto com elas mas estao com muitas frentes abertas e nao conseguem fazer mais coisas
6,mas amei a sugestao ju
6,obrigada
1,ahh pena mas na hora certa vai dar
13,super
11,bia sera que a tshirt angela motta branca com uma manga bafonica vai ter amanha preciso dela
1,vai super vai amar essa peca
13,obaaa
2,sem conteudo detectavel
2,sem conteudo detectavel
2,sem conteudo detectavel
2,sem conteudo detectavel
0,anelisa acabamos de confirmar seu pedido com a marca tudo certo ele ja esta para a producao
1,qualquer coisa sigo aqui
3,nan
2,sem conteudo detectavel
2,sem conteudo detectavel
2,sem conteudo detectavel
2,sem conteudo detectavel
2,sem conteudo detectavel
2,sem conteudo detectavel
5,link compartilhado
5,link compartilhado
5,link compartilhado
5,link compartilhado
13,eba
6,muito obrigada pelo retorno
13,endereco
2,sem conteudo detectavel
5,link compartilhado
6,ola susanna bom dia estaremos te esperando na rua venceslau flexa <num> jardim paulistano das <num> h as <num> h ah e teremos manobrista no local para maior tranquilidade
2,sem conteudo detectavel
2,sem conteudo detectavel
2,sem conteudo detectavel
2,sem conteudo detectavel
2,sem conteudo detectavel
2,sem conteudo detectavel
2,sem conteudo detectavel
2,sem conteudo detectavel
2,sem conteudo detectavel
2,sem conteudo detectavel
2,sem conteudo detectavel
2,sem conteudo detectavel
2,sem conteudo detectavel
6,obrigada pela presenca heartshearts
5,link compartilhado
7,curtiu uma mensagem
6,adorei obrigada vcs
2,sem conteudo detectavel
2,sem conteudo detectavel
5,link compartilhado
6,obrigada pela presenca silvia
5,link compartilhado
7,curtiu uma mensagem
5,link compartilhado
2,sem conteudo detectavel
2,sem conteudo detectavel
2,sem conteudo detectavel
2,sem conteudo detectavel
10,chico neto cd mare mar whatsapp <num> <url>
2,sem conteudo detectavel
2,sem conteudo detectavel
2,sem conteudo detectavel
2,sem conteudo detectavel
12,sua camisa e linda
2,sem conteudo detectavel
3,nan
6,obrigada pela presenca stella
6,obrigada pela presenca livia
6,obrigada pela presenca
7,curtiu uma mensagem
6,lindo o evento amei
2,sem conteudo detectavel
2,sem conteudo detectavel
12,oi quanto custa a blusa modernosa tem gg
2,sem conteudo detectavel
3,nan
3,nan
2,sem conteudo detectavel
2,sem conteudo detectavel
2,sem conteudo detectavel
2,sem conteudo detectavel
2,sem conteudo detectavel
2,sem conteudo detectavel
2,sem conteudo detectavel
2,sem conteudo detectavel
2,sem conteudo detectavel
2,sem conteudo detectavel
2,sem conteudo detectavel
2,sem conteudo detectavel
5,link compartilhado
5,link compartilhado
5,link compartilhado
5,link compartilhado
5,link compartilhado
5,link compartilhado
3,nan
5,link compartilhado
5,link compartilhado
5,link compartilhado
5,link compartilhado
5,link compartilhado
5,link compartilhado
5,link compartilhado
5,link compartilhado
5,link compartilhado
5,link compartilhado
7,curtiu uma mensagem
7,curtiu uma mensagem
2,sem conteudo detectavel
2,sem conteudo detectavel
2,sem conteudo detectavel
2,sem conteudo detectavel
2,sem conteudo detectavel
3,nan
13,qual o endereco
7,curtiu uma mensagem
3,nan
3,nan
1,foi so hoje ou vai ficar mais tempo
2,sem conteudo detectavel
2,sem conteudo detectavel
2,sem conteudo detectavel
5,link compartilhado
5,link compartilhado
5,link compartilhado
5,link compartilhado
0,essa gladiadora qual o numero tem <num>
5,link compartilhado
1,infelizmente esse evento acontece um unico dia
5,link compartilhado
5,link compartilhado
5,link compartilhado
8,ola anna tem sim tamanho <num>
7,curtiu uma mensagem
7,curtiu uma mensagem
7,curtiu uma mensagem
7,curtiu uma mensagem
1,e tem ela preta
10,oi anna acabamos de olhar no nosso estoque temos <num> preta no tamanho <num> voce deseja
10,oi maria tudo bem bom dia nosso evento e exclusivo para nossas clientes conhecerem o mix de perto e ocorre duas vezes ao ano o proximo sera em novembro te esperamos
8,oi paola como vai temos ela disponivel do tamanho <num> ao <num>
4,valor <num>
0,eu quero sim mas vc poderia me enviar a foto do modelo so pra eu confirmar
1,claro
5,<url>
13,e essa
0,vou querer a <num> qual e sua chave pix
10,paola nossas vendas sao realizadas pelo nosso site te encaminho abaixo o link para que voce possa acessar e fechar seu pedido
13,yes
5,<url>
1,qualquer coisa sigo aqui me chamo ana
4,<num> nao creio
10,sim estoque atualizado especialmente para voce anna agora ela e a unica no estoque
1,to de olho faz tempooo
6,ta otimo obrigada
0,certo qual o link da compra
1,esse mesmo que te mandei acima
11,maravilha
1,qualquer coisa sigo aqui me chamo ana tambem
6,obrigada ana
7,curtiu uma mensagem
0,compra realizada
0,eu nao recebi email confirmando a compra
0,gostei do conjunto mas nao vi no site
6,oi anna sua compra foi realizada com sucesso pode ficar tranquila ja conferimos aqui direitinho para voce
3,nan
5,link compartilhado
2,sem conteudo detectavel
2,sem conteudo detectavel
2,sem conteudo detectavel
2,sem conteudo detectavel
6,foi muito legal
6,eu adorei ja usei minha saia hj
2,sem conteudo detectavel
0,ah que otimo monica deve ter ficado incrivel com toda a sua bossa
3,nan
1,vamos pensar no q podemos fazer juntas
13,ola
0,como eu poderia rastrear minha compra
1,vamos super
9,bia sent an attachment
9,bia sent an attachment
6,bom dia
0,por onde posso acompanhar o envio da minha compra
10,ola anna bom dia seu produto vou enviado dia <num> <num> voce consegue acompanhar tudo pelo codigo de rastreio abaixo
4,am <num> br
1,qualquer duvida por favor nos avise
6,obrigada
2,sem conteudo detectavel
2,sem conteudo detectavel
2,sem conteudo detectavel
0,oi tudo bem esta com algum problema no site para pagar com cartao de credito o codigo cvv some
6,oiiii tudo bem
11,imagem enviada
1,quanto ta essa blusa
5,<url>
12,ola emily td bem segue aqui os detalhes da blusa que gostou qualquer duvida estamos a disposicao
6,obrigada
0,ola priscila td bem e vc acabamos de fazer alguns testes e esta funcionando normalmente poderia testar novamente para ver se da certo
10,pedimos desculpas pelo transtorno
1,qualquer coisa seguimos a disposicao por aqui ok
2,sem conteudo detectavel
2,sem conteudo detectavel
2,sem conteudo detectavel
6,ok obrigada
2,sem conteudo detectavel
2,sem conteudo detectavel
5,link compartilhado
0,ola algum cupom de desconto na primeira compra
1,oi tatiana tudo bem infelizmente nao temos o cupom
1,sigo aqui para o que voce precisar
10,oi tudo certinho por ai somos a ecru e trabalhamos com embalagens sustentaveis e personalizaveis feitas em algodao cru nossos principais produtos sao necessaire saquinhos ecobags nos identificamos muito com a sua empresa e adorariamos te apresentar nosso catalogo posso te enviar mais informacoes pelo e mail ou whatsapp ah tambem aceitamos propostas de orcamento ou cobrimos valores de outros fornecedores
9,bia sent an attachment
2,sem conteudo detectavel
3,nan
5,link compartilhado
9,bia sent an attachment
2,sem conteudo detectavel
2,sem conteudo detectavel
8,ola como tirar duvidas de tamanho da peca
0,boa tarde estava previsto pra chegar hoje minha encomenda porem nada foi entregue
0,vc poderia checar se houve algum problema com os correios de sao paulo pois nem chegou no correio de curitiba
10,scorro shared a product
0,quero comprar mas preciso saber se ela calca certinho o numero do calco o numero <num> devo comprar o mesmo
0,ola pode comprar o numero certinho mesmo
1,parece que o contato por aqui nao e satisfatorio
9,mari sent an attachment
1,oie essa calca vai ter reposicao na curadoria
9,bia sent an attachment
6,bom dia
0,vc teria alguma informacao sobre a minha encomenda
9,bia sent an attachment
5,link compartilhado
9,bia sent an attachment
10,oi anna bom dia tudo bem nos desculpe a falta de resposta vou te mandar mensagem via whatsapp para ficar melhor a nossa comunicacao tudo bem mas pode ficar tranquila pois realmente nosso atendimento funciona prioritariamente durante a semana e nao vamos te deixar desamparada
10,oi danuza bom dia tudo bem pode nos informar por aqui a duvida ou se preferir uma comunicacao mais agil pode nos chamar no nosso whatsapp
4,<num> <num> <num> <num>
10,oi mari bom dia tudo bem infelizmente essa calca nao teremos mais reposicao no curadobia mas estamos com diversas novidades no site qualquer coisa sigo aqui para o que voce precisar
5,<url>
5,<url>
5,<url>
5,<url>
1,o que acha dessas opcoes
0,oie sao lindas porem aquele modelo foi o que mais me agradou mas tranquilo super obrigada pela atencao
0,ola bom dia tudo bem voces tem um pdf com o portifolio de produtos que trabalham
10,agradecemos o seu interesse e qualquer outra questa o estamos a disposia a o equipe curadobia d
10,ola tania identificamos o seu comenta rio interessada nos valores das sanda lias da bia segue o link para que vocaa possa conferir com calma <url>
0,oi renata boa tarde ana aqui vocaa conseguiu dar uma olhada nas opa aues que te mandei qualquer coisa sigo aqui para o que vocaa precisar ta
1,mas temos varias opa aues qualquer coisa sigo aqui para te auxiliard
5,<url>
5,<url>
0,com relaa a o a cala a na <num> s temos essas duas opa aues que penso que vc pode gostar
0,ola renata bom dia que bom receber mensagem tua me chamo ana e faa o parte do time curadobia nesse lindo look da bia na <num> s temos somente a blusa disponavel no curadobia aoi
6,bom dia gostei da cala a vai ter no site obrigada
3,nan
9,due sent an attachment
1,qualquer coisa seguimos a disposia a o por aqui ok
10,pedimos desculpas pelo transtorno
0,ola priscila td bem e vc acabamos de fazer alguns testes e esta funcionando normalmente poderia testar novamente para ver se da certo
10,oi tudo bem esta com algum problema no site para pagar com carta o de cra c dito o ca <num> digo cvv some
9,mybasic sent an attachment
9,mybasic sent an attachment
3,nan
3,nan
3,nan
3,nan
9,you sent an attachment
6,que lindood
8,que tamanho costuma usar
4,ola boa tarde o <num> a c equivalente ao p <num> m e <num> g
8,qual tamanho
10,jussara shared a product
7,reagiu com dd a sua mensagem
10,ola silvana boa tarde tudo bem estamos entrando em contato porque identificamos que ha um tempo vocaa demonstrou interesse nas sapatilhas da bia que apareceram em um dos nossos reels agora eles esta o disponaveis no site do curadobia dd segue o link <url> obrigada por nos acompanhar silvana qualquer daovida estamos a disposia a o equipe curadobia d
1,qualquer coisa sigo aqui
10,oi adriana bom dia como vai obrigada pelo seu interesse conosco estamos fazendo uma repaginaa a o no site e assim que voltarmos te mando o link do nosso conjunto que vocaa gostou d deg
13,cadaa quero
3,nan
3,nan
3,nan
10,ola pessoal como va o meu nome a c ana e trabalho junto com a bia paes de barros no curadobia com br o curadobia a c um marketplace que nasceu com o propa <num> sito de reunir em um sa <num> lugar pea as que fazem toda a diferena a no arma rio e ao mesmo tempo sa o fa ceis de usar os chamados neutros com tcharanz acreditamos que a rocio canvas super se conecta com essa proposta com quem poderia conversar para falar mais sobre aguardo vocaas
0,obrigada pelo retorno as pea as sa o incraveis a que me apaixonei por essa cala a enta o foi ela que me prendeu o olhar daoi
1,seguimos a disposia a o para o que precisar
10,ola que bom que vocaa se interessou por na <num> s muito bom receber tua mensagem joana infelizmente essa cala a na o esta no curadobia e a c acervo pessoal da bia mesmod esse video tem a finalidade de apresentar as nossas camisas d esperamos que goste
3,nan
10,oi time da curadobia tudo bem sou joana sigo o perfil e amo tem uma cala a que vi numa propaganda que me apaixonei mas na o encontrei no site queria saber de onde ela a c por favor se puderem vocaas me contam super obrigada bj
13,d
3,nan
3,nan
3,nan
3,nan
3,nan
3,nan
3,nan
3,nan
1,ola tudo bem sobre qual funcionamento deseja saber
6,adorei como funciona d c
10,ola gostaraamos de ora ar com vocaas o aluguel de algumas pea as objetos de vocaas para um dia de evento que vamos fazer a possavel obrigada desde ja
10,ola alessandra boa tarde tudo bem estamos entrando em contato porque identificamos que ha um tempo vocaa demonstrou interesse nas sanda lias da bia que apareceram em um dos nossos reels agora eles esta o disponaveis no site do curadobia dd segue o link <url> obrigada por nos acompanhar alessandra qualquer daovida estamos a disposia a o equipe curadobia d
3,nan
3,nan
13,ta chegando
9,cecilia sent an attachment
9,cecilia sent an attachment
1,tutu meu filho a c tutu arthur kkkk
3,nan
3,nan
3,nan
9,cecilia sent an attachment
3,nan
0,na o temos cupom de desconto no momento
6,ola kari bom dia tudo bem
0,tem cupom de desconto primeira compra
10,ola como vai muito prazer meu nome a c ana e trabalho aqui no curadobia na o sei se recordam pora c m conversamos no primeiro semestre do ano passado <num> sobre esse projeto da bia paes de barros desde la evoluamos bastante e estamos concretizados como um marketplace em potencial crescimento queremos compartilhar com vocaas nosso site para darem uma olhada curadobia com br ainda temos a toruss em foco o que acham de retomarmos contato aguardo vocaas
7,curtiu uma mensagem
11,rua peixoto gomite <num>
4,dia <num> <num> das <num> hs as <num> hs
0,sera um dia de vendas presenciais de todas as pea as do mix d
1,ola como vai funcionar onde vai ser obrigada
5,<url>
1,de onde a c esse macaca o maravilhoso amo a i
9,iveasey sent an attachment
5,<url>
6,bom dia maria luiza que bacana que se interessou por essa cala a ela a c muito especial mesmo o valor r <num> <num> caso tenha mais alguma duvida na o deixe de nos constatar equipe curadobia a
1,qual o prea o
11,que cala a maravilhosa
11,lindas
7,reagiu com d a sua mensagem
0,ola maria luiza td bem obrigada pelo seu interesse a sandalia a c feita de um material ela stico que parece um neoprene para trazer conforto e se moldar nos pa c s d
13,a acolchoada
10,maria shared a product
6,obrigada
10,ola maria tudo bem obrigada por ter entrado em contato conosco te aconselhamos comprar o seu numero mesmo no caso o tamanho <num> qualquer outra daovida pode sempre entrar em contato conosco equipe curadobia d
0,essa sanda lia cala a certo cala o <num> sera que preciso comprar <num>
10,maria shared a product
10,maria shared a product
7,curtiu uma mensagem
0,oi pri esta o entrando muitas marcas incraveis novas no curadobia pora c m a oysho na o a c uma delasd
11,vocaas irao vender oysho
9,pri sent an attachment
9,bia sent an attachment
3,nan
9,bia sent an attachment
9,bia sent an attachment
3,nan
9,bia sent an attachment
9,bia sent an attachment
3,nan
3,nan
9,bia sent an attachment
9,bia sent an attachment
3,nan
3,nan
3,nan
3,nan
3,nan
3,nan
3,nan
3,nan
3,nan
3,nan
3,nan
3,nan
3,nan
3,nan
3,nan
9,bia sent an attachment
9,bia sent an attachment
3,nan
9,bia sent an attachment
3,nan
3,nan
3,nan
9,bia sent an attachment
9,bia sent an attachment
9,bia sent an attachment
3,nan
3,nan
9,bia sent an attachment
9,bia sent an attachment
9,bia sent an attachment
7,curtiu uma mensagem
3,nan
3,nan
3,nan
3,nan
3,nan
9,bia sent an attachment
9,bia sent an attachment
3,nan
9,bia sent an attachment
3,nan
3,nan
9,bia sent an attachment
3,nan
9,bia sent an attachment
9,bia sent an attachment
3,nan
3,nan
3,nan
3,nan
9,bia sent an attachment
9,bia sent an attachment
3,nan
3,nan
3,nan
9,bia sent an attachment
3,nan
3,nan
3,nan
3,nan
3,nan
3,nan
9,bia sent an attachment
9,bia sent an attachment
3,nan
3,nan
3,nan
3,nan
3,nan
9,bia sent an attachment
3,nan
3,nan
3,nan
9,bia sent an attachment
3,nan
3,nan
9,bia sent an attachment
3,nan
3,nan
9,bia sent an attachment
3,nan
9,bia sent an attachment
9,bia sent an attachment
3,nan
3,nan
9,bia sent an attachment
3,nan
3,nan
3,nan
3,nan
9,bia sent an attachment
9,bia sent an attachment
9,bia sent an attachment
9,bia sent an attachment
3,nan
3,nan
3,nan
3,nan
3,nan
9,bia sent an attachment
3,nan
3,nan
3,nan
9,bia sent an attachment
9,bia sent an attachment
7,curtiu uma mensagem
3,nan
3,nan
3,nan
3,nan
9,bia sent an attachment
3,nan
3,nan
3,nan
9,bia sent an attachment
3,nan
3,nan
9,bia sent an attachment
9,bia sent an attachment
3,nan
3,nan
3,nan
3,nan
3,nan
9,bia sent an attachment
9,bia sent an attachment
9,bia sent an attachment
9,bia sent an attachment
9,bia sent an attachment
3,nan
9,bia sent an attachment
7,curtiu uma mensagem
3,nan
3,nan
3,nan
9,bia sent an attachment
9,bia sent an attachment
9,bia sent an attachment
3,nan
3,nan
3,nan
9,you sent an attachment
3,nan
9,bia sent an attachment
9,bia sent an attachment
9,bia sent an attachment
3,nan
9,bia sent an attachment
9,bia sent an attachment
9,bia sent an attachment
3,nan
5,<url>
3,nan
9,bia sent an attachment
9,bia sent an attachment
9,bia sent an attachment
3,nan
3,nan
3,nan
3,nan
3,nan
9,bia sent an attachment
3,nan
3,nan
9,bia sent an attachment
9,bia sent an attachment
3,nan
3,nan
3,nan
3,nan
3,nan
3,nan
9,bia sent an attachment
7,curtiu uma mensagem
3,nan
3,nan
3,nan
3,nan
3,nan
3,nan
3,nan
3,nan
3,nan
7,curtiu uma mensagem
3,nan
3,nan
7,curtiu uma mensagem
3,nan
3,nan
9,bia sent an attachment
3,nan
3,nan
3,nan
3,nan
3,nan
9,bia sent an attachment
9,bia sent an attachment
9,bia sent an attachment
9,bia sent an attachment
9,bia sent an attachment
3,nan
3,nan
9,bia sent an attachment
3,nan
3,nan
3,nan
9,bia sent an attachment
9,bia sent an attachment
3,nan
9,bia sent an attachment
9,bia sent an attachment
9,bia sent an attachment
9,bia sent an attachment
3,nan
3,nan
3,nan
3,nan
9,bia sent an attachment
3,nan
3,nan
3,nan
3,nan
3,nan
9,bia sent an attachment
9,bia sent an attachment
9,bia sent an attachment
9,bia sent an attachment
9,bia sent an attachment
9,bia sent an attachment
9,bia sent an attachment
9,bia sent an attachment
9,bia sent an attachment
3,nan
3,nan
3,nan
3,nan
9,bia sent an attachment
9,bia sent an attachment
9,bia sent an attachment
3,nan
3,nan
3,nan
3,nan
3,nan
3,nan
3,nan
3,nan
3,nan
3,nan
3,nan
3,nan
3,nan
3,nan
3,nan
9,bia sent an attachment
3,nan
3,nan
3,nan
3,nan
3,nan
3,nan
9,bia sent an attachment
3,nan
3,nan
3,nan
3,nan
3,nan
9,bia sent an attachment
9,bia sent an attachment
3,nan
3,nan
3,nan
3,nan
3,nan
3,nan
9,bia sent an attachment
3,nan
3,nan
3,nan
3,nan
3,nan
9,bia sent an attachment
3,nan
7,curtiu uma mensagem
3,nan
3,nan
3,nan
9,bia sent an attachment
3,nan
9,bia sent an attachment
3,nan
3,nan
9,bia sent an attachment
3,nan
3,nan
3,nan
9,bia sent an attachment
9,bia sent an attachment
3,nan
3,nan
3,nan
3,nan
3,nan
9,bia sent an attachment
3,nan
3,nan
3,nan
3,nan
3,nan
3,nan
3,nan
3,nan
3,nan
3,nan
3,nan
0,you shared a product
9,you sent an attachment
3,nan
3,nan
9,bia sent an attachment
3,nan
9,bia sent an attachment
9,bia sent an attachment
3,nan
3,nan
3,nan
3,nan
9,bia sent an attachment
9,bia sent an attachment
9,bia sent an attachment
9,bia sent an attachment
9,bia sent an attachment
9,bia sent an attachment
9,bia sent an attachment
9,bia sent an attachment
3,nan
3,nan
3,nan
3,nan
3,nan
3,nan
9,bia sent an attachment
3,nan
3,nan
3,nan
3,nan
3,nan
3,nan
3,nan
3,nan
9,bia sent an attachment
9,bia sent an attachment
3,nan
3,nan
9,bia sent an attachment
9,bia sent an attachment
3,nan
3,nan
3,nan
3,nan
3,nan
9,bia sent an attachment
9,bia sent an attachment
9,bia sent an attachment
9,bia sent an attachment
9,bia sent an attachment
9,bia sent an attachment
9,bia sent an attachment
3,nan
3,nan
3,nan
3,nan
3,nan
3,nan
3,nan
3,nan
3,nan
3,nan
9,bia sent an attachment
9,bia sent an attachment
3,nan
3,nan
3,nan
3,nan
3,nan
3,nan
3,nan
3,nan
3,nan
3,nan
3,nan
9,bia sent an attachment
3,nan
3,nan
9,bia sent an attachment
3,nan
9,bia sent an attachment
3,nan
3,nan
9,you sent an attachment
9,bia sent an attachment
3,nan
3,nan
3,nan
3,nan
3,nan
3,nan
3,nan
3,nan
3,nan
3,nan
9,you sent an attachment
3,nan
3,nan
9,bia sent an attachment
3,nan
9,bia sent an attachment
9,bia sent an attachment
9,bia sent an attachment
3,nan
9,bia sent an attachment
3,nan
3,nan
9,bia sent an attachment
9,bia sent an attachment
9,bia sent an attachment
9,bia sent an attachment
9,bia sent an attachment
9,bia sent an attachment
9,bia sent an attachment
9,bia sent an attachment
9,bia sent an attachment
3,nan
3,nan
3,nan
3,nan
3,nan
9,bia sent an attachment
9,bia sent an attachment
9,bia sent an attachment
3,nan
3,nan
3,nan
3,nan
3,nan
3,nan
9,bia sent an attachment
9,bia sent an attachment
3,nan
3,nan
3,nan
9,bia sent an attachment
9,bia sent an attachment
3,nan
3,nan
3,nan
3,nan
3,nan
3,nan
9,bia sent an attachment
9,bia sent an attachment
3,nan
9,bia sent an attachment
3,nan
3,nan
3,nan
3,nan
3,nan
9,bia sent an attachment
3,nan
3,nan
3,nan
9,bia sent an attachment
3,nan
9,bia sent an attachment
3,nan
3,nan
3,nan
3,nan
9,bia sent an attachment
13,d
9,you sent an attachment
3,nan
9,studio sent an attachment
13,d
3,nan
3,nan
3,nan
10,oi bia sou erika dos <user> gostaria de saber como vocaa trabalha em relaa a o a promoa a o de produtos meus brincos sa o autorais e os fabrico a <num> anos a produa a o a c <num> nacional fabricamos desde a liga do metal ata c o banho de ouro <num> k nossos brincos sa o todos bordados a ma o com um finassimo arame de cobre e depois banhado a ouro espero seu contato obrigada
6,ola muitassimo obrigada d
0,ola camila td bem segue aqui o link da blusa que vocaa gostou qualquer duvida estamos a disposia a o ok a
5,<url>
3,nan
3,nan
3,nan
10,ola tudo bem entre em contato com nosso comercial <num>
10,ola como vai muito prazer meu nome a c ana e trabalho aqui no curadobia na o sei se recordam pora c m conversamos no primeiro semestre do ano passado <num> sobre esse projeto da bia paes de barros desde la evoluamos bastante e estamos concretizados como um marketplace em potencial crescimento queremos compartilhar com vocaas nosso site para darem uma olhada curadobia com br ainda temos a pata em foco o que acham de retomarmos contato aguardo vocaas
3,nan
3,nan
3,nan
3,nan
11,ola bom dia as medidas esta o na descria a o de cada pea a
0,ola eu encontro as medidas no site
6,ola boa tarde silvana tudo bem obrigada pela sua mensagem a nossa pantalona jeans esta saindo por r <num> <num> qualquer coisa estamos aquid
12,ola quanto custa a pantalona
9,silvana sent an attachment
7,curtiu uma mensagem
3,nan
3,nan
3,nan
3,nan
3,nan
3,nan
3,nan
3,nan
10,oi talita muito bom receber sua mensagem agradecemos demais o contato e que bacana vocaas terem pensado na gente pora c m nesse momento na <num> s na o estamos trabalhando com produa a o de qualquer forma salvamos o teu contato para futuras oportunidades atenciosamente equipe curadobiad
10,oiii boa tarde me chamo talita e sou figurinista na emissora cnbc <user> licenciada pela <user> uma emissora nova que transmite jornalismo de nega <num> cios e a c lider mundial no seu segmento temos no nosso elenco grandes nomes do jornalismo incluido carol barcellos rita wu erica reis christiane pelajo zeca camargo natalia ariade estou apenas dando um exemplo do time de peso que faz parte da emissora as meninas sa o a cara da marca elas postam marcam o tem o manequim otimo e sao mega fotogaanicas podemos alinhar a produa a o me ajudem rs vai ser uma parceria incrivel um beijo e aguardo retorno
5,<url>
6,oi silvana tudo bem bom dia quem fala com vocaa a c a ana do time curadobia posso confirmar com vocaa se seria essa camisa que te interessou segue
12,gostaria a camisa branca tamanho m a possavel
7,curtiu uma mensagem
1,imagina qualquer coisa estamos por aqui sa <num> chamar abraa os d
6,mto obrigada msm
0,sim a carol entrou em contato comigo uma fofa super atenciosa
6,oiee bom dia
7,curtiu uma mensagem
1,oie dany bom dia a vala c ria e a lunna entraram em contato com vocaa correto
6,mto obrigada pelo retorno
13,oie
0,ola dany boa tarde tudo bem sim e com vocaa pea o desculpas por essa demora estou verificando sobre porque ainda na o foi dada sequaancia na troca o processo interno nosso ja foi encaminhado com a troca para o tamanho p
1,conseguem me ajudar por aqui
8,sobre a troca da cala a que comprei quero trocar por um tamanho menor recebi um e mail de vcs no dia <num> <num> <num> respondi mas dps disso na o tive mais retorno
6,td bem
6,ola bom dia
10,dany vou pedir para vocaa me informar qual o seu melhor e mail para que a marca encaminhe as orientaa aues
0,oi dany bom dia desculpa ontem na o ter te dado um retorno a marca havia informado que estaria chegando ontem mesmo
8,como a c o processo da troca
1,mas ficou granded<<
1,meu pedido chegou hj
13,ola
0,eu queria usar nas fotos que irei fazer amanha
1,aiiiin que pena
10,perfeito estamos entrando em contato com a marca e ja lhe posicionamos tivemos alguns problemas com pedidos em funa a o da greve dos correios e isso pode estar atrelado
1,ola dany bom dia
0,vc consegue rastrear o meu pedido
1,e ainda na o chegou
0,eu comprei a cala a pantalona branca no dia <num> <num>
6,ola bom dia
10,ola dany podemos ajudar sim claro
13,ola
10,preciso de uma ajudinha com o meu pedido
6,ola boa tarde
1,imagina estamos por aqui qualquer coisa que precisar
0,ainda hj vou efetuar a compra da cala a
6,mto obrigada
11,ahhh maravilha
10,na <num> s seguimos acompanhando todo o processo ata c sua finalizaa a o
10,ola dany bom dia caso tenha algum problema com o tamanho vocaa pode optar por trocar ou devolver o produto basta nos informar pelo e mail contato curadobia <user> com que iremos encaminhar sua solicitaa a o para a marca responsa vel a marca ira proceder com os pra <num> ximos passos como envio do ca <num> digo de logastica reversa e tudo mais
8,caso na o fique com como funciona a troca
6,bom dia
13,oieee
13,imagina
6,mto obrigada msm
11,maravilha
6,agradea o o feedback
10,estaremos atualizando no site para conter essa tabela que realmente estava faltando
8,seguem as medidas p ca <num> s <num> cm e veste quadril ata c <num> cm m ca <num> s <num> cm e veste um quadril ata c <num> cm g ca <num> s <num> cm e veste um quadril ata c <num> cm
6,ola dany boa tarde tudo bem
3,nan
12,gostaria de saber o tamanho da cintura dessa cala a no tamanho m
6,ola boa noite
11,lindassima
13,d
6,obrigada eu aviso sim gostei bastante vou levar para a cliente
13,oii
1,qualquer coisa me avisa d
10,bom dia julienne como vai conseguiu analisar a selea a o que fiz especificamente para vocaa e sua cliente
6,bom dia julienne o que achou da nossa selea a o edited
1,sigo aqui para qualquer daovida
6,bom dia julienne o que achou da nossa selea a o
6,ola muito obrigada vou ver em breve
10,com certeza vocaa ira encontrar pea as ideais para o seu objetivo nesses links que te mandei julienne qualquer coisa eu sigo aqui para o que vocaa precisar d
0,os bodys da revival sa o excelentes pea as neutras e ba sicas para ter no arma rio e possuem uma ampla grade de tamanhos <url> ala c m disso temos nossos acessa <num> rios <url> bolsas <url> e sapatos <url>
8,todas as pea as da mybasic e da lounge <num> possuem uma ampla grade <url> <url> os produtos da cecilia possuem uma modelagem mais ampla <url> alguns dos produtos da nauanin chegam ata c a numeraa a o xxgg equivalendo a um <num> <url>
0,claro vou separar nossas opa aues disponaveis em tamanhos maiores e te mando aqui d
6,ola julienne bom dia tudo bem que bom receber sua mensagem eu me chamo ana e sou do time curadobia
12,ola bom dia roupas lindas aqui mas na o encontrei muitas opa aues de tamanhos maiores a isso mesmo tenho uma cliente que se enquadraria perfeita nesse estilo mais contempora neo mas a c um tamanho g gg <num> <num> poderiam me sugerir algumas opa aues
3,nan
7,vocaa na o recebeu essa mensagem
7,qual foi a mensagem
1,este a c meu whatsappa
13,ola
10,ola adriana tudo bem te encaminhamos uma mensagem pelo seu whatsapp obrigada por ter entrado em contato conosco
6,muito obrigada
10,email adrianaleitecarvalho <user> com
4,meu tel <num> <num> <num>
10,algua c m poderia entrar em contato comigo por e mail ou whatsapp o site de vcs parece que esta com problemas na o funciona direito na o
0,fiz uma compra de um casaco com vcs e na o vestiu bem gostaria de trocar por uma cala a fresquinha tamanho m
13,ola
10,ola pessoal como va o muito prazer meu nome a c ana e trabalho junto com a bia paes de barros no curadobia com br o curadobia a c um marketplace que nasceu com o propa <num> sito de reunir em um sa <num> lugar pea as que fazem toda a diferena a no arma rio e ao mesmo tempo sa o fa ceis de usar os chamados neutros com tcharanz acreditamos que a lourie super se conecta com essa proposta com quem poderia conversar para falar mais sobre aguardo vocaas
7,curtiu uma mensagem
3,nan
3,nan
3,nan
3,nan
3,nan
3,nan
3,nan
3,nan
10,ola curadobia tudo bem agradecemos o interesse pela marca para garantir que vocaa receba a atena a o e cuidado adequados pedimos a gentileza de encaminhar mais informaa aues como contatos rede social e portfa <num> lio para mkt conteudo <user> com br nossa equipe de marketing a c especializada nesse assunto dessa forma tenho certeza de que eles avaliara o e se houver interesse entrara o em contato prontamente fique a vontade para entrar em contato caso tenha alguma daovida estamos aqui para ajudar
10,ola pessoal como va o meu nome a c ana e trabalho junto com a bia paes de barros no curadobia com br o curadobia a c um marketplace que nasceu com o propa <num> sito de reunir em um sa <num> lugar pea as que fazem toda a diferena a no arma rio e ao mesmo tempo sa o fa ceis de usar os chamados neutros com tcharanz acreditamos que a escudero co super se conecta com essa proposta com quem poderia conversar para falar mais sobre aguardo vocaas
7,curtiu uma mensagem
3,nan
3,nan
3,nan
3,nan
10,ola pessoal como va o meu nome a c ana e trabalho junto com a bia paes de barros no curadobia com br insta <user> oficial o curadobia a c um marketplace que nasceu com o propa <num> sito de reunir em um sa <num> lugar pea as que fazem toda a diferena a no arma rio e ao mesmo tempo sa o fa ceis de usar os chamados neutros com tcharanz acreditamos que a aim super se conecta com essa proposta com quem poderia conversar para falar mais sobre aguardo vocaas
10,ola pessoal como va o meu nome a c ana e trabalho junto com a bia paes de barros no curadobia com br o curadobia a c um marketplace que nasceu com o propa <num> sito de reunir em um sa <num> lugar pea as que fazem toda a diferena a no arma rio e ao mesmo tempo sa o fa ceis de usar os chamados neutros com tcharanz acreditamos que a aylla super se conecta com essa proposta com quem poderia conversar para falar mais sobre aguardo vocaas
3,nan
3,nan
7,curtiu uma mensagem
6,obrigada pelo prestagio foi incravel te ter de pertinho hojed d
3,nan
3,nan
7,reagiu com d a sua mensagem
10,elas estara o no curadobia a partir de outubro d
0,amoooo suas rasteiras na o sa o da sua lj mas poderia indicar aonde taam aquela custo benefacio
5,<url>
1,qualquer duvida nos avise ok
10,oi lais boa noite o site esta funcionando normalmente esperamos que consiga finalizar seu pedido agora
1,qualquer coisa sigo aquid
10,oi lais bom dia como vai ana aqui da equipe do curadobia obrigada pelo seu interesse conosco estamos fazendo uma repaginaa a o no site e assim que voltarmos te aviso tudo bem d deg
0,bia td bom na o estou conseguindo finalizar a compra da aregata podrinhaa coloquei os dados do carta o e no campo cvv eu ponho os naomeros mas o sistema ignora que eu coloquei tentei va rias vezes acho que esta com problemaa
10,ola pessoal como va o meu nome a c ana e trabalho junto com a bia paes de barros no curadobia com br o curadobia a c um marketplace que nasceu com o propa <num> sito de reunir em um sa <num> lugar pea as que fazem toda a diferena a no arma rio e ao mesmo tempo sa o fa ceis de usar os chamados neutros com tcharanz acreditamos que a mareu nitschke super se conecta com essa proposta com quem poderia conversar para falar mais sobre aguardo vocaas
3,nan
3,nan
13,d
3,nan
3,nan
3,nan
7,curtiu uma mensagem
3,nan
6,obrigada pela presena a silviad
3,nan
3,nan
3,nan
13,d
0,bom dia gil infelizmente na o trabalhamos com cupom para <num> aa compra ainda mas estamos a disposia a o para sanar qualquer daovida
0,ola tudo bem tem cupom para <num> a compra
13,igualmente
6,muito obrigada tenham um bom fim de semana
10,claro pode enviar para nosso e mail contato curadobia <user> com
7,vocaa poderia me passar o contato dos responsa veis
10,somos uma produtora de a udio visual e achamos que seria interessante apresentar o nosso trabalho e portifa <num> lio
6,tudo bem tamba c m
1,ola tudo bem sim e com vocaa
6,oii tudo bem
12,sua camisa a c linda
0,ola pode comprar o numero certinho mesmo
0,quero comprar mas preciso saber se ela cala a certinho o naomero do cala o o naomero <num> devo comprar o mesmo
10,scorro shared a product
5,<url>
10,oi mariana bom diad o que acha desse modelo que temos no curadobia
12,e a blusa
7,curtiu uma mensagem
0,oi julia tudo bem essa a c da egrey mais antigaa estamos a poucos dias de lana ar novos modelos de jeans de uma nova marca que entrara no curadobia assim que lana armos te mandamos aquid
1,e a cala a a c de onde
6,muito obrigada legal que sou do mesmo tamanho que ela
8,pora c m a c interessante frisar que a modelagem da cala a a c uma cintura no lugar nem cintura baixa e nem cintura alta
8,altura seria <num> <num> cintura <num> quadril <num>
6,ola jaolia bom dia tudo bem
8,gostaria de saber qual a altura e medidas da bia pra entender melhor o tamanho de referaancia
9,julia sent an attachment
13,d
3,nan
3,nan
3,nan
3,nan
3,nan
3,nan
3,nan
3,nan
3,nan
1,oi ana a marcia fonseca esta em contato com vc ne vamos conversar sim a fernanda tem mto interesse
10,ola pessoal como va o meu nome a c ana e trabalho junto com a bia paes de barros no curadobia com br o curadobia a c um marketplace que nasceu com o propa <num> sito de reunir em um sa <num> lugar pea as que fazem toda a diferena a no arma rio e ao mesmo tempo sa o fa ceis de usar os chamados neutros com tcharanz acreditamos que a fernanda yamamoto super se conecta com essa proposta com quem poderia conversar para falar mais sobre aguardo vocaas
4,maravilha dd <num> <num>
10,bom dia beatriz tudo bem obrigada por ter entrado em contato conosco vamos te encaminhar uma mensagem pelo nosso whatsapp oficial edited
10,bom dia beatriz tudo bem obrigada por ter entrado em contato conosco vamos entrar em contato com vocaa pelo nosso whatsapp oficial
11,ops a c a blusa pah
6,obrigada
0,mas gostaria de experimentar antes de comprar a possavel meu cel <num> <num> <num>
12,eu amei a blusa branca tcharam d deg
6,ola bom dia
13,ibaaaa
7,curtiu uma mensagem
10,segue o link dele qualquer daovida ou questa o estamos a disposia a o obrigada por nos acompanhar equipe curadobia d
5,<url>
3,nan
0,oi sandra tudo bem passando aqui para te avisar que o jeans preto que vocaa se interessou no nosso reels um tempinho atra s esta disponavel d
6,obrigada beijinhos
10,ola emilia boa noite tudo bem agradecemos demais o feedback e pode ter certeza que uma das preocupaa aues que estamos tendo a c seguir na busca por marcas que tragam opa aues e grades que representam o maior naomero de corpos possavel sobre a tabela de medida estamos buscando ajustar obrigada por nos informar e seguiremos aprimorando cada vez mais bjos d
0,oi bia tudo bem adorei a <user> o nome ficou demais e claro ja fui olhar as pea as na o localizei tabela de medidas porem pelo tamanho das pea as que vc veste o g provavelmente na o vai caber em mim uso <num> <num> a depender da confeca a o pense com carinho em fazer uma curadoria para tamanhos normais desejo muito sucesso nessa nova empreitada que deus te abena oe bjos
10,ola halanna boa tarde tudo bem estamos entrando em contato porque identificamos que ha um tempo vocaa demonstrou interesse nas sanda lias da bia que apareceram em um dos nossos reels agora elas esta o disponaveis no site do curadobia dd segue o link <url> obrigada por nos acompanhar halanna qualquer daovida estamos a disposia a o equipe curadobia d
6,obrigada
12,ola emily td bem segue aqui os detalhes da blusa que gostou qualquer duvida estamos a disposia a o
5,<url>
1,quanto ta essa blusa
3,nan
6,oiiii tudo bem
1,oba a i
7,curtiu uma mensagem
10,claudia pedido confirmado foi uma regata nadadora tamanho m da mybasic correto esperamos que vocaa adore sua comprad
10,oi claudia que mensagem boa ficamos felizes de vocaa gostar dos nossos produtos vou confirmar sua compra e te aviso
0,ola fiz uma compra com vocaas tudo certo
13,d
10,ola carol td bem e vc pode nos enviar para contato curadobia <user> com
10,ola tudo bem teria um contato do responsa vel da marca ou comercial para falarmos obrigada carol d
13,d
7,curtiu uma mensagem
3,nan
3,nan
5,<url>
6,oi anna que bom receber uma mensagem sua feliz que gostou da sanda lia ela a c uma das queridinhas aqui no curadobiad vou te encaminhar o link dela
11,de onde a c a sanda lia linda
0,ola bom dia tudo bem vocaas tem um pdf com o portifolio de produtos que trabalham
10,oi tudo certinho por aa d somos a eicru e trabalhamos com embalagens sustenta veis e personaliza veis feitas em algoda o cru nossos principais produtos sa o d necessaire d saquinhos d ecobags nos identificamos muito com a sua empresa e adoraraamos te apresentar nosso cata logo posso te enviar mais informaa aues pelo e mail ou whatsapp ah tamba c m aceitamos propostas de ora amento ou cobrimos valores de outros fornecedores
3,nan
13,d
13,d
10,ola pessoal como va o meu nome a c ana e trabalho junto com a bia paes de barros no curadobia com br o curadobia a c um marketplace que nasceu com o propa <num> sito de reunir em um sa <num> lugar pea as que fazem toda a diferena a no arma rio e ao mesmo tempo sa o fa ceis de usar os chamados neutros com tcharanz acreditamos que a l dnim super se conecta com essa proposta com quem poderia conversar para falar mais sobre aguardo vocaas
3,nan
3,nan
13,d
13,d
10,ola pessoal como va o meu nome a c ana e trabalho junto com a bia paes de barros no curadobia com br o curadobia a c um marketplace que nasceu com o propa <num> sito de reunir em um sa <num> lugar pea as que fazem toda a diferena a no arma rio e ao mesmo tempo sa o fa ceis de usar os chamados neutros com tcharanz acreditamos que a iara wisnik super se conecta com essa proposta com quem poderia conversar para falar mais sobre aguardo vocaas
10,ola pessoal como va o meu nome a c ana e trabalho junto com a bia paes de barros no curadobia com br o curadobia a c um marketplace que nasceu com o propa <num> sito de reunir em um sa <num> lugar pea as que fazem toda a diferena a no arma rio e ao mesmo tempo sa o fa ceis de usar os chamados neutros com tcharanz acreditamos que a projeto zero um super se conecta com essa proposta com quem poderia conversar para falar mais sobre aguardo vocaas
13,d
6,obrigada pelo prestagio foi incravel te ter de pertinho ontemd d
3,nan
3,nan
3,nan
12,que roupa bonita
13,d
13,a i
10,ola tudo bem meu nome a c leonardo trabalho na importadora <user> <user> vi o instagram da marca e vocaas tem o perfil lulitex muito sofisticaa a o e bom gosto trabalhamos com pronta entrega e importaa a o de tecidos exclusivos de acordo com a demanda do cliente nosso showroom tem um acervo enorme sera um prazer recebe los em uma visita poderia me passar o contato do estilo ou compras desde ja agradea o a atena a o att leonardo josa c e mail leonardo <user> com br pabx <num> <num> <num> <num> whatsapp <num> <num> <num> <num> www lulitex com br
6,obrigada pelo feedback maria
13,obaa d
6,adorei a dica
6,adorei ddd
3,nan
3,nan
3,nan
3,nan
6,obrigada pelo prestagio d d
3,nan
3,nan
3,nan
3,nan
3,nan
3,nan
3,nan
3,nan
3,nan
3,nan
3,nan
12,bom dia tudo bem enta o eu tenho mito daqueles vestidos com estampas e alguns ata c sa o estampas geoma c tricas e todas as opa aues possaveis como posso fazer que na o fiquem parecendo quando usar aquelas roupas que na o tem nada haver comigo eu estou em uma fase de camisa cala a jeans bem moderna e roupas mais discretas mas a c esses vestido como usar
13,ameiiiiiiii
13,d
13,d
13,d
13,d deg
3,nan
3,nan
1,qualquer outra daovida sigo a disposia a o
1,pode deixar
1,poxaa que penaa quando tiverem me avise por favor
8,oi suzane infelizmente na o estamos com previsa o de reposia a o do tamanho <num> da nossa gladiadorad o
6,bom dia a obrigada dd>>
10,solicitamos a reposia a o para a paula ferber logo mais te atualizaremos sobre o estoque d deg
6,oi suzane bom dia como vocaa esta
4,na o tem mais numeraa a o <num>
0,oi ana obrigada pela resposta bom eu vou continuar na torcida pra esse frete internacional se materializar um dia desses pq a gente quer comprar essas coisas lindas e usar logo na c a infelizmente com o prea o do da <num> lar na o tenho recebido as amigas aqui ta o frequentemente mas a c uma boa ideia tamba c m obrigada
6,obrigada por nos acompanhar d sigo aqui para o que vocaa precisar
10,oi karen que bom receber tua mensagem aqui a c a ana faa o parte do time curadobia realmente na <num> s ainda na o trabalhamos com frete internacional d mas na o deixe de pedir para algua c m te levar nossas pea as quando for te visitar va rias clientes internacionais nossas fazem issod
6,bia vocaa acaba comigo com tantas coisas lindas do curadobia queria muito que tivesse frete internacional canada eu fico aqui babando d
6,ta a <num> timo obrigada
1,qualquer coisa sigo aqui me chamo ana
5,<url>
10,paola nossas vendas sa o realizadas pelo nosso site te encaminho abaixo o link para que vocaa possa acessar e fechar seu pedido
0,vou querer a <num> qual a c sua chave pix
4,valor <num>
8,oi paola como vai temos ela disponavel do tamanho <num> ao <num>
12,oi quanto custa a blusa modernosa tem gg
6,certo obrigada o prazo de entrega sa o <num> dias mesmo
10,ola adriana td bem pode escolher a p atendera sua numeraa a o tranquilamente obrigada time curadobia a
8,ola vcs tem uma tabela de medidas para essa cala a amei e gostaria de escolher o tamanho certo visto <num> e tenho <num> <num> de quadril enta o na o tenho certeza do p ou m poderiam me ajudar no aguardo grata adriana baggio
10,adriana shared a product
8,bom dia gostei muito de uma cala a mais gostaria de ter informaa aues dos tamanhos se te tabela de medidas como faa o para saber poderiam me ajudar no aguardo grata adriana baggio
6,obrigada pelo prestagio foi incravel te atender e receber vocaa de pertinho d d
3,nan
3,nan
3,nan
3,nan
3,nan
3,nan
0,oie em breve trarei uma curadobia de bolsas por aqui tmb d
0,bia gosto muito das suas bolsas poderia passar umas dicas na o encontrei no seu site a
13,uhuu
1,oie td bem e vc ainda nao mas em breve tera
1,oiee tudo bem amei a bota tem curadoria dela bjos
6,obrigada
1,vocaa possui interesse em alguma pea a em especafico sigo aqui para o que precisar
10,ola tudo bem que bom receber sua mensagem meu nome a c ana e sou do time curadobia com relaa a o a sua daovida conversei com a pra <num> pria bia e ela nos informou que volumes tamba c m podem funcionar para quem esta um pouco acima desde que tenha um pouco de pele de fora para trazer levezad
8,nao sei se ficaria legal p quem esta um pouco acima do peso
0,gosto muito dos looks mas percebo que ha muito jogo c volumes
13,oiee
13,dd
13,a i a i
1,obrigada pela presena a renata vai arrasar demais com o conjuntinho mascavo nosso antimo terracota d deg
3,nan
3,nan
3,nan
3,nan
0,oi livia boa tarde ana aqui vocaa conseguiu dar uma olhada na jaqueta qualquer coisa sigo aqui para o que vocaa precisar viu
8,praticamos sempre o mesmo valor das marcas o que entrara de extra sera o valor do frete que a c calculado automaticamente se tiver mais alguma daovida nos avise ok
1,meu nome a c ana sigo aqui para o que precisar
5,<url>
0,ola livia td e vc ficamos felizes que gostou dessa jaqueta acredito que tenha sido um erro da lojinha do instagram o valor correto r <num>
3,nan
0,ola tudo bem estou apaixonada por essa jaqueta bacanuda da foto o prea o de <num> pula pra setecentos e tanto na hora de comprar a isso mesmo entra um valor de comissa o na hora da compra
3,nan
3,nan
3,nan
3,nan
3,nan
3,nan
3,nan
3,nan
3,nan
3,nan
3,nan
3,nan
3,nan
3,nan
3,nan
3,nan
3,nan
11,vocaa a c linda e de uma delicadeza admira vel
3,nan
3,nan
3,nan
6,adorei obrigada vcs
7,curtiu uma mensagem
6,obrigada pela presena a a i a i
3,nan
13,d
4,<num>
4,<num>
6,pode me chamar novamente por favor
13,oi
1,na o reconheceu no whats esse naomero
1,seu ddd qual seria
6,muito obrigada
1,podemos falar sim vou te dar um oi no whats para entendermos melhor
6,ola juliana boa tarde tudo bem
12,bom dia comprei esta blusa mas a parte que passa encima do ombro esta solta a assim mesmo podemos falar para eu entender melhor obrigada meu cel <num>
9,juliana sent an attachment
13,obaaa a i a i a i
1,vai super vai amar essa pea a
11,bia sera que a tshirt angela motta branca com uma manga bafa nica vai ter amanha preciso dela
13,super
1,ahh pena mas na hora certa vai dar
6,obrigada a i
6,mas amei a sugesta o ju
0,super ja falei mto com elas mas estao com muitas frentes abertas e nao conseguem fazer mais coisas
1,isso a c curadobia hein
3,nan
1,essa tshirt vai estar no evento namoro tanto ela
3,nan
7,curtiu uma mensagem
0,um dos meus modelos favoritos do site todinh
11,uma coisa de lindo
13,d
7,curtiu uma mensagem
3,nan
3,nan
3,nan
6,ola tudo bem ana e vc que bacanaa vou passar o whatsapp da maia pode falar com ela por gentileza <num> <num>
10,ola pessoal como va o meu nome a c ana e trabalho junto com a bia paes de barros no curadobia com br o curadobia a c um marketplace que nasceu com o propa <num> sito de reunir em um sa <num> lugar pea as que fazem toda a diferena a no arma rio e ao mesmo tempo sa o fa ceis de usar os chamados neutros com tcharanz acreditamos que a marca de vocaas pode se conectar com essa proposta com quem poderia conversar para falar mais sobre aguardo vocaas
6,obrigada pelo prestagio foi incravel te ter de pertinho hojed d
3,nan
8,temos ela ainda no tamanho <num> e <num>
0,para adquirir essa pea a basta clicar no link da jaqueta e finalizar a compra pelo site <url>
6,ola marilene boa noite tudo bem
0,tenho interesse nessa jaqueta
9,marilene sent an attachment
7,curtiu uma mensagem
10,ola juliana boa tarde tudo bem estamos entrando em contato porque identificamos que ha um tempo vocaa demonstrou interesse nos sapatos da bia que apareceram em um dos nossos reels agora eles esta o disponaveis no site do curadobia dd segue o link <url> obrigada por nos acompanhar juliana qualquer daovida estamos a disposia a o equipe curadobia d
6,vou amanha obrigada
1,acho melhor sim esta um pouco certa demais
1,acha melhor pegar maior
3,nan
11,lindaaaa
6,mas que bom que achou conforta vel
1,um tiquinho por conta do bico fino mesmo
0,oii comprei a bico fino o dedo fica um pouquinho de lado pra fora na c mas super conforta vel
7,curtiu uma mensagem
11,super normal a forma
8,na o tenho nada da paula ferber a numeraa a o a c normal a forma
6,legal obrigada
8,com certeza nao exatamente por isso que pensamos nesse material que se molda nos pes d
1,eu amei a que tem a ponta duvida tem que ter tornozelo fino obrigada
9,andrea sent an attachment
3,nan
5,<url>
9,brenda sent an attachment
9,brenda sent an attachment
9,brenda sent an attachment
9,brenda sent an attachment
5,<url>
9,brenda sent an attachment
5,<url>
5,<url>
5,<url>
5,<url>
5,<url>
7,curtiu uma mensagem
5,<url>
5,<url>
5,<url>
1,caraca muito
1,olha que legal essa ideia
9,you sent an attachment
5,<url>
5,<url>
5,<url>
5,<url>
5,<url>
5,<url>
5,<url>
5,<url>
9,brenda sent an attachment
11,d body mybasic
7,curtiu uma mensagem
9,you sent an attachment
6,eu estou vendo mesmo que esta demorando mas super obrigada bom final de semana brenda
1,mas acho que esta aprocessandoa para subir tudo
10,bia eu terminei de subir os produtos pora c m acho que esta com um delay amanha vou ver se terminou de atualizar na plataforma ta tudo certinho <num> categorias que criei com todo produtos descria a o vadeos etc
7,toque em continuar para aceitar ou recusar o pedido
3,nan
7,toque em continuar para aceitar ou recusar o pedido
3,nan
9,olivve sent an attachment
13,d
13,d
3,nan
6,obrigada
10,ola boa tarde tudo bem estamos entrando em contato porque identificamos que ha um tempo vocaa demonstrou interesse nas sanda lias da bia que apareceram em um dos nossos reels agora eles esta o disponaveis no site do curadobia dd segue o link <url> obrigada por nos acompanhar qualquer daovida estamos a disposia a o equipe curadobia d
0,aqui ou nas lojas da paula ferber
13,dd
5,<url>
0,onde posso comprar
3,nan
10,ola pessoal tudo bem sou a lala cunha <user> e vim contar um pouco sobre o <user> estamos em sp e fazemos fotografia vadeos em formato reels direa a o de arte e styling para marcas de acordo com a sua necessidade fazemos trabalhos exclusivos para as marcas e em breve final de mara o tamba c m faremos o nosso pra <num> ximo shooting collab uma dia ria criada para incluir va rias marcas que taam produtos a serem fotografados necessitam de um material de qualidade mas que na o querem ter um alto valor de investimento nisso o proximo collab sera em uma locaa a o linda e as modelos foram escolhidas a dedo e acho que combina muito com a marca de voces abaixo mando mais infos vamos conversar sobre essas possibilidades fico aqui a disposia a o abraa os lala <num> <num>
10,boa tarde pamela deu tudo certo com a sua experiaancia no site se precisar estamos aqui
1,qualquer coisa seguimos aquid
10,bom dia pamela tudo bem revisamos aqui o nosso sistema e fizemos testes e tudo parece funcionar bem esperamos que vocaa tenha uma boa experiaancia agora o que aconselhamos tamba c m a c entrar no site pelo google chrome caso vocaa ainda na o tenha acessado por la aoi vou te encaminhar os links dos produtos que vocaa nos encaminhou <url> <url> <url> <url> <url>
12,as duas camisas o body a cala a e o colar eu visto p
3,nan
1,ola tudo bem seriam essas pea as
10,ola pamela td bem obrigada pela mensagem sentimos muito que esteja com esses problemas para conseguir efetuar as suas compras com a gente de fato o sistema passou por algumas instabilidades poderia nos dizer quais pea as se interessou para tentarmos solucionar por aqui
0,ola sua curadoria projeto editorial e gra fico sa o incraveis paraba c ns mas sua plataforma de e commerce na o funciona bem estou desde ontem tentando fazer compras mas pa ginas na o carregam carrinhos esvaziam muito difacil
1,sigo aqui para o que vocaa precisar
5,<url>
10,oi adriana tudo bem bom dia aqui a c a ana da equipe do curadobia vimos que vocaa se interessou pelo macaca o no video da bia mas na a c poca ele ainda estava em lana amento boa notacia agora esta disponavel d segue o link abaixo para que vocaa possa dar uma olhada
0,oi boa tarde ana aqui vocaa conseguiu dar uma olhada na cala a qualquer coisa sigo aqui para o que vocaa precisar viu edited
0,oi livia boa tarde ana aqui vocaa conseguiu dar uma olhada na cala a qualquer coisa sigo aqui para o que vocaa precisar viu
1,meu nome a c ana sigo aqui para o que vocaa precisar
5,<url>
4,a nossa calaa diferentex esta saindo por r <num> <num>
6,ola boa tarde como vai
13,prea o
3,nan
0,obrigada pelo retorno namoro o modelo gladiador me lembro dele mas quando fui procurar ja na o tinha mais d
10,estamos estudando trazer essa categoria para o curadobia pora c m nada de imediato ainda mas muito legal saber do interesse assim que tivermos iremos te manter avisada
6,ola cris bom dia tudo bem
0,e esses sapatos incraveis teremos a chance de taa los rs
1,ja ta seguindo dd>>
10,o meu a c <user> oficial d
13,esse a c o fechado
3,nan
1,qualquer coisa meu nome a c ana e sigo aqui para o que vocaa precisar d
5,<url>
5,<url>
5,<url>
5,<url>
10,oi patricia tudo bem obrigada pela sua mensagem infelizmente na o temos mais essa cala a disponavel no nosso mix mas temos diversos produtos aonicos e selecionados pela bia paes de barros o que acha dessas opa aues
6,link da cala a por gentileza
3,nan
3,nan
3,nan
9,salaio sent an attachment
1,qualquer coisa sigo aqui
1,mas pode ficar tranquila que assim que lana armos a terceira pea a que vocaa gostou vou te mandar por aqui tudo bem na o deixe de garantir suas pea as da lounge a tempod
12,com relaa a o a outra blusa que vocaa gostou ela esta em processo de lana amento e ainda na o esta a venda no nosso site mas independente desse fator na o seria possavel unificar o frete nesse caso pois o frete sa <num> fica unificado para as pea as da mesma marca
5,<url>
5,<url>
0,sobre a questa o do frete a c possavel unificar ele nas blusas da lounge que vocaa gostouaoi vou te mandar o link das duas
10,oi alessandra bom dia ai como vocaa esta aqui a c a ana da equipe do curadobia a bia nos passou seu contato para tratar sobre o seu interesse nas nossa pea as
7,curtiu uma mensagem
1,d degd deg
1,ahhhh que pena que nao nos falamos
6,bom dia ontem tive o prazer de conhecer vc ao vivo eu estava no mil plantas vc e lindassima a i
3,nan
3,nan
3,nan
3,nan
3,nan
3,nan
3,nan
9,guarda sent an attachment
7,curtiu uma mensagem
3,nan
3,nan
6,obrigada pelo convite adorei a minha sandalia nova a i
6,obrigada pelo prestagio foi incravel te ter de pertinho ontemd d
7,curtiu uma mensagem
3,nan
3,nan
13,pode
13,sim
10,oi karyna bom dia vimos que vocaa mandou as mesmas mensagens pelo nosso whatsapp vamos dar seguimento por la enta o tudo bem obrigada
0,eu na o recebi a confirmaa a o dessa compra
13,oi
3,nan
13,volta pro estoque
11,a regata arrumadona m
13,oi
13,volta pro estoque
11,e a regata arrumadona
11,karyna estoque atualizado d
6,oi karyna bom dia tudo bem vamos verificar
1,a regata chiquetosa vai voltar pro estoque
13,oi
10,oi karyna tudo bem estamos passando algumas instabilidades com o site mas acredito que logo mais isso vai se resolver vocaa precisa de suporte com algo estamos aqui para o que precisard
10,o site esta passando por problemas
7,curtiu uma mensagem
10,ola karyna boa tarde tudo bem estamos entrando em contato porque identificamos que ha um tempo vocaa demonstrou interesse nos sapatos da bia que apareceram em um dos nossos reels agora eles esta o disponaveis no site do curadobia dd segue o link <url> obrigada por nos acompanhar karyna qualquer daovida estamos a disposia a o equipe curadobia d
13,d
10,bom dia karyna infelizmente na o trabalhamos com cupom para <num> aa compra aindaa <num> i mas estamos aqui para te auxiliar no processo inteiro
0,vcs tem desconto para primeira compra
1,estamos aqui para o que precisar
6,muito obrigada pelos esclarecimentos
8,karyna bom dia tudo bem desculpe a demora para o esclarecimento da daovida como somos um marketolace trabalhamos com marcas aonicas e diferentes como cada uma tem a sua produa a o optamos por entrar em contato com a marca parceira da cala a ontem para confirmar sua daovida e te responder da melhor maneira possavel a marca nos confirmou que as medidas do tamanho <num> esta o corretas com a cintura e o quadril com a mesma medida mesmo isso ocorre pois como a c uma pea a produzida com ela stico na cintura ele acaba ficando na mesma medida do quadril se adequando ao formato do corpo que a usa a aonica correa a o que ja aproveitamos para fazer que a marca tamba c m nos informou foi que o tamanho <num> fa cala a tamba c m deveria estar com a mesma medida na cintura e no quadril <num> cm pelo mesmo motivo ja vamos corrigir isso no site qualquer outra questa o estamos a disposia a o karyna d
6,ola karyna tudo bem obrigada por ter entrado em contato conosco d
3,nan
1,eh isso mesmo
12,fui olhar para comprar o tamanho <num> dessa cala a pora c m a largura da cintura e do quadril eh a mesma <num>
3,nan
1,infelizmente esse evento acontece um aonico dia
1,foi sa <num> hoje ou vai ficar mais tempo
3,nan
3,nan
0,ola boa tarde tudo bem tenho uma confeca a o trabalho com tecido plano e malha faa o todo desenvolvimento da pea a comea ando da pea a piloto e entrego a produa a o passada e embalada caso tenha interesse meu naomero a c <num> obrigada
6,adoroa
6,obrigada enviarei
10,evelyn obrigada pelo interesse para parcerias com o curadobia pea o que envie apresentaa aues para o nosso email contato curadobia <user> com e seguimos com as tratativas por la que fica mais fa cil d e para interesses de parcerias diretamente com a bia a c preciso entrar em contato diretamente com ela pelo email biapaesdebarros <user> com
6,obrigada pelo retorno
0,como posso fazer essa apresentacao
6,bom dia
13,ambos
10,ola evelyn bom dia tudo bem aqui somos do curadobia vocaa teria interesse em apresentar a sua marca pensando em participar do curadobia ou seria referente a parceria de divulgaa a o com a bia
10,ola bia te vi no post da teti gio amei o seu perfil eu tenho uma marca de joias autorais com design minimalista e ouro sustenta vel adoraria te apresentar <user> tamba c m gostaria de conversar sobre divulgacao se houver interesse claro muito obrigada um abraa o evelyn
1,sigo aqui para o que vocaa precisar
1,oi tatiana tudo bem infelizmente na o temos o cupom
0,ola algum cupom de desconto na primeira compra
6,bem e vc ana muito obrigada
1,sigo aqui para o que vocaa precisar
5,<url> www curadobia com br
10,oi clau tudo bem bom dia aqui a c a ana da equipe do curadobia vimos que vocaa se interessou pelo macaca o no video da bia mas na a c poca ele ainda estava em lana amento boa notacia agora esta disponavel d segue o link abaixo para que vocaa possa dar uma olhada
6,que lindo tudo
13,por nada
6,muito obrigada
10,entrar em contato com a luciana nossa gerente comercial no email gerencia <user> com br
6,bom dia
10,ola pessoal como va o meu nome a c ana e trabalho junto com a bia paes de barros no curadobia com br o curadobia a c um marketplace que nasceu com o propa <num> sito de reunir em um sa <num> lugar pea as que fazem toda a diferena a no arma rio e ao mesmo tempo sa o fa ceis de usar os chamados neutros com tcharanz acreditamos que a elisa atheniense super se conecta com essa proposta com quem poderia conversar para falar mais sobre aguardo vocaas
3,nan
3,nan
7,curtiu uma mensagem
6,obrigada pela presena a foi incravel atender e receber vocaas de pertinho d d
3,nan
3,nan
3,nan
13,dd
5,<url>
1,oie td e vc fica super vistoso pode ficar bem bacana com essa saia tmb
12,bia tudo bem tenho uma festa bem legal e o traje a c black and white pensei na blusa pah mas queria saber se o tecido fica vistoso e se vocaa recomenda alguma cala a mais festa para combinar beijos julie
6,muito obrigada pelo retorno
13,eba
13,a i
1,qualquer coisa sigo aqui
0,anelisa acabamos de confirmar seu pedido com a marca tudo certo ele ja esta para a produa a o
6,oi ana tudo e vocaa beleza obrigada
10,estou verificando direitinho seu pedido mas pode ficar tranquila que iremos resolver se tiver acontecido qualquer problema tudo bem
1,oi anelisa tudo bem eu sou a ana faa o parte do time curadobia
3,nan
10,ola bom dia me chamo anelisa e gostaria de confirmar se meu pedido foi realizado na o sei se esse a c o canal mais adequado para essa solicitaa a o mas como na o achei no site um campo para falar com vocaas decidi vir aqui fiz essa compra ontem pelo site e logo depois de finalizar apareceu uma mensagem dizendo que o pagamento na o estava confirmado no entanto no site diz que o pagamento foi efetuado e na o recebi nenhuma mensagem do banco dizendo que o pagamento foi negado ala c m disso tamba c m na o recebi um e mail com os dados do pedido muito obrigada desde ja
10,essa conta na o pode receber sua mensagem porque na o aceita novas solicitaa aues de contato de todos
10,ola pessoal como va o meu nome a c ana e trabalho junto com a bia paes de barros no curadobia com br o curadobia a c um marketplace que nasceu com o propa <num> sito de reunir em um sa <num> lugar pea as que fazem toda a diferena a no arma rio e ao mesmo tempo sa o fa ceis de usar os chamados neutros com tcharanz acreditamos que a a aurora super se conecta com essa proposta com quem poderia conversar para falar mais sobre aguardo vocaas
13,d
1,ja vi e amei esperando a virada do cartao pra perder os juazo
7,curtiu uma mensagem
5,<url>
10,oi roberta bom dia tudo bem estamos entrando em contato porque identificamos que ha um tempo vocaa demonstrou interesse nos sapatos da bia que apareceram em um dos nossos reels agora eles esta o disponaveis no site do curadobia dd o link clica vel segue na pra <num> xima mensagem obrigada por nos acompanhar roberta qualquer daovida estamos a disposia a o equipe curadobia d
8,gosto da cala a assim mais curta visto entre <num> <num> quadril <num>
13,qual seu manequim
8,tenho <num> <num> essa cala a esta mais curta para mim mesmo te aconselho a comprar um tamanho pequeno
6,oie muito obrigada feliz que esta curtindo curadobia
8,bia esse seu curadobia esta um arraso muito tentador paraba c ns pelo projeto uma daovida qual a sua altura estou interessadassima nessa cala a mas sou baixa <num> cm e geralmente tenho que fazer a barras das cala as o que na o a c muito fa cil com essaa d obrigada
9,patifisch sent an attachment
6,obrigada
10,ola bom dia denize tudo bem estamos repondo o estoque da nossa calaa quentinha e por isso ela esta temporariamente indisponavel no nosso site assim que ela retornar te avisamos estamos a disposia a o para qualquer daovida obrigada por ter entrado em contato conosco d
0,bom dia gostaria de adquirir essa cala a mas na o esta mais disponavel podem me ajudar obrigada
9,denize sent an attachment
3,nan
3,nan
3,nan
3,nan
1,ja respondi sim no wzap
7,reagiu com d a sua mensagem
10,fa tima te respondemos no whatsapp mas na o recebemos seu retorno esta tudo bem qualquer coisa sigo aqui a disposia a od
10,oi fa tima tudo bem bom diad obrigada pela sua mensagem e feedback a c muito importante para na <num> s estamos conversando por whatsapp podemos continuar nossa comunicaa a o por la
10,eu sugiro q vcs verifiquem melhor as parcerias de fornecedores pois na o comprarei mais nesta curadoria infelizmente gosto mto do trabalho da biaa mas assim inviabiliza
1,ata c agora nada
6,oi fa tima bom dia tudo bem pode ficar tranquila que iremos dar seguimento com a sua solicitaa a o
3,nan
8,como proceder p troca
11,ficou enorme
13,p
0,adquiri uma ma xi pantalona vala c ria mansur
6,oi boa tarde
13,d
1,vamos super a
1,vamos pensar no q podemos fazer juntasdodo
4,a i a i a i a i a i
0,ah que otimo monica deve ter ficado incravel com toda a sua bossa
6,eu adorei ja usei minha saia hj
6,foi muito legal
7,curtiu uma mensagem
0,ola isabela somos um marketplace sem loja fisica
0,onde e a loja
9,isabela sent an attachment
10,ola bom dia infelizmente essa cala a tamba c m saiu do nosso mix estamos com novos produtos e novas marcas entrando no curadobia esperamos que goste qualquer coisa sigo aquid
1,vai ter reposia a o dessa cala a
9,so mimimi sent an attachment
1,tudo bem tamba c m que pena d eu queria exatamente o verde d c
5,<url>
0,boa tarde milene td bem e vc esse macaca o nesse tom infelizmente na o tera reposia a o mas lana amos ontem o mesmo modelo em preto
0,boa tarde pessoal tudo bem estava namorando um macaca o verde no site da marca d aura pora c m na o localizei mais d saiu de colea a o na o tera reposia a o aguardo obrigada milene
6,perfeito
0,o tom certo a c o que esta no site os stories que a bia postou hoje modificaram um pouco o tom
0,outra daovida a c sobre o tom certinho dessa jaqueta no site achei que estava num tom diferente dos stories
13,joia
1,claro
0,outra daovida a c sobre o tom certinho dessa jaqueta no site achei que estava num tom diferente dos stories
8,posso trocar caso eu experimente e prefira uma maior
13,joia
12,milene perguntamos para a bia e ela te indicou comprar o tamanho <num> dessa jaqueta por vocaa na o estar acostumada a roupas oversized o que acha d
0,na verdade eu ja assisti ao vadeo do casaco no site curadobia va rias vezes para tentar chegar a essa conclusa o mas na o consegui
1,vou olhar
0,temos o vadeo nos nossos stories de hoje com a bia usando ela de uma olhada d
13,na o rsrs
8,entendi esse modelo ele a c oversized ou seja possui uma estrutura mais larga vocaa ja chegou a usar modelos assim d
4,<num> ou <num>
8,eu costumo usar p ou pp se a confeca a o a c grande
8,pora c m na daovida do melhor tamanho
3,nan
1,estou de olho nessa pea a aqui dd>>
13,joia
6,tudo bem e vocaas
6,ola milene bom dia como vai claro estamos aqui para ajudar qual a sua daovida
6,oi pessoal tudo bem estou com daovida sobre numeraa a o de uma pea a de vocaas aguardo retorno obrigada milene
1,perfeito fico no aguardo abraa o
10,ola milene bom dia que bacana que se interessou por essa pea a infelizmente ela esta fora de estoque no momento mas em breve com reposia a o avisamos assim que voltar obrigada e um abraa o equipe curadobia a
1,oi pessoal tudo bem acredito que essa cala a tenha esgotado certo vai ter reposia a o dela aguardo retorno obrigada milene
9,so mimimi sent an attachment
1,vou seguir
3,nan
3,nan
1,qualquer daovida sigo a disposia a o
10,oi cristina que bom que gostou ela esta disponavel no nosso site se quiser dar uma olhada <url>
6,linda gladiadora
7,curtiu uma mensagem
7,curtiu uma mensagem
11,essa da bia a c da luiza perea
10,oi isabella tudo bem bom dia que bom receber uma mensagem sua o curadobia esta se preparando para muitas novidades no ano que vem e com certeza estara no radar novos modelos de sapatos espero que goste d qualquer coisa pode sempre entrar em contato conosco
0,queria ver sua sapateira pq tudo a c lindassimo mas seus sapatos sa o escolhidos a dedo tudo a ver com vc semprea esse a c da laia na c
6,sa o bem bacanas as coisas dela mesmo super obrigada joyce a
9,joyce sent an attachment
10,ola sandra boa tarde tudo bem estamos entrando em contato porque identificamos que ha um tempo vocaa demonstrou interesse nos sapatos da bia que apareceram em um dos nossos reels agora eles esta o disponaveis no site do curadobia dd segue o link <url> obrigada por nos acompanhar sandra qualquer daovida estamos a disposia a o equipe curadobia d
5,<url>
10,estamos entrando em contato porque identificamos que ha um tempo vocaa demonstrou interesse nas sanda lias da bia que apareceram em um dos nossos reels agora eles esta o disponaveis no site do curadobia dd o link clica vel segue na pra <num> xima mensagem obrigada por nos acompanhar katia qualquer daovida estamos a disposia a o equipe curadobia d
6,ola katia tudo bem
13,d
13,d
3,nan
3,nan
6,obrigada pela presena a stella
13,d d d
3,nan
3,nan
3,nan
3,nan
3,nan
3,nan
3,nan
3,nan
3,nan
3,nan
3,nan
3,nan
3,nan
3,nan
3,nan
9,stella sent an attachment
3,nan
3,nan
3,nan
3,nan
3,nan
3,nan
3,nan
3,nan
9,stella sent an attachment
3,nan
9,stella sent an attachment
3,nan
3,nan
9,stella sent an attachment
9,stella sent an attachment
4,<num> <num>
10,stella depois pea o apenas que compartilhe seu naomero de telefone que aa fica mais fa cil nossa comunicaa a o
1,agora parece que travou mesmo
1,ata c segunda
13,enviado
0,ah show vou enviar o invite
1,funciona
10,stellathomazbastos <user> com
10,qual seu e mail que aa envio um invite
6,ah perfeito <num> h poderia ser
6,boa tarde tudo a <num> timo segunda a tarde em qualquer hora rio
0,como estaria sua agenda para segunda a tarde
1,bacana vamos marcar uma conversa
6,ola stella boa tarde tudo bem
12,ola gente bom dia acabei de ver o post da bia sobre camisas somos uma pequena alfaiataria e camisaria a c o core da nossa criaa a o gostaria muito de apresentar nosso produto pra vocaas se vocaas acharem conveniente por favor indiquem a melhor forma de contato abraa o stella
7,reagiu com d a sua mensagem
6,ola bom dia como va o aguardamos a resposta de vocaas por la enta o obrigada
10,ola tudo bem e com vcs vi que vcs enviaram um e mail para na <num> s vou responder vcs por la ok um beijo e muito obrigada pelo contato < <num>
10,ola pessoal como va o meu nome a c ana e trabalho junto com a bia paes de barros no curadobia com br insta <user> oficial o curadobia a c um marketplace que nasceu com o propa <num> sito de reunir em um sa <num> lugar pea as que fazem toda a diferena a no arma rio e ao mesmo tempo sa o fa ceis de usar os chamados neutros com tcharanz acreditamos que a wendyel borin super se conecta com essa proposta com quem poderia conversar para falar mais sobre aguardo vocaasd
7,curtiu uma mensagem
10,oi tatiane tudo bem obrigada pela sua mensagem vamos nos planejar para outros momentos offline com certeza d postaremos por aqui
1,aaaah perdi quando vai ter offline de novo
10,oi amanda nossas sinceras desculpas por todo esse ocorrido somos um marketplace com operaa aues a todo vapor e infelizmente na o estamos livres de erros ta c cnicos e tecnola <num> gicos acontecerema <num> i checamos com a marca e por enquanto estamos com o tamanho <num> e <num> prontos para a venda seguimos a disposia a o para te auxiliar em todas as daovidas e questaues necessa rias aqui com a gente como seu cadastro esta certinho acredito que na o teremos mais essa situaa a o ocorrendo obrigada por estar conosco equipe curadobiad edited
10,oi amanda nossas sinceras desculpas por todo esse ocorrido somos um marketplace com operaa aues a todo vapor e infelizmente na o estamos livres de erros ta c cnicos e tecnola <num> gicos acontecerema <num> i checamos com a marca e por enquanto estamos com o tamanho <num> e <num> prontos para a venda seguimos a disposia a o para te auxiliar em todas as daovidas e questaues necessa rias aqui com a gente como seu cadastro esta certinho acredito que na o teremos mais essa situaa a o ocorrendo obrigada por estar conosco equipe curadobiad
0,a jaqueta branca uma pena eu na o conseguir comprar por problemas ta c cnicos uma experiaancia de consumidor mto ruim
6,mas ficamos felizes que conseguiu concluir seu cadastro de qualquer forma
1,ahhh qual era a pea a podemos checar se havera reposia a o
1,deu certo mas a pea a que eu queria acaboua
5,<url>
10,amanda nosso pessoal ta c cnico pediu se possavel se cadastrar atrava c s desse link
7,pensamos que poderia ser a senha criada mas quando ocorre algum ponto nesse aspecto surge uma mensagem abaixo vocaa se importaria em tentar novamente apenas para checarmos se continua ocorrendo o mesmo erro
1,ola amanda bom dia pea o desculpas pela demora mas o nosso pessoa ta c cnico ainda na o conseguiu simular um erro igual ao que ocorreu com voce por isso a demora em lhe retornar
11,ola por favor algum retorno
6,obrigada
10,ola amanda obrigada pelo contato e pedimos desculpas pela falha ja estamos verificando o que houve para que consiga finalizar sua compra
3,nan
0,ola estou tentando finalizar uma compra mas aparece o seguinte erro
13,de nada
6,obrigada
0,na o na o oferecemos cupom de desconto nas compras
6,ola amanda bom dia tudo bem
0,ola por favor vcs tem desconto para a primeira compra obrigada
6,ok muito obrigada d
1,qualquer daovida estamos a disposia a o
11,aqui o link com todos os acessa <num> rios
5,<url>
10,sa <num> entrar no site ou aqui no nosso perfil que tem a selea a o completa
0,eu quero comprar esses acessa <num> rios como faa o
3,nan
3,nan
3,nan
3,nan
3,nan
3,nan
13,d
10,ola como va o muito prazer meu nome a c ana e trabalho aqui no curadobia na o sei se recordam pora c m conversamos no primeiro semestre do ano passado <num> sobre esse projeto da bia paes de barros desde la evoluamos bastante e estamos concretizados como um marketplace em potencial crescimento queremos compartilhar com vocaas nosso site para darem uma olhada curadobia com br ainda temos a tempo em foco o que acham de retomarmos contato aguardo vocaas
1,vamos marcar aoi
13,sim
10,oie obrigada pela resposta conversamos com a bia e temos interesse em marcar uma reunia o ja por esses dias pois o curadobia esta com uma nova metodologia e com novidades e mesmo a produa a o de vocaas para mara o seria interessante conversar com vocaas agora o que acham te aguardo
1,pode ser
7,aa entro em contato vocaas
0,agora estou organizando as coisas
0,em mara o eu vou produzir reposia a o e cores novas de tudo
6,tudo bem
13,ei ana
10,ola como va o muito prazer meu nome a c ana e trabalho aqui no curadobia na o sei se recordam pora c m conversamos no primeiro semestre do ano passado <num> sobre esse projeto da bia paes de barros desde la evoluamos bastante e estamos concretizados como um marketplace em potencial crescimento queremos compartilhar com vocaas nosso site para darem uma olhada curadobia com br ainda temos a nua em foco o que acham de retomarmos contato aguardo vocaas
7,curtiu uma mensagem
0,a partir de outubro tera lana amento por aqui
11,aguardo ansiosa pelos seus pisantes na curadobia
10,basta clicar nas imagens e link que te enviei que vocaa sera redirecionada para os produtos qualquer coisa estamos aqui
5,<url>
5,<url>
5,<url>
10,ola heloisa bom dia tudo bem que bom que vocaa gostou das pea as da bia vou te mandar os links das pea as que vocaa informou para que possa visualizar com mais calma e clareza todas as pea as qualquer outra duvida ou questa o estamos a disposia a o equipe curadobia d
11,os brincos argola frontal na o sei o nome da pea a kkk
6,gostei da corrente dourada tamba c m
11,macacaues com mangas
0,boa tarde me interessei pelos macacaues com zaper mostrados pela bia
0,ah que a <num> timo monica esperamos que aproveite muito ela e se quiser compartilhar com a gente os looks que criar com ela vamos amar ver
0,comprei a jaqueta d>>
10,chico neto cd mara c mar whatsapp <num> <url>
7,curtiu uma mensagem
3,nan
7,curtiu uma mensagem
0,que maximo marca a gente nos seus looks muito feliz que esta curtindo a selea a o de pea as logo mais teremos muitas novidades bacanas d
13,amando a i a i a i
0,ja comprei <num> pea as da curadobia
6,que honra ddd
3,nan
3,nan
5,<url>
6,ficamos felizes que tenha curtido ela a c muito especial mesmo segue aqui mais detalhes
12,linda essa blusa
10,ola como va o muito prazer meu nome a c ana e trabalho aqui no curadobia na o sei se recordam pora c m conversamos no primeiro semestre do ano passado <num> sobre esse projeto da bia paes de barros desde la evoluamos bastante e estamos concretizados como um marketplace em potencial crescimento queremos compartilhar com vocaas nosso site para darem uma olhada curadobia com br ainda temos a ja rg em foco o que acham de retomarmos contato aguardo vocaas
10,segue o link dele qualquer daovida ou questa o estamos a disposia a o obrigada por nos acompanhar equipe curadobia d
5,<url>
4,r <num> <num>
9,you sent an attachment
0,oi ineia tudo bem segue o valor do casaco que vocaa se interessou
6,deu certo sim obrigada
6,ola thais tudo bem deu tudo certo com a chegada das pea as faltantes qualquer coisa sigo aqui para te ajudar viu
6,perfeito ana obrigada pelo retorno d
3,nan
3,nan
0,ola td bem fiz uma compra com vc e recebi apenas o tricot vc pode me ajudar muito obrigada desde ja
13,d
7,curtiu uma mensagem
10,que pena dri entendemos espero que outras pea as no site te encontremd estamos aqui qualquer coisa obrigada pela mensagem
0,muito obrigada elas entraram em contato comigo realmente a sanda lia a c linda mas infelizmente fico um pouco fora pra mim
10,ola dri boa tarde tudo bem estamos entrando em contato porque identificamos que ha um tempo vocaa demonstrou interesse nas sanda lias da bia que apareceram em um dos nossos reels agora eles esta o disponaveis no site do curadobia dd segue o link <url> obrigada por nos acompanhar dri qualquer daovida estamos a disposia a o equipe curadobia d
6,ola obrigada
10,chama no mkt <user> com
13,oie
10,ola pessoal como va o meu nome a c ana e trabalho junto com a bia paes de barros no curadobia com br o curadobia a c um marketplace que nasceu com o propa <num> sito de reunir em um sa <num> lugar pea as que fazem toda a diferena a no arma rio e ao mesmo tempo sa o fa ceis de usar os chamados neutros com tcharanz acreditamos que a gammba super se conecta com essa proposta com quem poderia conversar para falar mais sobre aguardo vocaas
0,gostei do conjunto mas na o vi no site
13,d deg
6,obrigada pelo prestagio foi incravel te ter de pertinho ontemd d
3,nan
3,nan
3,nan
3,nan
3,nan
3,nan
6,obrigada
7,curtiu uma mensagem
5,<url>
0,oii bia tudo bem por favor de onde a c essa cala a yes i am procurei aqui no feed e na o encontreia obrigada
3,nan
6,legal mto obrigada d
13,vans d
0,qual a marca do tenis
10,ola andrea boa tarde tudo bem estamos entrando em contato porque identificamos que ha um tempo vocaa demonstrou interesse nas sanda lias da bia que apareceram em um dos nossos reels agora eles esta o disponaveis no site do curadobia dd segue o link <url> obrigada por nos acompanhar andrea qualquer daovida estamos a disposia a o equipe curadobia d
1,quem te escrever aqui a c a bia paes de barros
13,bjs
4,<num> <num> <num>
10,oi natalia td bem as meninas do enjoei me passaram seu contato estou buscando uma pessoa para me ajudar em roteiros e conteudo adoraria bater um papo com vc
11,na torcida a i
0,ola luana bom dia tudo bem hoje ainda na o temos sapatos dentro do curadobia estamos olhando para adicionar essa categoria em breve
0,ola onde encontro os sapatos este e as gladiadoras especialmente
10,luana shared a product
10,perfeito gla <num> ria ja colocamos aqui na nossa lista e vamos te informar quando estiver mais pra <num> ximo da data
4,<num> <num> <num>
10,em breve divulgaremos mais a respeito se quiser informar seu whats podemos ir te atualizando por la o que acha
10,pora c m teremos em dezembro um evento presencial para trazer as pea as ao vivo para quem quiser conhecer pessoalmente essa curadobia incravel feita pela bia
10,ola gloria na o temos apenas vendas on line no site www curadobia com br
11,vocaas tem loja fasica
10,obrigada por nos mandar e informar sobre essa situaa a o ja passamos para o nosso setor ta c cnico analisar essa situaa a o caso deseje podemos tirar daovidas e disponibilizar mais informaa aues por aqui sa <num> nos solicitar d estamos a disposia a o para qualquer coisa
3,nan
0,vou olhar aqui meu anti virus pq ele bloqueia o curadobia veja
1,qualquer duvida estamos a disposia a o d
5,<url>
6,ola bom dia tudo bem obrigada pela mensagem conferimos aqui e aparentou estar tudo certo d aproveito para mandar o link por aqui
10,oii o site curadobia esta fora do ar fui visitar atrava c s dos link da bio e na o funcionou bjs
3,nan
3,nan
6,obrigada por ser nossa cliente
10,identificamos sua tentativa de compra estavamos realizando uns ajustes no site e acabou tendo esse erro ja estamos verificando com a equipe de tecnologia se foi corrigido e assim que estiver tudo ok voltamos para lhe comunicar tudo bem
10,aqui a c a ana do time curadobia
7,que bom receber mensagem tua
6,oi maria angela bom dia como vocaa esta
8,fiz o processo <num> x sera q cobrou <num> x
3,nan
0,ola tentei fazer uma compra e apa <num> s entrar com os dados do carta o e senha vem a seguinte tela
10,oi lucia bom dia tudo bem aqui a c a ana do time curadobia vocaa conseguiu dar uma olhada em tudo que te mandamos se tiver alguma daovida sigo aqui
4,pode ser <num> tambem
5,<url>
1,tem sim a cala a
8,a modelagem a c grande pode ser tam <num>
10,ola somente essa cor selecionamos sempre uma unica para estar aqui no curadobia
8,visto g qual tamanho seria quais cores tem tem a cala a tb
10,laocia shared a product
10,ola pessoal como va o meu nome a c ana e trabalho junto com a bia paes de barros no curadobia com br o curadobia a c um marketplace que nasceu com o propa <num> sito de reunir em um sa <num> lugar pea as que fazem toda a diferena a no arma rio e ao mesmo tempo sa o fa ceis de usar os chamados neutros com tcharanz acreditamos que a natu super se conecta com essa proposta com quem poderia conversar para falar mais sobre aguardo vocaas
3,nan
3,nan
3,nan
3,nan
3,nan
3,nan
3,nan
3,nan
3,nan
3,nan
3,nan
13,d r
13,d r
13,d
13,d
13,d
13,d
13,d
13,d
7,curtiu uma mensagem
3,nan
3,nan
6,lindo o evento amei
7,curtiu uma mensagem
6,obrigada pela presena a livia
3,nan
3,nan
6,sim obrigada
1,qualquer coisa seguimos a disposia a o
8,bom dia alessandra acredito que te respondemos pelo whatsapp mas aproveito para confirmar que por enquanto ela esta disponavel apenas no tamanho <num> que equivale a um tamanho m
0,boa tarde a jaqueta off da nauanim voltou
7,curtiu uma mensagem
6,adoramos ela
0,experimentei essa jaqueta maravilhosa
7,curtiu uma mensagem
1,imagina ju ainda bem que sua filha esta bema i dd <num> <num>
6,precisei sair correndo por um problema com minha filha que ja esta bem mas nem consegui me despedir obrigada queridas pelo convite
6,obrigada pela presena a ju amamos te receber e te atender d d
3,nan
3,nan
3,nan
3,nan
3,nan
3,nan
10,ola sou o gerente de vendas da pg game platform quero falar com vocaa sobre parcerias nossa plataforma foi licenciada conjuntamente pelo governo federal brasileiro e pelo governo de curaa ao em outubro vocaa pode se juntar a na <num> s e lhe daremos altas comissaues entre em contato comigo pelo whatsapp <num>
1,ahhh bom d entendi errado enta o achei que estava na serra espero que abra o tempo e fiquei um lindo final de semana
1,e eu como estou na praia torcendo para na o baixar d d d
0,oi mari boa tarde ah que a <num> timo combinado enta o fico muito feliz que o conjunto tenha ficado bacana conta com a gente para o que precisar grande abraa o aproveite o final de semana torcendo para baixar um pouco a temperatura d
3,nan
3,nan
10,sem problemas mari apenas encaminha pra gente um e mail solicitando que iremos dar sequaancia com a troca e mail contato curadobia <user> com
1,a cala a ficou sobrando muito atra s
7,curtiu uma mensagem
1,claro pode trocar super
0,acabei de comprar um conjunto se na o servir posso trocar pelo seu cep deve ser perto da minha casa o meu <num> <num>
6,oieee obrigada de verdade d
7,curtiu uma mensagem
10,ola caroline tudo bem obrigada pelo seu interesse em trabalhar conosco no momento na o estamos trabalhando com o contrato de novas pessoas no nosso time mas ja salvamos seus dados para futuras oportunidades caso tenha mais alguma daovida estamos a disposia a o equipe curadobia d
10,oiii tudo bem me chamo caroline sou formada em marketing e trabalho como social media tem um tempinho estou a procura de uma nova oportunidade no mercado de trabalho gostaria de saber se tem um espacinho no time de vocaas vou deixar o meu naomero e mail e portfa <num> lio caso queria marcar uma call para falarmos mais estou por aqui cel <num> <num> <num> e mail cspereiramkt <user> com portfa <num> lio <url> obrigada desde ja d
13,d d d
6,obrigada pela presena a foi incravel te receber d d
3,nan
3,nan
3,nan
3,nan
3,nan
10,oi gabriela tudo bem vi que vocaa conseguiu acessar o nosso site e realizou seu pedido certo eles ja esta o em separaa a o e logo mais estara o contigod qualquer coisa sigo aqui para te ajudar
1,qualquer coisa sigo aquid
5,<url>
10,oi gabriela tudo bem ana aqui do time do curadobia esta vamos passando por algumas instabilidades mas acredito que agora ja esta tudo resolvido te encaminho aqui o site para ficar mais fa cil o acesso
0,na o estou conseguindo entrar no site para fazer compra
5,<url>
6,ok obrigada
10,qualquer duvida pode tamba c m nos conectar pelo whatsapp d
8,ela a c reta e certa acredito que o tamanho m funcione bem para vocaa o tecido da base a c mais malea vel que da parte de cima
12,na o gosto de nada apertado mas essa blusa tem um shane mais ajustado daa fiquei na daovida
13,m
12,bom dia mariella td bem que tamanho vocaa costuma usar de parte de cima camisas em especial
12,bom dia estou interessada na blusa pah mas estou em daovida quanto ao tamanho minhas medidas busto <num> cm e cintura <num> cm
3,nan
3,nan
3,nan
6,ok entendi obrigada pelo retorno um abraa o
10,com relaa a o a previsa o de entrega por conta dessa questa o na plataforma as marcas tamba c m na o receberam a notificaa a o do pedido e por isso ira acabar atrasando um pouco a sua compra mas na <num> s tamba c m ja entramos em contato com a stella bastos sobre a sua compra e logo mais ela estara com vocaa desculpa pelo ocorrido qualquer coisa nos avise obrigada por ser nossa cliente equipe curadobiad
10,oi cristiane bom dia obrigada pela sua mensagem na verdade todos os nossos pedidos sa o enviados o email de confirmaa a o imediatamente pora c m realmente identificamos um erro no nosso sistema que os aoltimos pedidos na o esta o recebendo a confirmaa a o ja estamos em contato com o nosso ta c cnico para resolver obrigada por ter nos informado
10,como uma cratica construtiva vcs deveriam mandar um e mail para confirmar o pedido compro bastante on line e sempre vem o e mail do status do pedido o cliente fica mais seguro da compra
6,ola obrigada qual a previsa o de entrega
10,oi cristiane foi confirmado seu pedido
6,ok obrigada vi que foi lana ado no meu carta o de cra c dito
6,oi cristiane tudo bem obrigada pelo seu contato pode ficar tranquila vamos verificar para vocaa
0,boa tarde fiz um pedido de uma blusa brilhei no dia <num> <num> na o recebi nenhum e mail de confirmaa a o sera que esta tudo certo meu nome a c cristiane rocha loures brenner
3,nan
3,nan
13,d
3,nan
10,oie <user> oficial d
12,sua roupa jeans a c de onde
13,ebaaaaa
3,nan
3,nan
3,nan
3,nan
6,obrigada no aguardo que seja disponibilizado o envio
7,reagiu com d a sua mensagem
10,ola boa tarde infelizmente na o enviamos para fora do pais mas aceitamos cartaues internacionais com entrega em todo o brasil d
10,boa tarde gostaria de saber se vocaas enviam para fora do brasil obrigada
3,nan
3,nan
1,na o perca essa oportunidade qualquer coisa sigo aqui para o que vocaa precisar d
5,<url>
5,<url>
0,venho com boas notacias o conjunto que vocaa se interessou acabou de subir no site com pouquassimas unidades
6,bom dia adriana como vocaa esta
1,ahh reptilia adoro
1,pode ficar tranquila que irei te avisar
0,oi adriana isso ainda na o esta disponavel pois ele a c um modelo exclusivo de sa o paulo fashion week inclusive fomos semana passada prestigiar a marca reptilia nossa previsa o a c que esteja disponavel na proxima semana
0,ola esse conjunto ainda na o esta disponvel no site de vcs na c poderia me dizer se onde a c
6,obrigada
7,curtiu uma mensagem
10,bom dia tudo bem que bom receber sua mensagem adriana aqui a c ana do time do curadobia esse conjunto tamba c m sera um lana amento do curadobiad assim que ele estiver disponavel no site pode ficar tranquila que vou te avisar
0,oi esse conjunto marrom a c vendido tamba c m
3,nan
13,d
1,sigo aqui pra o que vocaa precisar d
5,<url>
10,oii karinne tudo bem aqui quem fala a c a ana do time curadobia vocaa acredita que estive olhando todos os dias desde que vocaa demonstrou interesse se a nossa saia anica voltaria ao estoque e somente hoje isso aconteceu ela a c a queridinha das nossas clientes e tem acabado ra pido enta o espero que consiga aproveitar essa oportunidade te encaminho o link para o acesso dela
6,ok obrigada
1,quando ela estiver disponavel na <num> s vamos te avisar
10,oie bom dia tudo bem obrigada pela sua mensagem entramos em contato com a marca d aura que produz a saia e eles nos informaram que em <num> dias ira o receber novos estoques da nossa saia anica
11,boa noite havera reposia a o da saia aonica preta no tamanho <num>
7,curtiu uma mensagem
1,ok perfeito caso mude de ideia seguimos a disposia a o novamente desculpa pelo transtorno e desejo uma a <num> tima viagem dd <num> <num>
1,na o vou trocar vou tentar reduzir o gancho
6,tudo bem
6,de todo modo agradea o por perguntar
10,pedimos desculpas pelo ocorrido e pode ter certeza que isso servira para aprimorarmos nosso atendimento e na o deixar que situaa aues como essa ocorram novamente agradea o sua compreensa o e nos disponibilizamos para auxiliar da melhor forma possavel sobre ter ficado um pouco grande o body nos informe se desejar efetuar troca que ja posso agilizar junto a marca essa solicitaa a o
10,gabriela entendo sua frustraa a o e a c completamente justificada de fato a marca informou ter tido um pequeno problema de produa a o que na o devera mais ocorrer e por isso acabou enviando atrasado seu pedido sobre o meio de contato estamos providenciando um naomero para atendimento whatsapp por hora estamos apenas com o e mail mas muito em breve ja deixaremos essa opa a o mais fa cil para solua a o de qualquer problema
0,mas a experiaancia de compra na o foi legal
0,o produto a c lindo apesar de ter ficando um pouco grande
1,por muito pouco a minha frustraa a o seria ainda maior
11,muito tenso
1,e o body me chega hoje
0,paguei sedex porque estou indo hoje pra londres e queria levar o body
1,enfim por muito pouco na o me atende
7,precisei escrever em uma postagem
0,no e mail da nota fiscal na o tem nada
10,na o tem um link de comunicaa a o no whatsapp
0,e achei muito difacil o contato com vcs
0,enta o era pra ter pago menos a meu ver
0,mas paguei por uma coisa que na o recebi
1,chegou
0,ele foi postando dia <num> com o ca <num> digo de rastreio aa <num> br
0,seu pedido saiu para entrega hoje e esta constando aqui como entregue
10,verificamos com a marca responsa vel pelo envio a revival o seu pedido sofreu um pequeno atraso que a marca me informou ter lhe comunicado por whatsapp
1,pea o desculpa pela demora em lhe retornar
6,ola gabriela boa tarde tudo bem
3,nan
10,com quem falo b
1,era pra ter chegado ontem
1,mas a pea a ainda na o chegou
0,comprei um body e paguei frete de <num> dias aoteis pra levar pra uma viagem agora na sexta
11,como falo com algua c m daa
13,ola
7,curtiu uma mensagem
7,curtiu uma mensagem
7,curtiu uma mensagem
7,curtiu uma mensagem
3,nan
3,nan
3,nan
3,nan
3,nan
3,nan
3,nan
3,nan
13,d
13,imagina
6,perfeito ja passei pro pessoal realizar a correa a o obrigada pelo feedback
6,muito obrigada pela atena a o
13,ta joia
1,estou vendo pelo celular sim
0,aqui a tabela certinha mas ja estamos com o pessoal ta c cnico corrigindo esse erro
3,nan
10,claro envio sim mas ata c para na <num> s entendermos o que esta ocorrendo com essa visualizaa a o vocaa esta acessando pelo celular que aa ja direcionamos pra equipe ta c cnica corrigir
6,ola boa tarde tudo bem
8,boa tarde na pa gina da regata podrinha cinza eu na o consigo ver as medidas dos tamanhos acima do g que sa o justamente o que visto poderia me enviar essas medidas dos tamanhos gg e xgg por favor
6,obrigada
13,ok
8,elaine para o tamanho <num> na <num> s indicamos o tamanho <num> da saia
10,oie tudo bem elaine obrigada pela sua mensagem vocaa consegue nos confirmar suas medidas para que possamos verificar com mais precisa o d
8,estou com duvidas sobre o tamanho da saia unica visto <num> mas as medidas no quadro de tamanhos parecem grandes mas existe a informaa a o de que o tamanho <num> corresponde ao <num> a
6,boa noite
7,curtiu uma mensagem
3,nan
3,nan
6,obrigada aoi
1,logo mais te passo novas informaa aues
10,ana ja entrei em contato com o pessoal da d aura para entendermos o que aconteceu
4,a o pedido <num>
10,ana vou verificar com eles vocaa pode me informar qual foi o naomero do seu pedido por favor
6,tranquilo obrigada
1,na verdade foi o porteiro rs
13,sim
1,na o se preocupe vamos resolver essa questa od que bom que vocaa identificou isso
0,oi ana tudo bem na a c poca o pessoal da d aura te instruiu que iriam retirar na sua portaria
0,ola meninas tudo bem comprei a saia preta da d aura em outubro precisei trocar foram rapidassimos mas sa <num> hoje eu soube que na o levaram a sacola com a pea a a ser trocada ficou este tempo todo na minha portaria como faa o
6,com certeza sera um sucesso obrigada ana d
0,ja comprei e acabou de chegar
7,curtiu uma mensagem
10,ola ana boa tarde tudo bem estamos entrando em contato porque identificamos que ha um tempo vocaa demonstrou interesse nos sapatos da bia que apareceram em um dos nossos reels agora eles esta o disponaveis no site do curadobia dd segue o link <url> obrigada por nos acompanhar ana qualquer daovida estamos a disposia a o equipe curadobia d
10,ola rosangela boa tarde tudo bem estamos entrando em contato porque identificamos que ha um tempo vocaa demonstrou interesse nas rasteiras da bia que apareceram em um dos nossos reels agora eles esta o disponaveis no site do curadobia dd segue o link <url> obrigada por nos acompanhar rosangela qualquer daovida estamos a disposia a o equipe curadobia d
0,mas tmb lancarei um aprograma online de estilo pessoala que podera ser baixado por aqui tmb
10,infelizmente nao atuo mais nessa area de consultoria pessoal
0,deixa eu tirar outra daovida vc faz consultoria de imagem estilo tb se sim como funciona
6,ah que bom a lindassima paraba c ns
10,iremos relana a la em outubro aqui no curadobia
1,ola gisela essa sandalia a c da minha collab com a paula ferber
0,consegue me informar de onde a c essa sanda lia
3,nan
6,ola tudo bem meu nome a c gisela acabei de fazer um pedido
1,qualquer outra daovida seguimos aquid
0,boa tarde fabiana como vai passando para avisar que as blusas acabaram de ser repostas no site estoque
6,obrigada pelo retorno vou acompanhar enta o beijo beijo d d
7,reagiu com d a sua mensagem
10,ola fabiana obrigada pela sua mensagem e carinho conosco alguns de nossos parceiros ainda esta o organizando a volta dos estoques pa <num> s recesso de final e inicio de ano entramos em contato com a lounge <num> produtoras da blusa pah e phyna e elas nos informaram que provavelmente amanha mesmo as blusas ja estejam de volta em estoque pode ficar tranquila que a gente te avisa qualquer coisa seguimos aquid
10,ola primeiramente quero dizer que a curadobia esta fanta stica vi que va rios produtos esta o indisponaveis no site como a blusa pah e phyna por exemplo tem alguma previsa o de retorno ao estoque
7,curtiu uma mensagem
3,nan
3,nan
4,<num> <num> <num> <num>
10,oi danuza bom dia tudo bem pode nos informar por aqui a daovida ou se preferir uma comunicaa a o mais a gil pode nos chamar no nosso whatsapp
11,ola como tirar daovidas de tamanho da pea a
10,ola julia isso mesmo qualquer duvida nos avise por aqui ou pelo nosso whatsapp d
0,oi as compras sa o direto no site
13,d
13,d
3,nan
3,nan
3,nan
3,nan
3,nan
3,nan
3,nan
6,obrigada pelo retorno
1,claro mando tudo la
7,curtiu uma mensagem
10,que aa conseguimos encaminhar pro la as tratativas o que acha se puder esclarecer que seria algo mais voltado para o perfil pessoal da bia ou para o curadobia seria bacana entendermos tamba c m para encaminhar de forma mais assertiva sua mensagem
10,ola alice bom dia tudo bem aqui somos da parte de atendimento do curadobia vou te pedir para encaminhar um e mail para contato curadobia <user> com
10,oi bia tudo bem me chamo alice sou sa <num> cia da monti uma marca de moda que preza por estilo atemporal e pea as de qualidade estamos buscando consultoras de imagem parceiras para recomendar nossas pea as aos seus clientes e pensei que poderaamos criar algo bem legal juntas o que acha de agendarmos um papo para te contar mais sobre a nossa hista <num> ria e a ideia de parceria fico no aguardo
6,obrigada pela presena a
3,nan
6,atimo me avise por favor um abraa o e obrigada
0,oi ana boa tarde obrigada pelo contato sim estou interessada tentei comprar apa <num> s a mensagem da bia mas ainda estava indisponavel
1,independente disso sigo aqui para o que vocaa precisar d
1,mas venho com boas notacias a partir de quarta feira teremos reposia a o dela d <num> se vocaa ainda tiver interesse me avisa pois ai assim que chegarem eu venho exclusivamente te avisaar
10,oi anne bom dia tudo bem aqui a c a ana do time curadobia a bia nos informou que vocaa se interessou pela nossa bolsa molona mas que infelizmente ela esta indisponavel no site
10,ola pessoal como va o meu nome a c ana e trabalho junto com a bia paes de barros no curadobia com br o curadobia a c um marketplace que nasceu com o propa <num> sito de reunir em um sa <num> lugar pea as que fazem toda a diferena a no arma rio e ao mesmo tempo sa o fa ceis de usar os chamados neutros com tcharanz acreditamos que a giomei super se conecta com essa proposta com quem poderia conversar para falar mais sobre aguardo vocaas
6,obrigada pelo interesse d aguardamos vocaas
10,ola tudo bem podemos falar pelo nosso whatsapp <num> <num> <num> <num>
10,oi pessoal tudo bem mariele da icon aqui adoraria apresentar a agaancia e os talentos que representamos para vocaas acredito que temos uma super sinergia e que seria lindo colaborarmos futuramente qual o melhor contato para falarmos disso por favor muito obrigada
10,ola pessoal como va o meu nome a c ana e trabalho junto com a bia paes de barros no curadobia com br o curadobia a c um marketplace que nasceu com o propa <num> sito de reunir em um sa <num> lugar pea as que fazem toda a diferena a no arma rio e ao mesmo tempo sa o fa ceis de usar os chamados neutros com tcharanz acreditamos que a argi super se conecta com essa proposta com quem poderia conversar para falar mais sobre aguardo vocaas
3,nan
3,nan
10,ola meninas seguem meus contatos <num> <num> <num> <num> daniela masson <user> com muito bom falar com vcs ontem obrigada falamos na sequaancia por whatsapp d
7,daniela depois me passa seu naomero de telefone que aa seguimos a comunicaa a o por la e pelo e mail
1,opa acho que caiu
6,obrigada ata c la
6,enviado obrigada ata c segunda
10,daniela masson <user> com
6,que aa ja envio um invite
7,qual seu e mail
11,fechado <num> pm brasil
1,ah perfeito funcionaria as <num> h fuso sa o paulo
1,acho a <num> timo pode ser segunda <num> na parte da tarde estamos com <num> horas de fuso qual hora rio seria bom pra vc
0,segunda na parte da tarde vocaa teria disponibilidade
10,claro vamos conversar sim o que acha de fazermos uma reunia o on line
6,ola daniela boa tarde tudo bem
5,<url>
6,feliz demais q vc gostou aoi aoi aoi me fala como funciona melhor pra vc e marcamos um call
1,vamos falar sim super
0,adorei as bolsas de vcs
6,oi daniela que bacana muito obrigada por acompanharem e curtirem meu trabalho
10,ola bia sou a daniela e gostaria de apresentar minha marca pra vc a queens gate minha sa <num> cia e eu ja te acompanhamos tem um bom tempo e somos muito fa s a sua curadoria com seus neutros com tcharanz refora ou a vontade de apresentar o conceito da nossa marca pra vc vamos completar <num> ano em agosto e adoraraamos um bate papo com vc pra contar nossa hista <num> ria e nossos planos moro em londres e minha sa <num> cia em sp e vou deixar meu whatsapp pessoal por conta do fuso aqui e mando o link do nosso insta pra vc dar uma olhadinha d obrigada <num> <num> <num> <num>
1,oi renata boa tarde aqui a c a ana acredito que te respondi por whatsapp certo qualquer coisa estou por aqui
8,ola bom dia sou muito fa da bia mas nunca comprei no curadoria uma daovida como faa o para escolher um tamanho com mais segurana a tem uma tabela de medidas para servir de referaancia obrigada
6,ok obrigada d
10,oi maria tudo bem bom dia nosso evento a c exclusivo para nossas clientes conhecerem o mix de perto e ocorre duas vezes ao ano o pra <num> ximo sera em novembro te esperamos
1,qual o enderea o
13,d
6,nossa perfeito
11,ola vanilda segue os detalhes aqui
5,<url>
11,muito estilo
10,oi anna bom dia tudo bem nos desculpe a falta de resposta vou te mandar mensagem via whatsapp para ficar melhor a nossa comunicaa a o tudo bem mas pode ficar tranquila pois realmente nosso atendimento funciona prioritariamente durante a semana e na o vamos te deixar desamparada
0,vc teria alguma informaa a o sobre a minha encomenda
6,bom dia
1,parece que o contato por aqui na o a c satisfata <num> rio
0,vc poderia checar se houve algum problema com os correios de sa o paulo pois nem chegou no correio de curitiba
0,boa tarde estava previsto pra chegar hoje minha encomenda pora c m nada foi entregue
6,obrigada
6,qualquer daovida por favor nos avise d
4,am <num> br
10,ola anna bom dia seu produto vou enviado dia <num> <num> vocaa consegue acompanhar tudo pelo codigo de rastreio abaixo
0,por onde posso acompanhar o envio da minha compra
6,bom dia
0,como eu poderia rastrear minha compra
13,ola
13,d deg
6,oi anna sua compra foi realizada com sucesso pode ficar tranquila ja conferimos aqui direitinho para vocaa
0,eu na o recebi email confirmando a compra
0,compra realizada
7,curtiu uma mensagem
6,obrigada ana
1,qualquer coisa sigo aqui me chamo ana tamba c md deg
11,maravilha
1,esse mesmo que te mandei acima
0,certo qual o link da compra
1,ta de olho faz tempooo
10,sim estoque atualizado especialmente para vocaa anna agora ela a c a aonica no estoque
4,<num> na o creio
13,yes
13,a c essa
5,<url>
1,claro
0,eu quero sim mas vc poderia me enviar a foto do modelo sa <num> pra eu confirmar
8,oi anna acabamos de olhar no nosso estoque temos <num> preta no tamanho <num> vocaa deseja d
1,e tem ela preta
8,ola anna tem sim tamanho <num>
1,essa gladiadora qual o naomero tem <num>
10,ola tudo bem bom dia como funciona o ora amento de studios com vocaas por favor
1,ainda na o super correria
6,bom dia sheila tudo bem vocaa conseguiu ver direitinho os tamanhos qualquer coisa estamos aqui
7,curtiu uma mensagem
1,beleza qualquer coisa estamos aquid
1,macaca o precisa ser mais soltinho
6,obrigada pelo retorno
1,vou checar as minhas medidas e volto com vcs
8,sheila segue resposta das meninas da olive you marca do macaca o <num> cm circunferaancia total mas explique a ela por favor que esta pea a tem uma modelagem ampla ao corpo ok enta o acredito que se encaixa no que conversamos mesmod o que vocaa acha qualquer coisa seguimos a disposia a o
8,sheila essa foi a tabela passada para na <num> s pela marca estamos em contato com eles para ter exatamente a medida do quadril inclusive obrigada pela pergunta pois com ela vamos atualizar o nosso site mas podemos te adiantar que ele tem uma estrutura folgada no quadril enta o acreditamos que ele vai dar certo para ti no tamanho <num> para te passar outra base nas fotos do produto no nosso site a bia esta vestindo o tamanho <num>
11,e quadril
8,claro nossas medidas do tamanho <num> para o macacao cool sa o ombro <num> cm cintura total <num> cm comprimento <num> cm qualquer outra questa o estamos a disposia a o
1,e em outras <num>
1,pois sou em algumas marcas <num>
8,teria as medidas do <num>
6,obrigada pelo retorno
10,a sa <num> clicar nessa mensagem com a imagem que lhe mandei qualquer outra questa o pode nos contatar estamos a disposia a o equipe curadobiad
5,<url>
10,ola bom dia sheila tudo bem que bom que gostou do nosso macacao cool na <num> s temos ele nos tamanhos <num> <num> <num> e <num> vou te encaminhar o link dele para que possa visualizar no nosso site <url>
0,por favor me interessei por este macaca o quais tamanhos e como comprar
10,sheila shared a product
3,nan
3,nan
10,ola pati boa tarde tudo bem estamos entrando em contato porque identificamos que ha um tempo vocaa demonstrou interesse nas sanda lias da bia que apareceram em um dos nossos reels agora eles esta o disponaveis no site do curadobia dd segue o link <url> obrigada por nos acompanhar patracia qualquer daovida estamos a disposia a o equipe curadobia d
3,nan
3,nan
3,nan
3,nan
3,nan
3,nan
3,nan
3,nan
3,nan
3,nan
6,amamos
3,nan
3,nan
3,nan
3,nan
3,nan
3,nan
3,nan
3,nan
3,nan
3,nan
3,nan
3,nan
3,nan
3,nan
3,nan
3,nan
3,nan
3,nan
3,nan
3,nan
0,bom dia sou a gianina marques mineira ma e e autora de joias artesanais gostaria de deixar meu insta para vcs conhecerem minhas joias feita com carinho e totalmente exclusiva aguardo o retorno de vcs q tem tanto conhecimento na a rea desde ja obrigada <user>
10,ola pessoal como va o meu nome a c ana e trabalho junto com a bia paes de barros no curadobia com br o curadobia a c um marketplace que nasceu com o propa <num> sito de reunir em um sa <num> lugar pea as que fazem toda a diferena a no arma rio e ao mesmo tempo sa o fa ceis de usar os chamados neutros com tcharanz acreditamos que a novamente pode se conectar com essa proposta com quem poderia conversar para falar mais sobre aguardo vocaas
6,ola susanna bom dia estaremos te esperando na rua venceslau flexa <num> jardim paulistano das <num> h a s <num> h ah e teremos manobrista no local para maior tranquilidade
13,enderea o
10,qualquer daovida ou questa o estamos a disposia a o obrigada por nos acompanhar equipe curadobia d
5,segue o link da jaqueta <url>
11,ola marta claro com certeza
0,como comprar
9,marta sent an attachment
7,curtiu uma mensagem
6,oi patricia bom dia caraca que legal receber essa mensagem suad ficamos muito felizes com isso nos avise quando estiver por aqui que fazemos uma entrega especiald deg
0,eu amo todos os seus looks combina <num> com o meu estilo queria ter todas as pea as para mim pena que moro do outro lado do mundo
1,na o consigo deixa la deste jeito
3,nan
12,ai me ajuda com o vadeo a ainda na o usei a blusa
13,imagina
6,que legal vai ajudar muito
6,obrigada
10,inclusive muito obrigada pela solicitaa a o pois em funa a o dela estamos criando esse maas um destaque aqui no insta trazendo e salvando vadeos mostrando essa a c mais outras pea as que podem gerar daovidas
1,a bia ira gravar o vadeo e te enviar
6,ola van bom dia te enviaremos ainda hoje
6,bom dia consegue me mandar o vadeo
6,obrigada
13,a simples
1,ola van td bem farei um video para vc
8,ja tentei traas vezes sera que pode ser o tamanho
12,boa tarde comprei a blusa pah mas na o consigo deixa la parecida como da fotoa acho que estou usando de forma erradaa tem alguma tutorial de como vesti la rs
0,oie sa o lindas pora c m aquele modelo foi o que mais me agradou mas tranquilo super obrigada pela atena a o
11,o que acha dessas opa aues d
5,<url>
5,<url>
5,<url>
5,<url>
10,oi mari bom dia tudo bem infelizmente essa cala a na o teremos mais reposia a o no curadobia mas estamos com diversas novidades no site qualquer coisa sigo aqui para o que vocaa precisar
1,oie essa cala a vai ter reposia a o na curadoria
9,mari sent an attachment
13,d
6,obrigada pelo prestagio foi incravel te ter de pertinho hojed d
3,nan
3,nan
7,reagiu com d a sua mensagem
5,vou te encaminhar o link <url>
0,bom dia marcia tudo bem obrigada pela sua mensagem ficamos muito felizes que gostou da nossa pantalona jeans d infelizmente ela esta esgotada no momento mas assim que tivermos a reposia a o te avisamos
11,linda cala a qual a c a marca
13,d
3,nan
13,d
3,nan
13,d
13,d
13,d
13,d
9,you sent an attachment
1,falamos por la
13,ok
10,oi cris tudo bem estamos nos comunicando pelo whatsapp podemos continuar por la aproveito para te atualizar que ja reforcei seu pedido com a marca mybasic nesta tarde pea o apenas sua compreensa o em relaa a o aos prazos que as marcas precisam para responder e resolver essas questaues ja solicitei um adiantamento para o seu pedido e pode ficar tranquila vocaa entrou em contato dentro do prazo de <num> dias corridos para solicitaa a o de devolua a o enta o seu pedido sera atendido sem problemas qualquer novidade te aviso por la
0,estou tentando contato para devolua a o de mercadoria e ningua c m me atende nem por whatsapp e nem e mail comprei um vestido que quero devolver como devo proceder cristina hees <num> <num>
6,ahhh entendia muito obrigada d
13,beijos
6,mas super entendi e aproveito pra agradecer e elogiar seu trabalho
0,a fato perguntei pois esta a procurando uma pea a e na o encontrava
10,ola vera na verdade a curadoria de pecas que seleciono ja faz parte dessa ajuda
10,tudo bem bia gostaria muito de saber se nesta sua plataforma vc assiste aos clientes em encontrar produtos lojas etc
6,ola td e vc
6,ola bia tudo bem
13,obaaaa
0,parabans excelente ideia vim pelo insta da gla <num> ria kalil d torcendo por mais um sucesso
9,paula sent an attachment
11,uauuu ameiii linda saia
7,curtiu uma mensagem
3,nan
3,nan
3,nan
3,nan
3,nan
3,nan
3,nan
3,nan
3,nan
3,nan
13,d
13,d
12,pergunta tenho duvida no tamanho da blusa molona qual voce recomenda resposta tamanho e medidas
8,pergunta a calca cool fica justa no quadril resposta tamanho e medidas
8,pergunta tenho <num> cm de busto qual regata pregas jersey comprar resposta tamanho e medidas
8,pergunta a saia acinturante e oversized ou normal resposta tamanho e medidas
8,pergunta se eu sou baixa a trench facil fica muito comprida resposta tamanho e medidas
12,pergunta tenho duvida no tamanho da camisa viajante qual voce recomenda resposta tamanho e medidas
8,pergunta a saia tech fica justa no quadril resposta tamanho e medidas
8,pergunta tenho <num> cm de busto qual bolsa anda sozinha comprar resposta tamanho e medidas
12,pergunta a camisa de responsa e oversized ou normal resposta tamanho e medidas
8,pergunta se eu sou baixa a calca saruel silvia fica muito comprida resposta tamanho e medidas
12,pergunta tenho duvida no tamanho da blusa molona qual voce recomenda resposta tamanho e medidas
8,pergunta a calca cool fica justa no quadril resposta tamanho e medidas
8,pergunta tenho <num> cm de busto qual regata pregas jersey comprar resposta tamanho e medidas
8,pergunta a saia acinturante e oversized ou normal resposta tamanho e medidas
8,pergunta se eu sou baixa a trench facil fica muito comprida resposta tamanho e medidas
12,pergunta tenho duvida no tamanho da camisa viajante qual voce recomenda resposta tamanho e medidas
8,pergunta a saia tech fica justa no quadril resposta tamanho e medidas
8,pergunta tenho <num> cm de busto qual bolsa anda sozinha comprar resposta tamanho e medidas
12,pergunta a camisa de responsa e oversized ou normal resposta tamanho e medidas
8,pergunta se eu sou baixa a calca saruel silvia fica muito comprida resposta tamanho e medidas
12,pergunta tenho duvida no tamanho da blusa molona qual voce recomenda resposta tamanho e medidas
8,pergunta a calca cool fica justa no quadril resposta tamanho e medidas
8,pergunta tenho <num> cm de busto qual regata pregas jersey comprar resposta tamanho e medidas
8,pergunta a saia acinturante e oversized ou normal resposta tamanho e medidas
8,pergunta se eu sou baixa a trench facil fica muito comprida resposta tamanho e medidas
12,pergunta tenho duvida no tamanho da camisa viajante qual voce recomenda resposta tamanho e medidas
8,pergunta a saia tech fica justa no quadril resposta tamanho e medidas
8,pergunta tenho <num> cm de busto qual bolsa anda sozinha comprar resposta tamanho e medidas
12,pergunta a camisa de responsa e oversized ou normal resposta tamanho e medidas
8,pergunta se eu sou baixa a calca saruel silvia fica muito comprida resposta tamanho e medidas
12,pergunta tenho duvida no tamanho da blusa molona qual voce recomenda resposta tamanho e medidas
8,pergunta a calca cool fica justa no quadril resposta tamanho e medidas
8,pergunta tenho <num> cm de busto qual regata pregas jersey comprar resposta tamanho e medidas
8,pergunta a saia acinturante e oversized ou normal resposta tamanho e medidas
8,pergunta se eu sou baixa a trench facil fica muito comprida resposta tamanho e medidas
12,pergunta tenho duvida no tamanho da camisa viajante qual voce recomenda resposta tamanho e medidas
8,pergunta a saia tech fica justa no quadril resposta tamanho e medidas
8,pergunta tenho <num> cm de busto qual bolsa anda sozinha comprar resposta tamanho e medidas
12,pergunta a camisa de responsa e oversized ou normal resposta tamanho e medidas
8,pergunta se eu sou baixa a calca saruel silvia fica muito comprida resposta tamanho e medidas
12,pergunta tenho duvida no tamanho da blusa molona qual voce recomenda resposta tamanho e medidas
8,pergunta a calca cool fica justa no quadril resposta tamanho e medidas
8,pergunta tenho <num> cm de busto qual regata pregas jersey comprar resposta tamanho e medidas
8,pergunta a saia acinturante e oversized ou normal resposta tamanho e medidas
8,pergunta se eu sou baixa a trench facil fica muito comprida resposta tamanho e medidas
12,pergunta tenho duvida no tamanho da camisa viajante qual voce recomenda resposta tamanho e medidas
8,pergunta a saia tech fica justa no quadril resposta tamanho e medidas
8,pergunta tenho <num> cm de busto qual bolsa anda sozinha comprar resposta tamanho e medidas
12,pergunta a camisa de responsa e oversized ou normal resposta tamanho e medidas
8,pergunta se eu sou baixa a calca saruel silvia fica muito comprida resposta tamanho e medidas
12,pergunta tenho duvida no tamanho da blusa molona qual voce recomenda resposta tamanho e medidas
8,pergunta a calca cool fica justa no quadril resposta tamanho e medidas
8,pergunta tenho <num> cm de busto qual regata pregas jersey comprar resposta tamanho e medidas
8,pergunta a saia acinturante e oversized ou normal resposta tamanho e medidas
8,pergunta se eu sou baixa a trench facil fica muito comprida resposta tamanho e medidas
12,pergunta tenho duvida no tamanho da camisa viajante qual voce recomenda resposta tamanho e medidas
8,pergunta a saia tech fica justa no quadril resposta tamanho e medidas
8,pergunta tenho <num> cm de busto qual bolsa anda sozinha comprar resposta tamanho e medidas
12,pergunta a camisa de responsa e oversized ou normal resposta tamanho e medidas
8,pergunta se eu sou baixa a calca saruel silvia fica muito comprida resposta tamanho e medidas
12,pergunta tenho duvida no tamanho da blusa molona qual voce recomenda resposta tamanho e medidas
8,pergunta a calca cool fica justa no quadril resposta tamanho e medidas
8,pergunta tenho <num> cm de busto qual regata pregas jersey comprar resposta tamanho e medidas
8,pergunta a saia acinturante e oversized ou normal resposta tamanho e medidas
8,pergunta se eu sou baixa a trench facil fica muito comprida resposta tamanho e medidas
12,pergunta tenho duvida no tamanho da camisa viajante qual voce recomenda resposta tamanho e medidas
8,pergunta a saia tech fica justa no quadril resposta tamanho e medidas
8,pergunta tenho <num> cm de busto qual bolsa anda sozinha comprar resposta tamanho e medidas
12,pergunta a camisa de responsa e oversized ou normal resposta tamanho e medidas
8,pergunta se eu sou baixa a calca saruel silvia fica muito comprida resposta tamanho e medidas
12,pergunta tenho duvida no tamanho da blusa molona qual voce recomenda resposta tamanho e medidas
8,pergunta a calca cool fica justa no quadril resposta tamanho e medidas
8,pergunta tenho <num> cm de busto qual regata pregas jersey comprar resposta tamanho e medidas
8,pergunta a saia acinturante e oversized ou normal resposta tamanho e medidas
8,pergunta se eu sou baixa a trench facil fica muito comprida resposta tamanho e medidas
12,pergunta tenho duvida no tamanho da camisa viajante qual voce recomenda resposta tamanho e medidas
8,pergunta a saia tech fica justa no quadril resposta tamanho e medidas
8,pergunta tenho <num> cm de busto qual bolsa anda sozinha comprar resposta tamanho e medidas
12,pergunta a camisa de responsa e oversized ou normal resposta tamanho e medidas
8,pergunta se eu sou baixa a calca saruel silvia fica muito comprida resposta tamanho e medidas
12,pergunta tenho duvida no tamanho da blusa molona qual voce recomenda resposta tamanho e medidas
8,pergunta a calca cool fica justa no quadril resposta tamanho e medidas
8,pergunta tenho <num> cm de busto qual regata pregas jersey comprar resposta tamanho e medidas
8,pergunta a saia acinturante e oversized ou normal resposta tamanho e medidas
8,pergunta se eu sou baixa a trench facil fica muito comprida resposta tamanho e medidas
12,pergunta tenho duvida no tamanho da camisa viajante qual voce recomenda resposta tamanho e medidas
8,pergunta a saia tech fica justa no quadril resposta tamanho e medidas
8,pergunta tenho <num> cm de busto qual bolsa anda sozinha comprar resposta tamanho e medidas
12,pergunta a camisa de responsa e oversized ou normal resposta tamanho e medidas
8,pergunta se eu sou baixa a calca saruel silvia fica muito comprida resposta tamanho e medidas
12,pergunta tenho duvida no tamanho da blusa molona qual voce recomenda resposta tamanho e medidas
8,pergunta a calca cool fica justa no quadril resposta tamanho e medidas
8,pergunta tenho <num> cm de busto qual regata pregas jersey comprar resposta tamanho e medidas
8,pergunta a saia acinturante e oversized ou normal resposta tamanho e medidas
8,pergunta se eu sou baixa a trench facil fica muito comprida resposta tamanho e medidas
12,pergunta tenho duvida no tamanho da camisa viajante qual voce recomenda resposta tamanho e medidas
8,pergunta a saia tech fica justa no quadril resposta tamanho e medidas
8,pergunta tenho <num> cm de busto qual bolsa anda sozinha comprar resposta tamanho e medidas
12,pergunta a camisa de responsa e oversized ou normal resposta tamanho e medidas
8,pergunta se eu sou baixa a calca saruel silvia fica muito comprida resposta tamanho e medidas
12,pergunta o tecido da blusa molona esquenta resposta modelagem e tecido
8,pergunta a calca cool amassa facil resposta modelagem e tecido
8,pergunta a regata pregas jersey precisa passar resposta modelagem e tecido
8,pergunta a saia acinturante marca muito o corpo resposta modelagem e tecido
8,pergunta a trench facil tem forro interno resposta modelagem e tecido
12,pergunta o tecido da camisa viajante esquenta resposta modelagem e tecido
8,pergunta a saia tech amassa facil resposta modelagem e tecido
8,pergunta a bolsa anda sozinha precisa passar resposta modelagem e tecido
12,pergunta a camisa de responsa marca muito o corpo resposta modelagem e tecido
8,pergunta a calca saruel silvia tem forro interno resposta modelagem e tecido
12,pergunta o tecido da blusa molona esquenta resposta modelagem e tecido
8,pergunta a calca cool amassa facil resposta modelagem e tecido
8,pergunta a regata pregas jersey precisa passar resposta modelagem e tecido
8,pergunta a saia acinturante marca muito o corpo resposta modelagem e tecido
8,pergunta a trench facil tem forro interno resposta modelagem e tecido
12,pergunta o tecido da camisa viajante esquenta resposta modelagem e tecido
8,pergunta a saia tech amassa facil resposta modelagem e tecido
8,pergunta a bolsa anda sozinha precisa passar resposta modelagem e tecido
12,pergunta a camisa de responsa marca muito o corpo resposta modelagem e tecido
8,pergunta a calca saruel silvia tem forro interno resposta modelagem e tecido
12,pergunta o tecido da blusa molona esquenta resposta modelagem e tecido
8,pergunta a calca cool amassa facil resposta modelagem e tecido
8,pergunta a regata pregas jersey precisa passar resposta modelagem e tecido
8,pergunta a saia acinturante marca muito o corpo resposta modelagem e tecido
8,pergunta a trench facil tem forro interno resposta modelagem e tecido
12,pergunta o tecido da camisa viajante esquenta resposta modelagem e tecido
8,pergunta a saia tech amassa facil resposta modelagem e tecido
8,pergunta a bolsa anda sozinha precisa passar resposta modelagem e tecido
12,pergunta a camisa de responsa marca muito o corpo resposta modelagem e tecido
8,pergunta a calca saruel silvia tem forro interno resposta modelagem e tecido
12,pergunta o tecido da blusa molona esquenta resposta modelagem e tecido
8,pergunta a calca cool amassa facil resposta modelagem e tecido
8,pergunta a regata pregas jersey precisa passar resposta modelagem e tecido
8,pergunta a saia acinturante marca muito o corpo resposta modelagem e tecido
8,pergunta a trench facil tem forro interno resposta modelagem e tecido
12,pergunta o tecido da camisa viajante esquenta resposta modelagem e tecido
8,pergunta a saia tech amassa facil resposta modelagem e tecido
8,pergunta a bolsa anda sozinha precisa passar resposta modelagem e tecido
12,pergunta a camisa de responsa marca muito o corpo resposta modelagem e tecido
8,pergunta a calca saruel silvia tem forro interno resposta modelagem e tecido
12,pergunta o tecido da blusa molona esquenta resposta modelagem e tecido
8,pergunta a calca cool amassa facil resposta modelagem e tecido
8,pergunta a regata pregas jersey precisa passar resposta modelagem e tecido
8,pergunta a saia acinturante marca muito o corpo resposta modelagem e tecido
8,pergunta a trench facil tem forro interno resposta modelagem e tecido
12,pergunta o tecido da camisa viajante esquenta resposta modelagem e tecido
8,pergunta a saia tech amassa facil resposta modelagem e tecido
8,pergunta a bolsa anda sozinha precisa passar resposta modelagem e tecido
12,pergunta a camisa de responsa marca muito o corpo resposta modelagem e tecido
8,pergunta a calca saruel silvia tem forro interno resposta modelagem e tecido
12,pergunta da pra usar a blusa molona em festa de dia resposta combinacoes e ocasioes
8,pergunta a calca cool vai bem com bota resposta combinacoes e ocasioes
12,pergunta com que sapato usar a regata pregas jersey resposta combinacoes e ocasioes
12,pergunta a saia acinturante combina com jeans resposta combinacoes e ocasioes
8,pergunta a trench facil e versatil pra viagem resposta combinacoes e ocasioes
12,pergunta da pra usar a camisa viajante em festa de dia resposta combinacoes e ocasioes
8,pergunta a saia tech vai bem com bota resposta combinacoes e ocasioes
8,pergunta com que sapato usar a bolsa anda sozinha resposta combinacoes e ocasioes
12,pergunta a camisa de responsa combina com jeans resposta combinacoes e ocasioes
8,pergunta a calca saruel silvia e versatil pra viagem resposta combinacoes e ocasioes
12,pergunta da pra usar a blusa molona em festa de dia resposta combinacoes e ocasioes
8,pergunta a calca cool vai bem com bota resposta combinacoes e ocasioes
12,pergunta com que sapato usar a regata pregas jersey resposta combinacoes e ocasioes
12,pergunta a saia acinturante combina com jeans resposta combinacoes e ocasioes
8,pergunta a trench facil e versatil pra viagem resposta combinacoes e ocasioes
12,pergunta da pra usar a camisa viajante em festa de dia resposta combinacoes e ocasioes
8,pergunta a saia tech vai bem com bota resposta combinacoes e ocasioes
8,pergunta com que sapato usar a bolsa anda sozinha resposta combinacoes e ocasioes
12,pergunta a camisa de responsa combina com jeans resposta combinacoes e ocasioes
8,pergunta a calca saruel silvia e versatil pra viagem resposta combinacoes e ocasioes
12,pergunta da pra usar a blusa molona em festa de dia resposta combinacoes e ocasioes
8,pergunta a calca cool vai bem com bota resposta combinacoes e ocasioes
12,pergunta com que sapato usar a regata pregas jersey resposta combinacoes e ocasioes
12,pergunta a saia acinturante combina com jeans resposta combinacoes e ocasioes
8,pergunta a trench facil e versatil pra viagem resposta combinacoes e ocasioes
12,pergunta da pra usar a camisa viajante em festa de dia resposta combinacoes e ocasioes
8,pergunta a saia tech vai bem com bota resposta combinacoes e ocasioes
8,pergunta com que sapato usar a bolsa anda sozinha resposta combinacoes e ocasioes
12,pergunta a camisa de responsa combina com jeans resposta combinacoes e ocasioes
8,pergunta a calca saruel silvia e versatil pra viagem resposta combinacoes e ocasioes
12,pergunta da pra usar a blusa molona em festa de dia resposta combinacoes e ocasioes
8,pergunta a calca cool vai bem com bota resposta combinacoes e ocasioes
12,pergunta com que sapato usar a regata pregas jersey resposta combinacoes e ocasioes
12,pergunta a saia acinturante combina com jeans resposta combinacoes e ocasioes
8,pergunta a trench facil e versatil pra viagem resposta combinacoes e ocasioes
12,pergunta da pra usar a camisa viajante em festa de dia resposta combinacoes e ocasioes
8,pergunta a saia tech vai bem com bota resposta combinacoes e ocasioes
8,pergunta com que sapato usar a bolsa anda sozinha resposta combinacoes e ocasioes
12,pergunta a camisa de responsa combina com jeans resposta combinacoes e ocasioes
8,pergunta a calca saruel silvia e versatil pra viagem resposta combinacoes e ocasioes
12,pergunta da pra usar a blusa molona em festa de dia resposta combinacoes e ocasioes
8,pergunta a calca cool vai bem com bota resposta combinacoes e ocasioes
12,pergunta com que sapato usar a regata pregas jersey resposta combinacoes e ocasioes
12,pergunta a saia acinturante combina com jeans resposta combinacoes e ocasioes
8,pergunta a trench facil e versatil pra viagem resposta combinacoes e ocasioes
12,pergunta da pra usar a camisa viajante em festa de dia resposta combinacoes e ocasioes
8,pergunta a saia tech vai bem com bota resposta combinacoes e ocasioes
8,pergunta com que sapato usar a bolsa anda sozinha resposta combinacoes e ocasioes
12,pergunta a camisa de responsa combina com jeans resposta combinacoes e ocasioes
8,pergunta a calca saruel silvia e versatil pra viagem resposta combinacoes e ocasioes
12,pergunta da pra usar a blusa molona em festa de dia resposta combinacoes e ocasioes
8,pergunta a calca cool vai bem com bota resposta combinacoes e ocasioes
12,pergunta com que sapato usar a regata pregas jersey resposta combinacoes e ocasioes
12,pergunta a saia acinturante combina com jeans resposta combinacoes e ocasioes
8,pergunta a trench facil e versatil pra viagem resposta combinacoes e ocasioes
12,pergunta da pra usar a camisa viajante em festa de dia resposta combinacoes e ocasioes
8,pergunta a saia tech vai bem com bota resposta combinacoes e ocasioes
8,pergunta com que sapato usar a bolsa anda sozinha resposta combinacoes e ocasioes
12,pergunta a camisa de responsa combina com jeans resposta combinacoes e ocasioes
8,pergunta a calca saruel silvia e versatil pra viagem resposta combinacoes e ocasioes
12,pergunta quanto tempo pra entregar a blusa molona em sp resposta frete prazos e trocas
8,pergunta a calca cool tem frete gratis resposta frete prazos e trocas
8,pergunta consigo devolver a regata pregas jersey se nao servir resposta frete prazos e trocas
8,pergunta tem rastreio pra saia acinturante resposta frete prazos e trocas
8,pergunta da pra trocar a trench facil por outro tamanho resposta frete prazos e trocas
12,pergunta quanto tempo pra entregar a camisa viajante em sp resposta frete prazos e trocas
8,pergunta a saia tech tem frete gratis resposta frete prazos e trocas
8,pergunta consigo devolver a bolsa anda sozinha se nao servir resposta frete prazos e trocas
8,pergunta tem rastreio pra camisa de responsa resposta frete prazos e trocas
8,pergunta da pra trocar a calca saruel silvia por outro tamanho resposta frete prazos e trocas
12,pergunta quanto tempo pra entregar a blusa molona em sp resposta frete prazos e trocas
8,pergunta a calca cool tem frete gratis resposta frete prazos e trocas
8,pergunta consigo devolver a regata pregas jersey se nao servir resposta frete prazos e trocas
8,pergunta tem rastreio pra saia acinturante resposta frete prazos e trocas
8,pergunta da pra trocar a trench facil por outro tamanho resposta frete prazos e trocas
12,pergunta quanto tempo pra entregar a camisa viajante em sp resposta frete prazos e trocas
8,pergunta a saia tech tem frete gratis resposta frete prazos e trocas
8,pergunta consigo devolver a bolsa anda sozinha se nao servir resposta frete prazos e trocas
8,pergunta tem rastreio pra camisa de responsa resposta frete prazos e trocas
8,pergunta da pra trocar a calca saruel silvia por outro tamanho resposta frete prazos e trocas
12,pergunta quanto tempo pra entregar a blusa molona em sp resposta frete prazos e trocas
8,pergunta a calca cool tem frete gratis resposta frete prazos e trocas
8,pergunta consigo devolver a regata pregas jersey se nao servir resposta frete prazos e trocas
8,pergunta tem rastreio pra saia acinturante resposta frete prazos e trocas
8,pergunta da pra trocar a trench facil por outro tamanho resposta frete prazos e trocas
12,pergunta quanto tempo pra entregar a camisa viajante em sp resposta frete prazos e trocas
8,pergunta a saia tech tem frete gratis resposta frete prazos e trocas
8,pergunta consigo devolver a bolsa anda sozinha se nao servir resposta frete prazos e trocas
8,pergunta tem rastreio pra camisa de responsa resposta frete prazos e trocas
8,pergunta da pra trocar a calca saruel silvia por outro tamanho resposta frete prazos e trocas
12,pergunta quanto tempo pra entregar a blusa molona em sp resposta frete prazos e trocas
8,pergunta a calca cool tem frete gratis resposta frete prazos e trocas
8,pergunta consigo devolver a regata pregas jersey se nao servir resposta frete prazos e trocas
8,pergunta tem rastreio pra saia acinturante resposta frete prazos e trocas
8,pergunta da pra trocar a trench facil por outro tamanho resposta frete prazos e trocas
12,pergunta quanto tempo pra entregar a camisa viajante em sp resposta frete prazos e trocas
8,pergunta a saia tech tem frete gratis resposta frete prazos e trocas
8,pergunta consigo devolver a bolsa anda sozinha se nao servir resposta frete prazos e trocas
8,pergunta tem rastreio pra camisa de responsa resposta frete prazos e trocas
8,pergunta da pra trocar a calca saruel silvia por outro tamanho resposta frete prazos e trocas
0,pergunta a blusa molona ta em promocao resposta preco estoque e pagamento
8,pergunta da pra parcelar a calca cool sem juros resposta preco estoque e pagamento
8,pergunta a regata pregas jersey tem desconto a vista resposta preco estoque e pagamento
8,pergunta tem estoque da saia acinturante no tamanho m resposta preco estoque e pagamento
8,pergunta aceitam pix pra trench facil resposta preco estoque e pagamento
12,pergunta a camisa viajante ta em promocao resposta preco estoque e pagamento
8,pergunta da pra parcelar a saia tech sem juros resposta preco estoque e pagamento
8,pergunta a bolsa anda sozinha tem desconto a vista resposta preco estoque e pagamento
12,pergunta tem estoque da camisa de responsa no tamanho m resposta preco estoque e pagamento
8,pergunta aceitam pix pra calca saruel silvia resposta preco estoque e pagamento
0,pergunta a blusa molona ta em promocao resposta preco estoque e pagamento
8,pergunta da pra parcelar a calca cool sem juros resposta preco estoque e pagamento
8,pergunta a regata pregas jersey tem desconto a vista resposta preco estoque e pagamento
8,pergunta tem estoque da saia acinturante no tamanho m resposta preco estoque e pagamento
8,pergunta aceitam pix pra trench facil resposta preco estoque e pagamento
12,pergunta a camisa viajante ta em promocao resposta preco estoque e pagamento
8,pergunta da pra parcelar a saia tech sem juros resposta preco estoque e pagamento
8,pergunta a bolsa anda sozinha tem desconto a vista resposta preco estoque e pagamento
12,pergunta tem estoque da camisa de responsa no tamanho m resposta preco estoque e pagamento
8,pergunta aceitam pix pra calca saruel silvia resposta preco estoque e pagamento
0,pergunta a blusa molona ta em promocao resposta preco estoque e pagamento
8,pergunta da pra parcelar a calca cool sem juros resposta preco estoque e pagamento
8,pergunta a regata pregas jersey tem desconto a vista resposta preco estoque e pagamento
8,pergunta tem estoque da saia acinturante no tamanho m resposta preco estoque e pagamento
8,pergunta aceitam pix pra trench facil resposta preco estoque e pagamento
12,pergunta a camisa viajante ta em promocao resposta preco estoque e pagamento
8,pergunta da pra parcelar a saia tech sem juros resposta preco estoque e pagamento
8,pergunta a bolsa anda sozinha tem desconto a vista resposta preco estoque e pagamento
12,pergunta tem estoque da camisa de responsa no tamanho m resposta preco estoque e pagamento
8,pergunta aceitam pix pra calca saruel silvia resposta preco estoque e pagamento
0,pergunta a blusa molona ta em promocao resposta preco estoque e pagamento
8,pergunta da pra parcelar a calca cool sem juros resposta preco estoque e pagamento
8,pergunta a regata pregas jersey tem desconto a vista resposta preco estoque e pagamento
8,pergunta tem estoque da saia acinturante no tamanho m resposta preco estoque e pagamento
8,pergunta aceitam pix pra trench facil resposta preco estoque e pagamento
12,pergunta a camisa viajante ta em promocao resposta preco estoque e pagamento
8,pergunta da pra parcelar a saia tech sem juros resposta preco estoque e pagamento
8,pergunta a bolsa anda sozinha tem desconto a vista resposta preco estoque e pagamento
12,pergunta tem estoque da camisa de responsa no tamanho m resposta preco estoque e pagamento
8,pergunta aceitam pix pra calca saruel silvia resposta preco estoque e pagamento
11,pergunta a blusa molona e feita no brasil resposta extras e institucional
8,pergunta voces tem loja fisica pra ver a calca cool resposta extras e institucional
8,pergunta posso indicar a regata pregas jersey pra alguem resposta extras e institucional
8,pergunta a saia acinturante e slow fashion resposta extras e institucional
8,pergunta quem faz a trench facil resposta extras e institucional
12,pergunta a camisa viajante e feita no brasil resposta extras e institucional
8,pergunta voces tem loja fisica pra ver a saia tech resposta extras e institucional
8,pergunta posso indicar a bolsa anda sozinha pra alguem resposta extras e institucional
12,pergunta a camisa de responsa e slow fashion resposta extras e institucional
10,pergunta quem faz a calca saruel silvia resposta extras e institucional
13,perguntas
13,frequentes
13,de
11,clientes
8,tamanho
11,modelagem
4,<num>
11,vestido
13,invernal
13,voce
13,pode
13,me
13,ajudar
7,com
13,a
13,escolha
13,do
8,tamanho
13,da
13,peca
13,gostei
13,muito
13,deste
11,vestido
1,tenho
4,<num> cm
13,de
13,busto
4,<num>
13,cm
13,de
12,cintura
4,<num>
13,cm
13,de
11,quadril
13,meco
4,<num> <num> m
13,qual
13,seria
13,o
8,tamanho
13,para
13,comprar
3,nan
4,<num>
13,blusa
11,basica
13,eu
13,quero
13,comprar
13,esta
13,blusa
13,mas
1,tenho
11,duvida
7,com
13,minha
8,medida
3,nan
13,meu
13,busto
13,tem
8,medida
13,de
4,<num> cm
8,medida
13,pela
11,circunferencia
3,nan
13,qual
13,o
13,melhor
8,tamanho
3,nan
4,<num>
13,a
12,camisa
13,branca
3,nan
13,bom
13,dia
1,gostaria
13,de
13,tirar
13,uma
11,duvida
13,sobre
13,a
12,camisa
13,branca
11,mybasic
13,sku
4,mb <num> gg
13,nas
13,medidas
13,do
13,busto
13,aparece
4,p <num>
13,e
4,m <num> <num>
4,nao
1,entendi
13,pq
13,em
13,regra
13,as
13,medidas
13,sao
3,na
13,casa
13,dos
4,<num> cm
13,minhas
13,medidas
4,<num>
13,cm
13,de
13,busto
4,<num>
13,cm
13,de
12,cintura
4,<num>
13,cm
13,de
11,quadril
13,o
11,modelo
13,e
13,amplo
13,ne
13,pra
1,ficar
13,soltinha
13,como
3,na
11,foto
13,da
11,bia
13,pra
13,mim
13,seria
11,gg
3,nan
4,<num>
11,trench
13,facil
13,oie
11,voces
13,tem
13,aquele
11,trench
11,coat
11,verde
13,no
8,tamanho
13,p
13,ele
13,e
11,quente
3,nan
4,<num>
11,bolsa
13,anda
11,sozinha
13,oi
13,ana
13,tudo
13,bem
1,sou
13,a
11,flo
13,pedi
11,informacoes
13,da
11,bolsa
13,preta
13,da
13,guarda
13,mundo
13,por
11,instagram
13,minhas
13,duvidas
13,sao
13,ela
13,e
11,molenga
13,ou
11,estruturada
13,ela
13,tem
11,fecho
3,nan
13,mas
13,tipo
13,se
13,eu
1,deixa la
13,de
13,pe
13,ela
13,cai
13,ou
13,fica
13,hahaha
11,fretes
11,entrega devolucao
6,excelente
13,pq
1,tenho
13,uma
11,festa
13,e
1,gostaria
13,muito
13,de
13,usar
13,vc
13,saberia
13,me
13,dizer
13,quando
13,entregaria
13,vou
13,receber
7,email
7,com
13,o
13,codigo
13,de
11,rastreamento
13,vou
13,tentar
13,entao
13,se
4,nao
1,ficar
13,boa
1,posso
13,devolver
1,certo
13,onde
13,comprar
13,oiiiii
1,posso
13,comprar
13,uma
13,bota
7,com
11,vcs
13,compro
13,pelo
5,site
13,ou
13,pode
13,ser
13,por
1,aqui
13,boa
1,tarde
13,como
13,eu
13,faco
13,para
13,comprar
13,a
12,camisa
11,viajante
13,erros
13,oi
13,bom
13,dia
13,passando
13,so
13,para
13,avisar
13,que
13,continuo
13,sem
1,conseguir
13,comprar
3,na
11,plataforma
13,de
11,vcs
13,da
13,erro
13,de
13,senha
13,peco
13,para
7,enviar
7,email
13,fazer
13,uma
13,nova
13,e
13,esse
7,e mail
13,nunca
13,chega
13,uma
13,pena
13,mas
13,os
7,emails
13,de
11,publicidade
13,de
11,vcs
13,eu
13,recebo
3,nan
11,stories
13,saia
11,alongadora
4,<num> <num>
3,nan
13,pergunta
11,inventada
10,cliente
13,no
11,chat
13,do
11,curadobia
13,comprei
13,uma
13,saia
13,mais
11,arrumadinha
13,dessas
13,que
13,a
13,gente
1,usaria
13,num
11,jantarzinho
13,sabe
13,mas
13,queria
13,muito
13,usar
13,no
13,dia
13,a
13,dia
13,tambem
13,tem
13,algum
13,jeito
13,de
1,deixar
13,ela
13,mais
11,casual
13,sem
13,perder
13,o
11,charme
3,nan
13,resposta
13,no
11,estilo
13,da
11,bia
11,amooo
13,quando
13,a
13,gente
1,consegue
13,tirar
13,a
13,saia
13,da
13,prateleira
13,do
11,jantarzinho
13,chique
13,e
13,fazer
13,ela
11,render
11,horrores
13,no
11,armario
13,sabe
13,o
13,segredo
13,ta
3,na
13,proporcao
3,nan
13,essas
13,saias
13,mais
13,arrumadinhas
13,no
11,quadril
13,e
13,abertas
1,embaixo
13,ganham
13,outra
13,vibe
13,quando
13,a
13,gente
13,joga
13,um
12,trico
13,bem
13,jogadao
13,por
13,cima
13,ou
13,um
11,casaco
13,grandao
3,nan
13,ela
13,quase
11,vira
13,uma
12,pantalona
11,chic
13,ai
13,voce
13,brinca
7,com
13,os
11,pes
13,bota
11,tenis
13,de
11,cano
13,alto
13,meia
13,preta
13,pra
13,dar
13,continuidade
3,nan
13,tudo
13,pra
11,alongar
13,e
13,mesmo
13,se
13,ela
4,nao
13,for
11,longona
13,em
13,voce
13,tipo
13,eu
13,que
1,sou
11,gigante
13,hahaha
1,funciona
13,igual
13,a
13,ideia
13,e
13,sair
13,do
13,obvio
13,e
13,parar
13,de
13,comprar
12,roupa
7,com
11,cpf
13,de
11,evento
13,unico
13,ne
3,nan
11,vocabulario
13,da
11,bia
3,nan
13,prateleira
13,do
11,jantarzinho
13,chique
3,nan
13,fazer
11,render
11,horrores
13,no
11,armario
3,nan
11,arrumadinha
13,no
11,quadril
3,nan
12,trico
13,jogadao
3,nan
11,casaco
13,grandao
3,nan
11,vira
13,uma
12,pantalona
11,chic
3,nan
13,brincar
7,com
13,os
11,pes
3,nan
13,meia
13,preta
13,pra
13,dar
13,continuidade
3,nan
11,longona
3,nan
12,roupa
7,com
11,cpf
13,de
11,evento
13,unico
3,nan
11,reels
4,<num>
13,junho
13,de
13,acessorios
3,nan
13,perguntas
13,inventadas
10,cliente
13,no
11,chat
13,do
11,curadobia
4,<num>
13,queria
13,um
11,brinco
13,que
13,ja
13,resolvesse
13,o
13,look
13,sem
13,muito
13,esforco
13,sabe
13,alguma
13,sugestao
4,<num>
13,essas
11,chokers
13,que
11,voces
13,vendem
13,sao
11,confortaveis
13,sempre
13,acho
13,meio
13,duras
13,sabe
4,<num>
13,tem
13,algum
13,acessorio
13,que
13,ajude
13,a
13,levantar
13,um
13,look
13,mais
11,basico
4,<num>
1,posso
13,usar
11,colar
7,com
11,decote
11,fechado
13,ou
13,fica
11,estranho
3,nan
13,respostas
13,no
11,estilo
13,da
11,bia
4,<num>
11,brinco
11,prontissima
13,esse
11,brinco
13,e
13,da
11,categoria
11,prontissima
3,nan
13,voce
13,coloca
13,e
13,a
12,roupa
13,resolve
13,em
13,dois
11,segundos
13,ele
13,e
13,daqueles
13,que
13,pede
13,um
11,cabelo
11,preso
13,sabe
13,porque
13,ja
13,tem
13,presenca
1,suficiente
13,sem
13,precisar
13,de
11,pano
11,lenco
13,nada
13,leve
13,no
13,toque
11,pesado
13,no
11,impacto
11,visual
3,nan
4,<num>
11,choker
11,maleavel
11,choker
13,boa
13,e
11,choker
11,gostosa
13,de
13,usar
13,ne
13,essa
1,aqui
4,nao
13,e
13,daquelas
13,duras
13,que
13,parecem
13,coleira
3,nan
13,ela
13,e
11,maleavel
11,confortavel
13,fica
11,linda
7,com
11,decote
13,v
13,e
1,ainda
13,da
13,aquele
13,toque
11,sensual
3,na
8,medida
4,<num>
12,bracelete
11,poderosao
13,esse
12,bracelete
13,e
11,frisao friendly
3,nan
11,real
13,oficial
13,ele
13,tem
11,estrutura
11,encorpada
13,o
12,peso
13,certinho
13,e
1,funciona
13,super
13,bem
7,com
11,texturas
13,mais
13,grossas
3,nan
13,e
13,aquele
13,ponto
13,de
11,luz
13,que
11,transforma
13,o
13,look
11,sobrio
13,e
13,da
13,um
11,up
11,alem
13,do
13,esperado
4,<num>
11,colar
11,resolvedor
13,o
11,colar
13,e
11,resolvedor
13,no
13,nome
13,e
3,na
13,vida
13,ele
13,traz
13,tudo
11,brilho
13,perto
13,do
11,rosto
13,acabamento
13,para
11,decote
11,fechado
13,e
13,o
13,efeito
11,surpresa
7,com
13,esse
13,pingente
13,vazado
13,que
13,faz
13,toda
13,diferenca
13,e
13,o
13,tipo
13,de
13,acessorio
13,que
13,veste
7,com
13,presenca
13,sem
13,esforco
3,nan
11,vocabulario
3,nan
11,expressoes
13,da
11,bia
13,nesse
13,conteudo
3,nan
13,apresento
13,acessorios
7,com
11,tcharanz
3,nan
3,nan
11,brinco
11,prontissima
3,nan
13,resolve
13,a
12,roupa
13,em
13,dois
11,segundos
3,nan
13,pede
13,um
11,cabelo
11,preso
3,nan
4,nao
13,precisam
13,de
13,apoio
11,extra
3,nan
13,leve
13,no
13,toque
11,pesado
13,no
11,impacto
11,visual
3,nan
11,choker
11,maleavel
3,nan
13,acessorio
13,bom
13,e
13,aquele
11,gostoso
13,de
13,usar
3,nan
4,nao
13,precisa
13,ser
13,sinonimo
13,de
13,coisa
11,rigida
3,nan
6,perfeito
13,para
11,sensualizar
3,nan
12,bracelete
11,poderosao
3,nan
13,vai
13,bem
13,para
13,o
11,friozao
3,nan
11,estrutura
11,encorpada
3,nan
13,ponto
13,de
11,luz
13,para
13,a
12,roupa
13,mais
13,sobria
3,nan
13,vai
11,alem
3,nan
11,polar
11,resolvedor
3,nan
13,envolve
13,todas
13,as
13,nuances
13,de
13,sucesso
13,necessarias
3,nan
13,efeito
11,surpresa
13,do
13,pingente
13,vazado
3,nan
11,reels
4,<num>
13,junho
13,de
12,camisas
3,nan
13,perguntas
13,inventadas
10,cliente
13,no
11,curadobia
4,<num>
13,to
13,voltando
13,a
13,trabalhar
13,presencial
13,e
13,queria
13,uma
12,camisa
11,poderosa
13,pra
13,me
13,sentir
13,mais
13,segura
13,alguma
13,sugestao
4,<num>
13,da
13,pra
13,usar
12,camisa
13,no
11,calor
13,sem
13,parecer
13,que
13,to
13,indo
13,pra
11,reuniao
4,<num>
13,queria
13,uma
12,camisa
12,jeans
13,mais
13,leve
13,que
4,nao
1,deixasse
13,o
13,look
11,pesado
11,voces
13,tem
13,algo
1,assim
4,<num>
13,to
13,procurando
13,uma
12,camisa
13,diferente
13,mais
7,com
13,cara
13,de
13,ferias
13,do
13,que
13,de
11,escritorio
13,alguma
13,dica
3,nan
13,respostas
13,no
11,estilo
13,da
11,bia
4,<num>
12,camisa
13,de
13,responsa
13,tudo
13,o
13,que
13,uma
12,camisa
13,pode
13,fazer
13,por
13,voce
13,essa
1,aqui
13,faz
13,em
6,dobro
13,a
12,camisa
13,de
13,responsa
13,tem
11,volume
13,presenca
13,uma
13,gola
13,que
13,fala
13,por
13,si
13,e
13,uma
11,manga
13,que
11,banca
13,vista
13,ela
13,pra
13,tirar
13,o
13,projeto
13,do
13,papel
13,a
13,branca
13,ja
13,e
13,sinonimo
13,de
11,credibilidade
13,e
7,com
13,essa
11,estrutura
13,toda
13,voce
13,vai
13,ver
13,o
13,povo
13,para
13,pra
13,te
13,ouvir
13,e
13,quase
13,uma
11,armadura
13,de
11,ideias
4,<num>
13,a
13,sem
11,manga
11,alfaiataria
13,leve
11,versatil
13,essa
1,aqui
13,e
13,a
13,despistadora
13,de
11,dress
11,code
3,nan
13,engana
11,bonito
13,e
11,alfaiataria
13,mas
13,tem
13,alma
13,de
13,liberdade
13,voce
13,joga
13,um
13,sapato
13,mais
13,descolado
13,brinca
7,com
11,cor
13,e
13,ta
13,tudo
1,certo
13,ela
13,segura
13,a
11,estrutura
13,mas
13,permite
13,a
13,diversao
13,e
13,o
11,blazer
13,do
11,verao
13,versao
13,coletinho
11,cool
3,nan
4,<num>
12,camisa
12,jeans
13,molinha
12,camisa
12,jeans
4,nao
13,precisa
13,ser
13,dura
13,e
13,sem
13,graca
13,ne
13,essa
1,aqui
13,tem
13,o
13,toque
11,molinho
13,que
13,traz
13,essa
13,vibe
11,cozy
3,nan
13,mais
13,gente
13,legal
13,que
13,manja
13,dos
11,roles
13,ela
13,mantem
13,a
11,estrutura
13,mas
13,no
11,conforto
13,e
1,ainda
13,tem
13,aquele
13,tom
13,alegre
13,que
1,levanta
13,a
12,roupa
13,toda
3,nan
4,<num>
12,camisa
11,viajante
13,a
12,camisa
11,viajante
10,teletransporta
11,real
3,nan
13,voce
13,coloca
13,e
13,parece
13,que
13,ja
13,ta
7,com
13,um
11,drink
3,na
11,grecia
13,o
13,listrado
13,tem
13,esse
13,poder
13,sabe
1,funciona
11,fechada
13,no
13,campo
11,aberta
3,na
11,praia
13,melhor
1,ainda
13,se
13,for
13,um
4,numero
11,maiorzinho
13,pra
13,dar
13,aquela
13,sensacao
13,de
11,leveza
13,se
13,quiser
13,montar
13,conjuntinho
13,entao
13,voa
3,nan
11,vocabulario
3,nan
11,expressoes
13,da
11,bia
13,extraidas
13,desse
13,conteudo
3,nan
13,tudo
13,o
13,que
13,uma
12,camisa
13,pode
13,fazer
13,por
13,voce
3,nan
11,impulsionadora
13,de
11,projetos
3,nan
13,tirar
13,uma
13,ideia
13,do
13,papel
3,nan
12,camisa
13,de
13,responsa
3,nan
13,altissimo
13,poder
13,de
11,persuasao
3,nan
13,o
13,povo
13,para
13,pra
13,ouvir
13,o
13,que
13,voce
13,ta
13,falando
3,nan
13,muita
13,gola
13,muita
11,manga
13,pra
13,um
11,grifin
13,so
3,nan
13,despistadora
13,de
11,dress
11,code
3,nan
13,sinal
11,verde
13,pra
13,brincar
7,com
11,cor
3,nan
13,bem
11,casualzao
3,nan
13,a
11,alfaiataria
13,nunca
13,vai
1,ficar
13,careta
3,nan
13,o
11,blazer
13,do
11,verao
3,nan
11,suavizadora
13,de
11,imagem
3,nan
11,tecido
11,molinho
3,nan
13,sensacao
11,cozy
3,nan
13,gente
13,legal
3,nan
13,classico
11,estruturado
7,com
13,variacao
3,nan
13,tom
13,que
13,traz
11,alegria
3,nan
13,poder
13,do
10,teletransporte
3,nan
11,contexto
11,praia
11,contexto
13,campo
3,nan
8,tamanho
13,um
1,pouquinho
11,maior
13,do
13,que
13,o
11,costume
3,nan
13,a
13,gente
13,quer
11,contextualizar
3,nan
11,reels
4,<num>
13,maio
13,de
4,<num>
13,saias
7,com
11,tcharanz
3,nan
13,perguntas
13,inventadas
11,clientes
13,no
11,curadobia
4,<num>
13,queria
13,uma
13,saia
13,que
13,fosse
13,diferente
13,mas
1,ainda
13,usavel
13,no
13,dia
13,a
13,dia
13,alguma
13,dica
4,<num>
1,tenho
13,dificuldade
7,com
13,saias
13,que
13,sirvam
13,bem
13,no
13,meu
13,corpo
3,nan
13,alguma
13,que
13,se
13,ajuste
13,melhor
4,<num>
13,procuro
13,uma
13,saia
13,que
11,combine
7,com
11,pecas
13,mais
13,despojadas
13,mas
13,sem
13,perder
13,o
11,estilo
4,<num>
13,preciso
13,de
13,uma
13,saia
11,longa
13,facil
13,de
11,vestir
13,que
11,alongue
13,a
11,silhueta
11,voces
13,tem
13,algo
1,assim
3,nan
13,respostas
13,no
11,estilo
13,da
11,bia
4,<num>
13,saia
13,do
13,obvio
13,essa
1,aqui
13,e
13,pra
13,sair
13,da
13,zona
13,de
11,conforto
7,com
13,muito
11,conforto
13,a
13,saia
13,do
13,obvio
13,faz
13,esse
13,jogo
11,grafico
13,em
13,preto
13,e
11,branco
13,que
13,salva
13,qualquer
13,look
13,da
11,monotonia
13,ela
13,e
11,grafica
13,sem
13,ser
13,dura
13,diferente
13,sem
13,ser
13,dificil
13,uma
11,saida
13,certeira
13,da
11,mesmice
4,<num>
13,saia
13,acinturante
13,a
13,gente
13,chama
13,de
13,saia
13,acinturante
13,mas
13,o
13,nome
13,oficial
1,podia
13,ser
13,encaixadora
13,de
11,corpos
13,diversos
3,nan
13,a
11,magica
13,ta
3,na
11,amarracao
13,que
13,ajusta
13,em
13,voce
13,e
4,nao
13,o
13,contrario
11,atemporal
11,elegante
13,e
7,com
13,um
8,tamanho
13,muito
13,como
13,a
13,gente
13,ama
13,vai
7,com
13,tudo
4,<num>
13,saia
13,tech
13,essa
13,e
13,a
13,saia
13,tech
3,nan
13,minha
11,queridinha
13,pra
13,fazer
13,o
13,justinho
13,descomplicado
13,ela
13,da
13,um
11,high low
13,de
13,respeito
3,nan
11,mistura
11,sofisticacao
7,com
13,praticidade
13,e
1,ainda
13,tem
13,esse
11,jeitinho
13,utilitario
13,esperto
13,que
1,deixa
13,tudo
7,com
13,a
13,proporcao
13,certa
13,eu
13,mesma
11,chamo
13,de
11,pudins
13,das
13,saias
3,nan
13,porque
13,sempre
13,da
1,certo
4,<num>
13,saia
11,alongadora
13,e
13,a
13,substituta
11,natural
13,da
12,pantalona
13,preta
13,a
13,saia
11,alongadora
13,tem
11,shape
13,reto
12,cintura
13,alta
11,tecido
13,que
4,nao
13,amassa
13,e
13,comprimento
13,que
11,arrasa
13,e
1,ainda
13,veste
13,em
11,segundos
4,zero
12,ziper
4,zero
11,drama
13,so
13,de
13,enfiar
13,e
13,sair
11,linda
3,nan
3,nan
11,vocabulario
3,nan
11,expressoes
13,da
11,bia
13,nesse
13,conteudo
3,nan
11,curadobia
13,apresenta
4,<num>
13,saias
7,com
11,tcharanz
3,nan
13,saia
13,do
13,obvio
3,nan
13,jogo
11,grafico
13,que
13,tira
13,da
13,zona
13,de
11,conforto
3,nan
13,lista
13,em
13,preto
13,e
11,branco
13,que
13,salva
13,da
13,previsibilidade
3,nan
13,saia
13,acinturante
3,nan
13,saia
13,pariol
3,nan
13,construcao
7,com
11,estrutura
13,de
11,amarracao
3,nan
8,tamanho
13,muito
3,nan
11,modelo
13,bom
3,nan
13,saia
13,tech
3,nan
11,despretensionalizar
13,qualquer
13,pretensao
13,de
13,exagero
3,nan
11,high low
13,de
11,estilo
3,nan
13,utilitario
13,esperto
13,e
13,de
13,proporcao
3,nan
13,fazer
13,o
13,justinho
13,sempre
13,da
1,certo
3,nan
13,saia
11,alongadora
3,nan
13,substituta
13,da
12,pantalona
13,preta
3,nan
11,shape
13,que
11,alonga
3,nan
11,facilitadora
13,porque
13,e
13,so
13,de
13,enfiar
3,nan
11,tecido
13,para
4,nao
13,amassar
3,nan
13,comprimento
13,de
11,arrasar
