id,ts,texto,intent,origem,arquivo_origem,is_ruido,fonte,split,is_synth_test,lado,texto_clean,texto_tokens,texto_clean2,flag_tamanho,flag_sugestao
6e5173ce406e6d86,,de todo modo agradeco por perguntar,agradecimento,raw,nan,False,original,train,,cliente,de todo modo agradeco por perguntar,"['todo', 'modo', 'agradeco', 'perguntar']",todo modo agradeco perguntar,False,False
58c246aeb9ce9f16,,agradeco o feedback,agradecimento,raw,nan,False,original,train,,cliente,agradeco o feedback,"['agradeco', 'feedback']",agradeco feedback,False,False
bf5cd3b6d66ca38f,,obg!!,agradecimento,raw,nan,False,original,train,,cliente,obg,[],,False,False
7d26ed2bf0bc8bc9,,tem body preto tamanho 40?,buscar_produto_por_categoria,synthetic,nan,False,synthetic,train,,cliente,tem body preto tamanho 40,"['body', 'preto', 'tamanho']",body preto tamanho,True,False
f8ddcc6d39326159,,tem vestido verde tamanho 38?,buscar_produto_por_categoria,synthetic,nan,False,synthetic,train,,cliente,tem vestido verde tamanho 38,"['vestido', 'verde', 'tamanho']",vestido verde tamanho,True,False
b8e8ac385634feef,,tem blazer verde tamanho 42?,buscar_produto_por_categoria,synthetic,nan,False,synthetic,train,,cliente,tem blazer verde tamanho 42,"['blazer', 'verde', 'tamanho']",blazer verde tamanho,True,False
410facf8b869cb55,,tem jaqueta preto tamanho 40?,buscar_produto_por_categoria,synthetic,nan,False,synthetic,train,,cliente,tem jaqueta preto tamanho 40,"['jaqueta', 'preto', 'tamanho']",jaqueta preto tamanho,True,False
89ebe1ab68deaa17,,tem body preto tamanho 46?,buscar_produto_por_categoria,raw,nan,False,original,train,,cliente,tem body preto tamanho 46,"['body', 'preto', 'tamanho']",body preto tamanho,True,False
4b145be6b812646b,,quero vestido verde 44,buscar_produto_por_categoria,raw,nan,False,original,train,,cliente,quero vestido verde 44,"['quero', 'vestido', 'verde']",quero vestido verde,True,False
e805790cbb5120b6,,tem camisa preto tamanho 42?,buscar_produto_por_categoria,raw,nan,False,original,train,,cliente,tem camisa preto tamanho 42,"['camisa', 'preto', 'tamanho']",camisa preto tamanho,True,False
1808c5a333655b81,,quero vestido verde 42,buscar_produto_por_categoria,raw,nan,False,original,train,,cliente,quero vestido verde 42,"['quero', 'vestido', 'verde']",quero vestido verde,True,False
60dcdbefd33cafa6,,tem body verde tamanho P?,buscar_produto_por_categoria,raw,nan,False,original,train,,cliente,tem body verde tamanho p,"['body', 'verde', 'tamanho']",body verde tamanho,True,False
f127e8970fc004ed,,tem body verde tamanho 40?,buscar_produto_por_categoria,raw,nan,False,original,train,,cliente,tem body verde tamanho 40,"['body', 'verde', 'tamanho']",body verde tamanho,True,False
44dc5685486318f4,,tem camisa verde tamanho GG?,buscar_produto_por_categoria,raw,nan,False,original,train,,cliente,tem camisa verde tamanho gg,"['camisa', 'verde', 'tamanho']",camisa verde tamanho,True,False
75146059a35f0f64,,tem vestido verde tamanho 44?,buscar_produto_por_categoria,raw,nan,False,original,train,,cliente,tem vestido verde tamanho 44,"['vestido', 'verde', 'tamanho']",vestido verde tamanho,True,False
c68e5d264584ece1,,tem blazer verde tamanho G?,buscar_produto_por_categoria,synthetic,nan,False,synthetic,train,,cliente,tem blazer verde tamanho g,"['blazer', 'verde', 'tamanho']",blazer verde tamanho,True,False
f22d03a0f26af0fc,,tem vestido preto tamanho 46?,buscar_produto_por_categoria,synthetic,nan,False,synthetic,train,,cliente,tem vestido preto tamanho 46,"['vestido', 'preto', 'tamanho']",vestido preto tamanho,True,False
1180eb3403db5fc5,,quero camisa preto 46,buscar_produto_por_categoria,raw,nan,False,original,train,,cliente,quero camisa preto 46,"['quero', 'camisa', 'preto']",quero camisa preto,True,False
6713a9fa18d45368,,quero saia verde M,buscar_produto_por_categoria,raw,nan,False,original,train,,cliente,quero saia verde m,"['quero', 'saia', 'verde']",quero saia verde,True,False
4a7ad89eb48c2ca1,,quero saia verde P,buscar_produto_por_categoria,raw,nan,False,original,train,,cliente,quero saia verde p,"['quero', 'saia', 'verde']",quero saia verde,True,False
cf33316679370e9e,,quero saia verde 36,buscar_produto_por_categoria,raw,nan,False,original,train,,cliente,quero saia verde 36,"['quero', 'saia', 'verde']",quero saia verde,True,False
9ae63e690c5de8fc,,tem camisa verde tamanho 44?,buscar_produto_por_categoria,raw,nan,False,original,train,,cliente,tem camisa verde tamanho 44,"['camisa', 'verde', 'tamanho']",camisa verde tamanho,True,False
9af6066fa942eada,,tem blazer verde tamanho M?,buscar_produto_por_categoria,raw,nan,False,original,train,,cliente,tem blazer verde tamanho m,"['blazer', 'verde', 'tamanho']",blazer verde tamanho,True,False
d355173c9ad051e9,,tem blazer preto tamanho 38?,buscar_produto_por_categoria,raw,nan,False,original,train,,cliente,tem blazer preto tamanho 38,"['blazer', 'preto', 'tamanho']",blazer preto tamanho,True,False
2b32edd317ed3fe6,,tem camisa preto tamanho 38?,buscar_produto_por_categoria,synthetic,nan,False,synthetic,train,,cliente,tem camisa preto tamanho 38,"['camisa', 'preto', 'tamanho']",camisa preto tamanho,True,False
524296a4b9769afc,,quero jaqueta preto GG,buscar_produto_por_categoria,raw,nan,False,original,train,,cliente,quero jaqueta preto gg,"['quero', 'jaqueta', 'preto']",quero jaqueta preto,True,False
fed1112d35c56b14,,quero jaqueta verde 42,buscar_produto_por_categoria,raw,nan,False,original,train,,cliente,quero jaqueta verde 42,"['quero', 'jaqueta', 'verde']",quero jaqueta verde,True,False
342c9900546a663b,,quero blazer preto M,buscar_produto_por_categoria,raw,nan,False,original,train,,cliente,quero blazer preto m,"['quero', 'blazer', 'preto']",quero blazer preto,True,False
2dc4b2c92f32969a,,tem vestido preto tamanho G?,buscar_produto_por_categoria,raw,nan,False,original,train,,cliente,tem vestido preto tamanho g,"['vestido', 'preto', 'tamanho']",vestido preto tamanho,True,False
886573ccb1cc4c89,,tem camisa verde tamanho M?,buscar_produto_por_categoria,raw,nan,False,original,train,,cliente,tem camisa verde tamanho m,"['camisa', 'verde', 'tamanho']",camisa verde tamanho,True,False
7e1555a7ee4a93f1,,quero camisa preto P,buscar_produto_por_categoria,raw,nan,False,original,train,,cliente,quero camisa preto p,"['quero', 'camisa', 'preto']",quero camisa preto,True,False
b4ae40412a5e906d,,tem body preto tamanho 42?,buscar_produto_por_categoria,raw,nan,False,original,train,,cliente,tem body preto tamanho 42,"['body', 'preto', 'tamanho']",body preto tamanho,True,False
92143f56cdcefcbe,,quero jaqueta preto P,buscar_produto_por_categoria,raw,nan,False,original,train,,cliente,quero jaqueta preto p,"['quero', 'jaqueta', 'preto']",quero jaqueta preto,True,False
d67ca0bc8971b797,,quero vestido preto 46,buscar_produto_por_categoria,raw,nan,False,original,train,,cliente,quero vestido preto 46,"['quero', 'vestido', 'preto']",quero vestido preto,True,False
5f479396a8e2e7d6,,quero jaqueta preto G,buscar_produto_por_categoria,raw,nan,False,original,train,,cliente,quero jaqueta preto g,"['quero', 'jaqueta', 'preto']",quero jaqueta preto,True,False
2e2932519664ac4b,,tem vestido verde tamanho PP?,buscar_produto_por_categoria,raw,nan,False,original,train,,cliente,tem vestido verde tamanho pp,"['vestido', 'verde', 'tamanho']",vestido verde tamanho,True,False
6407dc4bf878ac2c,,quero jaqueta verde 46,buscar_produto_por_categoria,raw,nan,False,original,train,,cliente,quero jaqueta verde 46,"['quero', 'jaqueta', 'verde']",quero jaqueta verde,True,False
04703f19b5d9e1de,,quero camisa preto 42,buscar_produto_por_categoria,raw,nan,False,original,train,,cliente,quero camisa preto 42,"['quero', 'camisa', 'preto']",quero camisa preto,True,False
55a1c9550fbfd815,,tem saia preto tamanho 40?,buscar_produto_por_categoria,raw,nan,False,original,train,,cliente,tem saia preto tamanho 40,"['saia', 'preto', 'tamanho']",saia preto tamanho,True,False
58bcfce210d7d9e1,,quero vestido preto PP,buscar_produto_por_categoria,raw,nan,False,original,train,,cliente,quero vestido preto pp,"['quero', 'vestido', 'preto']",quero vestido preto,True,False
a71a696e72076a7c,,tem blazer preto tamanho G?,buscar_produto_por_categoria,raw,nan,False,original,train,,cliente,tem blazer preto tamanho g,"['blazer', 'preto', 'tamanho']",blazer preto tamanho,True,False
9d3f39de31e14d5d,,tem body preto tamanho GG?,buscar_produto_por_categoria,synthetic,nan,False,synthetic,train,,cliente,tem body preto tamanho gg,"['body', 'preto', 'tamanho']",body preto tamanho,True,False
4fe0db710b24fa32,,tem body preto tamanho P?,buscar_produto_por_categoria,raw,nan,False,original,train,,cliente,tem body preto tamanho p,"['body', 'preto', 'tamanho']",body preto tamanho,True,False
f818625538b5140d,,tem saia verde tamanho GG?,buscar_produto_por_categoria,raw,nan,False,original,train,,cliente,tem saia verde tamanho gg,"['saia', 'verde', 'tamanho']",saia verde tamanho,True,False
36c77dec54411207,,tem saia verde tamanho 46?,buscar_produto_por_categoria,raw,nan,False,original,train,,cliente,tem saia verde tamanho 46,"['saia', 'verde', 'tamanho']",saia verde tamanho,True,False
8ddd83ecf8d39ba9,,tem camisa verde tamanho G?,buscar_produto_por_categoria,synthetic,nan,False,synthetic,train,,cliente,tem camisa verde tamanho g,"['camisa', 'verde', 'tamanho']",camisa verde tamanho,True,False
f90c61a61b6fc291,,tem vestido verde tamanho P?,buscar_produto_por_categoria,raw,nan,False,original,train,,cliente,tem vestido verde tamanho p,"['vestido', 'verde', 'tamanho']",vestido verde tamanho,True,False
22680a691daa4a8e,,quero jaqueta preto 36,buscar_produto_por_categoria,raw,nan,False,original,train,,cliente,quero jaqueta preto 36,"['quero', 'jaqueta', 'preto']",quero jaqueta preto,True,False
4770cf2c38289739,,tem body preto tamanho 44?,buscar_produto_por_categoria,raw,nan,False,original,train,,cliente,tem body preto tamanho 44,"['body', 'preto', 'tamanho']",body preto tamanho,True,False
2ce9c98de41b09d8,,quero vestido verde PP,buscar_produto_por_categoria,raw,nan,False,original,train,,cliente,quero vestido verde pp,"['quero', 'vestido', 'verde']",quero vestido verde,True,False
411e9a8dcd5514b6,,quero camisa verde P,buscar_produto_por_categoria,raw,nan,False,original,train,,cliente,quero camisa verde p,"['quero', 'camisa', 'verde']",quero camisa verde,True,False
52a5219e6c77ea7b,,quero jaqueta verde 44,buscar_produto_por_categoria,raw,nan,False,original,train,,cliente,quero jaqueta verde 44,"['quero', 'jaqueta', 'verde']",quero jaqueta verde,True,False
2c43436a79ad484e,,tem body preto tamanho PP?,buscar_produto_por_categoria,raw,nan,False,original,train,,cliente,tem body preto tamanho pp,"['body', 'preto', 'tamanho']",body preto tamanho,True,False
d82dd80df5dc0383,,tem vestido verde tamanho G?,buscar_produto_por_categoria,raw,nan,False,original,train,,cliente,tem vestido verde tamanho g,"['vestido', 'verde', 'tamanho']",vestido verde tamanho,True,False
101ab65cfdf081e5,,quero body preto M,buscar_produto_por_categoria,raw,nan,False,original,train,,cliente,quero body preto m,"['quero', 'body', 'preto']",quero body preto,True,False
3b4897567c18cab1,,tem camisa preto tamanho 46?,buscar_produto_por_categoria,raw,nan,False,original,train,,cliente,tem camisa preto tamanho 46,"['camisa', 'preto', 'tamanho']",camisa preto tamanho,True,False
c38f76eed984aa0b,,tem blazer preto tamanho 36?,buscar_produto_por_categoria,synthetic,nan,False,synthetic,train,,cliente,tem blazer preto tamanho 36,"['blazer', 'preto', 'tamanho']",blazer preto tamanho,True,False
8aef8eca03fee6be,,tem saia preto tamanho 36?,buscar_produto_por_categoria,raw,nan,False,original,train,,cliente,tem saia preto tamanho 36,"['saia', 'preto', 'tamanho']",saia preto tamanho,True,False
2f3e2d53e77ce3b7,,tem vestido preto tamanho 36?,buscar_produto_por_categoria,raw,nan,False,original,train,,cliente,tem vestido preto tamanho 36,"['vestido', 'preto', 'tamanho']",vestido preto tamanho,True,False
06587aad0b1e864b,,quero vestido verde 40,buscar_produto_por_categoria,raw,nan,False,original,train,,cliente,quero vestido verde 40,"['quero', 'vestido', 'verde']",quero vestido verde,True,False
36a17b90f758712b,,quero blazer verde 46,buscar_produto_por_categoria,raw,nan,False,original,train,,cliente,quero blazer verde 46,"['quero', 'blazer', 'verde']",quero blazer verde,True,False
42387cfae97af4e5,,tem vestido verde tamanho 36?,buscar_produto_por_categoria,raw,nan,False,original,train,,cliente,tem vestido verde tamanho 36,"['vestido', 'verde', 'tamanho']",vestido verde tamanho,True,False
89bad16121fcdcf3,,tem camisa verde tamanho 42?,buscar_produto_por_categoria,raw,nan,False,original,train,,cliente,tem camisa verde tamanho 42,"['camisa', 'verde', 'tamanho']",camisa verde tamanho,True,False
b6a47a7ecac1ed84,,quero body preto 36,buscar_produto_por_categoria,raw,nan,False,original,train,,cliente,quero body preto 36,"['quero', 'body', 'preto']",quero body preto,True,False
206c58008c6d5ef7,,quero blazer preto 42,buscar_produto_por_categoria,raw,nan,False,original,train,,cliente,quero blazer preto 42,"['quero', 'blazer', 'preto']",quero blazer preto,True,False
3bfaf2b24f8aecd6,,tem body verde tamanho GG?,buscar_produto_por_categoria,raw,nan,False,original,train,,cliente,tem body verde tamanho gg,"['body', 'verde', 'tamanho']",body verde tamanho,True,False
9cb6d2c726eb62dd,,tem saia verde tamanho PP?,buscar_produto_por_categoria,raw,nan,False,original,train,,cliente,tem saia verde tamanho pp,"['saia', 'verde', 'tamanho']",saia verde tamanho,True,False
f13e314e0c77fb39,,tem jaqueta verde tamanho P?,buscar_produto_por_categoria,raw,nan,False,original,train,,cliente,tem jaqueta verde tamanho p,"['jaqueta', 'verde', 'tamanho']",jaqueta verde tamanho,True,False
d6917266ff3af752,,quero saia verde G,buscar_produto_por_categoria,raw,nan,False,original,train,,cliente,quero saia verde g,"['quero', 'saia', 'verde']",quero saia verde,True,False
0a140bee738e38b8,,tem jaqueta preto tamanho P?,buscar_produto_por_categoria,synthetic,nan,False,synthetic,train,,cliente,tem jaqueta preto tamanho p,"['jaqueta', 'preto', 'tamanho']",jaqueta preto tamanho,True,False
3256996fdd6974e9,,tem camisa verde tamanho 46?,buscar_produto_por_categoria,synthetic,nan,False,synthetic,train,,cliente,tem camisa verde tamanho 46,"['camisa', 'verde', 'tamanho']",camisa verde tamanho,True,False
a486e3ec874cfe2d,,quero camisa verde 40,buscar_produto_por_categoria,raw,nan,False,original,train,,cliente,quero camisa verde 40,"['quero', 'camisa', 'verde']",quero camisa verde,True,False
fe76d268d7d18496,,quero jaqueta verde GG,buscar_produto_por_categoria,raw,nan,False,original,train,,cliente,quero jaqueta verde gg,"['quero', 'jaqueta', 'verde']",quero jaqueta verde,True,False
14b653d214e74371,,quero camisa preto 40,buscar_produto_por_categoria,raw,nan,False,original,train,,cliente,quero camisa preto 40,"['quero', 'camisa', 'preto']",quero camisa preto,True,False
f210c5ebb26f8c14,,quero camisa preto 44,buscar_produto_por_categoria,raw,nan,False,original,train,,cliente,quero camisa preto 44,"['quero', 'camisa', 'preto']",quero camisa preto,True,False
37759667df7894f5,,tem camisa preto tamanho G?,buscar_produto_por_categoria,raw,nan,False,original,train,,cliente,tem camisa preto tamanho g,"['camisa', 'preto', 'tamanho']",camisa preto tamanho,True,False
4db38cf3f4da6f15,,tem saia preto tamanho M?,buscar_produto_por_categoria,raw,nan,False,original,train,,cliente,tem saia preto tamanho m,"['saia', 'preto', 'tamanho']",saia preto tamanho,True,False
ce4027be350ff2ef,,tem jaqueta verde tamanho GG?,buscar_produto_por_categoria,raw,nan,False,original,train,,cliente,tem jaqueta verde tamanho gg,"['jaqueta', 'verde', 'tamanho']",jaqueta verde tamanho,True,False
566449438061631d,,quero camisa preto PP,buscar_produto_por_categoria,raw,nan,False,original,train,,cliente,quero camisa preto pp,"['quero', 'camisa', 'preto']",quero camisa preto,True,False
df09d43dce4bd1c0,,tem jaqueta preto tamanho PP?,buscar_produto_por_categoria,raw,nan,False,original,train,,cliente,tem jaqueta preto tamanho pp,"['jaqueta', 'preto', 'tamanho']",jaqueta preto tamanho,True,False
ea87bb1f4541b399,,quero saia preto P,buscar_produto_por_categoria,raw,nan,False,original,train,,cliente,quero saia preto p,"['quero', 'saia', 'preto']",quero saia preto,True,False
705a825f956759dc,,quero blazer verde 38,buscar_produto_por_categoria,raw,nan,False,original,train,,cliente,quero blazer verde 38,"['quero', 'blazer', 'verde']",quero blazer verde,True,False
33ce84b57e85f213,,tem vestido verde tamanho M?,buscar_produto_por_categoria,raw,nan,False,original,train,,cliente,tem vestido verde tamanho m,"['vestido', 'verde', 'tamanho']",vestido verde tamanho,True,False
948626570d7cc641,,tem vestido preto tamanho P?,buscar_produto_por_categoria,raw,nan,False,original,train,,cliente,tem vestido preto tamanho p,"['vestido', 'preto', 'tamanho']",vestido preto tamanho,True,False
7da916c6249b2423,,quero jaqueta verde 40,buscar_produto_por_categoria,raw,nan,False,original,train,,cliente,quero jaqueta verde 40,"['quero', 'jaqueta', 'verde']",quero jaqueta verde,True,False
a80e9c98446ce2d2,,quero body preto G,buscar_produto_por_categoria,raw,nan,False,original,train,,cliente,quero body preto g,"['quero', 'body', 'preto']",quero body preto,True,False
b45ffb6f2c1dd4cb,,quero blazer preto G,buscar_produto_por_categoria,raw,nan,False,original,train,,cliente,quero blazer preto g,"['quero', 'blazer', 'preto']",quero blazer preto,True,False
f9ab8a4a9979d0e6,,quero saia verde 42,buscar_produto_por_categoria,raw,nan,False,original,train,,cliente,quero saia verde 42,"['quero', 'saia', 'verde']",quero saia verde,True,False
102151ad44781ec4,,quero camisa verde 44,buscar_produto_por_categoria,raw,nan,False,original,train,,cliente,quero camisa verde 44,"['quero', 'camisa', 'verde']",quero camisa verde,True,False
eb3ad3ecf18fe54c,,quero blazer verde 40,buscar_produto_por_categoria,raw,nan,False,original,train,,cliente,quero blazer verde 40,"['quero', 'blazer', 'verde']",quero blazer verde,True,False
222f39062002a3bf,,tem body verde tamanho 42?,buscar_produto_por_categoria,raw,nan,False,original,train,,cliente,tem body verde tamanho 42,"['body', 'verde', 'tamanho']",body verde tamanho,True,False
5969ff0d19283215,,tem camisa verde tamanho 36?,buscar_produto_por_categoria,raw,nan,False,original,train,,cliente,tem camisa verde tamanho 36,"['camisa', 'verde', 'tamanho']",camisa verde tamanho,True,False
2c732e43f7cd46b3,,quero blazer verde G,buscar_produto_por_categoria,raw,nan,False,original,train,,cliente,quero blazer verde g,"['quero', 'blazer', 'verde']",quero blazer verde,True,False
ffaa45ed0ec6723a,,tem camisa preto tamanho M?,buscar_produto_por_categoria,synthetic,nan,False,synthetic,train,,cliente,tem camisa preto tamanho m,"['camisa', 'preto', 'tamanho']",camisa preto tamanho,True,False
57c705755ac1af0d,,quero body verde G,buscar_produto_por_categoria,raw,nan,False,original,train,,cliente,quero body verde g,"['quero', 'body', 'verde']",quero body verde,True,False
bb50f80b4508defc,,quero jaqueta verde 38,buscar_produto_por_categoria,raw,nan,False,original,train,,cliente,quero jaqueta verde 38,"['quero', 'jaqueta', 'verde']",quero jaqueta verde,True,False
e0f642cb0eed9860,,tem blazer verde tamanho PP?,buscar_produto_por_categoria,raw,nan,False,original,train,,cliente,tem blazer verde tamanho pp,"['blazer', 'verde', 'tamanho']",blazer verde tamanho,True,False
27d91119dae9da56,,quero camisa verde PP,buscar_produto_por_categoria,raw,nan,False,original,train,,cliente,quero camisa verde pp,"['quero', 'camisa', 'verde']",quero camisa verde,True,False
ba328351c1ad9c44,,quero jaqueta verde M,buscar_produto_por_categoria,raw,nan,False,original,train,,cliente,quero jaqueta verde m,"['quero', 'jaqueta', 'verde']",quero jaqueta verde,True,False
99bc93f992f005fb,,tem jaqueta preto tamanho 42?,buscar_produto_por_categoria,raw,nan,False,original,train,,cliente,tem jaqueta preto tamanho 42,"['jaqueta', 'preto', 'tamanho']",jaqueta preto tamanho,True,False
0d0a9ac0e3d38ad5,,quero blazer preto P,buscar_produto_por_categoria,raw,nan,False,original,train,,cliente,quero blazer preto p,"['quero', 'blazer', 'preto']",quero blazer preto,True,False
f6f16e1b6d8d8047,,tem jaqueta verde tamanho 38?,buscar_produto_por_categoria,raw,nan,False,original,train,,cliente,tem jaqueta verde tamanho 38,"['jaqueta', 'verde', 'tamanho']",jaqueta verde tamanho,True,False
6605fca45360d4ec,,quero camisa preto M,buscar_produto_por_categoria,raw,nan,False,original,train,,cliente,quero camisa preto m,"['quero', 'camisa', 'preto']",quero camisa preto,True,False
3eb069dd4e90a2ec,,tem blazer verde tamanho 40?,buscar_produto_por_categoria,raw,nan,False,original,train,,cliente,tem blazer verde tamanho 40,"['blazer', 'verde', 'tamanho']",blazer verde tamanho,True,False
8decd6a343d73572,,quero body preto 38,buscar_produto_por_categoria,synthetic,nan,False,synthetic,train,,cliente,quero body preto 38,"['quero', 'body', 'preto']",quero body preto,True,False
a051c8eccf7c63f6,,tem body verde tamanho 44?,buscar_produto_por_categoria,raw,nan,False,original,train,,cliente,tem body verde tamanho 44,"['body', 'verde', 'tamanho']",body verde tamanho,True,False
c8ddca6eb10c7545,,quero blazer preto 40,buscar_produto_por_categoria,raw,nan,False,original,train,,cliente,quero blazer preto 40,"['quero', 'blazer', 'preto']",quero blazer preto,True,False
cd08091737a7f019,,tem camisa preto tamanho 44?,buscar_produto_por_categoria,synthetic,nan,False,synthetic,train,,cliente,tem camisa preto tamanho 44,"['camisa', 'preto', 'tamanho']",camisa preto tamanho,True,False
58c310bc40f4a29b,,quero saia verde 38,buscar_produto_por_categoria,raw,nan,False,original,train,,cliente,quero saia verde 38,"['quero', 'saia', 'verde']",quero saia verde,True,False
542f1d3e98f4657d,,tem jaqueta preto tamanho 44?,buscar_produto_por_categoria,raw,nan,False,original,train,,cliente,tem jaqueta preto tamanho 44,"['jaqueta', 'preto', 'tamanho']",jaqueta preto tamanho,True,False
62ed742e084c902d,,tem camisa verde tamanho 40?,buscar_produto_por_categoria,raw,nan,False,original,train,,cliente,tem camisa verde tamanho 40,"['camisa', 'verde', 'tamanho']",camisa verde tamanho,True,False
b2de007760a59487,,tem jaqueta preto tamanho G?,buscar_produto_por_categoria,raw,nan,False,original,train,,cliente,tem jaqueta preto tamanho g,"['jaqueta', 'preto', 'tamanho']",jaqueta preto tamanho,True,False
0e10981199192e42,,quero jaqueta verde G,buscar_produto_por_categoria,raw,nan,False,original,train,,cliente,quero jaqueta verde g,"['quero', 'jaqueta', 'verde']",quero jaqueta verde,True,False
a1e2c7f1fb398760,,quero blazer verde 42,buscar_produto_por_categoria,raw,nan,False,original,train,,cliente,quero blazer verde 42,"['quero', 'blazer', 'verde']",quero blazer verde,True,False
c49f96d706898ecb,,tem saia verde tamanho 40?,buscar_produto_por_categoria,raw,nan,False,original,train,,cliente,tem saia verde tamanho 40,"['saia', 'verde', 'tamanho']",saia verde tamanho,True,False
9ebdb31a5b503b8f,,quero camisa verde 46,buscar_produto_por_categoria,raw,nan,False,original,train,,cliente,quero camisa verde 46,"['quero', 'camisa', 'verde']",quero camisa verde,True,False
8ab7f4b25cda04a6,,quero blazer verde GG,buscar_produto_por_categoria,raw,nan,False,original,train,,cliente,quero blazer verde gg,"['quero', 'blazer', 'verde']",quero blazer verde,True,False
effdbef1aa92a3ff,,quero body verde 40,buscar_produto_por_categoria,synthetic,nan,False,synthetic,train,,cliente,quero body verde 40,"['quero', 'body', 'verde']",quero body verde,True,False
c571b4db28215ec2,,quero body verde 38,buscar_produto_por_categoria,raw,nan,False,original,train,,cliente,quero body verde 38,"['quero', 'body', 'verde']",quero body verde,True,False
77cc556b8937a485,,quero vestido verde 38,buscar_produto_por_categoria,raw,nan,False,original,train,,cliente,quero vestido verde 38,"['quero', 'vestido', 'verde']",quero vestido verde,True,False
67c0ba00360abd31,,quero vestido preto P,buscar_produto_por_categoria,raw,nan,False,original,train,,cliente,quero vestido preto p,"['quero', 'vestido', 'preto']",quero vestido preto,True,False
09fe497801f88ee6,,tem saia verde tamanho 36?,buscar_produto_por_categoria,raw,nan,False,original,train,,cliente,tem saia verde tamanho 36,"['saia', 'verde', 'tamanho']",saia verde tamanho,True,False
0df4d988a4ac5525,,tem jaqueta preto tamanho M?,buscar_produto_por_categoria,raw,nan,False,original,train,,cliente,tem jaqueta preto tamanho m,"['jaqueta', 'preto', 'tamanho']",jaqueta preto tamanho,True,False
57df3ee922242183,,quero vestido verde 46,buscar_produto_por_categoria,raw,nan,False,original,train,,cliente,quero vestido verde 46,"['quero', 'vestido', 'verde']",quero vestido verde,True,False
9feb43b2c37b6355,,na o tem um link de comunicaa a o no whatsapp,buscar_produto_por_nome,raw,nan,False,original,train,,cliente,na o tem um link de comunicaa a o no whatsapp,"['link', 'comunicaa', 'whatsapp']",link comunicaa whatsapp,False,False
807df120d6b79586,,temos o vadeo nos nossos stories de hoje com a bia usando ela de uma olhada d,buscar_produto_por_nome,raw,nan,False,original,train,,cliente,temos o vadeo nos nossos stories de hoje com a bia usando ela de uma olhada d,"['temos', 'vadeo', 'nossos', 'stories', 'usando', 'olhada']",temos vadeo nossos stories usando olhada,False,False
2c8b0203e9322149,,ahhh bom d entendi errado enta o achei que estava na serra espero que abra o tempo e fiquei um lindo final de semana,buscar_produto_por_nome,raw,nan,False,original,train,,cliente,ahhh bom d entendi errado enta o achei que estava na serra espero que abra o tempo e fiquei um lindo final de semana,"['ahhh', 'entendi', 'errado', 'enta', 'achei', 'estava', 'serra', 'espero', 'abra', 'tempo', 'fiquei', 'lindo', 'final', 'semana']",ahhh entendi errado enta achei estava serra espero abra tempo fiquei lindo final semana,False,False
c60ee0035acac254,,to de olho faz tempooo,buscar_produto_por_nome,raw,nan,False,original,train,,cliente,to de olho faz tempooo,"['olho', 'faz', 'tempooo']",olho faz tempooo,False,False
d53291755b8024ef,,nao temos cupom de desconto no momento,buscar_produto_por_nome,raw,nan,False,original,train,,cliente,nao temos cupom de desconto no momento,"['nao', 'temos', 'cupom', 'desconto', 'momento']",nao temos cupom desconto momento,False,False
74fd440ba1cdb3ea,,vcs tem desconto para primeira compra,buscar_produto_por_nome,raw,nan,False,original,train,,cliente,vcs tem desconto para primeira compra,"['vcs', 'desconto', 'primeira', 'compra']",vcs desconto primeira compra,False,False
0b17246d015db229,,sa <num> entrar no site ou aqui no nosso perfil que tem a selea a o completa,buscar_produto_por_nome,raw,nan,False,original,train,,cliente,sa num entrar no site ou aqui no nosso perfil que tem a selea a o completa,"['entrar', 'site', 'aqui', 'nosso', 'perfil', 'selea', 'completa']",entrar site aqui nosso perfil selea completa,False,False
4bedc7e1a77a868a,,tem sim a cala a,buscar_produto_por_nome,raw,nan,False,original,train,,cliente,tem sim a cala a,['cala'],cala,False,False
50294de570346951,,mas pode ficar tranquila que assim que lana armos a terceira pea a que vocaa gostou vou te mandar por aqui tudo bem na o deixe de garantir suas pea as da lounge a tempod,buscar_produto_por_nome,raw,nan,False,original,train,,cliente,mas pode ficar tranquila que assim que lana armos a terceira pea a que vocaa gostou vou te mandar por aqui tudo bem na o deixe de garantir suas pea as da lounge a tempod,"['pode', 'ficar', 'tranquila', 'assim', 'lana', 'armos', 'terceira', 'pea', 'vocaa', 'gostou', 'mandar', 'aqui', 'bem', 'deixe', 'garantir', 'pea', 'lounge', 'tempod']",pode ficar tranquila assim lana armos terceira pea vocaa gostou mandar aqui bem deixe garantir pea lounge tempod,False,False
48526ba8355eedda,,temos o video nos nossos stories de hoje com a bia usando ela de uma olhada,buscar_produto_por_nome,raw,nan,False,original,train,,cliente,temos o video nos nossos stories de hoje com a bia usando ela de uma olhada,"['temos', 'video', 'nossos', 'stories', 'usando', 'olhada']",temos video nossos stories usando olhada,False,False
c6ef7a446def0457,,nao tem mais numeracao <num>,buscar_produto_por_nome,raw,nan,False,original,train,,cliente,nao tem mais numeracao num,"['nao', 'numeracao']",nao numeracao,False,False
1094ff416cf17678,,na o tem mais numeraa a o <num>,buscar_produto_por_nome,raw,nan,False,original,train,,cliente,na o tem mais numeraa a o num,['numeraa'],numeraa,False,False
6fccf9b3f8c47888,,na o temos cupom de desconto no momento,buscar_produto_por_nome,raw,nan,False,original,train,,cliente,na o temos cupom de desconto no momento,"['temos', 'cupom', 'desconto', 'momento']",temos cupom desconto momento,False,False
80b714e351a3c80e,,voces tem loja fisica,buscar_produto_por_nome,raw,nan,False,original,train,,cliente,voces tem loja fisica,"['loja', 'fisica']",loja fisica,False,False
cbdfadab6b534629,,na o gosto de nada apertado mas essa blusa tem um shane mais ajustado daa fiquei na daovida,buscar_produto_por_nome,raw,nan,False,original,train,,cliente,na o gosto de nada apertado mas essa blusa tem um shane mais ajustado daa fiquei na daovida,"['gosto', 'nada', 'apertado', 'blusa', 'shane', 'ajustado', 'daa', 'fiquei', 'daovida']",gosto nada apertado blusa shane ajustado daa fiquei daovida,False,False
50ce5f08a08beeac,,mas pode ficar tranquila que assim que lancarmos a terceira peca que voce gostou vou te mandar por aqui tudo bem nao deixe de garantir suas pecas da lounge a tempo,buscar_produto_por_nome,raw,nan,False,original,train,,cliente,mas pode ficar tranquila que assim que lancarmos a terceira peca que voce gostou vou te mandar por aqui tudo bem nao deixe de garantir suas pecas da lounge a tempo,"['pode', 'ficar', 'tranquila', 'assim', 'lancarmos', 'terceira', 'peca', 'voce', 'gostou', 'mandar', 'aqui', 'bem', 'nao', 'deixe', 'garantir', 'pecas', 'lounge', 'tempo']",pode ficar tranquila assim lancarmos terceira peca voce gostou mandar aqui bem nao deixe garantir pecas lounge tempo,False,False
b4b3b5d5a8828285,,procuro,buscar_produto_por_nome,raw,nan,False,original,train,,cliente,procuro,['procuro'],procuro,False,False
9846b73b7e1f9869,,ta de olho faz tempooo,buscar_produto_por_nome,raw,nan,False,original,train,,cliente,ta de olho faz tempooo,"['olho', 'faz', 'tempooo']",olho faz tempooo,False,False
c718c7e6eed84505,,nao tem um link de comunicacao no whatsapp,buscar_produto_por_nome,raw,nan,False,original,train,,cliente,nao tem um link de comunicacao no whatsapp,"['nao', 'link', 'comunicacao', 'whatsapp']",nao link comunicacao whatsapp,False,False
d896620c368aaeca,,vocaas tem loja fasica,buscar_produto_por_nome,raw,nan,False,original,train,,cliente,vocaas tem loja fasica,"['vocaas', 'loja', 'fasica']",vocaas loja fasica,False,False
e63482c9227c548e,,tem cupom de desconto primeira compra,buscar_produto_por_nome,raw,nan,False,original,train,,cliente,tem cupom de desconto primeira compra,"['cupom', 'desconto', 'primeira', 'compra']",cupom desconto primeira compra,False,False
23a7a7a2731adf7c,,com relaa a o a cala a na <num> s temos essas duas opa aues que penso que vc pode gostar,buscar_produto_por_nome,raw,nan,False,original,train,,cliente,com relaa a o a cala a na num s temos essas duas opa aues que penso que vc pode gostar,"['relaa', 'cala', 'temos', 'essas', 'duas', 'opa', 'aues', 'penso', 'pode', 'gostar']",relaa cala temos essas duas opa aues penso pode gostar,False,False
129097925a60e41b,,essa gladiadora qual o naomero tem <num>,buscar_produto_por_nome,raw,nan,False,original,train,,cliente,essa gladiadora qual o naomero tem num,"['gladiadora', 'naomero']",gladiadora naomero,False,False
2a193132c699bc2d,,no e mail da nota fiscal na o tem nada,buscar_produto_por_nome,raw,nan,False,original,train,,cliente,no e mail da nota fiscal na o tem nada,"['mail', 'nota', 'fiscal', 'nada']",mail nota fiscal nada,False,False
88b2f4218e954a2c,,bia td bom nao estou conseguindo finalizar a compra da regata podrinha coloquei os dados do cartao e no campo cvv eu ponho os numeros mas o sistema ignora que eu coloquei tentei varias vezes acho que esta com problema,buscar_produto_por_nome,raw,nan,False,original,train,,cliente,bia td bom nao estou conseguindo finalizar a compra da regata podrinha coloquei os dados do cartao e no campo cvv eu ponho os numeros mas o sistema ignora que eu coloquei tentei varias vezes acho que esta com problema,"['nao', 'conseguindo', 'finalizar', 'compra', 'regata', 'podrinha', 'coloquei', 'dados', 'cartao', 'campo', 'cvv', 'ponho', 'numeros', 'sistema', 'ignora', 'coloquei', 'tentei', 'varias', 'vezes', 'acho', 'problema']",nao conseguindo finalizar compra regata podrinha coloquei dados cartao campo cvv ponho numeros sistema ignora coloquei tentei varias vezes acho problema,False,False
3917ec0927082640,,era pra ter chegado ontem,buscar_produto_por_nome,raw,nan,False,original,train,,cliente,era pra ter chegado ontem,"['era', 'chegado', 'ontem']",era chegado ontem,False,False
5e2eeeeb69e6f302,,nao gosto de nada apertado mas essa blusa tem um shane mais ajustado dai fiquei na duvida,buscar_produto_por_nome,raw,nan,False,original,train,,cliente,nao gosto de nada apertado mas essa blusa tem um shane mais ajustado dai fiquei na duvida,"['nao', 'gosto', 'nada', 'apertado', 'blusa', 'shane', 'ajustado', 'dai', 'fiquei', 'duvida']",nao gosto nada apertado blusa shane ajustado dai fiquei duvida,False,False
0f87f9ec944ed209,,mantem,buscar_produto_por_nome,raw,nan,False,original,train,,cliente,mantem,['mantem'],mantem,False,False
d04f702dd15c239d,,so entrar no site ou aqui no nosso perfil que tem a selecao completa,buscar_produto_por_nome,raw,nan,False,original,train,,cliente,so entrar no site ou aqui no nosso perfil que tem a selecao completa,"['entrar', 'site', 'aqui', 'nosso', 'perfil', 'selecao', 'completa']",entrar site aqui nosso perfil selecao completa,False,False
46473b015a8d4ed1,,obrigada pela presenca silvia,despedida,raw,nan,False,original,train,,cliente,obrigada pela presenca silvia,"['presenca', 'silvia']",presenca silvia,False,False
c173a231de4855f6,,obrigada pelo convite adorei a minha sandalia nova hearts,despedida,raw,nan,False,original,train,,cliente,obrigada pelo convite adorei a minha sandalia nova hearts,"['convite', 'adorei', 'sandalia', 'nova', 'hearts']",convite adorei sandalia nova hearts,False,False
aedcdc0344d271b7,,qualquer daovida ou questa o estamos a disposia a o obrigada por nos acompanhar equipe curadobia d,despedida,raw,nan,False,original,train,,cliente,qualquer daovida ou questa o estamos a disposia a o obrigada por nos acompanhar equipe curadobia d,"['qualquer', 'daovida', 'questa', 'disposia', 'acompanhar']",qualquer daovida questa disposia acompanhar,False,False
2320163ef965e94a,,obrigada enviarei,despedida,raw,nan,False,original,train,,cliente,obrigada enviarei,['enviarei'],enviarei,False,False
7981561b94e22b80,,muito obrigada tenham um bom fim de semana,despedida,raw,nan,False,original,train,,cliente,muito obrigada tenham um bom fim de semana,"['muito', 'tenham', 'fim', 'semana']",muito tenham fim semana,False,False
315695c574698570,,evelyn obrigada pelo interesse para parcerias com o curadobia peco que envie apresentacoes para o nosso email contato curadobia <user> com e seguimos com as tratativas por la que fica mais facil e para interesses de parcerias diretamente com a bia e preciso entrar em contato diretamente com ela pelo email biapaesdebarros <user> com,despedida,raw,nan,False,original,train,,cliente,evelyn obrigada pelo interesse para parcerias com o curadobia peco que envie apresentacoes para o nosso email contato curadobia user com e seguimos com as tratativas por la que fica mais facil e para interesses de parcerias diretamente com a bia e preciso entrar em contato diretamente com ela pelo email biapaesdebarros user com,"['evelyn', 'interesse', 'parcerias', 'peco', 'envie', 'apresentacoes', 'nosso', 'email', 'contato', 'user', 'seguimos', 'tratativas', 'fica', 'facil', 'interesses', 'parcerias', 'diretamente', 'preciso', 'entrar', 'contato', 'diretamente', 'email', 'biapaesdebarros', 'user']",evelyn interesse parcerias peco envie apresentacoes nosso email contato user seguimos tratativas fica facil interesses parcerias diretamente preciso entrar contato diretamente email biapaesdebarros user,True,False
2a49ea61de4f3938,,certo obrigada o prazo de entrega sao <num> dias mesmo,despedida,raw,nan,False,original,train,,cliente,certo obrigada o prazo de entrega sao num dias mesmo,"['certo', 'prazo', 'entrega', 'sao', 'dias', 'mesmo']",certo prazo entrega sao dias mesmo,False,False
2159139a519546ed,,gabriela entendo sua frustracao e e completamente justificada de fato a marca informou ter tido um pequeno problema de producao que nao devera mais ocorrer e por isso acabou enviando atrasado seu pedido sobre o meio de contato estamos providenciando um numero para atendimento whatsapp por hora estamos apenas com o e mail mas muito em breve ja deixaremos essa opcao mais facil para solucao de qualquer problema,despedida,raw,nan,False,original,train,,cliente,gabriela entendo sua frustracao e e completamente justificada de fato a marca informou ter tido um pequeno problema de producao que nao devera mais ocorrer e por isso acabou enviando atrasado seu pedido sobre o meio de contato estamos providenciando um numero para atendimento whatsapp por hora estamos apenas com o e mail mas muito em breve ja deixaremos essa opcao mais facil para solucao de qualquer problema,"['gabriela', 'entendo', 'frustracao', 'completamente', 'justificada', 'fato', 'marca', 'informou', 'tido', 'pequeno', 'problema', 'producao', 'nao', 'devera', 'ocorrer', 'acabou', 'enviando', 'atrasado', 'seu', 'pedido', 'meio', 'contato', 'providenciando', 'numero', 'atendimento', 'whatsapp', 'hora', 'apenas', 'mail', 'muito', 'breve', 'deixaremos', 'opcao', 'facil', 'solucao', 'qualquer', 'problema']",gabriela entendo frustracao completamente justificada fato marca informou tido pequeno problema producao nao devera ocorrer acabou enviando atrasado seu pedido meio contato providenciando numero atendimento whatsapp hora apenas mail muito breve deixaremos opcao facil solucao qualquer problema,False,False
5ad8f86fbd4a4087,,obrigada pelo prestigio,despedida,raw,nan,False,original,train,,cliente,obrigada pelo prestigio,['prestigio'],prestigio,False,False
3d8b6d5c2c8558cd,,evelyn obrigada pelo interesse para parcerias com o curadobia pea o que envie apresentaa aues para o nosso email contato curadobia <user> com e seguimos com as tratativas por la que fica mais fa cil d e para interesses de parcerias diretamente com a bia a c preciso entrar em contato diretamente com ela pelo email biapaesdebarros <user> com,despedida,raw,nan,False,original,train,,cliente,evelyn obrigada pelo interesse para parcerias com o curadobia pea o que envie apresentaa aues para o nosso email contato curadobia user com e seguimos com as tratativas por la que fica mais fa cil d e para interesses de parcerias diretamente com a bia a c preciso entrar em contato diretamente com ela pelo email biapaesdebarros user com,"['evelyn', 'interesse', 'parcerias', 'pea', 'envie', 'apresentaa', 'aues', 'nosso', 'email', 'contato', 'user', 'seguimos', 'tratativas', 'fica', 'cil', 'interesses', 'parcerias', 'diretamente', 'preciso', 'entrar', 'contato', 'diretamente', 'email', 'biapaesdebarros', 'user']",evelyn interesse parcerias pea envie apresentaa aues nosso email contato user seguimos tratativas fica cil interesses parcerias diretamente preciso entrar contato diretamente email biapaesdebarros user,True,False
37d58c8a0b54fb33,,obrigada ata c la,despedida,raw,nan,False,original,train,,cliente,obrigada ata c la,['ata'],ata,False,False
a0d7e5e1d707f9ca,,atemporal,despedida,raw,nan,False,original,train,,cliente,atemporal,['atemporal'],atemporal,False,False
b88f6cd18110b822,,obrigada pelo prestagio d d,despedida,raw,nan,False,original,train,,cliente,obrigada pelo prestagio d d,['prestagio'],prestagio,False,False
0d09a3b67573bdef,,eu amei a que tem a ponta duvida tem que ter tornozelo fino obrigada,despedida,raw,nan,False,original,train,,cliente,eu amei a que tem a ponta duvida tem que ter tornozelo fino obrigada,"['amei', 'ponta', 'duvida', 'tornozelo', 'fino']",amei ponta duvida tornozelo fino,False,False
363edefa8c33c293,,obrigada pela presena a renata vai arrasar demais com o conjuntinho mascavo nosso antimo terracota d deg,despedida,raw,nan,False,original,train,,cliente,obrigada pela presena a renata vai arrasar demais com o conjuntinho mascavo nosso antimo terracota d deg,"['presena', 'renata', 'vai', 'arrasar', 'demais', 'conjuntinho', 'mascavo', 'nosso', 'antimo', 'terracota', 'deg']",presena renata vai arrasar demais conjuntinho mascavo nosso antimo terracota deg,False,False
92522b978ca1a7b3,,obrigada pela presena a ju amamos te receber e te atender d d,despedida,raw,nan,False,original,train,,cliente,obrigada pela presena a ju amamos te receber e te atender d d,"['presena', 'amamos', 'receber', 'atender']",presena amamos receber atender,False,False
87748bf1714a553c,,obrigada beijinhos,despedida,raw,nan,False,original,train,,cliente,obrigada beijinhos,['beijinhos'],beijinhos,False,False
5808cab5c0cff984,,prateleira,despedida,raw,nan,False,original,train,,cliente,prateleira,['prateleira'],prateleira,False,False
0d6790a69d07c522,,segue o link dele qualquer daovida ou questa o estamos a disposia a o obrigada por nos acompanhar equipe curadobia d,despedida,raw,nan,False,original,train,,cliente,segue o link dele qualquer daovida ou questa o estamos a disposia a o obrigada por nos acompanhar equipe curadobia d,"['segue', 'link', 'qualquer', 'daovida', 'questa', 'disposia', 'acompanhar']",segue link qualquer daovida questa disposia acompanhar,False,False
2966033a390737bb,,obrigada pela presenca heartshearts,despedida,raw,nan,False,original,train,,cliente,obrigada pela presenca heartshearts,"['presenca', 'heartshearts']",presenca heartshearts,False,False
e03881d9b11d8b0d,,obrigada pela presena a silviad,despedida,raw,nan,False,original,train,,cliente,obrigada pela presena a silviad,"['presena', 'silviad']",presena silviad,False,False
02adae87907e42ec,,muito obrigada elas entraram em contato comigo realmente a sandalia e linda mas infelizmente fico um pouco fora pra mim,despedida,raw,nan,False,original,train,,cliente,muito obrigada elas entraram em contato comigo realmente a sandalia e linda mas infelizmente fico um pouco fora pra mim,"['muito', 'entraram', 'contato', 'comigo', 'realmente', 'sandalia', 'linda', 'infelizmente', 'fico', 'pouco', 'fora', 'mim']",muito entraram contato comigo realmente sandalia linda infelizmente fico pouco fora mim,False,False
145d241c3508e8f2,,mto obrigada,despedida,raw,nan,False,original,train,,cliente,mto obrigada,['mto'],mto,False,False
54577eb5f0afab58,,bia esse seu curadobia esta um arraso muito tentador paraba c ns pelo projeto uma daovida qual a sua altura estou interessadassima nessa cala a mas sou baixa <num> cm e geralmente tenho que fazer a barras das cala as o que na o a c muito fa cil com essaa d obrigada,despedida,raw,nan,False,original,train,,cliente,bia esse seu curadobia esta um arraso muito tentador paraba c ns pelo projeto uma daovida qual a sua altura estou interessadassima nessa cala a mas sou baixa num cm e geralmente tenho que fazer a barras das cala as o que na o a c muito fa cil com essaa d obrigada,"['seu', 'arraso', 'muito', 'tentador', 'paraba', 'projeto', 'daovida', 'altura', 'interessadassima', 'nessa', 'cala', 'sou', 'baixa', 'geralmente', 'tenho', 'fazer', 'barras', 'cala', 'muito', 'cil', 'essaa']",seu arraso muito tentador paraba projeto daovida altura interessadassima nessa cala sou baixa geralmente tenho fazer barras cala muito cil essaa,True,False
db4e51963a88a0c3,,sim obrigada,despedida,raw,nan,False,original,train,,cliente,sim obrigada,[],,False,False
0019d43ba0b13ecd,,muito obrigada pela atencao,despedida,raw,nan,False,original,train,,cliente,muito obrigada pela atencao,"['muito', 'atencao']",muito atencao,False,False
64750319c1d23fab,,ahhh entendi muito obrigada,despedida,raw,nan,False,original,train,,cliente,ahhh entendi muito obrigada,"['ahhh', 'entendi', 'muito']",ahhh entendi muito,False,False
8a1e0ef1d09892eb,,ok obrigada d,despedida,raw,nan,False,original,train,,cliente,ok obrigada d,[],,False,False
bfa62a231f22f838,,ok entendi obrigada pelo retorno um abraco,despedida,raw,nan,False,original,train,,cliente,ok entendi obrigada pelo retorno um abraco,"['entendi', 'retorno', 'abraco']",entendi retorno abraco,False,False
86db6f184cb45e34,,sim a carol entrou em contato comigo uma fofa super atenciosa,despedida,raw,nan,False,original,train,,cliente,sim a carol entrou em contato comigo uma fofa super atenciosa,"['carol', 'entrou', 'contato', 'comigo', 'fofa', 'super', 'atenciosa']",carol entrou contato comigo fofa super atenciosa,False,False
d78d9ba9e3c39193,,ate agora nada,despedida,raw,nan,False,original,train,,cliente,ate agora nada,"['ate', 'agora', 'nada']",ate agora nada,False,False
1cae79f8b5cca21b,,obrigada por nos acompanhar d sigo aqui para o que vocaa precisar,despedida,raw,nan,False,original,train,,cliente,obrigada por nos acompanhar d sigo aqui para o que vocaa precisar,"['acompanhar', 'sigo', 'aqui', 'vocaa', 'precisar']",acompanhar sigo aqui vocaa precisar,False,False
c4c6f22f8fa33775,,obrigada pela presenca livia,despedida,raw,nan,False,original,train,,cliente,obrigada pela presenca livia,"['presenca', 'livia']",presenca livia,False,False
b3bebd1503b565da,,obrigada pela presenca ju amamos te receber e te atender,despedida,raw,nan,False,original,train,,cliente,obrigada pela presenca ju amamos te receber e te atender,"['presenca', 'amamos', 'receber', 'atender']",presenca amamos receber atender,False,False
c6048cfbd48a6742,,adorei obrigada vcs,despedida,raw,nan,False,original,train,,cliente,adorei obrigada vcs,"['adorei', 'vcs']",adorei vcs,False,False
8a9a4666936274b6,,obrigada pelo retorno vou acompanhar enta o beijo beijo d d,despedida,raw,nan,False,original,train,,cliente,obrigada pelo retorno vou acompanhar enta o beijo beijo d d,"['retorno', 'acompanhar', 'enta', 'beijo', 'beijo']",retorno acompanhar enta beijo beijo,False,False
2bf513da7df9856b,,obrigada ate la,despedida,raw,nan,False,original,train,,cliente,obrigada ate la,['ate'],ate,False,False
c48d04549d990968,,deu certo sim obrigada,despedida,raw,nan,False,original,train,,cliente,deu certo sim obrigada,"['deu', 'certo']",deu certo,False,False
bbe52a710b9b71c9,,com certeza sera um sucesso obrigada ana d,despedida,raw,nan,False,original,train,,cliente,com certeza sera um sucesso obrigada ana d,"['certeza', 'sera', 'sucesso']",certeza sera sucesso,False,False
7a7ebae990af06a2,,enfim por muito pouco na o me atende,despedida,raw,nan,False,original,train,,cliente,enfim por muito pouco na o me atende,"['enfim', 'muito', 'pouco', 'atende']",enfim muito pouco atende,False,False
fbb8ba9a073ad66a,,obrigada no aguardo que seja disponibilizado o envio,despedida,raw,nan,False,original,train,,cliente,obrigada no aguardo que seja disponibilizado o envio,"['aguardo', 'seja', 'disponibilizado', 'envio']",aguardo seja disponibilizado envio,False,False
8ba1197b27f98412,,ok obrigada,despedida,raw,nan,False,original,train,,cliente,ok obrigada,[],,False,False
739632c8b4316289,,muito obrigada,despedida,raw,nan,False,original,train,,cliente,muito obrigada,['muito'],muito,False,False
1695e66a1c53db1a,,ok entendi obrigada pelo retorno um abraa o,despedida,raw,nan,False,original,train,,cliente,ok entendi obrigada pelo retorno um abraa o,"['entendi', 'retorno', 'abraa']",entendi retorno abraa,False,False
63f3a132337c6122,,obrigada por nos acompanhar sigo aqui para o que voce precisar,despedida,raw,nan,False,original,train,,cliente,obrigada por nos acompanhar sigo aqui para o que voce precisar,"['acompanhar', 'sigo', 'aqui', 'voce', 'precisar']",acompanhar sigo aqui voce precisar,False,False
2055ecc426101c8d,,obrigada ana,despedida,raw,nan,False,original,train,,cliente,obrigada ana,[],,False,False
20ca43e03d1fe6bf,,obrigada pelo feedback maria,despedida,raw,nan,False,original,train,,cliente,obrigada pelo feedback maria,"['feedback', 'maria']",feedback maria,False,False
b8143b74d034bd98,,segue o link dele qualquer duvida ou questao estamos a disposicao obrigada por nos acompanhar equipe curadobia,despedida,raw,nan,False,original,train,,cliente,segue o link dele qualquer duvida ou questao estamos a disposicao obrigada por nos acompanhar equipe curadobia,"['segue', 'link', 'qualquer', 'duvida', 'questao', 'disposicao', 'acompanhar']",segue link qualquer duvida questao disposicao acompanhar,False,False
9735084eca85fe78,,enviado obrigada ate segunda,despedida,raw,nan,False,original,train,,cliente,enviado obrigada ate segunda,"['enviado', 'ate', 'segunda']",enviado ate segunda,False,False
fd82d70ce2330892,,obrigada pela presena a a i a i,despedida,raw,nan,False,original,train,,cliente,obrigada pela presena a a i a i,['presena'],presena,False,False
62f1415bbe707d5c,,obrigada pela presena a stella,despedida,raw,nan,False,original,train,,cliente,obrigada pela presena a stella,"['presena', 'stella']",presena stella,False,False
7ff9f805e615d6d2,,perfeito ja passei pro pessoal realizar a correa a o obrigada pelo feedback,despedida,raw,nan,False,original,train,,cliente,perfeito ja passei pro pessoal realizar a correa a o obrigada pelo feedback,"['perfeito', 'passei', 'pro', 'pessoal', 'realizar', 'correa', 'feedback']",perfeito passei pro pessoal realizar correa feedback,False,False
120234a11ede711b,,bia eu terminei de subir os produtos pora c m acho que esta com um delay amanha vou ver se terminou de atualizar na plataforma ta tudo certinho <num> categorias que criei com todo produtos descria a o vadeos etc,despedida,raw,nan,False,original,train,,cliente,bia eu terminei de subir os produtos pora c m acho que esta com um delay amanha vou ver se terminou de atualizar na plataforma ta tudo certinho num categorias que criei com todo produtos descria a o vadeos etc,"['terminei', 'subir', 'produtos', 'pora', 'acho', 'delay', 'amanha', 'ver', 'terminou', 'atualizar', 'plataforma', 'certinho', 'categorias', 'criei', 'todo', 'produtos', 'descria', 'vadeos', 'etc']",terminei subir produtos pora acho delay amanha ver terminou atualizar plataforma certinho categorias criei todo produtos descria vadeos etc,True,False
10bae68616d70e79,,ok muito obrigada d,despedida,raw,nan,False,original,train,,cliente,ok muito obrigada d,['muito'],muito,False,False
84c75770bb34c738,,bem e vc ana muito obrigada,despedida,raw,nan,False,original,train,,cliente,bem e vc ana muito obrigada,"['bem', 'muito']",bem muito,False,False
5631aef1b4cb2cb7,,certo obrigada o prazo de entrega sa o <num> dias mesmo,despedida,raw,nan,False,original,train,,cliente,certo obrigada o prazo de entrega sa o num dias mesmo,"['certo', 'prazo', 'entrega', 'dias', 'mesmo']",certo prazo entrega dias mesmo,False,False
e4aa28256f815680,,obrigada eu aviso sim gostei bastante vou levar para a cliente,despedida,raw,nan,False,original,train,,cliente,obrigada eu aviso sim gostei bastante vou levar para a cliente,"['aviso', 'gostei', 'bastante', 'levar', 'cliente']",aviso gostei bastante levar cliente,False,False
a659fc9a3c8085f7,,categoria,despedida,raw,nan,False,original,train,,cliente,categoria,['categoria'],categoria,False,False
6c230741121f39bc,,bia eu terminei de subir os produtos porem acho que esta com um delay amanha vou ver se terminou de atualizar na plataforma ta tudo certinho <num> categorias que criei com todo produtos descricao videos etc,despedida,raw,nan,False,original,train,,cliente,bia eu terminei de subir os produtos porem acho que esta com um delay amanha vou ver se terminou de atualizar na plataforma ta tudo certinho num categorias que criei com todo produtos descricao videos etc,"['terminei', 'subir', 'produtos', 'porem', 'acho', 'delay', 'amanha', 'ver', 'terminou', 'atualizar', 'plataforma', 'certinho', 'categorias', 'criei', 'todo', 'produtos', 'descricao', 'videos', 'etc']",terminei subir produtos porem acho delay amanha ver terminou atualizar plataforma certinho categorias criei todo produtos descricao videos etc,False,False
d3602295c40fea56,,ta otimo obrigada,despedida,raw,nan,False,original,train,,cliente,ta otimo obrigada,['otimo'],otimo,False,False
9059aa8c7f0bea54,,pedimos desculpas pelo ocorrido e pode ter certeza que isso servira para aprimorarmos nosso atendimento e na o deixar que situaa aues como essa ocorram novamente agradea o sua compreensa o e nos disponibilizamos para auxiliar da melhor forma possavel sobre ter ficado um pouco grande o body nos informe se desejar efetuar troca que ja posso agilizar junto a marca essa solicitaa a o,despedida,raw,nan,False,original,train,,cliente,pedimos desculpas pelo ocorrido e pode ter certeza que isso servira para aprimorarmos nosso atendimento e na o deixar que situaa aues como essa ocorram novamente agradea o sua compreensa o e nos disponibilizamos para auxiliar da melhor forma possavel sobre ter ficado um pouco grande o body nos informe se desejar efetuar troca que ja posso agilizar junto a marca essa solicitaa a o,"['pedimos', 'desculpas', 'ocorrido', 'pode', 'certeza', 'servira', 'aprimorarmos', 'nosso', 'atendimento', 'deixar', 'situaa', 'aues', 'ocorram', 'novamente', 'agradea', 'compreensa', 'disponibilizamos', 'auxiliar', 'melhor', 'forma', 'possavel', 'ficado', 'pouco', 'grande', 'body', 'informe', 'desejar', 'efetuar', 'troca', 'posso', 'agilizar', 'junto', 'marca', 'solicitaa']",pedimos desculpas ocorrido pode certeza servira aprimorarmos nosso atendimento deixar situaa aues ocorram novamente agradea compreensa disponibilizamos auxiliar melhor forma possavel ficado pouco grande body informe desejar efetuar troca posso agilizar junto marca solicitaa,False,False
8bb4ed853498c70e,,mto obrigada pelo retorno,despedida,raw,nan,False,original,train,,cliente,mto obrigada pelo retorno,"['mto', 'retorno']",mto retorno,False,False
590d411229b28a0a,,obrigada por ser nossa cliente,despedida,raw,nan,False,original,train,,cliente,obrigada por ser nossa cliente,"['ser', 'nossa', 'cliente']",ser nossa cliente,False,False
4c60a9f4f09ab1ff,,legal mto obrigada,despedida,raw,nan,False,original,train,,cliente,legal mto obrigada,"['legal', 'mto']",legal mto,False,False
2cf8b8b16878ec1a,,obrigada pelo retorno vou acompanhar entao beijo beijo,despedida,raw,nan,False,original,train,,cliente,obrigada pelo retorno vou acompanhar entao beijo beijo,"['retorno', 'acompanhar', 'entao', 'beijo', 'beijo']",retorno acompanhar entao beijo beijo,False,False
239be46e4bff9bca,,pedimos desculpas pelo ocorrido e pode ter certeza que isso servira para aprimorarmos nosso atendimento e nao deixar que situacoes como essa ocorram novamente agradeco sua compreensao e nos disponibilizamos para auxiliar da melhor forma possivel sobre ter ficado um pouco grande o body nos informe se desejar efetuar troca que ja posso agilizar junto a marca essa solicitacao,despedida,raw,nan,False,original,train,,cliente,pedimos desculpas pelo ocorrido e pode ter certeza que isso servira para aprimorarmos nosso atendimento e nao deixar que situacoes como essa ocorram novamente agradeco sua compreensao e nos disponibilizamos para auxiliar da melhor forma possivel sobre ter ficado um pouco grande o body nos informe se desejar efetuar troca que ja posso agilizar junto a marca essa solicitacao,"['pedimos', 'desculpas', 'ocorrido', 'pode', 'certeza', 'servira', 'aprimorarmos', 'nosso', 'atendimento', 'nao', 'deixar', 'situacoes', 'ocorram', 'novamente', 'agradeco', 'compreensao', 'disponibilizamos', 'auxiliar', 'melhor', 'forma', 'possivel', 'ficado', 'pouco', 'grande', 'body', 'informe', 'desejar', 'efetuar', 'troca', 'posso', 'agilizar', 'junto', 'marca', 'solicitacao']",pedimos desculpas ocorrido pode certeza servira aprimorarmos nosso atendimento nao deixar situacoes ocorram novamente agradeco compreensao disponibilizamos auxiliar melhor forma possivel ficado pouco grande body informe desejar efetuar troca posso agilizar junto marca solicitacao,False,False
0e14e5b5c2f8a9df,,obrigada pela presenca,despedida,raw,nan,False,original,train,,cliente,obrigada pela presenca,['presenca'],presenca,False,False
dde2f83985c4a76f,,com certeza sera um sucesso obrigada ana,despedida,raw,nan,False,original,train,,cliente,com certeza sera um sucesso obrigada ana,"['certeza', 'sera', 'sucesso']",certeza sera sucesso,False,False
84c4319852d76960,,obrigada pela presenca stella,despedida,raw,nan,False,original,train,,cliente,obrigada pela presenca stella,"['presenca', 'stella']",presenca stella,False,False
1a105f31382c048e,,com certeza nao exatamente por isso que pensamos nesse material que se molda nos pes,despedida,raw,nan,False,original,train,,cliente,com certeza nao exatamente por isso que pensamos nesse material que se molda nos pes,"['certeza', 'nao', 'exatamente', 'pensamos', 'nesse', 'material', 'molda', 'pes']",certeza nao exatamente pensamos nesse material molda pes,False,False
69c1c256320a311d,,todas as pecas da mybasic e da lounge <num> possuem uma ampla grade <url> <url> os produtos da cecilia possuem uma modelagem mais ampla <url> alguns dos produtos da nauanin chegam ate a numeracao xxgg equivalendo a um <num> <url>,despedida,raw,nan,False,original,train,,cliente,todas as pecas da mybasic e da lounge num possuem uma ampla grade url url os produtos da cecilia possuem uma modelagem mais ampla url alguns dos produtos da nauanin chegam ate a numeracao xxgg equivalendo a um num url,"['todas', 'pecas', 'mybasic', 'lounge', 'possuem', 'ampla', 'grade', 'url', 'url', 'produtos', 'cecilia', 'possuem', 'modelagem', 'ampla', 'url', 'alguns', 'produtos', 'nauanin', 'chegam', 'ate', 'numeracao', 'xxgg', 'equivalendo', 'url']",todas pecas mybasic lounge possuem ampla grade url url produtos cecilia possuem modelagem ampla url alguns produtos nauanin chegam ate numeracao xxgg equivalendo url,False,False
9460937e1e01f438,,ta a <num> timo obrigada,despedida,raw,nan,False,original,train,,cliente,ta a num timo obrigada,['timo'],timo,False,False
183cdf56d7a257a9,,muito obrigada legal que sou do mesmo tamanho que ela,despedida,raw,nan,False,original,train,,cliente,muito obrigada legal que sou do mesmo tamanho que ela,"['muito', 'legal', 'sou', 'mesmo', 'tamanho']",muito legal sou mesmo tamanho,True,False
3ea4143990281ae2,,otimo me avise por favor um abraco e obrigada,despedida,raw,nan,False,original,train,,cliente,otimo me avise por favor um abraco e obrigada,"['otimo', 'avise', 'favor', 'abraco']",otimo avise favor abraco,False,False
ae2025ec2c727912,,perfeito ana obrigada pelo retorno d,despedida,raw,nan,False,original,train,,cliente,perfeito ana obrigada pelo retorno d,"['perfeito', 'retorno']",perfeito retorno,False,False
3ded742e44606c5b,,obrigada pelo retorno,despedida,raw,nan,False,original,train,,cliente,obrigada pelo retorno,['retorno'],retorno,False,False
578a46206a34589b,,qualquer duvida ou questao estamos a disposicao obrigada por nos acompanhar equipe curadobia,despedida,raw,nan,False,original,train,,cliente,qualquer duvida ou questao estamos a disposicao obrigada por nos acompanhar equipe curadobia,"['qualquer', 'duvida', 'questao', 'disposicao', 'acompanhar']",qualquer duvida questao disposicao acompanhar,False,False
073cc52e8185ec02,,enviado obrigada ata c segunda,despedida,raw,nan,False,original,train,,cliente,enviado obrigada ata c segunda,"['enviado', 'ata', 'segunda']",enviado ata segunda,False,False
ea5ee788790ac59d,,legal mto obrigada d,despedida,raw,nan,False,original,train,,cliente,legal mto obrigada d,"['legal', 'mto']",legal mto,False,False
bc7e98c5202e6c0b,,estou tentando contato para devolucao de mercadoria e ninguem me atende nem por whatsapp e nem e mail comprei um vestido que quero devolver como devo proceder cristina hees <num> <num>,despedida,raw,nan,False,original,train,,cliente,estou tentando contato para devolucao de mercadoria e ninguem me atende nem por whatsapp e nem e mail comprei um vestido que quero devolver como devo proceder cristina hees num num,"['tentando', 'contato', 'devolucao', 'mercadoria', 'ninguem', 'atende', 'nem', 'whatsapp', 'nem', 'mail', 'comprei', 'vestido', 'quero', 'devolver', 'devo', 'proceder', 'cristina', 'hees']",tentando contato devolucao mercadoria ninguem atende nem whatsapp nem mail comprei vestido quero devolver devo proceder cristina hees,False,False
4ba7a35a184db626,,muito obrigada pelos esclarecimentos,despedida,raw,nan,False,original,train,,cliente,muito obrigada pelos esclarecimentos,"['muito', 'esclarecimentos']",muito esclarecimentos,False,False
ca863cc9b3492cd0,,seguem as medidas p cos <num> cm e veste quadril ate <num> cm m cos <num> cm e veste um quadril ate <num> cm g cos <num> cm e veste um quadril ate <num> cm,despedida,raw,nan,False,original,train,,cliente,seguem as medidas p cos num cm e veste quadril ate num cm m cos num cm e veste um quadril ate num cm g cos num cm e veste um quadril ate num cm,"['seguem', 'medidas', 'cos', 'veste', 'quadril', 'ate', 'cos', 'veste', 'quadril', 'ate', 'cos', 'veste', 'quadril', 'ate']",seguem medidas cos veste quadril ate cos veste quadril ate cos veste quadril ate,True,False
9f42d2bf55149fa0,,obrigada pelo retorno namoro o modelo gladiador me lembro dele mas quando fui procurar ja na o tinha mais d,despedida,raw,nan,False,original,train,,cliente,obrigada pelo retorno namoro o modelo gladiador me lembro dele mas quando fui procurar ja na o tinha mais d,"['retorno', 'namoro', 'modelo', 'gladiador', 'lembro', 'fui', 'procurar', 'tinha']",retorno namoro modelo gladiador lembro fui procurar tinha,False,False
14865546324893e5,,enfim por muito pouco nao me atende,despedida,raw,nan,False,original,train,,cliente,enfim por muito pouco nao me atende,"['enfim', 'muito', 'pouco', 'nao', 'atende']",enfim muito pouco nao atende,False,False
260f9448183df670,,obrigada pelo interesse d aguardamos vocaas,despedida,raw,nan,False,original,train,,cliente,obrigada pelo interesse d aguardamos vocaas,"['interesse', 'aguardamos', 'vocaas']",interesse aguardamos vocaas,False,False
7d24186aef3c0dbe,,obrigada a i,despedida,raw,nan,False,original,train,,cliente,obrigada a i,[],,False,False
fe1019c03eb56d69,,mto obrigada msm,despedida,raw,nan,False,original,train,,cliente,mto obrigada msm,"['mto', 'msm']",mto msm,False,False
23ad23eb88601459,,muito obrigada elas entraram em contato comigo realmente a sanda lia a c linda mas infelizmente fico um pouco fora pra mim,despedida,raw,nan,False,original,train,,cliente,muito obrigada elas entraram em contato comigo realmente a sanda lia a c linda mas infelizmente fico um pouco fora pra mim,"['muito', 'entraram', 'contato', 'comigo', 'realmente', 'sanda', 'lia', 'linda', 'infelizmente', 'fico', 'pouco', 'fora', 'mim']",muito entraram contato comigo realmente sanda lia linda infelizmente fico pouco fora mim,False,False
041f700817281013,,ok muito obrigada,despedida,raw,nan,False,original,train,,cliente,ok muito obrigada,['muito'],muito,False,False
3d877867de2c5aec,,obrigada pelo interesse aguardamos voces,despedida,raw,nan,False,original,train,,cliente,obrigada pelo interesse aguardamos voces,"['interesse', 'aguardamos']",interesse aguardamos,False,False
29cda6267cfc63b2,,tranquilo obrigada,despedida,raw,nan,False,original,train,,cliente,tranquilo obrigada,['tranquilo'],tranquilo,False,False
8a7498919130746f,,precisei sair correndo por um problema com minha filha que ja esta bem mas nem consegui me despedir obrigada queridas pelo convite,despedida,raw,nan,False,original,train,,cliente,precisei sair correndo por um problema com minha filha que ja esta bem mas nem consegui me despedir obrigada queridas pelo convite,"['precisei', 'sair', 'correndo', 'problema', 'filha', 'bem', 'nem', 'consegui', 'despedir', 'queridas', 'convite']",precisei sair correndo problema filha bem nem consegui despedir queridas convite,False,False
25f3e7ba7fccc463,,nos seguimos acompanhando todo o processo ate sua finalizacao,despedida,raw,nan,False,original,train,,cliente,nos seguimos acompanhando todo o processo ate sua finalizacao,"['seguimos', 'acompanhando', 'todo', 'processo', 'ate', 'finalizacao']",seguimos acompanhando todo processo ate finalizacao,False,False
9ec0a46eb65d3abf,,tem jaqueta verde no 46?,disponibilidade,raw,nan,False,original,train,,cliente,tem jaqueta verde no 46,"['jaqueta', 'verde']",jaqueta verde,True,False
507d918b678ea55b,,tem jaqueta verde no 42?,disponibilidade,raw,nan,False,original,train,,cliente,tem jaqueta verde no 42,"['jaqueta', 'verde']",jaqueta verde,True,False
9385680a2764bad8,,tem vestido preto no G?,disponibilidade,raw,nan,False,original,train,,cliente,tem vestido preto no g,"['vestido', 'preto']",vestido preto,True,False
0e408ac0b4676da7,,tem saia verde no 46?,disponibilidade,raw,nan,False,original,train,,cliente,tem saia verde no 46,"['saia', 'verde']",saia verde,True,False
153eac17896ee087,,tem saia verde no P?,disponibilidade,raw,nan,False,original,train,,cliente,tem saia verde no p,"['saia', 'verde']",saia verde,True,False
edf62f6cafee478a,,tem camisa preto no M?,disponibilidade,raw,nan,False,original,train,,cliente,tem camisa preto no m,"['camisa', 'preto']",camisa preto,True,False
5ffc0c6fa32c4c63,,tem saia preto no 46?,disponibilidade,raw,nan,False,original,train,,cliente,tem saia preto no 46,"['saia', 'preto']",saia preto,True,False
779be1bedabb4b80,,tem body preto no G?,disponibilidade,raw,nan,False,original,train,,cliente,tem body preto no g,"['body', 'preto']",body preto,True,False
05cccc0e72d3d201,,tem vestido preto no 42?,disponibilidade,raw,nan,False,original,train,,cliente,tem vestido preto no 42,"['vestido', 'preto']",vestido preto,True,False
270af05152f3e850,,tem saia verde no G?,disponibilidade,raw,nan,False,original,train,,cliente,tem saia verde no g,"['saia', 'verde']",saia verde,True,False
7727522cce948bce,,tem jaqueta verde no G?,disponibilidade,raw,nan,False,original,train,,cliente,tem jaqueta verde no g,"['jaqueta', 'verde']",jaqueta verde,True,False
ebd41409a6605419,,tem body verde no 42?,disponibilidade,raw,nan,False,original,train,,cliente,tem body verde no 42,"['body', 'verde']",body verde,True,False
6b8bf952b0536a9d,,tem blazer verde no 38?,disponibilidade,raw,nan,False,original,train,,cliente,tem blazer verde no 38,"['blazer', 'verde']",blazer verde,True,False
10cf8651f9fe9811,,tem blazer verde no GG?,disponibilidade,raw,nan,False,original,train,,cliente,tem blazer verde no gg,"['blazer', 'verde']",blazer verde,True,False
25a68cd5e5769ab0,,tem camisa preto no 44?,disponibilidade,raw,nan,False,original,train,,cliente,tem camisa preto no 44,"['camisa', 'preto']",camisa preto,True,False
ea5da65181263a1a,,tem saia verde no GG?,disponibilidade,raw,nan,False,original,train,,cliente,tem saia verde no gg,"['saia', 'verde']",saia verde,True,False
44ae3192938baed7,,tem jaqueta preto no 46?,disponibilidade,raw,nan,False,original,train,,cliente,tem jaqueta preto no 46,"['jaqueta', 'preto']",jaqueta preto,True,False
2f2d226dff70cf68,,tem vestido verde no 46?,disponibilidade,raw,nan,False,original,train,,cliente,tem vestido verde no 46,"['vestido', 'verde']",vestido verde,True,False
990da7289fe96e26,,tem jaqueta preto no 38?,disponibilidade,raw,nan,False,original,train,,cliente,tem jaqueta preto no 38,"['jaqueta', 'preto']",jaqueta preto,True,False
c72dd7f27fbd0e69,,tem camisa preto no 38?,disponibilidade,raw,nan,False,original,train,,cliente,tem camisa preto no 38,"['camisa', 'preto']",camisa preto,True,False
7c4dede9e9f36bfb,,tem blazer verde no 40?,disponibilidade,raw,nan,False,original,train,,cliente,tem blazer verde no 40,"['blazer', 'verde']",blazer verde,True,False
9e43e35bec42fa05,,tem body verde no 36?,disponibilidade,raw,nan,False,original,train,,cliente,tem body verde no 36,"['body', 'verde']",body verde,True,False
24b70d8b072b0fb0,,tem blazer preto no 40?,disponibilidade,raw,nan,False,original,train,,cliente,tem blazer preto no 40,"['blazer', 'preto']",blazer preto,True,False
0e3628842cc45f40,,tem vestido preto no P?,disponibilidade,raw,nan,False,original,train,,cliente,tem vestido preto no p,"['vestido', 'preto']",vestido preto,True,False
2af68f1421cba03f,,tem vestido preto no 44?,disponibilidade,raw,nan,False,original,train,,cliente,tem vestido preto no 44,"['vestido', 'preto']",vestido preto,True,False
c906b306837f4100,,tem blazer preto no 42?,disponibilidade,raw,nan,False,original,train,,cliente,tem blazer preto no 42,"['blazer', 'preto']",blazer preto,True,False
ae0e30ff8c0feaf0,,tem body verde no 38?,disponibilidade,raw,nan,False,original,train,,cliente,tem body verde no 38,"['body', 'verde']",body verde,True,False
fc7f26201ac4b92b,,tem jaqueta verde no 40?,disponibilidade,raw,nan,False,original,train,,cliente,tem jaqueta verde no 40,"['jaqueta', 'verde']",jaqueta verde,True,False
4887ead8c804dc61,,tem body preto no 42?,disponibilidade,raw,nan,False,original,train,,cliente,tem body preto no 42,"['body', 'preto']",body preto,True,False
f8d095cc980b53c0,,tem vestido preto no 38?,disponibilidade,raw,nan,False,original,train,,cliente,tem vestido preto no 38,"['vestido', 'preto']",vestido preto,True,False
db4a5c99162ae03f,,tem body preto no 44?,disponibilidade,raw,nan,False,original,train,,cliente,tem body preto no 44,"['body', 'preto']",body preto,True,False
6111fc945836b4d5,,tem saia verde no M?,disponibilidade,raw,nan,False,original,train,,cliente,tem saia verde no m,"['saia', 'verde']",saia verde,True,False
7b712dd97b32922e,,tem blazer verde no G?,disponibilidade,raw,nan,False,original,train,,cliente,tem blazer verde no g,"['blazer', 'verde']",blazer verde,True,False
c9122c4563261e58,,tem saia verde no 42?,disponibilidade,raw,nan,False,original,train,,cliente,tem saia verde no 42,"['saia', 'verde']",saia verde,True,False
aba7d2498c9b9051,,tem camisa preto no 36?,disponibilidade,raw,nan,False,original,train,,cliente,tem camisa preto no 36,"['camisa', 'preto']",camisa preto,True,False
2ce01fb78743da8c,,tem vestido verde no 42?,disponibilidade,raw,nan,False,original,train,,cliente,tem vestido verde no 42,"['vestido', 'verde']",vestido verde,True,False
7b403f272df030a0,,tem body verde no PP?,disponibilidade,raw,nan,False,original,train,,cliente,tem body verde no pp,"['body', 'verde']",body verde,True,False
8be1f552800e4f99,,tem body verde no 40?,disponibilidade,raw,nan,False,original,train,,cliente,tem body verde no 40,"['body', 'verde']",body verde,True,False
c99be295fd4ba00f,,tem blazer preto no P?,disponibilidade,raw,nan,False,original,train,,cliente,tem blazer preto no p,"['blazer', 'preto']",blazer preto,True,False
f7709f86ab453e0f,,tem jaqueta preto no 44?,disponibilidade,raw,nan,False,original,train,,cliente,tem jaqueta preto no 44,"['jaqueta', 'preto']",jaqueta preto,True,False
2499214b978fd920,,tem jaqueta preto no 40?,disponibilidade,raw,nan,False,original,train,,cliente,tem jaqueta preto no 40,"['jaqueta', 'preto']",jaqueta preto,True,False
5e5c81e41ec80c3c,,tem vestido verde no 38?,disponibilidade,raw,nan,False,original,train,,cliente,tem vestido verde no 38,"['vestido', 'verde']",vestido verde,True,False
331b78f7c18aa8b3,,tem camisa verde no M?,disponibilidade,raw,nan,False,original,train,,cliente,tem camisa verde no m,"['camisa', 'verde']",camisa verde,True,False
87d57eba103843af,,tem jaqueta verde no GG?,disponibilidade,raw,nan,False,original,train,,cliente,tem jaqueta verde no gg,"['jaqueta', 'verde']",jaqueta verde,True,False
43229466cfcd42d1,,tem vestido preto no PP?,disponibilidade,raw,nan,False,original,train,,cliente,tem vestido preto no pp,"['vestido', 'preto']",vestido preto,True,False
ae04a1cd387fbfd3,,tem jaqueta preto no GG?,disponibilidade,raw,nan,False,original,train,,cliente,tem jaqueta preto no gg,"['jaqueta', 'preto']",jaqueta preto,True,False
9d33ba91233c0cf3,,tem body preto no 38?,disponibilidade,raw,nan,False,original,train,,cliente,tem body preto no 38,"['body', 'preto']",body preto,True,False
566be3cb184be690,,tem saia preto no GG?,disponibilidade,raw,nan,False,original,train,,cliente,tem saia preto no gg,"['saia', 'preto']",saia preto,True,False
e471e825d0a654ad,,tem blazer preto no 36?,disponibilidade,raw,nan,False,original,train,,cliente,tem blazer preto no 36,"['blazer', 'preto']",blazer preto,True,False
e7cb7fe638e69ddd,,tem saia preto no 42?,disponibilidade,raw,nan,False,original,train,,cliente,tem saia preto no 42,"['saia', 'preto']",saia preto,True,False
98cde3f88418d91d,,tem blazer verde no PP?,disponibilidade,raw,nan,False,original,train,,cliente,tem blazer verde no pp,"['blazer', 'verde']",blazer verde,True,False
58c2241071896393,,tem vestido preto no GG?,disponibilidade,raw,nan,False,original,train,,cliente,tem vestido preto no gg,"['vestido', 'preto']",vestido preto,True,False
77d9e8af90ffb94c,,tem camisa preto no PP?,disponibilidade,raw,nan,False,original,train,,cliente,tem camisa preto no pp,"['camisa', 'preto']",camisa preto,True,False
2aec2d7ffab7477b,,tem saia preto no 36?,disponibilidade,raw,nan,False,original,train,,cliente,tem saia preto no 36,"['saia', 'preto']",saia preto,True,False
eb628a6e8cc748b8,,tem blazer preto no GG?,disponibilidade,raw,nan,False,original,train,,cliente,tem blazer preto no gg,"['blazer', 'preto']",blazer preto,True,False
3c86f1bce786de3c,,tem body preto no M?,disponibilidade,raw,nan,False,original,train,,cliente,tem body preto no m,"['body', 'preto']",body preto,True,False
19b42a80281997b9,,tem jaqueta verde no M?,disponibilidade,raw,nan,False,original,train,,cliente,tem jaqueta verde no m,"['jaqueta', 'verde']",jaqueta verde,True,False
431d5c1fc5afc247,,tem camisa verde no 42?,disponibilidade,raw,nan,False,original,train,,cliente,tem camisa verde no 42,"['camisa', 'verde']",camisa verde,True,False
6add46b486963ba8,,tem body verde no 46?,disponibilidade,raw,nan,False,original,train,,cliente,tem body verde no 46,"['body', 'verde']",body verde,True,False
1fe111d778dc08e6,,tem saia verde no 38?,disponibilidade,raw,nan,False,original,train,,cliente,tem saia verde no 38,"['saia', 'verde']",saia verde,True,False
33cdddad4f227513,,tem vestido preto no 36?,disponibilidade,raw,nan,False,original,train,,cliente,tem vestido preto no 36,"['vestido', 'preto']",vestido preto,True,False
75b3f12f3fad40b5,,tem camisa verde no P?,disponibilidade,raw,nan,False,original,train,,cliente,tem camisa verde no p,"['camisa', 'verde']",camisa verde,True,False
96da0b6dd11253f4,,tem saia preto no M?,disponibilidade,raw,nan,False,original,train,,cliente,tem saia preto no m,"['saia', 'preto']",saia preto,True,False
dab11785ae6f81aa,,tem body verde no P?,disponibilidade,raw,nan,False,original,train,,cliente,tem body verde no p,"['body', 'verde']",body verde,True,False
83e512d089b022b9,,tem camisa verde no 46?,disponibilidade,raw,nan,False,original,train,,cliente,tem camisa verde no 46,"['camisa', 'verde']",camisa verde,True,False
a7b8b0fef02d4432,,tem blazer preto no G?,disponibilidade,raw,nan,False,original,train,,cliente,tem blazer preto no g,"['blazer', 'preto']",blazer preto,True,False
cf2f115b763778a0,,os bodys da revival sa o excelentes pea as neutras e ba sicas para ter no arma rio e possuem uma ampla grade de tamanhos <url> ala c m disso temos nossos acessa <num> rios <url> bolsas <url> e sapatos <url>,duvida_tamanho,raw,nan,False,original,train,,cliente,os bodys da revival sa o excelentes pea as neutras e ba sicas para ter no arma rio e possuem uma ampla grade de tamanhos url ala c m disso temos nossos acessa num rios url bolsas url e sapatos url,"['bodys', 'revival', 'excelentes', 'pea', 'neutras', 'sicas', 'arma', 'rio', 'possuem', 'ampla', 'grade', 'tamanhos', 'url', 'ala', 'disso', 'temos', 'nossos', 'acessa', 'rios', 'url', 'bolsas', 'url', 'sapatos', 'url']",bodys revival excelentes pea neutras sicas arma rio possuem ampla grade tamanhos url ala disso temos nossos acessa rios url bolsas url sapatos url,True,False
ca404994a01f237a,,bia tudo bem tenho uma festa bem legal e o traje e black and white pensei na blusa pah mas queria saber se o tecido fica vistoso e se voce recomenda alguma calca mais festa para combinar beijos julie,duvida_tamanho,raw,nan,False,original,train,,cliente,bia tudo bem tenho uma festa bem legal e o traje e black and white pensei na blusa pah mas queria saber se o tecido fica vistoso e se voce recomenda alguma calca mais festa para combinar beijos julie,"['bem', 'tenho', 'festa', 'bem', 'legal', 'traje', 'black', 'and', 'white', 'pensei', 'blusa', 'pah', 'saber', 'tecido', 'fica', 'vistoso', 'voce', 'recomenda', 'alguma', 'calca', 'festa', 'combinar', 'beijos', 'julie']",bem tenho festa bem legal traje black and white pensei blusa pah saber tecido fica vistoso voce recomenda alguma calca festa combinar beijos julie,True,True
28287c531bde7115,,molinho,duvida_tamanho,raw,nan,False,original,train,,cliente,molinho,['molinho'],molinho,False,False
b706e300ece85c19,,comprei a jaqueta d>>,duvida_tamanho,raw,nan,False,original,train,,cliente,comprei a jaqueta d,"['comprei', 'jaqueta']",comprei jaqueta,False,False
0499031f65406d15,,a nossa calca diferentex esta saindo por r <num> <num>,duvida_tamanho,raw,nan,False,original,train,,cliente,a nossa calca diferentex esta saindo por r num num,"['nossa', 'calca', 'diferentex', 'saindo']",nossa calca diferentex saindo,False,False
a1889095253bab37,,a jaqueta branca uma pena eu na o conseguir comprar por problemas ta c cnicos uma experiaancia de consumidor mto ruim,duvida_tamanho,raw,nan,False,original,train,,cliente,a jaqueta branca uma pena eu na o conseguir comprar por problemas ta c cnicos uma experiaancia de consumidor mto ruim,"['jaqueta', 'branca', 'pena', 'conseguir', 'comprar', 'problemas', 'cnicos', 'experiaancia', 'consumidor', 'mto', 'ruim']",jaqueta branca pena conseguir comprar problemas cnicos experiaancia consumidor mto ruim,False,False
93a8d92e0d863b01,,para adquirir essa pea a basta clicar no link da jaqueta e finalizar a compra pelo site <url>,duvida_tamanho,raw,nan,False,original,train,,cliente,para adquirir essa pea a basta clicar no link da jaqueta e finalizar a compra pelo site url,"['adquirir', 'pea', 'basta', 'clicar', 'link', 'jaqueta', 'finalizar', 'compra', 'site', 'url']",adquirir pea basta clicar link jaqueta finalizar compra site url,False,False
6e1786d7cbaf9349,,paguei sedex porque estou indo hoje pra londres e queria levar o body,duvida_tamanho,raw,nan,False,original,train,,cliente,paguei sedex porque estou indo hoje pra londres e queria levar o body,"['paguei', 'sedex', 'indo', 'londres', 'levar', 'body']",paguei sedex indo londres levar body,False,False
47d538c953b15365,,sua camisa e linda,duvida_tamanho,raw,nan,False,original,train,,cliente,sua camisa e linda,"['camisa', 'linda']",camisa linda,False,False
d3b40b0a8efce282,,tudo bem bia gostaria muito de saber se nesta sua plataforma vc assiste aos clientes em encontrar produtos lojas etc,duvida_tamanho,raw,nan,False,original,train,,cliente,tudo bem bia gostaria muito de saber se nesta sua plataforma vc assiste aos clientes em encontrar produtos lojas etc,"['bem', 'gostaria', 'muito', 'saber', 'nesta', 'plataforma', 'assiste', 'clientes', 'encontrar', 'produtos', 'lojas', 'etc']",bem gostaria muito saber nesta plataforma assiste clientes encontrar produtos lojas etc,False,False
c4ac71c5ea5e7719,,a jaqueta branca uma pena eu nao conseguir comprar por problemas tecnicos uma experiencia de consumidor mto ruim,duvida_tamanho,raw,nan,False,original,train,,cliente,a jaqueta branca uma pena eu nao conseguir comprar por problemas tecnicos uma experiencia de consumidor mto ruim,"['jaqueta', 'branca', 'pena', 'nao', 'conseguir', 'comprar', 'problemas', 'tecnicos', 'experiencia', 'consumidor', 'mto', 'ruim']",jaqueta branca pena nao conseguir comprar problemas tecnicos experiencia consumidor mto ruim,False,False
08ca8c04aefb9409,,o produto e lindo apesar de ter ficando um pouco grande,duvida_tamanho,raw,nan,False,original,train,,cliente,o produto e lindo apesar de ter ficando um pouco grande,"['produto', 'lindo', 'apesar', 'ficando', 'pouco', 'grande']",produto lindo apesar ficando pouco grande,False,False
6dbc4a2a036d97bf,,comprei um body e paguei frete de <num> dias uteis pra levar pra uma viagem agora na sexta,duvida_tamanho,raw,nan,False,original,train,,cliente,comprei um body e paguei frete de num dias uteis pra levar pra uma viagem agora na sexta,"['comprei', 'body', 'paguei', 'frete', 'dias', 'uteis', 'levar', 'viagem', 'agora', 'sexta']",comprei body paguei frete dias uteis levar viagem agora sexta,False,False
7c5f7bde5fe77272,,d body mybasic,duvida_tamanho,raw,nan,False,original,train,,cliente,d body mybasic,"['body', 'mybasic']",body mybasic,False,False
423c2a8a40884c49,,milene perguntamos para a bia e ela te indicou comprar o tamanho <num> dessa jaqueta por voce nao estar acostumada a roupas oversized o que acha,duvida_tamanho,raw,nan,False,original,train,,cliente,milene perguntamos para a bia e ela te indicou comprar o tamanho num dessa jaqueta por voce nao estar acostumada a roupas oversized o que acha,"['milene', 'perguntamos', 'indicou', 'comprar', 'tamanho', 'dessa', 'jaqueta', 'voce', 'nao', 'estar', 'acostumada', 'roupas', 'oversized', 'acha']",milene perguntamos indicou comprar tamanho dessa jaqueta voce nao estar acostumada roupas oversized acha,True,False
2fca95aefda23d9b,,e o body me chega hoje,duvida_tamanho,raw,nan,False,original,train,,cliente,e o body me chega hoje,"['body', 'chega']",body chega,False,False
0f8afcbd7e1f145f,,gosto da calca assim mais curta visto entre <num> <num> quadril <num>,duvida_tamanho,raw,nan,False,original,train,,cliente,gosto da calca assim mais curta visto entre num num quadril num,"['gosto', 'calca', 'assim', 'curta', 'visto', 'quadril']",gosto calca assim curta visto quadril,True,False
2b4a6d64e236f2dc,,gostaria a camisa branca tamanho m a possavel,duvida_tamanho,raw,nan,False,original,train,,cliente,gostaria a camisa branca tamanho m a possavel,"['gostaria', 'camisa', 'branca', 'tamanho', 'possavel']",gostaria camisa branca tamanho possavel,True,False
d64e52cc3a34cf44,,somos uma produtora de a udio visual e achamos que seria interessante apresentar o nosso trabalho e portifa <num> lio,duvida_tamanho,raw,nan,False,original,train,,cliente,somos uma produtora de a udio visual e achamos que seria interessante apresentar o nosso trabalho e portifa num lio,"['somos', 'produtora', 'udio', 'visual', 'achamos', 'seria', 'interessante', 'apresentar', 'nosso', 'trabalho', 'portifa', 'lio']",somos produtora udio visual achamos seria interessante apresentar nosso trabalho portifa lio,False,False
300a4db22ff923a0,,os bodys da revival sao excelentes pecas neutras e basicas para ter no armario e possuem uma ampla grade de tamanhos <url> alem disso temos nossos acessorios <url> bolsas <url> e sapatos <url>,duvida_tamanho,raw,nan,False,original,train,,cliente,os bodys da revival sao excelentes pecas neutras e basicas para ter no armario e possuem uma ampla grade de tamanhos url alem disso temos nossos acessorios url bolsas url e sapatos url,"['bodys', 'revival', 'sao', 'excelentes', 'pecas', 'neutras', 'basicas', 'armario', 'possuem', 'ampla', 'grade', 'tamanhos', 'url', 'alem', 'disso', 'temos', 'nossos', 'acessorios', 'url', 'bolsas', 'url', 'sapatos', 'url']",bodys revival sao excelentes pecas neutras basicas armario possuem ampla grade tamanhos url alem disso temos nossos acessorios url bolsas url sapatos url,True,False
79456b25d97829c4,,vai ter reposicao dessa calca,duvida_tamanho,raw,nan,False,original,train,,cliente,vai ter reposicao dessa calca,"['vai', 'reposicao', 'dessa', 'calca']",vai reposicao dessa calca,False,False
175e2cfc105ba669,,eu adorei ja usei minha saia hj,duvida_tamanho,raw,nan,False,original,train,,cliente,eu adorei ja usei minha saia hj,"['adorei', 'usei', 'saia']",adorei usei saia,False,False
adb944edb74a2fdf,,ainda hj vou efetuar a compra da calca,duvida_tamanho,raw,nan,False,original,train,,cliente,ainda hj vou efetuar a compra da calca,"['ainda', 'efetuar', 'compra', 'calca']",ainda efetuar compra calca,False,False
e37a67e5852cfaf1,,quero comprar mas preciso saber se ela calca certinho o numero do calco o numero <num> devo comprar o mesmo,duvida_tamanho,raw,nan,False,original,train,,cliente,quero comprar mas preciso saber se ela calca certinho o numero do calco o numero num devo comprar o mesmo,"['quero', 'comprar', 'preciso', 'saber', 'calca', 'certinho', 'numero', 'calco', 'numero', 'devo', 'comprar', 'mesmo']",quero comprar preciso saber calca certinho numero calco numero devo comprar mesmo,False,False
7f20e540452d7b12,,experimentei essa jaqueta maravilhosa,duvida_tamanho,raw,nan,False,original,train,,cliente,experimentei essa jaqueta maravilhosa,"['experimentei', 'jaqueta', 'maravilhosa']",experimentei jaqueta maravilhosa,False,False
780d51dd513886db,,o produto a c lindo apesar de ter ficando um pouco grande,duvida_tamanho,raw,nan,False,original,train,,cliente,o produto a c lindo apesar de ter ficando um pouco grande,"['produto', 'lindo', 'apesar', 'ficando', 'pouco', 'grande']",produto lindo apesar ficando pouco grande,False,False
905183c0c92efaa7,,tem sim a calca,duvida_tamanho,raw,nan,False,original,train,,cliente,tem sim a calca,['calca'],calca,False,False
4fc9d8af9f609118,,eu comprei a calca pantalona branca no dia <num> <num>,duvida_tamanho,raw,nan,False,original,train,,cliente,eu comprei a calca pantalona branca no dia num num,"['comprei', 'calca', 'pantalona', 'branca']",comprei calca pantalona branca,False,False
e481afc4e74810fc,,gostaria de saber o tamanho da cintura dessa calca no tamanho m,duvida_tamanho,raw,nan,False,original,train,,cliente,gostaria de saber o tamanho da cintura dessa calca no tamanho m,"['gostaria', 'saber', 'tamanho', 'cintura', 'dessa', 'calca', 'tamanho']",gostaria saber tamanho cintura dessa calca tamanho,True,False
b0d2a2fd8007e504,,seguem as medidas p ca <num> s <num> cm e veste quadril ata c <num> cm m ca <num> s <num> cm e veste um quadril ata c <num> cm g ca <num> s <num> cm e veste um quadril ata c <num> cm,duvida_tamanho,raw,nan,False,original,train,,cliente,seguem as medidas p ca num s num cm e veste quadril ata c num cm m ca num s num cm e veste um quadril ata c num cm g ca num s num cm e veste um quadril ata c num cm,"['seguem', 'medidas', 'veste', 'quadril', 'ata', 'veste', 'quadril', 'ata', 'veste', 'quadril', 'ata']",seguem medidas veste quadril ata veste quadril ata veste quadril ata,True,False
ef51743cc7ee843f,,para adquirir essa peca basta clicar no link da jaqueta e finalizar a compra pelo site <url>,duvida_tamanho,raw,nan,False,original,train,,cliente,para adquirir essa peca basta clicar no link da jaqueta e finalizar a compra pelo site url,"['adquirir', 'peca', 'basta', 'clicar', 'link', 'jaqueta', 'finalizar', 'compra', 'site', 'url']",adquirir peca basta clicar link jaqueta finalizar compra site url,False,False
e85f49ee6f4238ca,,milene perguntamos para a bia e ela te indicou comprar o tamanho <num> dessa jaqueta por vocaa na o estar acostumada a roupas oversized o que acha d,duvida_tamanho,raw,nan,False,original,train,,cliente,milene perguntamos para a bia e ela te indicou comprar o tamanho num dessa jaqueta por vocaa na o estar acostumada a roupas oversized o que acha d,"['milene', 'perguntamos', 'indicou', 'comprar', 'tamanho', 'dessa', 'jaqueta', 'vocaa', 'estar', 'acostumada', 'roupas', 'oversized', 'acha']",milene perguntamos indicou comprar tamanho dessa jaqueta vocaa estar acostumada roupas oversized acha,True,False
75400f68674f54aa,,que calca maravilhosa,duvida_tamanho,raw,nan,False,original,train,,cliente,que calca maravilhosa,"['calca', 'maravilhosa']",calca maravilhosa,False,False
2f628778bb1356d2,,veste,duvida_tamanho,raw,nan,False,original,train,,cliente,veste,['veste'],veste,False,False
f8f6d152b34758b2,,tenho <num> <num> essa calca esta mais curta para mim mesmo te aconselho a comprar um tamanho pequeno,duvida_tamanho,raw,nan,False,original,train,,cliente,tenho num num essa calca esta mais curta para mim mesmo te aconselho a comprar um tamanho pequeno,"['tenho', 'calca', 'curta', 'mim', 'mesmo', 'aconselho', 'comprar', 'tamanho', 'pequeno']",tenho calca curta mim mesmo aconselho comprar tamanho pequeno,True,False
5a7a2b974fc3dddf,,elaine para o tamanho <num> nos indicamos o tamanho <num> da saia,duvida_tamanho,raw,nan,False,original,train,,cliente,elaine para o tamanho num nos indicamos o tamanho num da saia,"['elaine', 'tamanho', 'indicamos', 'tamanho', 'saia']",elaine tamanho indicamos tamanho saia,True,False
3edaaf917a9f3571,,somos uma produtora de audio visual e achamos que seria interessante apresentar o nosso trabalho e portifolio,duvida_tamanho,raw,nan,False,original,train,,cliente,somos uma produtora de audio visual e achamos que seria interessante apresentar o nosso trabalho e portifolio,"['somos', 'produtora', 'audio', 'visual', 'achamos', 'seria', 'interessante', 'apresentar', 'nosso', 'trabalho', 'portifolio']",somos produtora audio visual achamos seria interessante apresentar nosso trabalho portifolio,False,False
5b09b84b279e83d4,,linda calca qual e a marca,duvida_tamanho,raw,nan,False,original,train,,cliente,linda calca qual e a marca,"['linda', 'calca', 'marca']",linda calca marca,False,False
4fd98743546aa65f,,fiz uma compra de um casaco com vcs e nao vestiu bem gostaria de trocar por uma calca fresquinha tamanho m,duvida_tamanho,raw,nan,False,original,train,,cliente,fiz uma compra de um casaco com vcs e nao vestiu bem gostaria de trocar por uma calca fresquinha tamanho m,"['fiz', 'compra', 'casaco', 'vcs', 'nao', 'vestiu', 'bem', 'gostaria', 'trocar', 'calca', 'fresquinha', 'tamanho']",fiz compra casaco vcs nao vestiu bem gostaria trocar calca fresquinha tamanho,True,False
236651bcfb33f27a,,estou com duvidas sobre o tamanho da saia unica visto <num> mas as medidas no quadro de tamanhos parecem grandes mas existe a informacao de que o tamanho <num> corresponde ao <num>,duvida_tamanho,raw,nan,False,original,train,,cliente,estou com duvidas sobre o tamanho da saia unica visto num mas as medidas no quadro de tamanhos parecem grandes mas existe a informacao de que o tamanho num corresponde ao num,"['duvidas', 'tamanho', 'saia', 'unica', 'visto', 'medidas', 'quadro', 'tamanhos', 'parecem', 'grandes', 'existe', 'informacao', 'tamanho', 'corresponde']",duvidas tamanho saia unica visto medidas quadro tamanhos parecem grandes existe informacao tamanho corresponde,True,False
217465e0a8343fd0,,visto g qual tamanho seria quais cores tem tem a calca tb,duvida_tamanho,raw,nan,False,original,train,,cliente,visto g qual tamanho seria quais cores tem tem a calca tb,"['visto', 'tamanho', 'seria', 'quais', 'cores', 'calca']",visto tamanho seria quais cores calca,True,False
ad436cc92592e2c0,,outra daovida a c sobre o tom certinho dessa jaqueta no site achei que estava num tom diferente dos stories,duvida_tamanho,raw,nan,False,original,train,,cliente,outra daovida a c sobre o tom certinho dessa jaqueta no site achei que estava num tom diferente dos stories,"['outra', 'daovida', 'tom', 'certinho', 'dessa', 'jaqueta', 'site', 'achei', 'estava', 'tom', 'diferente', 'stories']",outra daovida tom certinho dessa jaqueta site achei estava tom diferente stories,False,False
3c4cc949f7c2087d,,essa sandalia calca certo calco <num> sera que preciso comprar <num>,duvida_tamanho,raw,nan,False,original,train,,cliente,essa sandalia calca certo calco num sera que preciso comprar num,"['sandalia', 'calca', 'certo', 'calco', 'sera', 'preciso', 'comprar']",sandalia calca certo calco sera preciso comprar,False,False
0872f71ab7f6f044,,sua camisa a c linda,duvida_tamanho,raw,nan,False,original,train,,cliente,sua camisa a c linda,"['camisa', 'linda']",camisa linda,False,False
b18f9a75b8f4394d,,sobre a troca da calca que comprei quero trocar por um tamanho menor recebi um e mail de vcs no dia <num> <num> <num> respondi mas dps disso nao tive mais retorno,duvida_tamanho,raw,nan,False,original,train,,cliente,sobre a troca da calca que comprei quero trocar por um tamanho menor recebi um e mail de vcs no dia num num num respondi mas dps disso nao tive mais retorno,"['troca', 'calca', 'comprei', 'quero', 'trocar', 'tamanho', 'menor', 'recebi', 'mail', 'vcs', 'respondi', 'dps', 'disso', 'nao', 'retorno']",troca calca comprei quero trocar tamanho menor recebi mail vcs respondi dps disso nao retorno,True,False
c8a28415aa73a573,,com relacao a calca nos temos essas duas opcoes que penso que vc pode gostar,duvida_tamanho,raw,nan,False,original,train,,cliente,com relacao a calca nos temos essas duas opcoes que penso que vc pode gostar,"['relacao', 'calca', 'temos', 'essas', 'duas', 'opcoes', 'penso', 'pode', 'gostar']",relacao calca temos essas duas opcoes penso pode gostar,False,False
5fee8863c118a1ec,,aqui a tabela certinha mas ja estamos com o pessoal tecnico corrigindo esse erro,erros_plataforma,raw,nan,False,original,train,,cliente,aqui a tabela certinha mas ja estamos com o pessoal tecnico corrigindo esse erro,"['aqui', 'tabela', 'certinha', 'pessoal', 'tecnico', 'corrigindo', 'erro']",aqui tabela certinha pessoal tecnico corrigindo erro,False,False
305b53c4bb1625d0,,pensamos que poderia ser a senha criada mas quando ocorre algum ponto nesse aspecto surge uma mensagem abaixo voce se importaria em tentar novamente apenas para checarmos se continua ocorrendo o mesmo erro,erros_plataforma,raw,nan,False,original,train,,cliente,pensamos que poderia ser a senha criada mas quando ocorre algum ponto nesse aspecto surge uma mensagem abaixo voce se importaria em tentar novamente apenas para checarmos se continua ocorrendo o mesmo erro,"['pensamos', 'poderia', 'ser', 'senha', 'criada', 'ocorre', 'algum', 'ponto', 'nesse', 'aspecto', 'surge', 'mensagem', 'abaixo', 'voce', 'importaria', 'tentar', 'novamente', 'apenas', 'checarmos', 'continua', 'ocorrendo', 'mesmo', 'erro']",pensamos poderia ser senha criada ocorre algum ponto nesse aspecto surge mensagem abaixo voce importaria tentar novamente apenas checarmos continua ocorrendo mesmo erro,False,False
7a93bf9464037f66,,aqui a tabela certinha mas ja estamos com o pessoal ta c cnico corrigindo esse erro,erros_plataforma,raw,nan,False,original,train,,cliente,aqui a tabela certinha mas ja estamos com o pessoal ta c cnico corrigindo esse erro,"['aqui', 'tabela', 'certinha', 'pessoal', 'cnico', 'corrigindo', 'erro']",aqui tabela certinha pessoal cnico corrigindo erro,False,False
9d1dd704f9c34874,,plataforma,erros_plataforma,raw,nan,False,original,train,,cliente,plataforma,['plataforma'],plataforma,False,False
771750a76e315730,,erros,erros_plataforma,raw,nan,False,original,train,,cliente,erros,['erros'],erros,False,False
d3b20f18041d5887,,ana ja entrei em contato com o pessoal da d aura para entendermos o que aconteceu,falar_com_humano,raw,nan,False,original,train,,cliente,ana ja entrei em contato com o pessoal da d aura para entendermos o que aconteceu,"['entrei', 'contato', 'pessoal', 'aura', 'entendermos', 'aconteceu']",entrei contato pessoal aura entendermos aconteceu,False,False
2f33fe81b869311e,,verificamos com a marca responsavel pelo envio a revival o seu pedido sofreu um pequeno atraso que a marca me informou ter lhe comunicado por whatsapp,falar_com_humano,raw,nan,False,original,train,,cliente,verificamos com a marca responsavel pelo envio a revival o seu pedido sofreu um pequeno atraso que a marca me informou ter lhe comunicado por whatsapp,"['verificamos', 'marca', 'responsavel', 'envio', 'revival', 'seu', 'pedido', 'sofreu', 'pequeno', 'atraso', 'marca', 'informou', 'lhe', 'comunicado', 'whatsapp']",verificamos marca responsavel envio revival seu pedido sofreu pequeno atraso marca informou lhe comunicado whatsapp,False,False
1fdcbbbcf9df7125,,qualquer duvida pode tambem nos conectar pelo whatsapp,falar_com_humano,raw,nan,False,original,train,,cliente,qualquer duvida pode tambem nos conectar pelo whatsapp,"['qualquer', 'duvida', 'pode', 'tambem', 'conectar', 'whatsapp']",qualquer duvida pode tambem conectar whatsapp,False,False
de711c09e5896265,,pora c m teremos em dezembro um evento presencial para trazer as pea as ao vivo para quem quiser conhecer pessoalmente essa curadobia incravel feita pela bia,falar_com_humano,raw,nan,False,original,train,,cliente,pora c m teremos em dezembro um evento presencial para trazer as pea as ao vivo para quem quiser conhecer pessoalmente essa curadobia incravel feita pela bia,"['pora', 'teremos', 'dezembro', 'evento', 'presencial', 'trazer', 'pea', 'vivo', 'quem', 'quiser', 'conhecer', 'pessoalmente', 'incravel', 'feita']",pora teremos dezembro evento presencial trazer pea vivo quem quiser conhecer pessoalmente incravel feita,True,False
9e6a01f3626c46c2,,numero,falar_com_humano,raw,nan,False,original,train,,cliente,numero,['numero'],numero,False,False
18182cb902357cbf,,que aa conseguimos encaminhar pro la as tratativas o que acha se puder esclarecer que seria algo mais voltado para o perfil pessoal da bia ou para o curadobia seria bacana entendermos tamba c m para encaminhar de forma mais assertiva sua mensagem,falar_com_humano,raw,nan,False,original,train,,cliente,que aa conseguimos encaminhar pro la as tratativas o que acha se puder esclarecer que seria algo mais voltado para o perfil pessoal da bia ou para o curadobia seria bacana entendermos tamba c m para encaminhar de forma mais assertiva sua mensagem,"['conseguimos', 'encaminhar', 'pro', 'tratativas', 'acha', 'puder', 'esclarecer', 'seria', 'algo', 'voltado', 'perfil', 'pessoal', 'seria', 'bacana', 'entendermos', 'tamba', 'encaminhar', 'forma', 'assertiva', 'mensagem']",conseguimos encaminhar pro tratativas acha puder esclarecer seria algo voltado perfil pessoal seria bacana entendermos tamba encaminhar forma assertiva mensagem,True,False
c839664bf123271f,,este e meu whatsapp,falar_com_humano,raw,nan,False,original,train,,cliente,este e meu whatsapp,"['este', 'whatsapp']",este whatsapp,False,False
7b91e07cff780083,,chico neto cd mare mar whatsapp <num> <url>,falar_com_humano,raw,nan,False,original,train,,cliente,chico neto cd mare mar whatsapp num url,"['chico', 'neto', 'mare', 'mar', 'whatsapp', 'url']",chico neto mare mar whatsapp url,False,False
f938e8ec0c5cbea1,,infelizmente nao atuo mais nessa area de consultoria pessoal,falar_com_humano,raw,nan,False,original,train,,cliente,infelizmente nao atuo mais nessa area de consultoria pessoal,"['infelizmente', 'nao', 'atuo', 'nessa', 'area', 'consultoria', 'pessoal']",infelizmente nao atuo nessa area consultoria pessoal,False,False
32a63cdc1ed585e1,,verificamos com a marca responsa vel pelo envio a revival o seu pedido sofreu um pequeno atraso que a marca me informou ter lhe comunicado por whatsapp,falar_com_humano,raw,nan,False,original,train,,cliente,verificamos com a marca responsa vel pelo envio a revival o seu pedido sofreu um pequeno atraso que a marca me informou ter lhe comunicado por whatsapp,"['verificamos', 'marca', 'responsa', 'vel', 'envio', 'revival', 'seu', 'pedido', 'sofreu', 'pequeno', 'atraso', 'marca', 'informou', 'lhe', 'comunicado', 'whatsapp']",verificamos marca responsa vel envio revival seu pedido sofreu pequeno atraso marca informou lhe comunicado whatsapp,False,False
3b081466ac07a9c5,,este a c meu whatsappa,falar_com_humano,raw,nan,False,original,train,,cliente,este a c meu whatsappa,"['este', 'whatsappa']",este whatsappa,False,False
a35a763ff8a1ab7d,,nao reconheceu no whats esse numero,falar_com_humano,raw,nan,False,original,train,,cliente,nao reconheceu no whats esse numero,"['nao', 'reconheceu', 'whats', 'numero']",nao reconheceu whats numero,False,False
f29d892dd012c30b,,vou querer a <num> qual e sua chave pix,formas_pagamento,raw,nan,False,original,train,,cliente,vou querer a num qual e sua chave pix,"['querer', 'chave', 'pix']",querer chave pix,False,False
07c2f5c921ca9e8b,,vou querer a <num> qual a c sua chave pix,formas_pagamento,raw,nan,False,original,train,,cliente,vou querer a num qual a c sua chave pix,"['querer', 'chave', 'pix']",querer chave pix,False,False
f17dac44cf0abe5d,,praticamos sempre o mesmo valor das marcas o que entrara de extra sera o valor do frete que e calculado automaticamente se tiver mais alguma duvida nos avise ok,formas_pagamento,raw,nan,False,original,train,,cliente,praticamos sempre o mesmo valor das marcas o que entrara de extra sera o valor do frete que e calculado automaticamente se tiver mais alguma duvida nos avise ok,"['praticamos', 'sempre', 'mesmo', 'valor', 'marcas', 'entrara', 'extra', 'sera', 'valor', 'frete', 'calculado', 'automaticamente', 'tiver', 'alguma', 'duvida', 'avise']",praticamos sempre mesmo valor marcas entrara extra sera valor frete calculado automaticamente tiver alguma duvida avise,False,False
ca281e16eada51b9,,ja vi e amei esperando a virada do cartao pra perder os juizo,formas_pagamento,raw,nan,False,original,train,,cliente,ja vi e amei esperando a virada do cartao pra perder os juizo,"['amei', 'esperando', 'virada', 'cartao', 'perder', 'juizo']",amei esperando virada cartao perder juizo,False,False
961179ae15ddd9f8,,praticamos sempre o mesmo valor das marcas o que entrara de extra sera o valor do frete que a c calculado automaticamente se tiver mais alguma daovida nos avise ok,formas_pagamento,raw,nan,False,original,train,,cliente,praticamos sempre o mesmo valor das marcas o que entrara de extra sera o valor do frete que a c calculado automaticamente se tiver mais alguma daovida nos avise ok,"['praticamos', 'sempre', 'mesmo', 'valor', 'marcas', 'entrara', 'extra', 'sera', 'valor', 'frete', 'calculado', 'automaticamente', 'tiver', 'alguma', 'daovida', 'avise']",praticamos sempre mesmo valor marcas entrara extra sera valor frete calculado automaticamente tiver alguma daovida avise,False,False
3b410854c3bb2d02,,valor <num>,formas_pagamento,raw,nan,False,original,train,,cliente,valor num,['valor'],valor,False,False
ae5de4c3028c4dbf,,faz em 3x sem juros?,formas_pagamento,raw,nan,False,original,train,,cliente,faz em 3x sem juros,"['faz', 'juros']",faz juros,False,False
a7a9588f2f39c3b5,,quanto ta essa blusa,formas_pagamento,raw,nan,False,original,train,,cliente,quanto ta essa blusa,"['quanto', 'blusa']",quanto blusa,False,False
7fff7b6c8e064a5d,,valor do frete pro 04012-000?,frete_prazo,raw,nan,False,original,train,,cliente,valor do frete pro 04012 000,"['valor', 'frete', 'pro', '04012', '000']",valor frete pro 04012 000,False,False
3151304de55b04eb,,chega quando no 06030-050?,frete_prazo,raw,nan,False,original,train,,cliente,chega quando no 06030 050,"['chega', '06030', '050']",chega 06030 050,False,False
5e8282ac41ef1725,,chega quando no 01455-022?,frete_prazo,raw,nan,False,original,train,,cliente,chega quando no 01455 022,"['chega', '01455', '022']",chega 01455 022,False,False
cf62070f57dff540,,chega quando no 05010-020?,frete_prazo,raw,nan,False,original,train,,cliente,chega quando no 05010 020,"['chega', '05010', '020']",chega 05010 020,False,False
a020dcad748e6421,,chega quando no 01255-022?,frete_prazo,raw,nan,False,original,train,,cliente,chega quando no 01255 022,"['chega', '01255', '022']",chega 01255 022,False,False
85a8f239506d6412,,chega quando no 04012-000?,frete_prazo,raw,nan,False,original,train,,cliente,chega quando no 04012 000,"['chega', '04012', '000']",chega 04012 000,False,False
88a4c693d0e74f2f,,valor do frete pro 05010-020?,frete_prazo,raw,nan,False,original,train,,cliente,valor do frete pro 05010 020,"['valor', 'frete', 'pro', '05010', '020']",valor frete pro 05010 020,False,False
f2f8262f5a94a99d,,valor do frete pro 04567-010?,frete_prazo,raw,nan,False,original,train,,cliente,valor do frete pro 04567 010,"['valor', 'frete', 'pro', '04567', '010']",valor frete pro 04567 010,False,False
8aaa883ada888598,,valor do frete pro 06030-050?,frete_prazo,raw,nan,False,original,train,,cliente,valor do frete pro 06030 050,"['valor', 'frete', 'pro', '06030', '050']",valor frete pro 06030 050,False,False
9305656e6a49f329,,valor do frete pro 01455-022?,frete_prazo,raw,nan,False,original,train,,cliente,valor do frete pro 01455 022,"['valor', 'frete', 'pro', '01455', '022']",valor frete pro 01455 022,False,False
0890f1c19abe88fb,,voce poderia me passar o contato dos responsaveis,materiais_cuidados,raw,nan,False,original,train,,cliente,voce poderia me passar o contato dos responsaveis,"['voce', 'poderia', 'passar', 'contato', 'responsaveis']",voce poderia passar contato responsaveis,False,False
86b4e60eb18a4bb9,,bia gosto muito das suas bolsas poderia passar umas dicas nao encontrei no seu site,materiais_cuidados,raw,nan,False,original,train,,cliente,bia gosto muito das suas bolsas poderia passar umas dicas nao encontrei no seu site,"['gosto', 'muito', 'bolsas', 'poderia', 'passar', 'dicas', 'nao', 'encontrei', 'seu', 'site']",gosto muito bolsas poderia passar dicas nao encontrei seu site,False,False
2af7ff3a07556a17,,vocaa poderia me passar o contato dos responsa veis,materiais_cuidados,raw,nan,False,original,train,,cliente,vocaa poderia me passar o contato dos responsa veis,"['vocaa', 'poderia', 'passar', 'contato', 'responsa', 'veis']",vocaa poderia passar contato responsa veis,False,False
715cce4964116710,,vou te encaminhar o link <url>,onde_comprar,raw,nan,False,original,train,,cliente,vou te encaminhar o link url,"['encaminhar', 'link', 'url']",encaminhar link url,False,False
a3734a50609da955,,gostei do conjunto mas nao vi no site,onde_comprar,raw,nan,False,original,train,,cliente,gostei do conjunto mas nao vi no site,"['gostei', 'conjunto', 'nao', 'site']",gostei conjunto nao site,False,False
94d657cb028139ac,,endereco,onde_comprar,raw,nan,False,original,train,,cliente,endereco,['endereco'],endereco,False,False
083a40e256969f29,,o tom certo e o que esta no site os stories que a bia postou hoje modificaram um pouco o tom,onde_comprar,raw,nan,False,original,train,,cliente,o tom certo e o que esta no site os stories que a bia postou hoje modificaram um pouco o tom,"['tom', 'certo', 'site', 'stories', 'postou', 'modificaram', 'pouco', 'tom']",tom certo site stories postou modificaram pouco tom,False,False
dda729f1336c053a,,venho com boas noticias o conjunto que voce se interessou acabou de subir no site com pouquissimas unidades,onde_comprar,raw,nan,False,original,train,,cliente,venho com boas noticias o conjunto que voce se interessou acabou de subir no site com pouquissimas unidades,"['venho', 'boas', 'noticias', 'conjunto', 'voce', 'interessou', 'acabou', 'subir', 'site', 'pouquissimas', 'unidades']",venho boas noticias conjunto voce interessou acabou subir site pouquissimas unidades,False,False
9072e2738572f3f5,,sobre a questao do frete e possivel unificar ele nas blusas da lounge que voce gostou vou te mandar o link das duas,onde_comprar,raw,nan,False,original,train,,cliente,sobre a questao do frete e possivel unificar ele nas blusas da lounge que voce gostou vou te mandar o link das duas,"['questao', 'frete', 'possivel', 'unificar', 'blusas', 'lounge', 'voce', 'gostou', 'mandar', 'link', 'duas']",questao frete possivel unificar blusas lounge voce gostou mandar link duas,False,False
eec5f7785f0e013c,,tem link? como compro?,onde_comprar,raw,nan,False,original,train,,cliente,tem link como compro,"['link', 'compro']",link compro,False,False
56bcee6037cfce96,,aqui o link com todos os acessa <num> rios,onde_comprar,raw,nan,False,original,train,,cliente,aqui o link com todos os acessa num rios,"['aqui', 'link', 'todos', 'acessa', 'rios']",aqui link todos acessa rios,False,False
ea81d73f171f1db8,,amanda nosso pessoal tecnico pediu se possivel se cadastrar atraves desse link,onde_comprar,raw,nan,False,original,train,,cliente,amanda nosso pessoal tecnico pediu se possivel se cadastrar atraves desse link,"['amanda', 'nosso', 'pessoal', 'tecnico', 'pediu', 'possivel', 'cadastrar', 'atraves', 'desse', 'link']",amanda nosso pessoal tecnico pediu possivel cadastrar atraves desse link,False,False
6a0301104dcb0aad,,o tom certo a c o que esta no site os stories que a bia postou hoje modificaram um pouco o tom,onde_comprar,raw,nan,False,original,train,,cliente,o tom certo a c o que esta no site os stories que a bia postou hoje modificaram um pouco o tom,"['tom', 'certo', 'site', 'stories', 'postou', 'modificaram', 'pouco', 'tom']",tom certo site stories postou modificaram pouco tom,False,False
21e7c47af0810d26,,amanda nosso pessoal ta c cnico pediu se possavel se cadastrar atrava c s desse link,onde_comprar,raw,nan,False,original,train,,cliente,amanda nosso pessoal ta c cnico pediu se possavel se cadastrar atrava c s desse link,"['amanda', 'nosso', 'pessoal', 'cnico', 'pediu', 'possavel', 'cadastrar', 'atrava', 'desse', 'link']",amanda nosso pessoal cnico pediu possavel cadastrar atrava desse link,False,False
c444109c4c9c0c71,,na o estou conseguindo entrar no site para fazer compra,onde_comprar,raw,nan,False,original,train,,cliente,na o estou conseguindo entrar no site para fazer compra,"['conseguindo', 'entrar', 'site', 'fazer', 'compra']",conseguindo entrar site fazer compra,False,False
6e4bd4c0d3edc108,,algua c m poderia entrar em contato comigo por e mail ou whatsapp o site de vcs parece que esta com problemas na o funciona direito na o,onde_comprar,raw,nan,False,original,train,,cliente,algua c m poderia entrar em contato comigo por e mail ou whatsapp o site de vcs parece que esta com problemas na o funciona direito na o,"['algua', 'poderia', 'entrar', 'contato', 'comigo', 'mail', 'whatsapp', 'site', 'vcs', 'parece', 'problemas', 'funciona', 'direito']",algua poderia entrar contato comigo mail whatsapp site vcs parece problemas funciona direito,True,False
58532264b5ecc50e,,aqui o link com todos os acessorios,onde_comprar,raw,nan,False,original,train,,cliente,aqui o link com todos os acessorios,"['aqui', 'link', 'todos', 'acessorios']",aqui link todos acessorios,False,False
b076d7c33cd744b9,,gostei do conjunto mas na o vi no site,onde_comprar,raw,nan,False,original,train,,cliente,gostei do conjunto mas na o vi no site,"['gostei', 'conjunto', 'site']",gostei conjunto site,False,False
7d0270da25d1d684,,site,onde_comprar,raw,nan,False,original,train,,cliente,site,['site'],site,False,False
c1f5880aa3c7bf95,,qual o endereco,onde_comprar,raw,nan,False,original,train,,cliente,qual o endereco,['endereco'],endereco,False,False
d607c1839200368d,,estaremos atualizando no site para conter essa tabela que realmente estava faltando,onde_comprar,raw,nan,False,original,train,,cliente,estaremos atualizando no site para conter essa tabela que realmente estava faltando,"['estaremos', 'atualizando', 'site', 'conter', 'tabela', 'realmente', 'estava', 'faltando']",estaremos atualizando site conter tabela realmente estava faltando,False,False
ab7f14644f56df89,,venho com boas notacias o conjunto que vocaa se interessou acabou de subir no site com pouquassimas unidades,onde_comprar,raw,nan,False,original,train,,cliente,venho com boas notacias o conjunto que vocaa se interessou acabou de subir no site com pouquassimas unidades,"['venho', 'boas', 'notacias', 'conjunto', 'vocaa', 'interessou', 'acabou', 'subir', 'site', 'pouquassimas', 'unidades']",venho boas notacias conjunto vocaa interessou acabou subir site pouquassimas unidades,False,False
b5b9b94f414e4f36,,nao estou conseguindo entrar no site para fazer compra,onde_comprar,raw,nan,False,original,train,,cliente,nao estou conseguindo entrar no site para fazer compra,"['nao', 'conseguindo', 'entrar', 'site', 'fazer', 'compra']",nao conseguindo entrar site fazer compra,False,False
e131fb275763ad5d,,link da cala a por gentileza,onde_comprar,raw,nan,False,original,train,,cliente,link da cala a por gentileza,"['link', 'cala', 'gentileza']",link cala gentileza,False,False
f405303c48e121b8,,certo qual o link da compra,onde_comprar,raw,nan,False,original,train,,cliente,certo qual o link da compra,"['certo', 'link', 'compra']",certo link compra,False,False
c04393a988257c50,,"quero um look casual para trabalho, uso GG",pedido_sugestao,raw,nan,False,original,train,,cliente,quero um look casual para trabalho uso gg,"['quero', 'look', 'casual', 'trabalho', 'uso']",quero look casual trabalho uso,True,True
1b3d9f9c3d0082fa,,ah que otimo monica esperamos que aproveite muito ela e se quiser compartilhar com a gente os looks que criar com ela vamos amar ver,pedido_sugestao,raw,nan,False,original,train,,cliente,ah que otimo monica esperamos que aproveite muito ela e se quiser compartilhar com a gente os looks que criar com ela vamos amar ver,"['otimo', 'monica', 'esperamos', 'aproveite', 'muito', 'quiser', 'compartilhar', 'gente', 'looks', 'criar', 'vamos', 'amar', 'ver']",otimo monica esperamos aproveite muito quiser compartilhar gente looks criar vamos amar ver,False,True
e0f4e6a4662af7fe,,"quero um look casual para trabalho, uso 36",pedido_sugestao,raw,nan,False,original,train,,cliente,quero um look casual para trabalho uso 36,"['quero', 'look', 'casual', 'trabalho', 'uso']",quero look casual trabalho uso,True,True
1b73f2be0ce587f0,,look,pedido_sugestao,raw,nan,False,original,train,,cliente,look,['look'],look,False,True
59a64aee20845206,,"quero um look casual para trabalho, uso M",pedido_sugestao,raw,nan,False,original,train,,cliente,quero um look casual para trabalho uso m,"['quero', 'look', 'casual', 'trabalho', 'uso']",quero look casual trabalho uso,True,True
6b9461e660f07846,,"quero um look casual para trabalho, uso 42",pedido_sugestao,raw,nan,False,original,train,,cliente,quero um look casual para trabalho uso 42,"['quero', 'look', 'casual', 'trabalho', 'uso']",quero look casual trabalho uso,True,True
e69e3f097d3f23fe,,mas amei a sugestao ju,pedido_sugestao,raw,nan,False,original,train,,cliente,mas amei a sugestao ju,"['amei', 'sugestao']",amei sugestao,False,True
1d96506243668fde,,"quero um look minimalista para trabalho, uso 36",pedido_sugestao,raw,nan,False,original,train,,cliente,quero um look minimalista para trabalho uso 36,"['quero', 'look', 'minimalista', 'trabalho', 'uso']",quero look minimalista trabalho uso,True,True
5de69c8d21b23017,,"quero um look casual para trabalho, uso 44",pedido_sugestao,raw,nan,False,original,train,,cliente,quero um look casual para trabalho uso 44,"['quero', 'look', 'casual', 'trabalho', 'uso']",quero look casual trabalho uso,True,True
b6fc87d6b1b2e9ad,,gosto muito dos looks mas percebo que ha muito jogo c volumes,pedido_sugestao,raw,nan,False,original,train,,cliente,gosto muito dos looks mas percebo que ha muito jogo c volumes,"['gosto', 'muito', 'looks', 'percebo', 'muito', 'jogo', 'volumes']",gosto muito looks percebo muito jogo volumes,False,True
94c0ac30104cca20,,amoooo suas rasteiras na o sa o da sua lj mas poderia indicar aonde taam aquela custo benefacio,pedido_sugestao,raw,nan,False,original,train,,cliente,amoooo suas rasteiras na o sa o da sua lj mas poderia indicar aonde taam aquela custo benefacio,"['amoooo', 'rasteiras', 'poderia', 'indicar', 'aonde', 'taam', 'aquela', 'custo', 'benefacio']",amoooo rasteiras poderia indicar aonde taam aquela custo benefacio,False,False
1dfbfde7e8ca360e,,"quero um look minimalista para trabalho, uso 40",pedido_sugestao,raw,nan,False,original,train,,cliente,quero um look minimalista para trabalho uso 40,"['quero', 'look', 'minimalista', 'trabalho', 'uso']",quero look minimalista trabalho uso,True,True
1103d7e550f28b5a,,"quero um look minimalista para trabalho, uso G",pedido_sugestao,raw,nan,False,original,train,,cliente,quero um look minimalista para trabalho uso g,"['quero', 'look', 'minimalista', 'trabalho', 'uso']",quero look minimalista trabalho uso,True,True
149a992bd6a43e47,,"quero um look casual para trabalho, uso P",pedido_sugestao,raw,nan,False,original,train,,cliente,quero um look casual para trabalho uso p,"['quero', 'look', 'casual', 'trabalho', 'uso']",quero look casual trabalho uso,True,True
2606945a452556a7,,"quero um look minimalista para trabalho, uso GG",pedido_sugestao,raw,nan,False,original,train,,cliente,quero um look minimalista para trabalho uso gg,"['quero', 'look', 'minimalista', 'trabalho', 'uso']",quero look minimalista trabalho uso,True,True
512424d1c006e3e8,,"quero um look minimalista para trabalho, uso PP",pedido_sugestao,raw,nan,False,original,train,,cliente,quero um look minimalista para trabalho uso pp,"['quero', 'look', 'minimalista', 'trabalho', 'uso']",quero look minimalista trabalho uso,True,True
0e9a78a829c03ec7,,"quero um look casual para trabalho, uso 40",pedido_sugestao,raw,nan,False,original,train,,cliente,quero um look casual para trabalho uso 40,"['quero', 'look', 'casual', 'trabalho', 'uso']",quero look casual trabalho uso,True,True
90b22922f5c271e0,,que maximo marca a gente nos seus looks muito feliz que esta curtindo a selea a o de pea as logo mais teremos muitas novidades bacanas d,pedido_sugestao,raw,nan,False,original,train,,cliente,que maximo marca a gente nos seus looks muito feliz que esta curtindo a selea a o de pea as logo mais teremos muitas novidades bacanas d,"['maximo', 'marca', 'gente', 'seus', 'looks', 'muito', 'feliz', 'curtindo', 'selea', 'pea', 'logo', 'teremos', 'muitas', 'novidades', 'bacanas']",maximo marca gente seus looks muito feliz curtindo selea pea logo teremos muitas novidades bacanas,False,True
3fd81882757239f3,,ah que a <num> timo monica esperamos que aproveite muito ela e se quiser compartilhar com a gente os looks que criar com ela vamos amar ver,pedido_sugestao,raw,nan,False,original,train,,cliente,ah que a num timo monica esperamos que aproveite muito ela e se quiser compartilhar com a gente os looks que criar com ela vamos amar ver,"['timo', 'monica', 'esperamos', 'aproveite', 'muito', 'quiser', 'compartilhar', 'gente', 'looks', 'criar', 'vamos', 'amar', 'ver']",timo monica esperamos aproveite muito quiser compartilhar gente looks criar vamos amar ver,False,True
894fafac5f8eeb3b,,obrigada por nos mandar e informar sobre essa situacao ja passamos para o nosso setor tecnico analisar essa situacao caso deseje podemos tirar duvidas e disponibilizar mais informacoes por aqui so nos solicitar estamos a disposicao para qualquer coisa,saudacao,raw,nan,False,original,train,,cliente,obrigada por nos mandar e informar sobre essa situacao ja passamos para o nosso setor tecnico analisar essa situacao caso deseje podemos tirar duvidas e disponibilizar mais informacoes por aqui so nos solicitar estamos a disposicao para qualquer coisa,"['mandar', 'informar', 'situacao', 'passamos', 'nosso', 'setor', 'tecnico', 'analisar', 'situacao', 'caso', 'deseje', 'podemos', 'tirar', 'duvidas', 'disponibilizar', 'informacoes', 'aqui', 'solicitar', 'disposicao', 'qualquer', 'coisa']",mandar informar situacao passamos nosso setor tecnico analisar situacao caso deseje podemos tirar duvidas disponibilizar informacoes aqui solicitar disposicao qualquer coisa,False,False
0417cad3ae1febb3,,ola tudo bem meu nome e leonardo trabalho na importadora <user> <user> vi o instagram da marca e voces tem o perfil lulitex muito sofisticacao e bom gosto trabalhamos com pronta entrega e importacao de tecidos exclusivos de acordo com a demanda do cliente nosso showroom tem um acervo enorme sera um prazer recebe los em uma visita poderia me passar o contato do estilo ou compras desde ja agradeco a atencao att leonardo jose e mail leonardo <user> com br pabx <num> <num> <num> <num> whatsapp <num> <num> <num> <num> www lulitex com br,saudacao,raw,nan,False,original,train,,cliente,ola tudo bem meu nome e leonardo trabalho na importadora user user vi o instagram da marca e voces tem o perfil lulitex muito sofisticacao e bom gosto trabalhamos com pronta entrega e importacao de tecidos exclusivos de acordo com a demanda do cliente nosso showroom tem um acervo enorme sera um prazer recebe los em uma visita poderia me passar o contato do estilo ou compras desde ja agradeco a atencao att leonardo jose e mail leonardo user com br pabx num num num num whatsapp num num num num www lulitex com br,"['ola', 'bem', 'nome', 'leonardo', 'trabalho', 'importadora', 'user', 'user', 'marca', 'perfil', 'lulitex', 'muito', 'sofisticacao', 'gosto', 'trabalhamos', 'pronta', 'entrega', 'importacao', 'tecidos', 'exclusivos', 'acordo', 'demanda', 'cliente', 'nosso', 'showroom', 'acervo', 'enorme', 'sera', 'prazer', 'recebe', 'los', 'visita', 'poderia', 'passar', 'contato', 'estilo', 'compras', 'desde', 'agradeco', 'atencao', 'att', 'leonardo', 'jose', 'mail', 'leonardo', 'user', 'pabx', 'whatsapp', 'www', 'lulitex']",ola bem nome leonardo trabalho importadora user user marca perfil lulitex muito sofisticacao gosto trabalhamos pronta entrega importacao tecidos exclusivos acordo demanda cliente nosso showroom acervo enorme sera prazer recebe los visita poderia passar contato estilo compras desde agradeco atencao att leonardo jose mail leonardo user pabx whatsapp www lulitex,False,False
d9a9c6b8e82fe9be,,bom dia mariella td bem que tamanho voce costuma usar de parte de cima camisas em especial,saudacao,raw,nan,False,original,train,,cliente,bom dia mariella td bem que tamanho voce costuma usar de parte de cima camisas em especial,"['mariella', 'bem', 'tamanho', 'voce', 'costuma', 'usar', 'parte', 'cima', 'camisas', 'especial']",mariella bem tamanho voce costuma usar parte cima camisas especial,True,False
42f32bbc40061023,,vc poderia checar se houve algum problema com os correios de sa o paulo pois nem chegou no correio de curitiba,saudacao,raw,nan,False,original,train,,cliente,vc poderia checar se houve algum problema com os correios de sa o paulo pois nem chegou no correio de curitiba,"['poderia', 'checar', 'houve', 'algum', 'problema', 'correios', 'paulo', 'pois', 'nem', 'chegou', 'correio', 'curitiba']",poderia checar houve algum problema correios paulo pois nem chegou correio curitiba,False,False
7b5ec76372559c36,,oi sandra tudo bem passando aqui para te avisar que o jeans preto que voce se interessou no nosso reels um tempinho atras esta disponivel,saudacao,raw,nan,False,original,train,,cliente,oi sandra tudo bem passando aqui para te avisar que o jeans preto que voce se interessou no nosso reels um tempinho atras esta disponivel,"['sandra', 'bem', 'passando', 'aqui', 'avisar', 'jeans', 'preto', 'voce', 'interessou', 'nosso', 'reels', 'tempinho', 'atras', 'disponivel']",sandra bem passando aqui avisar jeans preto voce interessou nosso reels tempinho atras disponivel,False,False
5b2a491b5c4056c6,,bom dia julienne o que achou da nossa selecao edited,saudacao,raw,nan,False,original,train,,cliente,bom dia julienne o que achou da nossa selecao edited,"['julienne', 'achou', 'nossa', 'selecao', 'edited']",julienne achou nossa selecao edited,False,False
b5fbe07aee2d4422,,oi mari boa tarde ah que a <num> timo combinado enta o fico muito feliz que o conjunto tenha ficado bacana conta com a gente para o que precisar grande abraa o aproveite o final de semana torcendo para baixar um pouco a temperatura d,saudacao,raw,nan,False,original,train,,cliente,oi mari boa tarde ah que a num timo combinado enta o fico muito feliz que o conjunto tenha ficado bacana conta com a gente para o que precisar grande abraa o aproveite o final de semana torcendo para baixar um pouco a temperatura d,"['mari', 'timo', 'combinado', 'enta', 'fico', 'muito', 'feliz', 'conjunto', 'tenha', 'ficado', 'bacana', 'conta', 'gente', 'precisar', 'grande', 'abraa', 'aproveite', 'final', 'semana', 'torcendo', 'baixar', 'pouco', 'temperatura']",mari timo combinado enta fico muito feliz conjunto tenha ficado bacana conta gente precisar grande abraa aproveite final semana torcendo baixar pouco temperatura,False,False
7542c47add477251,,boa tarde fabiana como vai passando para avisar que as blusas acabaram de ser repostas no site estoque,saudacao,raw,nan,False,original,train,,cliente,boa tarde fabiana como vai passando para avisar que as blusas acabaram de ser repostas no site estoque,"['fabiana', 'vai', 'passando', 'avisar', 'blusas', 'acabaram', 'ser', 'repostas', 'site', 'estoque']",fabiana vai passando avisar blusas acabaram ser repostas site estoque,False,False
3d08ed8afbb7d8cf,,ola van td bem farei um video para vc,saudacao,raw,nan,False,original,train,,cliente,ola van td bem farei um video para vc,"['ola', 'van', 'bem', 'farei', 'video']",ola van bem farei video,False,False
32e8ea5733ba82d2,,ola amanda obrigada pelo contato e pedimos desculpas pela falha ja estamos verificando o que houve para que consiga finalizar sua compra,saudacao,raw,nan,False,original,train,,cliente,ola amanda obrigada pelo contato e pedimos desculpas pela falha ja estamos verificando o que houve para que consiga finalizar sua compra,"['ola', 'amanda', 'contato', 'pedimos', 'desculpas', 'falha', 'verificando', 'houve', 'consiga', 'finalizar', 'compra']",ola amanda contato pedimos desculpas falha verificando houve consiga finalizar compra,False,False
ea5af938ae646fa2,,oi lucia bom dia tudo bem aqui a c a ana do time curadobia vocaa conseguiu dar uma olhada em tudo que te mandamos se tiver alguma daovida sigo aqui,saudacao,raw,nan,False,original,train,,cliente,oi lucia bom dia tudo bem aqui a c a ana do time curadobia vocaa conseguiu dar uma olhada em tudo que te mandamos se tiver alguma daovida sigo aqui,"['lucia', 'bem', 'aqui', 'time', 'vocaa', 'conseguiu', 'dar', 'olhada', 'mandamos', 'tiver', 'alguma', 'daovida', 'sigo', 'aqui']",lucia bem aqui time vocaa conseguiu dar olhada mandamos tiver alguma daovida sigo aqui,False,False
787b1bf8fe72ba17,,com relacao a outra blusa que voce gostou ela esta em processo de lancamento e ainda nao esta a venda no nosso site mas independente desse fator nao seria possivel unificar o frete nesse caso pois o frete so fica unificado para as pecas da mesma marca,saudacao,raw,nan,False,original,train,,cliente,com relacao a outra blusa que voce gostou ela esta em processo de lancamento e ainda nao esta a venda no nosso site mas independente desse fator nao seria possivel unificar o frete nesse caso pois o frete so fica unificado para as pecas da mesma marca,"['relacao', 'outra', 'blusa', 'voce', 'gostou', 'processo', 'lancamento', 'ainda', 'nao', 'venda', 'nosso', 'site', 'independente', 'desse', 'fator', 'nao', 'seria', 'possivel', 'unificar', 'frete', 'nesse', 'caso', 'pois', 'frete', 'fica', 'unificado', 'pecas', 'mesma', 'marca']",relacao outra blusa voce gostou processo lancamento ainda nao venda nosso site independente desse fator nao seria possivel unificar frete nesse caso pois frete fica unificado pecas mesma marca,True,False
0f35adb1cb7d81f9,,ola dany bom dia caso tenha algum problema com o tamanho voce pode optar por trocar ou devolver o produto basta nos informar pelo e mail contato curadobia <user> com que iremos encaminhar sua solicitacao para a marca responsavel a marca ira proceder com os proximos passos como envio do codigo de logistica reversa e tudo mais,saudacao,raw,nan,False,original,train,,cliente,ola dany bom dia caso tenha algum problema com o tamanho voce pode optar por trocar ou devolver o produto basta nos informar pelo e mail contato curadobia user com que iremos encaminhar sua solicitacao para a marca responsavel a marca ira proceder com os proximos passos como envio do codigo de logistica reversa e tudo mais,"['ola', 'dany', 'caso', 'tenha', 'algum', 'problema', 'tamanho', 'voce', 'pode', 'optar', 'trocar', 'devolver', 'produto', 'basta', 'informar', 'mail', 'contato', 'user', 'iremos', 'encaminhar', 'solicitacao', 'marca', 'responsavel', 'marca', 'ira', 'proceder', 'proximos', 'passos', 'envio', 'codigo', 'logistica', 'reversa']",ola dany caso tenha algum problema tamanho voce pode optar trocar devolver produto basta informar mail contato user iremos encaminhar solicitacao marca responsavel marca ira proceder proximos passos envio codigo logistica reversa,True,False
9c012ba03f805e3f,,ola sua curadoria projeto editorial e grafico sao incriveis parabens mas sua plataforma de e commerce nao funciona bem estou desde ontem tentando fazer compras mas paginas nao carregam carrinhos esvaziam muito dificil,saudacao,raw,nan,False,original,train,,cliente,ola sua curadoria projeto editorial e grafico sao incriveis parabens mas sua plataforma de e commerce nao funciona bem estou desde ontem tentando fazer compras mas paginas nao carregam carrinhos esvaziam muito dificil,"['ola', 'curadoria', 'projeto', 'editorial', 'grafico', 'sao', 'incriveis', 'parabens', 'plataforma', 'commerce', 'nao', 'funciona', 'bem', 'desde', 'ontem', 'tentando', 'fazer', 'compras', 'paginas', 'nao', 'carregam', 'carrinhos', 'esvaziam', 'muito', 'dificil']",ola curadoria projeto editorial grafico sao incriveis parabens plataforma commerce nao funciona bem desde ontem tentando fazer compras paginas nao carregam carrinhos esvaziam muito dificil,False,False
3529dfd3ddf7d457,,oi gabriela tudo bem vi que voce conseguiu acessar o nosso site e realizou seu pedido certo eles ja estao em separacao e logo mais estarao contigo qualquer coisa sigo aqui para te ajudar,saudacao,raw,nan,False,original,train,,cliente,oi gabriela tudo bem vi que voce conseguiu acessar o nosso site e realizou seu pedido certo eles ja estao em separacao e logo mais estarao contigo qualquer coisa sigo aqui para te ajudar,"['gabriela', 'bem', 'voce', 'conseguiu', 'acessar', 'nosso', 'site', 'realizou', 'seu', 'pedido', 'certo', 'estao', 'separacao', 'logo', 'estarao', 'contigo', 'qualquer', 'coisa', 'sigo', 'aqui', 'ajudar']",gabriela bem voce conseguiu acessar nosso site realizou seu pedido certo estao separacao logo estarao contigo qualquer coisa sigo aqui ajudar,False,False
c97c08c350a14ee4,,ola como vai muito prazer meu nome e ana e trabalho aqui no curadobia nao sei se recordam porem conversamos no primeiro semestre do ano passado <num> sobre esse projeto da bia paes de barros desde la evoluimos bastante e estamos concretizados como um marketplace em potencial crescimento queremos compartilhar com voces nosso site para darem uma olhada curadobia com br ainda temos a patu em foco o que acham de retomarmos contato aguardo voces,saudacao,raw,nan,False,original,train,,cliente,ola como vai muito prazer meu nome e ana e trabalho aqui no curadobia nao sei se recordam porem conversamos no primeiro semestre do ano passado num sobre esse projeto da bia paes de barros desde la evoluimos bastante e estamos concretizados como um marketplace em potencial crescimento queremos compartilhar com voces nosso site para darem uma olhada curadobia com br ainda temos a patu em foco o que acham de retomarmos contato aguardo voces,"['ola', 'vai', 'muito', 'prazer', 'nome', 'trabalho', 'aqui', 'nao', 'sei', 'recordam', 'porem', 'conversamos', 'primeiro', 'semestre', 'ano', 'passado', 'projeto', 'paes', 'barros', 'desde', 'evoluimos', 'bastante', 'concretizados', 'marketplace', 'potencial', 'crescimento', 'queremos', 'compartilhar', 'nosso', 'site', 'darem', 'olhada', 'ainda', 'temos', 'patu', 'foco', 'acham', 'retomarmos', 'contato', 'aguardo']",ola vai muito prazer nome trabalho aqui nao sei recordam porem conversamos primeiro semestre ano passado projeto paes barros desde evoluimos bastante concretizados marketplace potencial crescimento queremos compartilhar nosso site darem olhada ainda temos patu foco acham retomarmos contato aguardo,False,False
b14853e673c0c5ca,,oi adriana bom dia como vai obrigada pelo seu interesse conosco estamos fazendo uma repaginaa a o no site e assim que voltarmos te mando o link do nosso conjunto que vocaa gostou d deg,saudacao,raw,nan,False,original,train,,cliente,oi adriana bom dia como vai obrigada pelo seu interesse conosco estamos fazendo uma repaginaa a o no site e assim que voltarmos te mando o link do nosso conjunto que vocaa gostou d deg,"['adriana', 'vai', 'seu', 'interesse', 'conosco', 'fazendo', 'repaginaa', 'site', 'assim', 'voltarmos', 'mando', 'link', 'nosso', 'conjunto', 'vocaa', 'gostou', 'deg']",adriana vai seu interesse conosco fazendo repaginaa site assim voltarmos mando link nosso conjunto vocaa gostou deg,False,False
0b60d613cd34853f,,oii comprei a bico fino o dedo fica um pouquinho de lado pra fora ne mas super confortavel,saudacao,raw,nan,False,original,train,,cliente,oii comprei a bico fino o dedo fica um pouquinho de lado pra fora ne mas super confortavel,"['oii', 'comprei', 'bico', 'fino', 'dedo', 'fica', 'pouquinho', 'lado', 'fora', 'super', 'confortavel']",oii comprei bico fino dedo fica pouquinho lado fora super confortavel,True,False
34e985b552bbb232,,obrigada pelo prestagio foi incravel te ter de pertinho hojed d,saudacao,raw,nan,False,original,train,,cliente,obrigada pelo prestagio foi incravel te ter de pertinho hojed d,"['prestagio', 'incravel', 'pertinho', 'hojed']",prestagio incravel pertinho hojed,False,False
4725274ca3a17684,,ola renata bom dia que bom receber mensagem tua me chamo ana e faa o parte do time curadobia nesse lindo look da bia na <num> s temos somente a blusa disponavel no curadobia aoi,saudacao,raw,nan,False,original,train,,cliente,ola renata bom dia que bom receber mensagem tua me chamo ana e faa o parte do time curadobia nesse lindo look da bia na num s temos somente a blusa disponavel no curadobia aoi,"['ola', 'renata', 'receber', 'mensagem', 'tua', 'chamo', 'faa', 'parte', 'time', 'nesse', 'lindo', 'look', 'temos', 'somente', 'blusa', 'disponavel', 'aoi']",ola renata receber mensagem tua chamo faa parte time nesse lindo look temos somente blusa disponavel aoi,False,True
bbc8e6868231fa2d,,bom dia pamela tudo bem revisamos aqui o nosso sistema e fizemos testes e tudo parece funcionar bem esperamos que voce tenha uma boa experiencia agora o que aconselhamos tambem e entrar no site pelo google chrome caso voce ainda nao tenha acessado por la vou te encaminhar os links dos produtos que voce nos encaminhou <url> <url> <url> <url> <url>,saudacao,raw,nan,False,original,train,,cliente,bom dia pamela tudo bem revisamos aqui o nosso sistema e fizemos testes e tudo parece funcionar bem esperamos que voce tenha uma boa experiencia agora o que aconselhamos tambem e entrar no site pelo google chrome caso voce ainda nao tenha acessado por la vou te encaminhar os links dos produtos que voce nos encaminhou url url url url url,"['pamela', 'bem', 'revisamos', 'aqui', 'nosso', 'sistema', 'fizemos', 'testes', 'parece', 'funcionar', 'bem', 'esperamos', 'voce', 'tenha', 'experiencia', 'agora', 'aconselhamos', 'tambem', 'entrar', 'site', 'google', 'chrome', 'caso', 'voce', 'ainda', 'nao', 'tenha', 'acessado', 'encaminhar', 'links', 'produtos', 'voce', 'encaminhou', 'url', 'url', 'url', 'url', 'url']",pamela bem revisamos aqui nosso sistema fizemos testes parece funcionar bem esperamos voce tenha experiencia agora aconselhamos tambem entrar site google chrome caso voce ainda nao tenha acessado encaminhar links produtos voce encaminhou url url url url url,False,False
3c6ceea2a00485da,,bom dia a obrigada dd>>,saudacao,raw,nan,False,original,train,,cliente,bom dia a obrigada dd,[],,False,False
be288e17bde752ca,,oi silvana tudo bem bom dia quem fala com vocaa a c a ana do time curadobia posso confirmar com vocaa se seria essa camisa que te interessou segue,saudacao,raw,nan,False,original,train,,cliente,oi silvana tudo bem bom dia quem fala com vocaa a c a ana do time curadobia posso confirmar com vocaa se seria essa camisa que te interessou segue,"['silvana', 'bem', 'quem', 'fala', 'vocaa', 'time', 'posso', 'confirmar', 'vocaa', 'seria', 'camisa', 'interessou', 'segue']",silvana bem quem fala vocaa time posso confirmar vocaa seria camisa interessou segue,False,False
d7265d8c84d41dd9,,ola sou o gerente de vendas da pg game platform quero falar com voce sobre parcerias nossa plataforma foi licenciada conjuntamente pelo governo federal brasileiro e pelo governo de curacao em outubro voce pode se juntar a nos e lhe daremos altas comissoes entre em contato comigo pelo whatsapp <num>,saudacao,raw,nan,False,original,train,,cliente,ola sou o gerente de vendas da pg game platform quero falar com voce sobre parcerias nossa plataforma foi licenciada conjuntamente pelo governo federal brasileiro e pelo governo de curacao em outubro voce pode se juntar a nos e lhe daremos altas comissoes entre em contato comigo pelo whatsapp num,"['ola', 'sou', 'gerente', 'vendas', 'game', 'platform', 'quero', 'falar', 'voce', 'parcerias', 'nossa', 'plataforma', 'licenciada', 'conjuntamente', 'governo', 'federal', 'brasileiro', 'governo', 'curacao', 'outubro', 'voce', 'pode', 'juntar', 'lhe', 'daremos', 'altas', 'comissoes', 'contato', 'comigo', 'whatsapp']",ola sou gerente vendas game platform quero falar voce parcerias nossa plataforma licenciada conjuntamente governo federal brasileiro governo curacao outubro voce pode juntar lhe daremos altas comissoes contato comigo whatsapp,False,False
54a09da2bab2df06,,inclusive muito obrigada pela solicitaa a o pois em funa a o dela estamos criando esse maas um destaque aqui no insta trazendo e salvando vadeos mostrando essa a c mais outras pea as que podem gerar daovidas,saudacao,raw,nan,False,original,train,,cliente,inclusive muito obrigada pela solicitaa a o pois em funa a o dela estamos criando esse maas um destaque aqui no insta trazendo e salvando vadeos mostrando essa a c mais outras pea as que podem gerar daovidas,"['inclusive', 'muito', 'solicitaa', 'pois', 'funa', 'criando', 'maas', 'destaque', 'aqui', 'insta', 'trazendo', 'salvando', 'vadeos', 'mostrando', 'outras', 'pea', 'podem', 'gerar', 'daovidas']",inclusive muito solicitaa pois funa criando maas destaque aqui insta trazendo salvando vadeos mostrando outras pea podem gerar daovidas,False,False
373ad85fb031f09b,,ola evelyn bom dia tudo bem aqui somos do curadobia voce teria interesse em apresentar a sua marca pensando em participar do curadobia ou seria referente a parceria de divulgacao com a bia,saudacao,raw,nan,False,original,train,,cliente,ola evelyn bom dia tudo bem aqui somos do curadobia voce teria interesse em apresentar a sua marca pensando em participar do curadobia ou seria referente a parceria de divulgacao com a bia,"['ola', 'evelyn', 'bem', 'aqui', 'somos', 'voce', 'teria', 'interesse', 'apresentar', 'marca', 'pensando', 'participar', 'seria', 'referente', 'parceria', 'divulgacao']",ola evelyn bem aqui somos voce teria interesse apresentar marca pensando participar seria referente parceria divulgacao,False,False
13d70e652e52df51,,com relaa a o a outra blusa que vocaa gostou ela esta em processo de lana amento e ainda na o esta a venda no nosso site mas independente desse fator na o seria possavel unificar o frete nesse caso pois o frete sa <num> fica unificado para as pea as da mesma marca,saudacao,raw,nan,False,original,train,,cliente,com relaa a o a outra blusa que vocaa gostou ela esta em processo de lana amento e ainda na o esta a venda no nosso site mas independente desse fator na o seria possavel unificar o frete nesse caso pois o frete sa num fica unificado para as pea as da mesma marca,"['relaa', 'outra', 'blusa', 'vocaa', 'gostou', 'processo', 'lana', 'amento', 'ainda', 'venda', 'nosso', 'site', 'independente', 'desse', 'fator', 'seria', 'possavel', 'unificar', 'frete', 'nesse', 'caso', 'pois', 'frete', 'fica', 'unificado', 'pea', 'mesma', 'marca']",relaa outra blusa vocaa gostou processo lana amento ainda venda nosso site independente desse fator seria possavel unificar frete nesse caso pois frete fica unificado pea mesma marca,True,False
c08bab3cc06f0be3,,oie bom dia tudo bem obrigada pela sua mensagem entramos em contato com a marca d aura que produz a saia e eles nos informaram que em <num> dias ira o receber novos estoques da nossa saia anica,saudacao,raw,nan,False,original,train,,cliente,oie bom dia tudo bem obrigada pela sua mensagem entramos em contato com a marca d aura que produz a saia e eles nos informaram que em num dias ira o receber novos estoques da nossa saia anica,"['oie', 'bem', 'mensagem', 'entramos', 'contato', 'marca', 'aura', 'produz', 'saia', 'informaram', 'dias', 'ira', 'receber', 'novos', 'estoques', 'nossa', 'saia', 'anica']",oie bem mensagem entramos contato marca aura produz saia informaram dias ira receber novos estoques nossa saia anica,False,False
64ad039e01a5e279,,oi boa tarde ana aqui vocaa conseguiu dar uma olhada na cala a qualquer coisa sigo aqui para o que vocaa precisar viu edited,saudacao,raw,nan,False,original,train,,cliente,oi boa tarde ana aqui vocaa conseguiu dar uma olhada na cala a qualquer coisa sigo aqui para o que vocaa precisar viu edited,"['aqui', 'vocaa', 'conseguiu', 'dar', 'olhada', 'cala', 'qualquer', 'coisa', 'sigo', 'aqui', 'vocaa', 'precisar', 'viu', 'edited']",aqui vocaa conseguiu dar olhada cala qualquer coisa sigo aqui vocaa precisar viu edited,False,False
9cb1b64039a65c51,,oi renata boa tarde ana aqui vocaa conseguiu dar uma olhada nas opa aues que te mandei qualquer coisa sigo aqui para o que vocaa precisar ta,saudacao,raw,nan,False,original,train,,cliente,oi renata boa tarde ana aqui vocaa conseguiu dar uma olhada nas opa aues que te mandei qualquer coisa sigo aqui para o que vocaa precisar ta,"['renata', 'aqui', 'vocaa', 'conseguiu', 'dar', 'olhada', 'opa', 'aues', 'mandei', 'qualquer', 'coisa', 'sigo', 'aqui', 'vocaa', 'precisar']",renata aqui vocaa conseguiu dar olhada opa aues mandei qualquer coisa sigo aqui vocaa precisar,False,False
f5f6b6b1804e658a,,coisa,saudacao,raw,nan,False,original,train,,cliente,coisa,['coisa'],coisa,False,False
363ff50e52ef65d1,,com relacao a previsao de entrega por conta dessa questao na plataforma as marcas tambem nao receberam a notificacao do pedido e por isso ira acabar atrasando um pouco a sua compra mas nos tambem ja entramos em contato com a stella bastos sobre a sua compra e logo mais ela estara com voce desculpa pelo ocorrido qualquer coisa nos avise obrigada por ser nossa cliente equipe curadobia,saudacao,raw,nan,False,original,train,,cliente,com relacao a previsao de entrega por conta dessa questao na plataforma as marcas tambem nao receberam a notificacao do pedido e por isso ira acabar atrasando um pouco a sua compra mas nos tambem ja entramos em contato com a stella bastos sobre a sua compra e logo mais ela estara com voce desculpa pelo ocorrido qualquer coisa nos avise obrigada por ser nossa cliente equipe curadobia,"['relacao', 'previsao', 'entrega', 'conta', 'dessa', 'questao', 'plataforma', 'marcas', 'tambem', 'nao', 'receberam', 'notificacao', 'pedido', 'ira', 'acabar', 'atrasando', 'pouco', 'compra', 'tambem', 'entramos', 'contato', 'stella', 'bastos', 'compra', 'logo', 'estara', 'voce', 'desculpa', 'ocorrido', 'qualquer', 'coisa', 'avise', 'ser', 'nossa', 'cliente']",relacao previsao entrega conta dessa questao plataforma marcas tambem nao receberam notificacao pedido ira acabar atrasando pouco compra tambem entramos contato stella bastos compra logo estara voce desculpa ocorrido qualquer coisa avise ser nossa cliente,False,False
11f0f038c5a41eac,,oii karinne tudo bem aqui quem fala a c a ana do time curadobia vocaa acredita que estive olhando todos os dias desde que vocaa demonstrou interesse se a nossa saia anica voltaria ao estoque e somente hoje isso aconteceu ela a c a queridinha das nossas clientes e tem acabado ra pido enta o espero que consiga aproveitar essa oportunidade te encaminho o link para o acesso dela,saudacao,raw,nan,False,original,train,,cliente,oii karinne tudo bem aqui quem fala a c a ana do time curadobia vocaa acredita que estive olhando todos os dias desde que vocaa demonstrou interesse se a nossa saia anica voltaria ao estoque e somente hoje isso aconteceu ela a c a queridinha das nossas clientes e tem acabado ra pido enta o espero que consiga aproveitar essa oportunidade te encaminho o link para o acesso dela,"['oii', 'karinne', 'bem', 'aqui', 'quem', 'fala', 'time', 'vocaa', 'acredita', 'estive', 'olhando', 'todos', 'dias', 'desde', 'vocaa', 'demonstrou', 'interesse', 'nossa', 'saia', 'anica', 'voltaria', 'estoque', 'somente', 'aconteceu', 'queridinha', 'nossas', 'clientes', 'acabado', 'pido', 'enta', 'espero', 'consiga', 'aproveitar', 'oportunidade', 'encaminho', 'link', 'acesso']",oii karinne bem aqui quem fala time vocaa acredita estive olhando todos dias desde vocaa demonstrou interesse nossa saia anica voltaria estoque somente aconteceu queridinha nossas clientes acabado pido enta espero consiga aproveitar oportunidade encaminho link acesso,False,False
9204e5cb80b21f70,,bom dia adriana como vocaa esta,saudacao,raw,nan,False,original,train,,cliente,bom dia adriana como vocaa esta,"['adriana', 'vocaa']",adriana vocaa,False,False
4ffbb0ba96ab3d97,,ola katia tudo bem,saudacao,raw,nan,False,original,train,,cliente,ola katia tudo bem,"['ola', 'katia', 'bem']",ola katia bem,False,False
c311405b4bd168bb,,ola luana bom dia tudo bem hoje ainda nao temos sapatos dentro do curadobia estamos olhando para adicionar essa categoria em breve,saudacao,raw,nan,False,original,train,,cliente,ola luana bom dia tudo bem hoje ainda nao temos sapatos dentro do curadobia estamos olhando para adicionar essa categoria em breve,"['ola', 'luana', 'bem', 'ainda', 'nao', 'temos', 'sapatos', 'dentro', 'olhando', 'adicionar', 'categoria', 'breve']",ola luana bem ainda nao temos sapatos dentro olhando adicionar categoria breve,False,False
4fc53e79c91aeabc,,ola bom dia infelizmente essa cala a tamba c m saiu do nosso mix estamos com novos produtos e novas marcas entrando no curadobia esperamos que goste qualquer coisa sigo aquid,saudacao,raw,nan,False,original,train,,cliente,ola bom dia infelizmente essa cala a tamba c m saiu do nosso mix estamos com novos produtos e novas marcas entrando no curadobia esperamos que goste qualquer coisa sigo aquid,"['ola', 'infelizmente', 'cala', 'tamba', 'saiu', 'nosso', 'mix', 'novos', 'produtos', 'novas', 'marcas', 'entrando', 'esperamos', 'goste', 'qualquer', 'coisa', 'sigo', 'aquid']",ola infelizmente cala tamba saiu nosso mix novos produtos novas marcas entrando esperamos goste qualquer coisa sigo aquid,True,False
17da22d642944d3b,,sobre a questa o do frete a c possavel unificar ele nas blusas da lounge que vocaa gostouaoi vou te mandar o link das duas,saudacao,raw,nan,False,original,train,,cliente,sobre a questa o do frete a c possavel unificar ele nas blusas da lounge que vocaa gostouaoi vou te mandar o link das duas,"['questa', 'frete', 'possavel', 'unificar', 'blusas', 'lounge', 'vocaa', 'gostouaoi', 'mandar', 'link', 'duas']",questa frete possavel unificar blusas lounge vocaa gostouaoi mandar link duas,False,False
5f47804f2fb50c2a,,boa tarde comprei a blusa pah mas na o consigo deixa la parecida como da fotoa acho que estou usando de forma erradaa tem alguma tutorial de como vesti la rs,saudacao,raw,nan,False,original,train,,cliente,boa tarde comprei a blusa pah mas na o consigo deixa la parecida como da fotoa acho que estou usando de forma erradaa tem alguma tutorial de como vesti la rs,"['comprei', 'blusa', 'pah', 'consigo', 'deixa', 'parecida', 'fotoa', 'acho', 'usando', 'forma', 'erradaa', 'alguma', 'tutorial', 'vesti']",comprei blusa pah consigo deixa parecida fotoa acho usando forma erradaa alguma tutorial vesti,False,False
c7e61009f3f48460,,oi anne bom dia tudo bem aqui a c a ana do time curadobia a bia nos informou que vocaa se interessou pela nossa bolsa molona mas que infelizmente ela esta indisponavel no site,saudacao,raw,nan,False,original,train,,cliente,oi anne bom dia tudo bem aqui a c a ana do time curadobia a bia nos informou que vocaa se interessou pela nossa bolsa molona mas que infelizmente ela esta indisponavel no site,"['anne', 'bem', 'aqui', 'time', 'informou', 'vocaa', 'interessou', 'nossa', 'bolsa', 'molona', 'infelizmente', 'indisponavel', 'site']",anne bem aqui time informou vocaa interessou nossa bolsa molona infelizmente indisponavel site,False,False
d12fe9e8118d480d,,oii comprei a bico fino o dedo fica um pouquinho de lado pra fora na c mas super conforta vel,saudacao,raw,nan,False,original,train,,cliente,oii comprei a bico fino o dedo fica um pouquinho de lado pra fora na c mas super conforta vel,"['oii', 'comprei', 'bico', 'fino', 'dedo', 'fica', 'pouquinho', 'lado', 'fora', 'super', 'conforta', 'vel']",oii comprei bico fino dedo fica pouquinho lado fora super conforta vel,True,False
346adb3c34e47f92,,ola gisela essa sandalia a c da minha collab com a paula ferber,saudacao,raw,nan,False,original,train,,cliente,ola gisela essa sandalia a c da minha collab com a paula ferber,"['ola', 'gisela', 'sandalia', 'collab', 'paula', 'ferber']",ola gisela sandalia collab paula ferber,False,False
c03717c8eb5dabe1,,ola bia sou a daniela e gostaria de apresentar minha marca pra vc a queens gate minha sa <num> cia e eu ja te acompanhamos tem um bom tempo e somos muito fa s a sua curadoria com seus neutros com tcharanz refora ou a vontade de apresentar o conceito da nossa marca pra vc vamos completar <num> ano em agosto e adoraraamos um bate papo com vc pra contar nossa hista <num> ria e nossos planos moro em londres e minha sa <num> cia em sp e vou deixar meu whatsapp pessoal por conta do fuso aqui e mando o link do nosso insta pra vc dar uma olhadinha d obrigada <num> <num> <num> <num>,saudacao,raw,nan,False,original,train,,cliente,ola bia sou a daniela e gostaria de apresentar minha marca pra vc a queens gate minha sa num cia e eu ja te acompanhamos tem um bom tempo e somos muito fa s a sua curadoria com seus neutros com tcharanz refora ou a vontade de apresentar o conceito da nossa marca pra vc vamos completar num ano em agosto e adoraraamos um bate papo com vc pra contar nossa hista num ria e nossos planos moro em londres e minha sa num cia em sp e vou deixar meu whatsapp pessoal por conta do fuso aqui e mando o link do nosso insta pra vc dar uma olhadinha d obrigada num num num num,"['ola', 'sou', 'daniela', 'gostaria', 'apresentar', 'marca', 'queens', 'gate', 'cia', 'acompanhamos', 'tempo', 'somos', 'muito', 'curadoria', 'seus', 'neutros', 'tcharanz', 'refora', 'vontade', 'apresentar', 'conceito', 'nossa', 'marca', 'vamos', 'completar', 'ano', 'agosto', 'adoraraamos', 'bate', 'papo', 'contar', 'nossa', 'hista', 'ria', 'nossos', 'planos', 'moro', 'londres', 'cia', 'deixar', 'whatsapp', 'pessoal', 'conta', 'fuso', 'aqui', 'mando', 'link', 'nosso', 'insta', 'dar', 'olhadinha']",ola sou daniela gostaria apresentar marca queens gate cia acompanhamos tempo somos muito curadoria seus neutros tcharanz refora vontade apresentar conceito nossa marca vamos completar ano agosto adoraraamos bate papo contar nossa hista ria nossos planos moro londres cia deixar whatsapp pessoal conta fuso aqui mando link nosso insta dar olhadinha,False,False
b90c2ae5731d0974,,agora estou organizando as coisas,saudacao,raw,nan,False,original,train,,cliente,agora estou organizando as coisas,"['agora', 'organizando', 'coisas']",agora organizando coisas,False,False
78f00e4c2eb10249,,ola pessoal como vao meu nome e ana e trabalho junto com a bia paes de barros no curadobia com br o curadobia e um marketplace que nasceu com o proposito de reunir em um so lugar pecas que fazem toda a diferenca no armario e ao mesmo tempo sao faceis de usar os chamados neutros com tcharanz acreditamos que a argi super se conecta com essa proposta com quem poderia conversar para falar mais sobre aguardo voces,saudacao,raw,nan,False,original,train,,cliente,ola pessoal como vao meu nome e ana e trabalho junto com a bia paes de barros no curadobia com br o curadobia e um marketplace que nasceu com o proposito de reunir em um so lugar pecas que fazem toda a diferenca no armario e ao mesmo tempo sao faceis de usar os chamados neutros com tcharanz acreditamos que a argi super se conecta com essa proposta com quem poderia conversar para falar mais sobre aguardo voces,"['ola', 'pessoal', 'vao', 'nome', 'trabalho', 'junto', 'paes', 'barros', 'marketplace', 'nasceu', 'proposito', 'reunir', 'lugar', 'pecas', 'fazem', 'toda', 'diferenca', 'armario', 'mesmo', 'tempo', 'sao', 'faceis', 'usar', 'chamados', 'neutros', 'tcharanz', 'acreditamos', 'argi', 'super', 'conecta', 'proposta', 'quem', 'poderia', 'conversar', 'falar', 'aguardo']",ola pessoal vao nome trabalho junto paes barros marketplace nasceu proposito reunir lugar pecas fazem toda diferenca armario mesmo tempo sao faceis usar chamados neutros tcharanz acreditamos argi super conecta proposta quem poderia conversar falar aguardo,False,False
5911798c9e3df636,,oieee obrigada de verdade,saudacao,raw,nan,False,original,train,,cliente,oieee obrigada de verdade,"['oieee', 'verdade']",oieee verdade,False,False
386803bca2c0b8c0,,boa tarde a jaqueta off da nauanim voltou,saudacao,raw,nan,False,original,train,,cliente,boa tarde a jaqueta off da nauanim voltou,"['jaqueta', 'off', 'nauanim', 'voltou']",jaqueta off nauanim voltou,False,False
0974800f6ea3b7f7,,oi karyna bom dia tudo bem vamos verificar,saudacao,raw,nan,False,original,train,,cliente,oi karyna bom dia tudo bem vamos verificar,"['karyna', 'bem', 'vamos', 'verificar']",karyna bem vamos verificar,False,False
f39d57d52707ede3,,ola eu encontro as medidas no site,saudacao,raw,nan,False,original,train,,cliente,ola eu encontro as medidas no site,"['ola', 'encontro', 'medidas', 'site']",ola encontro medidas site,True,False
adbb698268a675e0,,sheila essa foi a tabela passada para nos pela marca estamos em contato com eles para ter exatamente a medida do quadril inclusive obrigada pela pergunta pois com ela vamos atualizar o nosso site mas podemos te adiantar que ele tem uma estrutura folgada no quadril entao acreditamos que ele vai dar certo para ti no tamanho <num> para te passar outra base nas fotos do produto no nosso site a bia esta vestindo o tamanho <num>,saudacao,raw,nan,False,original,train,,cliente,sheila essa foi a tabela passada para nos pela marca estamos em contato com eles para ter exatamente a medida do quadril inclusive obrigada pela pergunta pois com ela vamos atualizar o nosso site mas podemos te adiantar que ele tem uma estrutura folgada no quadril entao acreditamos que ele vai dar certo para ti no tamanho num para te passar outra base nas fotos do produto no nosso site a bia esta vestindo o tamanho num,"['sheila', 'tabela', 'passada', 'marca', 'contato', 'exatamente', 'medida', 'quadril', 'inclusive', 'pois', 'vamos', 'atualizar', 'nosso', 'site', 'podemos', 'adiantar', 'estrutura', 'folgada', 'quadril', 'entao', 'acreditamos', 'vai', 'dar', 'certo', 'tamanho', 'passar', 'outra', 'base', 'fotos', 'produto', 'nosso', 'site', 'vestindo', 'tamanho']",sheila tabela passada marca contato exatamente medida quadril inclusive pois vamos atualizar nosso site podemos adiantar estrutura folgada quadril entao acreditamos vai dar certo tamanho passar outra base fotos produto nosso site vestindo tamanho,True,False
d9edf885c5ba3be8,,boa tarde pessoal tudo bem estava namorando um macacao verde no site da marca d aura porem nao localizei mais saiu de colecao nao tera reposicao aguardo obrigada milene,saudacao,raw,nan,False,original,train,,cliente,boa tarde pessoal tudo bem estava namorando um macacao verde no site da marca d aura porem nao localizei mais saiu de colecao nao tera reposicao aguardo obrigada milene,"['pessoal', 'bem', 'estava', 'namorando', 'macacao', 'verde', 'site', 'marca', 'aura', 'porem', 'nao', 'localizei', 'saiu', 'colecao', 'nao', 'tera', 'reposicao', 'aguardo', 'milene']",pessoal bem estava namorando macacao verde site marca aura porem nao localizei saiu colecao nao tera reposicao aguardo milene,False,False
475326d7996feee5,,que ai conseguimos encaminhar pro la as tratativas o que acha se puder esclarecer que seria algo mais voltado para o perfil pessoal da bia ou para o curadobia seria bacana entendermos tambem para encaminhar de forma mais assertiva sua mensagem,saudacao,raw,nan,False,original,train,,cliente,que ai conseguimos encaminhar pro la as tratativas o que acha se puder esclarecer que seria algo mais voltado para o perfil pessoal da bia ou para o curadobia seria bacana entendermos tambem para encaminhar de forma mais assertiva sua mensagem,"['conseguimos', 'encaminhar', 'pro', 'tratativas', 'acha', 'puder', 'esclarecer', 'seria', 'algo', 'voltado', 'perfil', 'pessoal', 'seria', 'bacana', 'entendermos', 'tambem', 'encaminhar', 'forma', 'assertiva', 'mensagem']",conseguimos encaminhar pro tratativas acha puder esclarecer seria algo voltado perfil pessoal seria bacana entendermos tambem encaminhar forma assertiva mensagem,False,False
e0338f833e2613f4,,ola boa tarde o <num> e equivalente ao p <num> m e <num> g,saudacao,raw,nan,False,original,train,,cliente,ola boa tarde o num e equivalente ao p num m e num g,"['ola', 'equivalente']",ola equivalente,True,False
bd69a38fdf40d214,,oi quanto custa a blusa modernosa tem gg,saudacao,raw,nan,False,original,train,,cliente,oi quanto custa a blusa modernosa tem gg,"['quanto', 'custa', 'blusa', 'modernosa']",quanto custa blusa modernosa,True,False
307324c11d062f87,,ola pessoal como va o meu nome a c ana e trabalho junto com a bia paes de barros no curadobia com br o curadobia a c um marketplace que nasceu com o propa <num> sito de reunir em um sa <num> lugar pea as que fazem toda a diferena a no arma rio e ao mesmo tempo sa o fa ceis de usar os chamados neutros com tcharanz acreditamos que a marca de vocaas pode se conectar com essa proposta com quem poderia conversar para falar mais sobre aguardo vocaas,saudacao,raw,nan,False,original,train,,cliente,ola pessoal como va o meu nome a c ana e trabalho junto com a bia paes de barros no curadobia com br o curadobia a c um marketplace que nasceu com o propa num sito de reunir em um sa num lugar pea as que fazem toda a diferena a no arma rio e ao mesmo tempo sa o fa ceis de usar os chamados neutros com tcharanz acreditamos que a marca de vocaas pode se conectar com essa proposta com quem poderia conversar para falar mais sobre aguardo vocaas,"['ola', 'pessoal', 'nome', 'trabalho', 'junto', 'paes', 'barros', 'marketplace', 'nasceu', 'propa', 'sito', 'reunir', 'lugar', 'pea', 'fazem', 'toda', 'diferena', 'arma', 'rio', 'mesmo', 'tempo', 'ceis', 'usar', 'chamados', 'neutros', 'tcharanz', 'acreditamos', 'marca', 'vocaas', 'pode', 'conectar', 'proposta', 'quem', 'poderia', 'conversar', 'falar', 'aguardo', 'vocaas']",ola pessoal nome trabalho junto paes barros marketplace nasceu propa sito reunir lugar pea fazem toda diferena arma rio mesmo tempo ceis usar chamados neutros tcharanz acreditamos marca vocaas pode conectar proposta quem poderia conversar falar aguardo vocaas,False,False
831796e0e858f794,,obrigada pelo prestigio foi incrivel te ter de pertinho hoje,saudacao,raw,nan,False,original,train,,cliente,obrigada pelo prestigio foi incrivel te ter de pertinho hoje,"['prestigio', 'incrivel', 'pertinho']",prestigio incrivel pertinho,False,False
f5085f46e2f055ef,,oii o site curadobia esta fora do ar fui visitar atraves dos link da bio e nao funcionou bjs,saudacao,raw,nan,False,original,train,,cliente,oii o site curadobia esta fora do ar fui visitar atraves dos link da bio e nao funcionou bjs,"['oii', 'site', 'fora', 'fui', 'visitar', 'atraves', 'link', 'bio', 'nao', 'funcionou', 'bjs']",oii site fora fui visitar atraves link bio nao funcionou bjs,False,False
6f7046dbb572d23e,,oi bia tudo bem me chamo alice sou socia da monti uma marca de moda que preza por estilo atemporal e pecas de qualidade estamos buscando consultoras de imagem parceiras para recomendar nossas pecas aos seus clientes e pensei que poderiamos criar algo bem legal juntas o que acha de agendarmos um papo para te contar mais sobre a nossa historia e a ideia de parceria fico no aguardo,saudacao,raw,nan,False,original,train,,cliente,oi bia tudo bem me chamo alice sou socia da monti uma marca de moda que preza por estilo atemporal e pecas de qualidade estamos buscando consultoras de imagem parceiras para recomendar nossas pecas aos seus clientes e pensei que poderiamos criar algo bem legal juntas o que acha de agendarmos um papo para te contar mais sobre a nossa historia e a ideia de parceria fico no aguardo,"['bem', 'chamo', 'alice', 'sou', 'socia', 'monti', 'marca', 'moda', 'preza', 'estilo', 'atemporal', 'pecas', 'qualidade', 'buscando', 'consultoras', 'parceiras', 'recomendar', 'nossas', 'pecas', 'seus', 'clientes', 'pensei', 'poderiamos', 'criar', 'algo', 'bem', 'legal', 'juntas', 'acha', 'agendarmos', 'papo', 'contar', 'nossa', 'historia', 'ideia', 'parceria', 'fico', 'aguardo']",bem chamo alice sou socia monti marca moda preza estilo atemporal pecas qualidade buscando consultoras parceiras recomendar nossas pecas seus clientes pensei poderiamos criar algo bem legal juntas acha agendarmos papo contar nossa historia ideia parceria fico aguardo,False,True
93b2475d3eb67d04,,mas venho com boas noticias a partir de quarta feira teremos reposicao dela se voce ainda tiver interesse me avisa pois ai assim que chegarem eu venho exclusivamente te avisaar,saudacao,raw,nan,False,original,train,,cliente,mas venho com boas noticias a partir de quarta feira teremos reposicao dela se voce ainda tiver interesse me avisa pois ai assim que chegarem eu venho exclusivamente te avisaar,"['venho', 'boas', 'noticias', 'partir', 'quarta', 'feira', 'teremos', 'reposicao', 'voce', 'ainda', 'tiver', 'interesse', 'avisa', 'pois', 'assim', 'chegarem', 'venho', 'exclusivamente', 'avisaar']",venho boas noticias partir quarta feira teremos reposicao voce ainda tiver interesse avisa pois assim chegarem venho exclusivamente avisaar,False,False
018c9f53a103c3ee,,ola como tirar daovidas de tamanho da pea a,saudacao,raw,nan,False,original,train,,cliente,ola como tirar daovidas de tamanho da pea a,"['ola', 'tirar', 'daovidas', 'tamanho', 'pea']",ola tirar daovidas tamanho pea,True,False
f674671f44c90dd4,,oi pri estao entrando muitas marcas incriveis novas no curadobia porem a oysho nao e uma delas,saudacao,raw,nan,False,original,train,,cliente,oi pri estao entrando muitas marcas incriveis novas no curadobia porem a oysho nao e uma delas,"['pri', 'estao', 'entrando', 'muitas', 'marcas', 'incriveis', 'novas', 'porem', 'oysho', 'nao']",pri estao entrando muitas marcas incriveis novas porem oysho nao,False,False
ba8b09e17b4c92bb,,fatima te respondemos no whatsapp mas nao recebemos seu retorno esta tudo bem qualquer coisa sigo aqui a disposicao,saudacao,raw,nan,False,original,train,,cliente,fatima te respondemos no whatsapp mas nao recebemos seu retorno esta tudo bem qualquer coisa sigo aqui a disposicao,"['fatima', 'respondemos', 'whatsapp', 'nao', 'recebemos', 'seu', 'retorno', 'bem', 'qualquer', 'coisa', 'sigo', 'aqui', 'disposicao']",fatima respondemos whatsapp nao recebemos seu retorno bem qualquer coisa sigo aqui disposicao,False,False
46386ad8fd0f1955,,bom dia gostaria de adquirir essa calca mas nao esta mais disponivel podem me ajudar obrigada,saudacao,raw,nan,False,original,train,,cliente,bom dia gostaria de adquirir essa calca mas nao esta mais disponivel podem me ajudar obrigada,"['gostaria', 'adquirir', 'calca', 'nao', 'disponivel', 'podem', 'ajudar']",gostaria adquirir calca nao disponivel podem ajudar,False,False
8b717b6823f3ccc0,,boa tarde milene td bem e vc esse macacao nesse tom infelizmente nao tera reposicao mas lancamos ontem o mesmo modelo em preto,saudacao,raw,nan,False,original,train,,cliente,boa tarde milene td bem e vc esse macacao nesse tom infelizmente nao tera reposicao mas lancamos ontem o mesmo modelo em preto,"['milene', 'bem', 'macacao', 'nesse', 'tom', 'infelizmente', 'nao', 'tera', 'reposicao', 'lancamos', 'ontem', 'mesmo', 'modelo', 'preto']",milene bem macacao nesse tom infelizmente nao tera reposicao lancamos ontem mesmo modelo preto,False,False
87e65800ccebadb8,,oie td bem e vc ainda nao mas em breve tera,saudacao,raw,nan,False,original,train,,cliente,oie td bem e vc ainda nao mas em breve tera,"['oie', 'bem', 'ainda', 'nao', 'breve', 'tera']",oie bem ainda nao breve tera,False,False
f422253d3ded81e8,,oi claudia que mensagem boa ficamos felizes de voce gostar dos nossos produtos vou confirmar sua compra e te aviso,saudacao,raw,nan,False,original,train,,cliente,oi claudia que mensagem boa ficamos felizes de voce gostar dos nossos produtos vou confirmar sua compra e te aviso,"['claudia', 'mensagem', 'ficamos', 'felizes', 'voce', 'gostar', 'nossos', 'produtos', 'confirmar', 'compra', 'aviso']",claudia mensagem ficamos felizes voce gostar nossos produtos confirmar compra aviso,False,False
e4392090fe9cc674,,ola como tirar duvidas de tamanho da peca,saudacao,raw,nan,False,original,train,,cliente,ola como tirar duvidas de tamanho da peca,"['ola', 'tirar', 'duvidas', 'tamanho', 'peca']",ola tirar duvidas tamanho peca,True,False
521f4817e765b73e,,oi pri esta o entrando muitas marcas incraveis novas no curadobia pora c m a oysho na o a c uma delasd,saudacao,raw,nan,False,original,train,,cliente,oi pri esta o entrando muitas marcas incraveis novas no curadobia pora c m a oysho na o a c uma delasd,"['pri', 'entrando', 'muitas', 'marcas', 'incraveis', 'novas', 'pora', 'oysho', 'delasd']",pri entrando muitas marcas incraveis novas pora oysho delasd,True,False
c37833c8659fb101,,boa tarde na pagina da regata podrinha cinza eu nao consigo ver as medidas dos tamanhos acima do g que sao justamente o que visto poderia me enviar essas medidas dos tamanhos gg e xgg por favor,saudacao,raw,nan,False,original,train,,cliente,boa tarde na pagina da regata podrinha cinza eu nao consigo ver as medidas dos tamanhos acima do g que sao justamente o que visto poderia me enviar essas medidas dos tamanhos gg e xgg por favor,"['pagina', 'regata', 'podrinha', 'cinza', 'nao', 'consigo', 'ver', 'medidas', 'tamanhos', 'acima', 'sao', 'justamente', 'visto', 'poderia', 'enviar', 'essas', 'medidas', 'tamanhos', 'xgg', 'favor']",pagina regata podrinha cinza nao consigo ver medidas tamanhos acima sao justamente visto poderia enviar essas medidas tamanhos xgg favor,True,False
793da81a52aa8a40,,qualquer coisa seguimos aqui,saudacao,raw,nan,False,original,train,,cliente,qualquer coisa seguimos aqui,"['qualquer', 'coisa', 'seguimos', 'aqui']",qualquer coisa seguimos aqui,False,False
f9ebb786556f0133,,ola gente bom dia acabei de ver o post da bia sobre camisas somos uma pequena alfaiataria e camisaria e o core da nossa criacao gostaria muito de apresentar nosso produto pra voces se voces acharem conveniente por favor indiquem a melhor forma de contato abraco stella,saudacao,raw,nan,False,original,train,,cliente,ola gente bom dia acabei de ver o post da bia sobre camisas somos uma pequena alfaiataria e camisaria e o core da nossa criacao gostaria muito de apresentar nosso produto pra voces se voces acharem conveniente por favor indiquem a melhor forma de contato abraco stella,"['ola', 'gente', 'acabei', 'ver', 'camisas', 'somos', 'pequena', 'alfaiataria', 'camisaria', 'core', 'nossa', 'criacao', 'gostaria', 'muito', 'apresentar', 'nosso', 'produto', 'acharem', 'conveniente', 'favor', 'indiquem', 'melhor', 'forma', 'contato', 'abraco', 'stella']",ola gente acabei ver camisas somos pequena alfaiataria camisaria core nossa criacao gostaria muito apresentar nosso produto acharem conveniente favor indiquem melhor forma contato abraco stella,False,False
bea40fe7809d2379,,ola kari bom dia tudo bem,saudacao,raw,nan,False,original,train,,cliente,ola kari bom dia tudo bem,"['ola', 'kari', 'bem']",ola kari bem,False,False
748aec540d4c7d0e,,ola pessoal tudo bem sou a lala cunha <user> e vim contar um pouco sobre o <user> estamos em sp e fazemos fotografia vadeos em formato reels direa a o de arte e styling para marcas de acordo com a sua necessidade fazemos trabalhos exclusivos para as marcas e em breve final de mara o tamba c m faremos o nosso pra <num> ximo shooting collab uma dia ria criada para incluir va rias marcas que taam produtos a serem fotografados necessitam de um material de qualidade mas que na o querem ter um alto valor de investimento nisso o proximo collab sera em uma locaa a o linda e as modelos foram escolhidas a dedo e acho que combina muito com a marca de voces abaixo mando mais infos vamos conversar sobre essas possibilidades fico aqui a disposia a o abraa os lala <num> <num>,saudacao,raw,nan,False,original,train,,cliente,ola pessoal tudo bem sou a lala cunha user e vim contar um pouco sobre o user estamos em sp e fazemos fotografia vadeos em formato reels direa a o de arte e styling para marcas de acordo com a sua necessidade fazemos trabalhos exclusivos para as marcas e em breve final de mara o tamba c m faremos o nosso pra num ximo shooting collab uma dia ria criada para incluir va rias marcas que taam produtos a serem fotografados necessitam de um material de qualidade mas que na o querem ter um alto valor de investimento nisso o proximo collab sera em uma locaa a o linda e as modelos foram escolhidas a dedo e acho que combina muito com a marca de voces abaixo mando mais infos vamos conversar sobre essas possibilidades fico aqui a disposia a o abraa os lala num num,"['ola', 'pessoal', 'bem', 'sou', 'lala', 'cunha', 'user', 'vim', 'contar', 'pouco', 'user', 'fazemos', 'fotografia', 'vadeos', 'formato', 'reels', 'direa', 'arte', 'styling', 'marcas', 'acordo', 'necessidade', 'fazemos', 'trabalhos', 'exclusivos', 'marcas', 'breve', 'final', 'mara', 'tamba', 'faremos', 'nosso', 'ximo', 'shooting', 'collab', 'ria', 'criada', 'incluir', 'rias', 'marcas', 'taam', 'produtos', 'serem', 'fotografados', 'necessitam', 'material', 'qualidade', 'querem', 'alto', 'valor', 'investimento', 'nisso', 'proximo', 'collab', 'sera', 'locaa', 'linda', 'modelos', 'escolhidas', 'dedo', 'acho', 'combina', 'muito', 'marca', 'abaixo', 'mando', 'infos', 'vamos', 'conversar', 'essas', 'possibilidades', 'fico', 'aqui', 'disposia', 'abraa', 'lala']",ola pessoal bem sou lala cunha user vim contar pouco user fazemos fotografia vadeos formato reels direa arte styling marcas acordo necessidade fazemos trabalhos exclusivos marcas breve final mara tamba faremos nosso ximo shooting collab ria criada incluir rias marcas taam produtos serem fotografados necessitam material qualidade querem alto valor investimento nisso proximo collab sera locaa linda modelos escolhidas dedo acho combina muito marca abaixo mando infos vamos conversar essas possibilidades fico aqui disposia abraa lala,True,True
117529708a12846b,,apoio,saudacao,raw,nan,False,original,train,,cliente,apoio,['apoio'],apoio,False,False
1cefa6df997a081f,,ola td bem fiz uma compra com vc e recebi apenas o tricot vc pode me ajudar muito obrigada desde ja,saudacao,raw,nan,False,original,train,,cliente,ola td bem fiz uma compra com vc e recebi apenas o tricot vc pode me ajudar muito obrigada desde ja,"['ola', 'bem', 'fiz', 'compra', 'recebi', 'apenas', 'tricot', 'pode', 'ajudar', 'muito', 'desde']",ola bem fiz compra recebi apenas tricot pode ajudar muito desde,False,False
ba42effaede55099,,oi ana a marcia fonseca esta em contato com vc ne vamos conversar sim a fernanda tem mto interesse,saudacao,raw,nan,False,original,train,,cliente,oi ana a marcia fonseca esta em contato com vc ne vamos conversar sim a fernanda tem mto interesse,"['marcia', 'fonseca', 'contato', 'vamos', 'conversar', 'fernanda', 'mto', 'interesse']",marcia fonseca contato vamos conversar fernanda mto interesse,False,False
d8786adcb4fbb12c,,oi anna bom dia tudo bem nos desculpe a falta de resposta vou te mandar mensagem via whatsapp para ficar melhor a nossa comunicacao tudo bem mas pode ficar tranquila pois realmente nosso atendimento funciona prioritariamente durante a semana e nao vamos te deixar desamparada,saudacao,raw,nan,False,original,train,,cliente,oi anna bom dia tudo bem nos desculpe a falta de resposta vou te mandar mensagem via whatsapp para ficar melhor a nossa comunicacao tudo bem mas pode ficar tranquila pois realmente nosso atendimento funciona prioritariamente durante a semana e nao vamos te deixar desamparada,"['anna', 'bem', 'desculpe', 'falta', 'mandar', 'mensagem', 'via', 'whatsapp', 'ficar', 'melhor', 'nossa', 'comunicacao', 'bem', 'pode', 'ficar', 'tranquila', 'pois', 'realmente', 'nosso', 'atendimento', 'funciona', 'prioritariamente', 'durante', 'semana', 'nao', 'vamos', 'deixar', 'desamparada']",anna bem desculpe falta mandar mensagem via whatsapp ficar melhor nossa comunicacao bem pode ficar tranquila pois realmente nosso atendimento funciona prioritariamente durante semana nao vamos deixar desamparada,False,False
5c0558ef51b8ddb3,,daniela depois me passa seu numero de telefone que ai seguimos a comunicacao por la e pelo e mail,saudacao,raw,nan,False,original,train,,cliente,daniela depois me passa seu numero de telefone que ai seguimos a comunicacao por la e pelo e mail,"['daniela', 'depois', 'passa', 'seu', 'numero', 'telefone', 'seguimos', 'comunicacao', 'mail']",daniela depois passa seu numero telefone seguimos comunicacao mail,False,False
9065b4821fdfa35d,,bom dia karyna infelizmente na o trabalhamos com cupom para <num> aa compra aindaa <num> i mas estamos aqui para te auxiliar no processo inteiro,saudacao,raw,nan,False,original,train,,cliente,bom dia karyna infelizmente na o trabalhamos com cupom para num aa compra aindaa num i mas estamos aqui para te auxiliar no processo inteiro,"['karyna', 'infelizmente', 'trabalhamos', 'cupom', 'compra', 'aindaa', 'aqui', 'auxiliar', 'processo', 'inteiro']",karyna infelizmente trabalhamos cupom compra aindaa aqui auxiliar processo inteiro,False,False
1e3a0548b12f7b4d,,oi danuza bom dia tudo bem pode nos informar por aqui a duvida ou se preferir uma comunicacao mais agil pode nos chamar no nosso whatsapp,saudacao,raw,nan,False,original,train,,cliente,oi danuza bom dia tudo bem pode nos informar por aqui a duvida ou se preferir uma comunicacao mais agil pode nos chamar no nosso whatsapp,"['danuza', 'bem', 'pode', 'informar', 'aqui', 'duvida', 'preferir', 'comunicacao', 'agil', 'pode', 'chamar', 'nosso', 'whatsapp']",danuza bem pode informar aqui duvida preferir comunicacao agil pode chamar nosso whatsapp,False,False
6d1cde75a5fdf227,,oiee bom dia,saudacao,raw,nan,False,original,train,,cliente,oiee bom dia,['oiee'],oiee,False,False
9c81235b67ef22cf,,ola como vai muito prazer meu nome a c ana e trabalho aqui no curadobia na o sei se recordam pora c m conversamos no primeiro semestre do ano passado <num> sobre esse projeto da bia paes de barros desde la evoluamos bastante e estamos concretizados como um marketplace em potencial crescimento queremos compartilhar com vocaas nosso site para darem uma olhada curadobia com br ainda temos a toruss em foco o que acham de retomarmos contato aguardo vocaas,saudacao,raw,nan,False,original,train,,cliente,ola como vai muito prazer meu nome a c ana e trabalho aqui no curadobia na o sei se recordam pora c m conversamos no primeiro semestre do ano passado num sobre esse projeto da bia paes de barros desde la evoluamos bastante e estamos concretizados como um marketplace em potencial crescimento queremos compartilhar com vocaas nosso site para darem uma olhada curadobia com br ainda temos a toruss em foco o que acham de retomarmos contato aguardo vocaas,"['ola', 'vai', 'muito', 'prazer', 'nome', 'trabalho', 'aqui', 'sei', 'recordam', 'pora', 'conversamos', 'primeiro', 'semestre', 'ano', 'passado', 'projeto', 'paes', 'barros', 'desde', 'evoluamos', 'bastante', 'concretizados', 'marketplace', 'potencial', 'crescimento', 'queremos', 'compartilhar', 'vocaas', 'nosso', 'site', 'darem', 'olhada', 'ainda', 'temos', 'toruss', 'foco', 'acham', 'retomarmos', 'contato', 'aguardo', 'vocaas']",ola vai muito prazer nome trabalho aqui sei recordam pora conversamos primeiro semestre ano passado projeto paes barros desde evoluamos bastante concretizados marketplace potencial crescimento queremos compartilhar vocaas nosso site darem olhada ainda temos toruss foco acham retomarmos contato aguardo vocaas,True,False
b120609667b9705d,,ola que bom que vocaa se interessou por na <num> s muito bom receber tua mensagem joana infelizmente essa cala a na o esta no curadobia e a c acervo pessoal da bia mesmod esse video tem a finalidade de apresentar as nossas camisas d esperamos que goste,saudacao,raw,nan,False,original,train,,cliente,ola que bom que vocaa se interessou por na num s muito bom receber tua mensagem joana infelizmente essa cala a na o esta no curadobia e a c acervo pessoal da bia mesmod esse video tem a finalidade de apresentar as nossas camisas d esperamos que goste,"['ola', 'vocaa', 'interessou', 'muito', 'receber', 'tua', 'mensagem', 'joana', 'infelizmente', 'cala', 'acervo', 'pessoal', 'mesmod', 'video', 'finalidade', 'apresentar', 'nossas', 'camisas', 'esperamos', 'goste']",ola vocaa interessou muito receber tua mensagem joana infelizmente cala acervo pessoal mesmod video finalidade apresentar nossas camisas esperamos goste,False,False
d4632763f9c00b53,,oi karyna bom dia vimos que voce mandou as mesmas mensagens pelo nosso whatsapp vamos dar seguimento por la entao tudo bem obrigada,saudacao,raw,nan,False,original,train,,cliente,oi karyna bom dia vimos que voce mandou as mesmas mensagens pelo nosso whatsapp vamos dar seguimento por la entao tudo bem obrigada,"['karyna', 'vimos', 'voce', 'mandou', 'mesmas', 'mensagens', 'nosso', 'whatsapp', 'vamos', 'dar', 'seguimento', 'entao', 'bem']",karyna vimos voce mandou mesmas mensagens nosso whatsapp vamos dar seguimento entao bem,False,False
20775430b4977425,,obrigada pelo prestigio foi incrivel te ter de pertinho ontem,saudacao,raw,nan,False,original,train,,cliente,obrigada pelo prestigio foi incrivel te ter de pertinho ontem,"['prestigio', 'incrivel', 'pertinho', 'ontem']",prestigio incrivel pertinho ontem,False,False
1c073a649059f2bc,,ola boa tarde silvana tudo bem obrigada pela sua mensagem a nossa pantalona jeans esta saindo por r <num> <num> qualquer coisa estamos aqui,saudacao,raw,nan,False,original,train,,cliente,ola boa tarde silvana tudo bem obrigada pela sua mensagem a nossa pantalona jeans esta saindo por r num num qualquer coisa estamos aqui,"['ola', 'silvana', 'bem', 'mensagem', 'nossa', 'pantalona', 'jeans', 'saindo', 'qualquer', 'coisa', 'aqui']",ola silvana bem mensagem nossa pantalona jeans saindo qualquer coisa aqui,False,False
3fbc037fa36f14b8,,ola bia sou a daniela e gostaria de apresentar minha marca pra vc a queens gate minha socia e eu ja te acompanhamos tem um bom tempo e somos muito fas a sua curadoria com seus neutros com tcharanz reforcou a vontade de apresentar o conceito da nossa marca pra vc vamos completar <num> ano em agosto e adorariamos um bate papo com vc pra contar nossa historia e nossos planos moro em londres e minha socia em sp e vou deixar meu whatsapp pessoal por conta do fuso aqui e mando o link do nosso insta pra vc dar uma olhadinha obrigada <num> <num> <num> <num>,saudacao,raw,nan,False,original,train,,cliente,ola bia sou a daniela e gostaria de apresentar minha marca pra vc a queens gate minha socia e eu ja te acompanhamos tem um bom tempo e somos muito fas a sua curadoria com seus neutros com tcharanz reforcou a vontade de apresentar o conceito da nossa marca pra vc vamos completar num ano em agosto e adorariamos um bate papo com vc pra contar nossa historia e nossos planos moro em londres e minha socia em sp e vou deixar meu whatsapp pessoal por conta do fuso aqui e mando o link do nosso insta pra vc dar uma olhadinha obrigada num num num num,"['ola', 'sou', 'daniela', 'gostaria', 'apresentar', 'marca', 'queens', 'gate', 'socia', 'acompanhamos', 'tempo', 'somos', 'muito', 'fas', 'curadoria', 'seus', 'neutros', 'tcharanz', 'reforcou', 'vontade', 'apresentar', 'conceito', 'nossa', 'marca', 'vamos', 'completar', 'ano', 'agosto', 'adorariamos', 'bate', 'papo', 'contar', 'nossa', 'historia', 'nossos', 'planos', 'moro', 'londres', 'socia', 'deixar', 'whatsapp', 'pessoal', 'conta', 'fuso', 'aqui', 'mando', 'link', 'nosso', 'insta', 'dar', 'olhadinha']",ola sou daniela gostaria apresentar marca queens gate socia acompanhamos tempo somos muito fas curadoria seus neutros tcharanz reforcou vontade apresentar conceito nossa marca vamos completar ano agosto adorariamos bate papo contar nossa historia nossos planos moro londres socia deixar whatsapp pessoal conta fuso aqui mando link nosso insta dar olhadinha,False,False
ddbcf7322de7b830,,ola maria luiza td bem obrigada pelo seu interesse a sandalia a c feita de um material ela stico que parece um neoprene para trazer conforto e se moldar nos pa c s d,saudacao,raw,nan,False,original,train,,cliente,ola maria luiza td bem obrigada pelo seu interesse a sandalia a c feita de um material ela stico que parece um neoprene para trazer conforto e se moldar nos pa c s d,"['ola', 'maria', 'luiza', 'bem', 'seu', 'interesse', 'sandalia', 'feita', 'material', 'stico', 'parece', 'neoprene', 'trazer', 'conforto', 'moldar']",ola maria luiza bem seu interesse sandalia feita material stico parece neoprene trazer conforto moldar,False,False
a90aa9c26e6e5c02,,oi julia tudo bem essa e da egrey mais antiga estamos a poucos dias de lancar novos modelos de jeans de uma nova marca que entrara no curadobia assim que lancarmos te mandamos aqui,saudacao,raw,nan,False,original,train,,cliente,oi julia tudo bem essa e da egrey mais antiga estamos a poucos dias de lancar novos modelos de jeans de uma nova marca que entrara no curadobia assim que lancarmos te mandamos aqui,"['julia', 'bem', 'egrey', 'antiga', 'poucos', 'dias', 'lancar', 'novos', 'modelos', 'jeans', 'nova', 'marca', 'entrara', 'assim', 'lancarmos', 'mandamos', 'aqui']",julia bem egrey antiga poucos dias lancar novos modelos jeans nova marca entrara assim lancarmos mandamos aqui,False,False
3d0f0e254c9e9a16,,oi gabriela tudo bem ana aqui do time do curadobia estavamos passando por algumas instabilidades mas acredito que agora ja esta tudo resolvido te encaminho aqui o site para ficar mais facil o acesso,saudacao,raw,nan,False,original,train,,cliente,oi gabriela tudo bem ana aqui do time do curadobia estavamos passando por algumas instabilidades mas acredito que agora ja esta tudo resolvido te encaminho aqui o site para ficar mais facil o acesso,"['gabriela', 'bem', 'aqui', 'time', 'estavamos', 'passando', 'algumas', 'instabilidades', 'acredito', 'agora', 'resolvido', 'encaminho', 'aqui', 'site', 'ficar', 'facil', 'acesso']",gabriela bem aqui time estavamos passando algumas instabilidades acredito agora resolvido encaminho aqui site ficar facil acesso,False,False
d402376412f26773,,ola carol td bem e vc pode nos enviar para contato curadobia <user> com,saudacao,raw,nan,False,original,train,,cliente,ola carol td bem e vc pode nos enviar para contato curadobia user com,"['ola', 'carol', 'bem', 'pode', 'enviar', 'contato', 'user']",ola carol bem pode enviar contato user,False,False
51faafe794b82097,,bia voce acaba comigo com tantas coisas lindas do curadobia queria muito que tivesse frete internacional canada eu fico aqui babando,saudacao,raw,nan,False,original,train,,cliente,bia voce acaba comigo com tantas coisas lindas do curadobia queria muito que tivesse frete internacional canada eu fico aqui babando,"['voce', 'acaba', 'comigo', 'tantas', 'coisas', 'lindas', 'muito', 'tivesse', 'frete', 'internacional', 'canada', 'fico', 'aqui', 'babando']",voce acaba comigo tantas coisas lindas muito tivesse frete internacional canada fico aqui babando,False,False
9c9daffaa8fd814e,,ola obrigada qual a previsa o de entrega,saudacao,raw,nan,False,original,train,,cliente,ola obrigada qual a previsa o de entrega,"['ola', 'previsa', 'entrega']",ola previsa entrega,False,False
e841bc7912dea52e,,oi bia sou erika dos <user> gostaria de saber como voce trabalha em relacao a promocao de produtos meus brincos sao autorais e os fabrico a <num> anos a producao e <num> nacional fabricamos desde a liga do metal ate o banho de ouro <num> k nossos brincos sao todos bordados a mao com um finissimo arame de cobre e depois banhado a ouro espero seu contato obrigada,saudacao,raw,nan,False,original,train,,cliente,oi bia sou erika dos user gostaria de saber como voce trabalha em relacao a promocao de produtos meus brincos sao autorais e os fabrico a num anos a producao e num nacional fabricamos desde a liga do metal ate o banho de ouro num k nossos brincos sao todos bordados a mao com um finissimo arame de cobre e depois banhado a ouro espero seu contato obrigada,"['sou', 'erika', 'user', 'gostaria', 'saber', 'voce', 'trabalha', 'relacao', 'promocao', 'produtos', 'brincos', 'sao', 'autorais', 'fabrico', 'anos', 'producao', 'nacional', 'fabricamos', 'desde', 'liga', 'metal', 'ate', 'banho', 'ouro', 'nossos', 'brincos', 'sao', 'todos', 'bordados', 'mao', 'finissimo', 'arame', 'cobre', 'depois', 'banhado', 'ouro', 'espero', 'seu', 'contato']",sou erika user gostaria saber voce trabalha relacao promocao produtos brincos sao autorais fabrico anos producao nacional fabricamos desde liga metal ate banho ouro nossos brincos sao todos bordados mao finissimo arame cobre depois banhado ouro espero seu contato,False,False
8b1bed03d58760df,,ola meninas seguem meus contatos <num> <num> <num> <num> daniela masson <user> com muito bom falar com vcs ontem obrigada falamos na sequaancia por whatsapp d,saudacao,raw,nan,False,original,train,,cliente,ola meninas seguem meus contatos num num num num daniela masson user com muito bom falar com vcs ontem obrigada falamos na sequaancia por whatsapp d,"['ola', 'meninas', 'seguem', 'contatos', 'daniela', 'masson', 'user', 'muito', 'falar', 'vcs', 'ontem', 'falamos', 'sequaancia', 'whatsapp']",ola meninas seguem contatos daniela masson user muito falar vcs ontem falamos sequaancia whatsapp,False,False
b3b52c0f55503009,,ola julienne bom dia tudo bem que bom receber sua mensagem eu me chamo ana e sou do time curadobia,saudacao,raw,nan,False,original,train,,cliente,ola julienne bom dia tudo bem que bom receber sua mensagem eu me chamo ana e sou do time curadobia,"['ola', 'julienne', 'bem', 'receber', 'mensagem', 'chamo', 'sou', 'time']",ola julienne bem receber mensagem chamo sou time,False,False
904eb62f578a84ba,,ola vcs tem uma tabela de medidas para essa calca amei e gostaria de escolher o tamanho certo visto <num> e tenho <num> <num> de quadril entao nao tenho certeza do p ou m poderiam me ajudar no aguardo grata adriana baggio,saudacao,raw,nan,False,original,train,,cliente,ola vcs tem uma tabela de medidas para essa calca amei e gostaria de escolher o tamanho certo visto num e tenho num num de quadril entao nao tenho certeza do p ou m poderiam me ajudar no aguardo grata adriana baggio,"['ola', 'vcs', 'tabela', 'medidas', 'calca', 'amei', 'gostaria', 'escolher', 'tamanho', 'certo', 'visto', 'tenho', 'quadril', 'entao', 'nao', 'tenho', 'certeza', 'poderiam', 'ajudar', 'aguardo', 'grata', 'adriana', 'baggio']",ola vcs tabela medidas calca amei gostaria escolher tamanho certo visto tenho quadril entao nao tenho certeza poderiam ajudar aguardo grata adriana baggio,True,False
96699a775ce1c3e9,,oi renata boa tarde ana aqui voce conseguiu dar uma olhada nas opcoes que te mandei qualquer coisa sigo aqui para o que voce precisar ta,saudacao,raw,nan,False,original,train,,cliente,oi renata boa tarde ana aqui voce conseguiu dar uma olhada nas opcoes que te mandei qualquer coisa sigo aqui para o que voce precisar ta,"['renata', 'aqui', 'voce', 'conseguiu', 'dar', 'olhada', 'opcoes', 'mandei', 'qualquer', 'coisa', 'sigo', 'aqui', 'voce', 'precisar']",renata aqui voce conseguiu dar olhada opcoes mandei qualquer coisa sigo aqui voce precisar,False,False
c80f982c4f5dcb0a,,colar,saudacao,raw,nan,False,original,train,,cliente,colar,['colar'],colar,False,False
a9472a1d1e69e434,,oi bia tudo bem adorei a <user> o nome ficou demais e claro ja fui olhar as pecas nao localizei tabela de medidas porem pelo tamanho das pecas que vc veste o g provavelmente nao vai caber em mim uso <num> <num> a depender da confeccao pense com carinho em fazer uma curadoria para tamanhos normais desejo muito sucesso nessa nova empreitada que deus te abencoe bjos,saudacao,raw,nan,False,original,train,,cliente,oi bia tudo bem adorei a user o nome ficou demais e claro ja fui olhar as pecas nao localizei tabela de medidas porem pelo tamanho das pecas que vc veste o g provavelmente nao vai caber em mim uso num num a depender da confeccao pense com carinho em fazer uma curadoria para tamanhos normais desejo muito sucesso nessa nova empreitada que deus te abencoe bjos,"['bem', 'adorei', 'user', 'nome', 'ficou', 'demais', 'claro', 'fui', 'olhar', 'pecas', 'nao', 'localizei', 'tabela', 'medidas', 'porem', 'tamanho', 'pecas', 'veste', 'provavelmente', 'nao', 'vai', 'caber', 'mim', 'uso', 'depender', 'confeccao', 'pense', 'carinho', 'fazer', 'curadoria', 'tamanhos', 'normais', 'desejo', 'muito', 'sucesso', 'nessa', 'nova', 'empreitada', 'deus', 'abencoe', 'bjos']",bem adorei user nome ficou demais claro fui olhar pecas nao localizei tabela medidas porem tamanho pecas veste provavelmente nao vai caber mim uso depender confeccao pense carinho fazer curadoria tamanhos normais desejo muito sucesso nessa nova empreitada deus abencoe bjos,True,False
bfb7cddcebf5c6bb,,oi maria tudo bem bom dia nosso evento e exclusivo para nossas clientes conhecerem o mix de perto e ocorre duas vezes ao ano o proximo sera em novembro te esperamos,saudacao,raw,nan,False,original,train,,cliente,oi maria tudo bem bom dia nosso evento e exclusivo para nossas clientes conhecerem o mix de perto e ocorre duas vezes ao ano o proximo sera em novembro te esperamos,"['maria', 'bem', 'nosso', 'evento', 'exclusivo', 'nossas', 'clientes', 'conhecerem', 'mix', 'perto', 'ocorre', 'duas', 'vezes', 'ano', 'proximo', 'sera', 'novembro', 'esperamos']",maria bem nosso evento exclusivo nossas clientes conhecerem mix perto ocorre duas vezes ano proximo sera novembro esperamos,False,False
c94489ce5f07602e,,boa noite havera reposicao da saia unica preta no tamanho <num>,saudacao,raw,nan,False,original,train,,cliente,boa noite havera reposicao da saia unica preta no tamanho num,"['havera', 'reposicao', 'saia', 'unica', 'preta', 'tamanho']",havera reposicao saia unica preta tamanho,True,False
f47b7ec5f3758c7b,,bom dia,saudacao,raw,nan,False,original,train,,cliente,bom dia,[],,False,False
574f6a6e41b81b53,,bom dia beatriz tudo bem obrigada por ter entrado em contato conosco vamos te encaminhar uma mensagem pelo nosso whatsapp oficial edited,saudacao,raw,nan,False,original,train,,cliente,bom dia beatriz tudo bem obrigada por ter entrado em contato conosco vamos te encaminhar uma mensagem pelo nosso whatsapp oficial edited,"['beatriz', 'bem', 'entrado', 'contato', 'conosco', 'vamos', 'encaminhar', 'mensagem', 'nosso', 'whatsapp', 'oficial', 'edited']",beatriz bem entrado contato conosco vamos encaminhar mensagem nosso whatsapp oficial edited,False,False
e5a799de803ed3fc,,mas temos varias opcoes qualquer coisa sigo aqui para te auxiliar,saudacao,raw,nan,False,original,train,,cliente,mas temos varias opcoes qualquer coisa sigo aqui para te auxiliar,"['temos', 'varias', 'opcoes', 'qualquer', 'coisa', 'sigo', 'aqui', 'auxiliar']",temos varias opcoes qualquer coisa sigo aqui auxiliar,False,False
506669ce6c70c902,,ola amanda bom dia pea o desculpas pela demora mas o nosso pessoa ta c cnico ainda na o conseguiu simular um erro igual ao que ocorreu com voce por isso a demora em lhe retornar,saudacao,raw,nan,False,original,train,,cliente,ola amanda bom dia pea o desculpas pela demora mas o nosso pessoa ta c cnico ainda na o conseguiu simular um erro igual ao que ocorreu com voce por isso a demora em lhe retornar,"['ola', 'amanda', 'pea', 'desculpas', 'demora', 'nosso', 'pessoa', 'cnico', 'ainda', 'conseguiu', 'simular', 'erro', 'igual', 'ocorreu', 'voce', 'demora', 'lhe', 'retornar']",ola amanda pea desculpas demora nosso pessoa cnico ainda conseguiu simular erro igual ocorreu voce demora lhe retornar,False,False
aa3f5b045b16604b,,ola bom dia sheila tudo bem que bom que gostou do nosso macacao cool nos temos ele nos tamanhos <num> <num> <num> e <num> vou te encaminhar o link dele para que possa visualizar no nosso site <url>,saudacao,raw,nan,False,original,train,,cliente,ola bom dia sheila tudo bem que bom que gostou do nosso macacao cool nos temos ele nos tamanhos num num num e num vou te encaminhar o link dele para que possa visualizar no nosso site url,"['ola', 'sheila', 'bem', 'gostou', 'nosso', 'macacao', 'cool', 'temos', 'tamanhos', 'encaminhar', 'link', 'possa', 'visualizar', 'nosso', 'site', 'url']",ola sheila bem gostou nosso macacao cool temos tamanhos encaminhar link possa visualizar nosso site url,True,False
79f01b8fdd0ffaee,,oie essa cala a vai ter reposia a o na curadoria,saudacao,raw,nan,False,original,train,,cliente,oie essa cala a vai ter reposia a o na curadoria,"['oie', 'cala', 'vai', 'reposia', 'curadoria']",oie cala vai reposia curadoria,False,False
379fd4301b66c684,,ola tudo bem que bom receber sua mensagem meu nome e ana e sou do time curadobia com relacao a sua duvida conversei com a propria bia e ela nos informou que volumes tambem podem funcionar para quem esta um pouco acima desde que tenha um pouco de pele de fora para trazer leveza,saudacao,raw,nan,False,original,train,,cliente,ola tudo bem que bom receber sua mensagem meu nome e ana e sou do time curadobia com relacao a sua duvida conversei com a propria bia e ela nos informou que volumes tambem podem funcionar para quem esta um pouco acima desde que tenha um pouco de pele de fora para trazer leveza,"['ola', 'bem', 'receber', 'mensagem', 'nome', 'sou', 'time', 'relacao', 'duvida', 'conversei', 'propria', 'informou', 'volumes', 'tambem', 'podem', 'funcionar', 'quem', 'pouco', 'acima', 'desde', 'tenha', 'pouco', 'pele', 'fora', 'trazer', 'leveza']",ola bem receber mensagem nome sou time relacao duvida conversei propria informou volumes tambem podem funcionar quem pouco acima desde tenha pouco pele fora trazer leveza,False,False
28fd74da573c20f2,,ola por favor algum retorno,saudacao,raw,nan,False,original,train,,cliente,ola por favor algum retorno,"['ola', 'favor', 'algum', 'retorno']",ola favor algum retorno,False,False
6ad7d4b5b545f4d1,,bom dia sou a gianina marques mineira mae e autora de joias artesanais gostaria de deixar meu insta para vcs conhecerem minhas joias feita com carinho e totalmente exclusiva aguardo o retorno de vcs q tem tanto conhecimento na area desde ja obrigada <user>,saudacao,raw,nan,False,original,train,,cliente,bom dia sou a gianina marques mineira mae e autora de joias artesanais gostaria de deixar meu insta para vcs conhecerem minhas joias feita com carinho e totalmente exclusiva aguardo o retorno de vcs q tem tanto conhecimento na area desde ja obrigada user,"['sou', 'gianina', 'marques', 'mineira', 'mae', 'autora', 'joias', 'artesanais', 'gostaria', 'deixar', 'insta', 'vcs', 'conhecerem', 'joias', 'feita', 'carinho', 'totalmente', 'exclusiva', 'aguardo', 'retorno', 'vcs', 'tanto', 'conhecimento', 'area', 'desde', 'user']",sou gianina marques mineira mae autora joias artesanais gostaria deixar insta vcs conhecerem joias feita carinho totalmente exclusiva aguardo retorno vcs tanto conhecimento area desde user,False,False
5cfca9074c2ade27,,ola camila td bem segue aqui o link da blusa que voce gostou qualquer duvida estamos a disposicao ok,saudacao,raw,nan,False,original,train,,cliente,ola camila td bem segue aqui o link da blusa que voce gostou qualquer duvida estamos a disposicao ok,"['ola', 'camila', 'bem', 'segue', 'aqui', 'link', 'blusa', 'voce', 'gostou', 'qualquer', 'duvida', 'disposicao']",ola camila bem segue aqui link blusa voce gostou qualquer duvida disposicao,False,False
668560a2df135d96,,ola tudo bem ana e vc que bacana vou passar o whatsapp da maia pode falar com ela por gentileza <num> <num>,saudacao,raw,nan,False,original,train,,cliente,ola tudo bem ana e vc que bacana vou passar o whatsapp da maia pode falar com ela por gentileza num num,"['ola', 'bem', 'bacana', 'passar', 'whatsapp', 'maia', 'pode', 'falar', 'gentileza']",ola bem bacana passar whatsapp maia pode falar gentileza,False,False
b5e52855f66d0931,,ola meninas tudo bem comprei a saia preta da d aura em outubro precisei trocar foram rapidissimos mas so hoje eu soube que nao levaram a sacola com a peca a ser trocada ficou este tempo todo na minha portaria como faco,saudacao,raw,nan,False,original,train,,cliente,ola meninas tudo bem comprei a saia preta da d aura em outubro precisei trocar foram rapidissimos mas so hoje eu soube que nao levaram a sacola com a peca a ser trocada ficou este tempo todo na minha portaria como faco,"['ola', 'meninas', 'bem', 'comprei', 'saia', 'preta', 'aura', 'outubro', 'precisei', 'trocar', 'rapidissimos', 'soube', 'nao', 'levaram', 'sacola', 'peca', 'ser', 'trocada', 'ficou', 'este', 'tempo', 'todo', 'portaria', 'faco']",ola meninas bem comprei saia preta aura outubro precisei trocar rapidissimos soube nao levaram sacola peca ser trocada ficou este tempo todo portaria faco,True,False
9642a6e8b9cd0f99,,oie sa o lindas pora c m aquele modelo foi o que mais me agradou mas tranquilo super obrigada pela atena a o,saudacao,raw,nan,False,original,train,,cliente,oie sa o lindas pora c m aquele modelo foi o que mais me agradou mas tranquilo super obrigada pela atena a o,"['oie', 'lindas', 'pora', 'aquele', 'modelo', 'agradou', 'tranquilo', 'super', 'atena']",oie lindas pora aquele modelo agradou tranquilo super atena,True,False
b436bed27f2288c3,,qualquer coisa seguimos a disposicao por aqui ok,saudacao,raw,nan,False,original,train,,cliente,qualquer coisa seguimos a disposicao por aqui ok,"['qualquer', 'coisa', 'seguimos', 'disposicao', 'aqui']",qualquer coisa seguimos disposicao aqui,False,False
f5e474cf4f26f645,,oi ana tudo bem na a c poca o pessoal da d aura te instruiu que iriam retirar na sua portaria,saudacao,raw,nan,False,original,train,,cliente,oi ana tudo bem na a c poca o pessoal da d aura te instruiu que iriam retirar na sua portaria,"['bem', 'poca', 'pessoal', 'aura', 'instruiu', 'iriam', 'retirar', 'portaria']",bem poca pessoal aura instruiu iriam retirar portaria,False,False
b81f1a7023986542,,oi renata boa tarde aqui a c a ana acredito que te respondi por whatsapp certo qualquer coisa estou por aqui,saudacao,raw,nan,False,original,train,,cliente,oi renata boa tarde aqui a c a ana acredito que te respondi por whatsapp certo qualquer coisa estou por aqui,"['renata', 'aqui', 'acredito', 'respondi', 'whatsapp', 'certo', 'qualquer', 'coisa', 'aqui']",renata aqui acredito respondi whatsapp certo qualquer coisa aqui,False,False
7d4962b09d26208e,,oi talita muito bom receber sua mensagem agradecemos demais o contato e que bacana vocaas terem pensado na gente pora c m nesse momento na <num> s na o estamos trabalhando com produa a o de qualquer forma salvamos o teu contato para futuras oportunidades atenciosamente equipe curadobiad,saudacao,raw,nan,False,original,train,,cliente,oi talita muito bom receber sua mensagem agradecemos demais o contato e que bacana vocaas terem pensado na gente pora c m nesse momento na num s na o estamos trabalhando com produa a o de qualquer forma salvamos o teu contato para futuras oportunidades atenciosamente equipe curadobiad,"['talita', 'muito', 'receber', 'mensagem', 'agradecemos', 'demais', 'contato', 'bacana', 'vocaas', 'terem', 'pensado', 'gente', 'pora', 'nesse', 'momento', 'trabalhando', 'produa', 'qualquer', 'forma', 'salvamos', 'teu', 'contato', 'futuras', 'oportunidades', 'atenciosamente', 'curadobiad']",talita muito receber mensagem agradecemos demais contato bacana vocaas terem pensado gente pora nesse momento trabalhando produa qualquer forma salvamos teu contato futuras oportunidades atenciosamente curadobiad,True,False
edad99145b0cf384,,oi clau tudo bem bom dia aqui a c a ana da equipe do curadobia vimos que vocaa se interessou pelo macaca o no video da bia mas na a c poca ele ainda estava em lana amento boa notacia agora esta disponavel d segue o link abaixo para que vocaa possa dar uma olhada,saudacao,raw,nan,False,original,train,,cliente,oi clau tudo bem bom dia aqui a c a ana da equipe do curadobia vimos que vocaa se interessou pelo macaca o no video da bia mas na a c poca ele ainda estava em lana amento boa notacia agora esta disponavel d segue o link abaixo para que vocaa possa dar uma olhada,"['clau', 'bem', 'aqui', 'vimos', 'vocaa', 'interessou', 'macaca', 'video', 'poca', 'ainda', 'estava', 'lana', 'amento', 'notacia', 'agora', 'disponavel', 'segue', 'link', 'abaixo', 'vocaa', 'possa', 'dar', 'olhada']",clau bem aqui vimos vocaa interessou macaca video poca ainda estava lana amento notacia agora disponavel segue link abaixo vocaa possa dar olhada,False,False
c0a32909ad691c14,,ola bom dia me chamo anelisa e gostaria de confirmar se meu pedido foi realizado nao sei se esse e o canal mais adequado para essa solicitacao mas como nao achei no site um campo para falar com voces decidi vir aqui fiz essa compra ontem pelo site e logo depois de finalizar apareceu uma mensagem dizendo que o pagamento nao estava confirmado no entanto no site diz que o pagamento foi efetuado e nao recebi nenhuma mensagem do banco dizendo que o pagamento foi negado alem disso tambem nao recebi um e mail com os dados do pedido muito obrigada desde ja,saudacao,raw,nan,False,original,train,,cliente,ola bom dia me chamo anelisa e gostaria de confirmar se meu pedido foi realizado nao sei se esse e o canal mais adequado para essa solicitacao mas como nao achei no site um campo para falar com voces decidi vir aqui fiz essa compra ontem pelo site e logo depois de finalizar apareceu uma mensagem dizendo que o pagamento nao estava confirmado no entanto no site diz que o pagamento foi efetuado e nao recebi nenhuma mensagem do banco dizendo que o pagamento foi negado alem disso tambem nao recebi um e mail com os dados do pedido muito obrigada desde ja,"['ola', 'chamo', 'anelisa', 'gostaria', 'confirmar', 'pedido', 'realizado', 'nao', 'sei', 'canal', 'adequado', 'solicitacao', 'nao', 'achei', 'site', 'campo', 'falar', 'decidi', 'vir', 'aqui', 'fiz', 'compra', 'ontem', 'site', 'logo', 'depois', 'finalizar', 'apareceu', 'mensagem', 'dizendo', 'pagamento', 'nao', 'estava', 'confirmado', 'entanto', 'site', 'diz', 'pagamento', 'efetuado', 'nao', 'recebi', 'nenhuma', 'mensagem', 'banco', 'dizendo', 'pagamento', 'negado', 'alem', 'disso', 'tambem', 'nao', 'recebi', 'mail', 'dados', 'pedido', 'muito', 'desde']",ola chamo anelisa gostaria confirmar pedido realizado nao sei canal adequado solicitacao nao achei site campo falar decidi vir aqui fiz compra ontem site logo depois finalizar apareceu mensagem dizendo pagamento nao estava confirmado entanto site diz pagamento efetuado nao recebi nenhuma mensagem banco dizendo pagamento negado alem disso tambem nao recebi mail dados pedido muito desde,False,False
0af874e598a24b33,,ola bom dia sou muito fa da bia mas nunca comprei no curadoria uma duvida como faco para escolher um tamanho com mais seguranca tem uma tabela de medidas para servir de referencia obrigada,saudacao,raw,nan,False,original,train,,cliente,ola bom dia sou muito fa da bia mas nunca comprei no curadoria uma duvida como faco para escolher um tamanho com mais seguranca tem uma tabela de medidas para servir de referencia obrigada,"['ola', 'sou', 'muito', 'nunca', 'comprei', 'curadoria', 'duvida', 'faco', 'escolher', 'tamanho', 'seguranca', 'tabela', 'medidas', 'servir', 'referencia']",ola sou muito nunca comprei curadoria duvida faco escolher tamanho seguranca tabela medidas servir referencia,True,False
ef5170dc5155b753,,oi mari bom dia tudo bem infelizmente essa cala a na o teremos mais reposia a o no curadobia mas estamos com diversas novidades no site qualquer coisa sigo aqui para o que vocaa precisar,saudacao,raw,nan,False,original,train,,cliente,oi mari bom dia tudo bem infelizmente essa cala a na o teremos mais reposia a o no curadobia mas estamos com diversas novidades no site qualquer coisa sigo aqui para o que vocaa precisar,"['mari', 'bem', 'infelizmente', 'cala', 'teremos', 'reposia', 'diversas', 'novidades', 'site', 'qualquer', 'coisa', 'sigo', 'aqui', 'vocaa', 'precisar']",mari bem infelizmente cala teremos reposia diversas novidades site qualquer coisa sigo aqui vocaa precisar,False,False
6ca35978f30c4871,,ola bom dia tudo bem obrigada pela mensagem conferimos aqui e aparentou estar tudo certo aproveito para mandar o link por aqui,saudacao,raw,nan,False,original,train,,cliente,ola bom dia tudo bem obrigada pela mensagem conferimos aqui e aparentou estar tudo certo aproveito para mandar o link por aqui,"['ola', 'bem', 'mensagem', 'conferimos', 'aqui', 'aparentou', 'estar', 'certo', 'aproveito', 'mandar', 'link', 'aqui']",ola bem mensagem conferimos aqui aparentou estar certo aproveito mandar link aqui,False,False
d916808ed4cb3896,,boa tarde estava previsto pra chegar hoje minha encomenda porem nada foi entregue,saudacao,raw,nan,False,original,train,,cliente,boa tarde estava previsto pra chegar hoje minha encomenda porem nada foi entregue,"['estava', 'previsto', 'chegar', 'encomenda', 'porem', 'nada', 'entregue']",estava previsto chegar encomenda porem nada entregue,False,False
311f3c82b7e82712,,mas a experiaancia de compra na o foi legal,saudacao,raw,nan,False,original,train,,cliente,mas a experiaancia de compra na o foi legal,"['experiaancia', 'compra', 'legal']",experiaancia compra legal,False,False
ab6c114f2e154b02,,oi daniela que bacana muito obrigada por acompanharem e curtirem meu trabalho,saudacao,raw,nan,False,original,train,,cliente,oi daniela que bacana muito obrigada por acompanharem e curtirem meu trabalho,"['daniela', 'bacana', 'muito', 'acompanharem', 'curtirem', 'trabalho']",daniela bacana muito acompanharem curtirem trabalho,False,False
c95cac15f1c2da97,,ola dany boa tarde tudo bem sim e com vocaa pea o desculpas por essa demora estou verificando sobre porque ainda na o foi dada sequaancia na troca o processo interno nosso ja foi encaminhado com a troca para o tamanho p,saudacao,raw,nan,False,original,train,,cliente,ola dany boa tarde tudo bem sim e com vocaa pea o desculpas por essa demora estou verificando sobre porque ainda na o foi dada sequaancia na troca o processo interno nosso ja foi encaminhado com a troca para o tamanho p,"['ola', 'dany', 'bem', 'vocaa', 'pea', 'desculpas', 'demora', 'verificando', 'ainda', 'dada', 'sequaancia', 'troca', 'processo', 'interno', 'nosso', 'encaminhado', 'troca', 'tamanho']",ola dany bem vocaa pea desculpas demora verificando ainda dada sequaancia troca processo interno nosso encaminhado troca tamanho,True,False
49c70b2b4986f9c1,,uma coisa de lindo,saudacao,raw,nan,False,original,train,,cliente,uma coisa de lindo,"['coisa', 'lindo']",coisa lindo,False,False
cbb94aba47a8300f,,ola dany boa tarde tudo bem sim e com voce peco desculpas por essa demora estou verificando sobre porque ainda nao foi dada sequencia na troca o processo interno nosso ja foi encaminhado com a troca para o tamanho p,saudacao,raw,nan,False,original,train,,cliente,ola dany boa tarde tudo bem sim e com voce peco desculpas por essa demora estou verificando sobre porque ainda nao foi dada sequencia na troca o processo interno nosso ja foi encaminhado com a troca para o tamanho p,"['ola', 'dany', 'bem', 'voce', 'peco', 'desculpas', 'demora', 'verificando', 'ainda', 'nao', 'dada', 'sequencia', 'troca', 'processo', 'interno', 'nosso', 'encaminhado', 'troca', 'tamanho']",ola dany bem voce peco desculpas demora verificando ainda nao dada sequencia troca processo interno nosso encaminhado troca tamanho,True,False
28ae6c40940cbed8,,qual seu e mail que ai envio um invite,saudacao,raw,nan,False,original,train,,cliente,qual seu e mail que ai envio um invite,"['seu', 'mail', 'envio', 'invite']",seu mail envio invite,False,False
d53afccae99c946a,,oie em breve trarei uma curadobia de bolsas por aqui tmb,saudacao,raw,nan,False,original,train,,cliente,oie em breve trarei uma curadobia de bolsas por aqui tmb,"['oie', 'breve', 'trarei', 'bolsas', 'aqui', 'tmb']",oie breve trarei bolsas aqui tmb,False,False
6aa9f840acbee03a,,bom dia gostei da calca vai ter no site obrigada,saudacao,raw,nan,False,original,train,,cliente,bom dia gostei da calca vai ter no site obrigada,"['gostei', 'calca', 'vai', 'site']",gostei calca vai site,False,False
7857c880bfb89cd5,,como uma cratica construtiva vcs deveriam mandar um e mail para confirmar o pedido compro bastante on line e sempre vem o e mail do status do pedido o cliente fica mais seguro da compra,status_pedido,raw,nan,False,original,train,,cliente,como uma cratica construtiva vcs deveriam mandar um e mail para confirmar o pedido compro bastante on line e sempre vem o e mail do status do pedido o cliente fica mais seguro da compra,"['cratica', 'construtiva', 'vcs', 'deveriam', 'mandar', 'mail', 'confirmar', 'pedido', 'compro', 'bastante', 'line', 'sempre', 'vem', 'mail', 'status', 'pedido', 'cliente', 'fica', 'seguro', 'compra']",cratica construtiva vcs deveriam mandar mail confirmar pedido compro bastante line sempre vem mail status pedido cliente fica seguro compra,True,False
4b840a158b798b2f,,como uma critica construtiva vcs deveriam mandar um e mail para confirmar o pedido compro bastante on line e sempre vem o e mail do status do pedido o cliente fica mais seguro da compra,status_pedido,raw,nan,False,original,train,,cliente,como uma critica construtiva vcs deveriam mandar um e mail para confirmar o pedido compro bastante on line e sempre vem o e mail do status do pedido o cliente fica mais seguro da compra,"['critica', 'construtiva', 'vcs', 'deveriam', 'mandar', 'mail', 'confirmar', 'pedido', 'compro', 'bastante', 'line', 'sempre', 'vem', 'mail', 'status', 'pedido', 'cliente', 'fica', 'seguro', 'compra']",critica construtiva vcs deveriam mandar mail confirmar pedido compro bastante line sempre vem mail status pedido cliente fica seguro compra,True,False
3f0d4a1f96c94442,,mas tmb lancarei um aprograma online de estilo pessoala que podera ser baixado por aqui tmb,styling_sugestao_look,raw,nan,False,original,train,,cliente,mas tmb lancarei um aprograma online de estilo pessoala que podera ser baixado por aqui tmb,"['tmb', 'lancarei', 'aprograma', 'online', 'estilo', 'pessoala', 'podera', 'ser', 'baixado', 'aqui', 'tmb']",tmb lancarei aprograma online estilo pessoala podera ser baixado aqui tmb,False,False
9d3177ec3defceb7,,muito estilo,styling_sugestao_look,raw,nan,False,original,train,,cliente,muito estilo,"['muito', 'estilo']",muito estilo,False,False
e1fa19c8b69030d3,,deixa eu tirar outra duvida vc faz consultoria de imagem estilo tb se sim como funciona,styling_sugestao_look,raw,nan,False,original,train,,cliente,deixa eu tirar outra duvida vc faz consultoria de imagem estilo tb se sim como funciona,"['deixa', 'tirar', 'outra', 'duvida', 'faz', 'consultoria', 'estilo', 'funciona']",deixa tirar outra duvida faz consultoria estilo funciona,False,False
0c6f536904e4f146,,mas tmb lancarei um programa online de estilo pessoal que podera ser baixado por aqui tmb,styling_sugestao_look,raw,nan,False,original,train,,cliente,mas tmb lancarei um programa online de estilo pessoal que podera ser baixado por aqui tmb,"['tmb', 'lancarei', 'programa', 'online', 'estilo', 'pessoal', 'podera', 'ser', 'baixado', 'aqui', 'tmb']",tmb lancarei programa online estilo pessoal podera ser baixado aqui tmb,False,False
050bbf67d40543a4,,estilo,styling_sugestao_look,raw,nan,False,original,train,,cliente,estilo,['estilo'],estilo,False,False
69cfd52cb8d85bda,,bia tudo bem tenho uma festa bem legal e o traje a c black and white pensei na blusa pah mas queria saber se o tecido fica vistoso e se vocaa recomenda alguma cala a mais festa para combinar beijos julie,styling_sugestao_look,raw,nan,False,original,train,,cliente,bia tudo bem tenho uma festa bem legal e o traje a c black and white pensei na blusa pah mas queria saber se o tecido fica vistoso e se vocaa recomenda alguma cala a mais festa para combinar beijos julie,"['bem', 'tenho', 'festa', 'bem', 'legal', 'traje', 'black', 'and', 'white', 'pensei', 'blusa', 'pah', 'saber', 'tecido', 'fica', 'vistoso', 'vocaa', 'recomenda', 'alguma', 'cala', 'festa', 'combinar', 'beijos', 'julie']",bem tenho festa bem legal traje black and white pensei blusa pah saber tecido fica vistoso vocaa recomenda alguma cala festa combinar beijos julie,True,True
95e4d8bf4675d13c,,a modelagem a c grande pode ser tam <num>,tamanho_modelagem,raw,nan,False,original,train,,cliente,a modelagem a c grande pode ser tam num,"['modelagem', 'grande', 'pode', 'ser', 'tam']",modelagem grande pode ser tam,False,False
1dc76f9980309c8c,,pora c m a c interessante frisar que a modelagem da cala a a c uma cintura no lugar nem cintura baixa e nem cintura alta,tamanho_modelagem,raw,nan,False,original,train,,cliente,pora c m a c interessante frisar que a modelagem da cala a a c uma cintura no lugar nem cintura baixa e nem cintura alta,"['pora', 'interessante', 'frisar', 'modelagem', 'cala', 'cintura', 'lugar', 'nem', 'cintura', 'baixa', 'nem', 'cintura', 'alta']",pora interessante frisar modelagem cala cintura lugar nem cintura baixa nem cintura alta,True,False
0e7b23f1d991b264,,todas as pea as da mybasic e da lounge <num> possuem uma ampla grade <url> <url> os produtos da cecilia possuem uma modelagem mais ampla <url> alguns dos produtos da nauanin chegam ata c a numeraa a o xxgg equivalendo a um <num> <url>,tamanho_modelagem,raw,nan,False,original,train,,cliente,todas as pea as da mybasic e da lounge num possuem uma ampla grade url url os produtos da cecilia possuem uma modelagem mais ampla url alguns dos produtos da nauanin chegam ata c a numeraa a o xxgg equivalendo a um num url,"['todas', 'pea', 'mybasic', 'lounge', 'possuem', 'ampla', 'grade', 'url', 'url', 'produtos', 'cecilia', 'possuem', 'modelagem', 'ampla', 'url', 'alguns', 'produtos', 'nauanin', 'chegam', 'ata', 'numeraa', 'xxgg', 'equivalendo', 'url']",todas pea mybasic lounge possuem ampla grade url url produtos cecilia possuem modelagem ampla url alguns produtos nauanin chegam ata numeraa xxgg equivalendo url,False,False
9ca7f7d908145dea,,modelagem,tamanho_modelagem,raw,nan,False,original,train,,cliente,modelagem,['modelagem'],modelagem,False,False
4ea5f00a4274319b,,fiz uma compra de um casaco com vcs e na o vestiu bem gostaria de trocar por uma cala a fresquinha tamanho m,troca_devolucao,raw,nan,False,original,train,,cliente,fiz uma compra de um casaco com vcs e na o vestiu bem gostaria de trocar por uma cala a fresquinha tamanho m,"['fiz', 'compra', 'casaco', 'vcs', 'vestiu', 'bem', 'gostaria', 'trocar', 'cala', 'fresquinha', 'tamanho']",fiz compra casaco vcs vestiu bem gostaria trocar cala fresquinha tamanho,True,False
7975bf968c9255b2,,sem problemas mari apenas encaminha pra gente um e mail solicitando que iremos dar sequencia com a troca e mail contato curadobia <user> com,troca_devolucao,raw,nan,False,original,train,,cliente,sem problemas mari apenas encaminha pra gente um e mail solicitando que iremos dar sequencia com a troca e mail contato curadobia user com,"['problemas', 'mari', 'apenas', 'encaminha', 'gente', 'mail', 'solicitando', 'iremos', 'dar', 'sequencia', 'troca', 'mail', 'contato', 'user']",problemas mari apenas encaminha gente mail solicitando iremos dar sequencia troca mail contato user,False,False
524b41990ee83643,,como a c o processo da troca,troca_devolucao,raw,nan,False,original,train,,cliente,como a c o processo da troca,"['processo', 'troca']",processo troca,False,False
bb4eec314df03016,,nao vou trocar vou tentar reduzir o gancho,troca_devolucao,raw,nan,False,original,train,,cliente,nao vou trocar vou tentar reduzir o gancho,"['nao', 'trocar', 'tentar', 'reduzir', 'gancho']",nao trocar tentar reduzir gancho,False,False
ec861a8005a83879,,entrega devolucao,troca_devolucao,raw,nan,False,original,train,,cliente,entrega devolucao,"['entrega', 'devolucao']",entrega devolucao,False,False
8ef4822a64912730,,claro pode trocar super,troca_devolucao,raw,nan,False,original,train,,cliente,claro pode trocar super,"['claro', 'pode', 'trocar', 'super']",claro pode trocar super,False,False
ea606e2637c7871a,,posso trocar caso eu experimente e prefira uma maior,troca_devolucao,raw,nan,False,original,train,,cliente,posso trocar caso eu experimente e prefira uma maior,"['posso', 'trocar', 'caso', 'experimente', 'prefira', 'maior']",posso trocar caso experimente prefira maior,False,False
39a7356e13d823b3,,como e o processo da troca,troca_devolucao,raw,nan,False,original,train,,cliente,como e o processo da troca,"['processo', 'troca']",processo troca,False,False
7af90042babf1169,,caso na o fique com como funciona a troca,troca_devolucao,raw,nan,False,original,train,,cliente,caso na o fique com como funciona a troca,"['caso', 'fique', 'funciona', 'troca']",caso fique funciona troca,False,False
633b509bf645f8f4,,sobre a troca da cala a que comprei quero trocar por um tamanho menor recebi um e mail de vcs no dia <num> <num> <num> respondi mas dps disso na o tive mais retorno,troca_devolucao,raw,nan,False,original,train,,cliente,sobre a troca da cala a que comprei quero trocar por um tamanho menor recebi um e mail de vcs no dia num num num respondi mas dps disso na o tive mais retorno,"['troca', 'cala', 'comprei', 'quero', 'trocar', 'tamanho', 'menor', 'recebi', 'mail', 'vcs', 'respondi', 'dps', 'disso', 'retorno']",troca cala comprei quero trocar tamanho menor recebi mail vcs respondi dps disso retorno,True,False
fd741170b361d865,,caso nao fique com como funciona a troca,troca_devolucao,raw,nan,False,original,train,,cliente,caso nao fique com como funciona a troca,"['caso', 'nao', 'fique', 'funciona', 'troca']",caso nao fique funciona troca,False,False
cc26ecb687880e55,,como proceder p troca,troca_devolucao,raw,nan,False,original,train,,cliente,como proceder p troca,"['proceder', 'troca']",proceder troca,True,False
1cb812f4e880a0bf,,"perfeito, obrigada!",agradecimento,raw,nan,False,original,test,0.0,cliente,perfeito obrigada,['perfeito'],perfeito,False,False
8c158b14a24c9491,,quero saia preto 46,buscar_produto_por_categoria,raw,nan,False,original,test,0.0,cliente,quero saia preto 46,"['quero', 'saia', 'preto']",quero saia preto,True,False
a4b34d84975788fb,,quero body verde GG,buscar_produto_por_categoria,raw,nan,False,original,test,0.0,cliente,quero body verde gg,"['quero', 'body', 'verde']",quero body verde,True,False
8db4aa6608bdc892,,quero blazer preto 46,buscar_produto_por_categoria,raw,nan,False,original,test,0.0,cliente,quero blazer preto 46,"['quero', 'blazer', 'preto']",quero blazer preto,True,False
569ccaa4cdb0fd22,,tem saia preto tamanho G?,buscar_produto_por_categoria,raw,nan,False,original,test,0.0,cliente,tem saia preto tamanho g,"['saia', 'preto', 'tamanho']",saia preto tamanho,True,False
ea7073002be35e78,,tem body verde tamanho 46?,buscar_produto_por_categoria,raw,nan,False,original,test,0.0,cliente,tem body verde tamanho 46,"['body', 'verde', 'tamanho']",body verde tamanho,True,False
03addf67041face5,,quero vestido preto 36,buscar_produto_por_categoria,raw,nan,False,original,test,0.0,cliente,quero vestido preto 36,"['quero', 'vestido', 'preto']",quero vestido preto,True,False
9f70c5c2d2496627,,tem blazer preto tamanho 42?,buscar_produto_por_categoria,raw,nan,False,original,test,0.0,cliente,tem blazer preto tamanho 42,"['blazer', 'preto', 'tamanho']",blazer preto tamanho,True,False
3dc602916194343a,,quero body verde P,buscar_produto_por_categoria,raw,nan,False,original,test,0.0,cliente,quero body verde p,"['quero', 'body', 'verde']",quero body verde,True,False
886302e43bf87ace,,tem body verde tamanho PP?,buscar_produto_por_categoria,raw,nan,False,original,test,0.0,cliente,tem body verde tamanho pp,"['body', 'verde', 'tamanho']",body verde tamanho,True,False
69227930bcbb8218,,tem jaqueta preto tamanho 36?,buscar_produto_por_categoria,raw,nan,False,original,test,0.0,cliente,tem jaqueta preto tamanho 36,"['jaqueta', 'preto', 'tamanho']",jaqueta preto tamanho,True,False
5ec044045a75e604,,tem saia verde tamanho 42?,buscar_produto_por_categoria,raw,nan,False,original,test,0.0,cliente,tem saia verde tamanho 42,"['saia', 'verde', 'tamanho']",saia verde tamanho,True,False
b99b40bcad43110e,,tem body preto tamanho M?,buscar_produto_por_categoria,raw,nan,False,original,test,0.0,cliente,tem body preto tamanho m,"['body', 'preto', 'tamanho']",body preto tamanho,True,False
fcd9aa964f78d4e7,,quero camisa verde 42,buscar_produto_por_categoria,raw,nan,False,original,test,0.0,cliente,quero camisa verde 42,"['quero', 'camisa', 'verde']",quero camisa verde,True,False
deb80c02f786a277,,tem camisa preto tamanho P?,buscar_produto_por_categoria,raw,nan,False,original,test,0.0,cliente,tem camisa preto tamanho p,"['camisa', 'preto', 'tamanho']",camisa preto tamanho,True,False
25f55194e9502a71,,tem vestido verde tamanho GG?,buscar_produto_por_categoria,raw,nan,False,original,test,0.0,cliente,tem vestido verde tamanho gg,"['vestido', 'verde', 'tamanho']",vestido verde tamanho,True,False
2f56e18de394289b,,tem saia verde tamanho 38?,buscar_produto_por_categoria,raw,nan,False,original,test,0.0,cliente,tem saia verde tamanho 38,"['saia', 'verde', 'tamanho']",saia verde tamanho,True,False
af9eb2ec0cac2ab4,,tem camisa verde tamanho PP?,buscar_produto_por_categoria,raw,nan,False,original,test,0.0,cliente,tem camisa verde tamanho pp,"['camisa', 'verde', 'tamanho']",camisa verde tamanho,True,False
6dfa4a391e7cc207,,tem camisa preto tamanho PP?,buscar_produto_por_categoria,raw,nan,False,original,test,0.0,cliente,tem camisa preto tamanho pp,"['camisa', 'preto', 'tamanho']",camisa preto tamanho,True,False
3c9b5347ebbd4260,,quero camisa preto 38,buscar_produto_por_categoria,raw,nan,False,original,test,0.0,cliente,quero camisa preto 38,"['quero', 'camisa', 'preto']",quero camisa preto,True,False
a25add168e8db0d1,,quero body verde 46,buscar_produto_por_categoria,raw,nan,False,original,test,0.0,cliente,quero body verde 46,"['quero', 'body', 'verde']",quero body verde,True,False
c76a692e09606888,,tem saia verde tamanho 44?,buscar_produto_por_categoria,raw,nan,False,original,test,0.0,cliente,tem saia verde tamanho 44,"['saia', 'verde', 'tamanho']",saia verde tamanho,True,False
060d2715cd681cb5,,quero saia preto M,buscar_produto_por_categoria,raw,nan,False,original,test,0.0,cliente,quero saia preto m,"['quero', 'saia', 'preto']",quero saia preto,True,False
f5ffc19938ddfc9d,,quero vestido preto G,buscar_produto_por_categoria,raw,nan,False,original,test,0.0,cliente,quero vestido preto g,"['quero', 'vestido', 'preto']",quero vestido preto,True,False
eb7d05638292f81b,,quero body verde M,buscar_produto_por_categoria,raw,nan,False,original,test,0.0,cliente,quero body verde m,"['quero', 'body', 'verde']",quero body verde,True,False
cb308a1367b01dea,,quero body verde 44,buscar_produto_por_categoria,raw,nan,False,original,test,0.0,cliente,quero body verde 44,"['quero', 'body', 'verde']",quero body verde,True,False
ad35295dd8187cc1,,tem blazer preto tamanho 44?,buscar_produto_por_categoria,raw,nan,False,original,test,0.0,cliente,tem blazer preto tamanho 44,"['blazer', 'preto', 'tamanho']",blazer preto tamanho,True,False
e94deab0a6490f73,,tem jaqueta verde tamanho 36?,buscar_produto_por_categoria,raw,nan,False,original,test,0.0,cliente,tem jaqueta verde tamanho 36,"['jaqueta', 'verde', 'tamanho']",jaqueta verde tamanho,True,False
10554dd09919ff7a,,tem blazer preto tamanho PP?,buscar_produto_por_categoria,raw,nan,False,original,test,0.0,cliente,tem blazer preto tamanho pp,"['blazer', 'preto', 'tamanho']",blazer preto tamanho,True,False
c6b77f80b461c812,,quero jaqueta verde P,buscar_produto_por_categoria,raw,nan,False,original,test,0.0,cliente,quero jaqueta verde p,"['quero', 'jaqueta', 'verde']",quero jaqueta verde,True,False
ecaf687aa12724a2,,quero blazer verde 36,buscar_produto_por_categoria,raw,nan,False,original,test,0.0,cliente,quero blazer verde 36,"['quero', 'blazer', 'verde']",quero blazer verde,True,False
5d490fe285e076a7,,e tem ela preta,buscar_produto_por_nome,raw,nan,False,original,test,0.0,cliente,e tem ela preta,['preta'],preta,False,False
510e4469e4edb09b,,bia td bom na o estou conseguindo finalizar a compra da aregata podrinhaa coloquei os dados do carta o e no campo cvv eu ponho os naomeros mas o sistema ignora que eu coloquei tentei va rias vezes acho que esta com problemaa,buscar_produto_por_nome,raw,nan,False,original,test,0.0,cliente,bia td bom na o estou conseguindo finalizar a compra da aregata podrinhaa coloquei os dados do carta o e no campo cvv eu ponho os naomeros mas o sistema ignora que eu coloquei tentei va rias vezes acho que esta com problemaa,"['conseguindo', 'finalizar', 'compra', 'aregata', 'podrinhaa', 'coloquei', 'dados', 'carta', 'campo', 'cvv', 'ponho', 'naomeros', 'sistema', 'ignora', 'coloquei', 'tentei', 'rias', 'vezes', 'acho', 'problemaa']",conseguindo finalizar compra aregata podrinhaa coloquei dados carta campo cvv ponho naomeros sistema ignora coloquei tentei rias vezes acho problemaa,False,False
188953fb7f6b62e3,,no e mail da nota fiscal nao tem nada,buscar_produto_por_nome,raw,nan,False,original,test,0.0,cliente,no e mail da nota fiscal nao tem nada,"['mail', 'nota', 'fiscal', 'nao', 'nada']",mail nota fiscal nao nada,False,False
259db3c6526a1c75,,essa gladiadora qual o numero tem <num>,buscar_produto_por_nome,raw,nan,False,original,test,0.0,cliente,essa gladiadora qual o numero tem num,"['gladiadora', 'numero']",gladiadora numero,False,False
c2b47b69e721f588,,visto g qual tamanho seria quais cores tem tem a cala a tb,buscar_produto_por_nome,raw,nan,False,original,test,0.0,cliente,visto g qual tamanho seria quais cores tem tem a cala a tb,"['visto', 'tamanho', 'seria', 'quais', 'cores', 'cala']",visto tamanho seria quais cores cala,True,False
972d2a55395dd3fa,,ahhh bom entendi errado entao achei que estava na serra espero que abra o tempo e fiquei um lindo final de semana,buscar_produto_por_nome,raw,nan,False,original,test,0.0,cliente,ahhh bom entendi errado entao achei que estava na serra espero que abra o tempo e fiquei um lindo final de semana,"['ahhh', 'entendi', 'errado', 'entao', 'achei', 'estava', 'serra', 'espero', 'abra', 'tempo', 'fiquei', 'lindo', 'final', 'semana']",ahhh entendi errado entao achei estava serra espero abra tempo fiquei lindo final semana,False,False
feddf92571cb4c38,,temos ela ainda no tamanho <num> e <num>,buscar_produto_por_nome,raw,nan,False,original,test,0.0,cliente,temos ela ainda no tamanho num e num,"['temos', 'ainda', 'tamanho']",temos ainda tamanho,True,False
b389d04ecd97916f,,perfeito ana obrigada pelo retorno,despedida,raw,nan,False,original,test,0.0,cliente,perfeito ana obrigada pelo retorno,"['perfeito', 'retorno']",perfeito retorno,False,False
b75c7706e75288f2,,perfeito ja passei pro pessoal realizar a correcao obrigada pelo feedback,despedida,raw,nan,False,original,test,0.0,cliente,perfeito ja passei pro pessoal realizar a correcao obrigada pelo feedback,"['perfeito', 'passei', 'pro', 'pessoal', 'realizar', 'correcao', 'feedback']",perfeito passei pro pessoal realizar correcao feedback,False,False
c9210d78ab6d65e6,,obrigada pela presena a livia,despedida,raw,nan,False,original,test,0.0,cliente,obrigada pela presena a livia,"['presena', 'livia']",presena livia,False,False
e3fb1bc2e652e4f8,,muito obrigada pela atena a o,despedida,raw,nan,False,original,test,0.0,cliente,muito obrigada pela atena a o,"['muito', 'atena']",muito atena,False,False
64e246265a55d4ac,,bia esse seu curadobia esta um arraso muito tentador parabens pelo projeto uma duvida qual a sua altura estou interessadissima nessa calca mas sou baixa <num> cm e geralmente tenho que fazer a barras das calcas o que nao e muito facil com essa obrigada,despedida,raw,nan,False,original,test,0.0,cliente,bia esse seu curadobia esta um arraso muito tentador parabens pelo projeto uma duvida qual a sua altura estou interessadissima nessa calca mas sou baixa num cm e geralmente tenho que fazer a barras das calcas o que nao e muito facil com essa obrigada,"['seu', 'arraso', 'muito', 'tentador', 'parabens', 'projeto', 'duvida', 'altura', 'interessadissima', 'nessa', 'calca', 'sou', 'baixa', 'geralmente', 'tenho', 'fazer', 'barras', 'calcas', 'nao', 'muito', 'facil']",seu arraso muito tentador parabens projeto duvida altura interessadissima nessa calca sou baixa geralmente tenho fazer barras calcas nao muito facil,True,False
7ca6dfd319fded89,,queria ver sua sapateira pq tudo a c lindassimo mas seus sapatos sa o escolhidos a dedo tudo a ver com vc semprea esse a c da laia na c,despedida,raw,nan,False,original,test,0.0,cliente,queria ver sua sapateira pq tudo a c lindassimo mas seus sapatos sa o escolhidos a dedo tudo a ver com vc semprea esse a c da laia na c,"['ver', 'sapateira', 'lindassimo', 'seus', 'sapatos', 'escolhidos', 'dedo', 'ver', 'semprea', 'laia']",ver sapateira lindassimo seus sapatos escolhidos dedo ver semprea laia,False,False
316a12b19bdbc465,,gabriela entendo sua frustraa a o e a c completamente justificada de fato a marca informou ter tido um pequeno problema de produa a o que na o devera mais ocorrer e por isso acabou enviando atrasado seu pedido sobre o meio de contato estamos providenciando um naomero para atendimento whatsapp por hora estamos apenas com o e mail mas muito em breve ja deixaremos essa opa a o mais fa cil para solua a o de qualquer problema,despedida,raw,nan,False,original,test,0.0,cliente,gabriela entendo sua frustraa a o e a c completamente justificada de fato a marca informou ter tido um pequeno problema de produa a o que na o devera mais ocorrer e por isso acabou enviando atrasado seu pedido sobre o meio de contato estamos providenciando um naomero para atendimento whatsapp por hora estamos apenas com o e mail mas muito em breve ja deixaremos essa opa a o mais fa cil para solua a o de qualquer problema,"['gabriela', 'entendo', 'frustraa', 'completamente', 'justificada', 'fato', 'marca', 'informou', 'tido', 'pequeno', 'problema', 'produa', 'devera', 'ocorrer', 'acabou', 'enviando', 'atrasado', 'seu', 'pedido', 'meio', 'contato', 'providenciando', 'naomero', 'atendimento', 'whatsapp', 'hora', 'apenas', 'mail', 'muito', 'breve', 'deixaremos', 'opa', 'cil', 'solua', 'qualquer', 'problema']",gabriela entendo frustraa completamente justificada fato marca informou tido pequeno problema produa devera ocorrer acabou enviando atrasado seu pedido meio contato providenciando naomero atendimento whatsapp hora apenas mail muito breve deixaremos opa cil solua qualquer problema,False,False
cf7b5f3d484f0261,,estou tentando contato para devolua a o de mercadoria e ningua c m me atende nem por whatsapp e nem e mail comprei um vestido que quero devolver como devo proceder cristina hees <num> <num>,despedida,raw,nan,False,original,test,0.0,cliente,estou tentando contato para devolua a o de mercadoria e ningua c m me atende nem por whatsapp e nem e mail comprei um vestido que quero devolver como devo proceder cristina hees num num,"['tentando', 'contato', 'devolua', 'mercadoria', 'ningua', 'atende', 'nem', 'whatsapp', 'nem', 'mail', 'comprei', 'vestido', 'quero', 'devolver', 'devo', 'proceder', 'cristina', 'hees']",tentando contato devolua mercadoria ningua atende nem whatsapp nem mail comprei vestido quero devolver devo proceder cristina hees,True,False
bca6705ab8e5ce85,,eu estou vendo mesmo que esta demorando mas super obrigada bom final de semana brenda,despedida,raw,nan,False,original,test,0.0,cliente,eu estou vendo mesmo que esta demorando mas super obrigada bom final de semana brenda,"['vendo', 'mesmo', 'demorando', 'super', 'final', 'semana', 'brenda']",vendo mesmo demorando super final semana brenda,False,False
a8ebd6fdd851be42,,obrigada pelo retorno namoro o modelo gladiador me lembro dele mas quando fui procurar ja nao tinha mais,despedida,raw,nan,False,original,test,0.0,cliente,obrigada pelo retorno namoro o modelo gladiador me lembro dele mas quando fui procurar ja nao tinha mais,"['retorno', 'namoro', 'modelo', 'gladiador', 'lembro', 'fui', 'procurar', 'nao', 'tinha']",retorno namoro modelo gladiador lembro fui procurar nao tinha,False,False
1e82e0c56b072d16,,muito obrigada pelo retorno,despedida,raw,nan,False,original,test,0.0,cliente,muito obrigada pelo retorno,"['muito', 'retorno']",muito retorno,False,False
afce08efef74c859,,obrigada pela presenca renata vai arrasar demais com o conjuntinho mascavo nosso intimo terracota,despedida,raw,nan,False,original,test,0.0,cliente,obrigada pela presenca renata vai arrasar demais com o conjuntinho mascavo nosso intimo terracota,"['presenca', 'renata', 'vai', 'arrasar', 'demais', 'conjuntinho', 'mascavo', 'nosso', 'intimo', 'terracota']",presenca renata vai arrasar demais conjuntinho mascavo nosso intimo terracota,False,False
a74f144d25b15694,,estamos estudando trazer essa categoria para o curadobia pora c m nada de imediato ainda mas muito legal saber do interesse assim que tivermos iremos te manter avisada,despedida,raw,nan,False,original,test,0.0,cliente,estamos estudando trazer essa categoria para o curadobia pora c m nada de imediato ainda mas muito legal saber do interesse assim que tivermos iremos te manter avisada,"['estudando', 'trazer', 'categoria', 'pora', 'nada', 'imediato', 'ainda', 'muito', 'legal', 'saber', 'interesse', 'assim', 'tivermos', 'iremos', 'manter', 'avisada']",estudando trazer categoria pora nada imediato ainda muito legal saber interesse assim tivermos iremos manter avisada,True,False
c1c7cba64add03b7,,atimo me avise por favor um abraa o e obrigada,despedida,raw,nan,False,original,test,0.0,cliente,atimo me avise por favor um abraa o e obrigada,"['atimo', 'avise', 'favor', 'abraa']",atimo avise favor abraa,False,False
0feba8e7cd7dbb3c,,obrigada pelo convite adorei a minha sandalia nova a i,despedida,raw,nan,False,original,test,0.0,cliente,obrigada pelo convite adorei a minha sandalia nova a i,"['convite', 'adorei', 'sandalia', 'nova']",convite adorei sandalia nova,False,False
645c6d745dd0dc7b,,obrigada,despedida,raw,nan,False,original,test,0.0,cliente,obrigada,[],,False,False
c1599976fd3b57a8,,vou amanha obrigada,despedida,raw,nan,False,original,test,0.0,cliente,vou amanha obrigada,['amanha'],amanha,False,False
ad30a45ab065ccb2,,estamos estudando trazer essa categoria para o curadobia porem nada de imediato ainda mas muito legal saber do interesse assim que tivermos iremos te manter avisada,despedida,raw,nan,False,original,test,0.0,cliente,estamos estudando trazer essa categoria para o curadobia porem nada de imediato ainda mas muito legal saber do interesse assim que tivermos iremos te manter avisada,"['estudando', 'trazer', 'categoria', 'porem', 'nada', 'imediato', 'ainda', 'muito', 'legal', 'saber', 'interesse', 'assim', 'tivermos', 'iremos', 'manter', 'avisada']",estudando trazer categoria porem nada imediato ainda muito legal saber interesse assim tivermos iremos manter avisada,False,False
d0bdf01b3aacadf3,,ate segunda,despedida,raw,nan,False,original,test,0.0,cliente,ate segunda,"['ate', 'segunda']",ate segunda,False,False
2c74f57eec652689,,ahhh entendia muito obrigada d,despedida,raw,nan,False,original,test,0.0,cliente,ahhh entendia muito obrigada d,"['ahhh', 'entendia', 'muito']",ahhh entendia muito,False,False
96344548b2d0364d,,legal obrigada,despedida,raw,nan,False,original,test,0.0,cliente,legal obrigada,['legal'],legal,False,False
bd39b5b701a627d0,,obrigada pela presena a,despedida,raw,nan,False,original,test,0.0,cliente,obrigada pela presena a,['presena'],presena,False,False
1a12f7d9bb6028c8,,queria ver sua sapateira pq tudo e lindissimo mas seus sapatos sao escolhidos a dedo tudo a ver com vc sempre esse e da laia ne,despedida,raw,nan,False,original,test,0.0,cliente,queria ver sua sapateira pq tudo e lindissimo mas seus sapatos sao escolhidos a dedo tudo a ver com vc sempre esse e da laia ne,"['ver', 'sapateira', 'lindissimo', 'seus', 'sapatos', 'sao', 'escolhidos', 'dedo', 'ver', 'sempre', 'laia']",ver sapateira lindissimo seus sapatos sao escolhidos dedo ver sempre laia,False,False
2cb315bb8149c16b,,tem vestido verde no M?,disponibilidade,raw,nan,False,original,test,0.0,cliente,tem vestido verde no m,"['vestido', 'verde']",vestido verde,True,False
84de9d268986d1d9,,tem body preto no GG?,disponibilidade,raw,nan,False,original,test,0.0,cliente,tem body preto no gg,"['body', 'preto']",body preto,True,False
49a787a9c9676813,,tem body preto no 46?,disponibilidade,raw,nan,False,original,test,0.0,cliente,tem body preto no 46,"['body', 'preto']",body preto,True,False
57911a20e7db0e08,,tem camisa verde no 44?,disponibilidade,raw,nan,False,original,test,0.0,cliente,tem camisa verde no 44,"['camisa', 'verde']",camisa verde,True,False
83f2ca94c8c03f9c,,tem jaqueta verde no 36?,disponibilidade,raw,nan,False,original,test,0.0,cliente,tem jaqueta verde no 36,"['jaqueta', 'verde']",jaqueta verde,True,False
736ea1d4bc9c6730,,tem blazer preto no 44?,disponibilidade,raw,nan,False,original,test,0.0,cliente,tem blazer preto no 44,"['blazer', 'preto']",blazer preto,True,False
d21db51d3f25ed13,,tem saia preto no 40?,disponibilidade,raw,nan,False,original,test,0.0,cliente,tem saia preto no 40,"['saia', 'preto']",saia preto,True,False
0353b3dc560fc83e,,tem vestido verde no 44?,disponibilidade,raw,nan,False,original,test,0.0,cliente,tem vestido verde no 44,"['vestido', 'verde']",vestido verde,True,False
169174fdacaed7c2,,tem blazer verde no 44?,disponibilidade,raw,nan,False,original,test,0.0,cliente,tem blazer verde no 44,"['blazer', 'verde']",blazer verde,True,False
cf543919e56d30c2,,tem camisa verde no 38?,disponibilidade,raw,nan,False,original,test,0.0,cliente,tem camisa verde no 38,"['camisa', 'verde']",camisa verde,True,False
1dc94a102eaeae58,,tem body preto no P?,disponibilidade,raw,nan,False,original,test,0.0,cliente,tem body preto no p,"['body', 'preto']",body preto,True,False
ef9ef3b88152c312,,tem jaqueta preto no G?,disponibilidade,raw,nan,False,original,test,0.0,cliente,tem jaqueta preto no g,"['jaqueta', 'preto']",jaqueta preto,True,False
39044f4ec1447313,,tem blazer verde no 36?,disponibilidade,raw,nan,False,original,test,0.0,cliente,tem blazer verde no 36,"['blazer', 'verde']",blazer verde,True,False
9047eb2ac99209ec,,tem saia verde no PP?,disponibilidade,raw,nan,False,original,test,0.0,cliente,tem saia verde no pp,"['saia', 'verde']",saia verde,True,False
608f1bb2c5d4e926,,tem blazer preto no 38?,disponibilidade,raw,nan,False,original,test,0.0,cliente,tem blazer preto no 38,"['blazer', 'preto']",blazer preto,True,False
b6b17276b71d614a,,tem camisa verde no GG?,disponibilidade,raw,nan,False,original,test,0.0,cliente,tem camisa verde no gg,"['camisa', 'verde']",camisa verde,True,False
383e84b2756d5d77,,tem camisa preto no P?,disponibilidade,raw,nan,False,original,test,0.0,cliente,tem camisa preto no p,"['camisa', 'preto']",camisa preto,True,False
63ad37bb9b8f81a9,,gostaria a camisa branca tamanho m e possivel,duvida_tamanho,raw,nan,False,original,test,0.0,cliente,gostaria a camisa branca tamanho m e possivel,"['gostaria', 'camisa', 'branca', 'tamanho', 'possivel']",gostaria camisa branca tamanho possivel,True,False
45aede946f21dd30,,uauuu ameiii linda saia,duvida_tamanho,raw,nan,False,original,test,0.0,cliente,uauuu ameiii linda saia,"['uauuu', 'ameiii', 'linda', 'saia']",uauuu ameiii linda saia,False,False
3521890fe5491e60,,link da calca por gentileza,duvida_tamanho,raw,nan,False,original,test,0.0,cliente,link da calca por gentileza,"['link', 'calca', 'gentileza']",link calca gentileza,False,False
378cc914ff06430b,,outra duvida e sobre o tom certinho dessa jaqueta no site achei que estava num tom diferente dos stories,duvida_tamanho,raw,nan,False,original,test,0.0,cliente,outra duvida e sobre o tom certinho dessa jaqueta no site achei que estava num tom diferente dos stories,"['outra', 'duvida', 'tom', 'certinho', 'dessa', 'jaqueta', 'site', 'achei', 'estava', 'tom', 'diferente', 'stories']",outra duvida tom certinho dessa jaqueta site achei estava tom diferente stories,False,False
712073df8e65aecc,,body mybasic,duvida_tamanho,raw,nan,False,original,test,0.0,cliente,body mybasic,"['body', 'mybasic']",body mybasic,False,False
e190aaacff3a049e,,a calca ficou sobrando muito atras,duvida_tamanho,raw,nan,False,original,test,0.0,cliente,a calca ficou sobrando muito atras,"['calca', 'ficou', 'sobrando', 'muito', 'atras']",calca ficou sobrando muito atras,True,False
1bbb353de2c1a900,,camisas,duvida_tamanho,raw,nan,False,original,test,0.0,cliente,camisas,['camisas'],camisas,False,False
cb60fea22366b9c9,,segue o link da jaqueta <url>,duvida_tamanho,raw,nan,False,original,test,0.0,cliente,segue o link da jaqueta url,"['segue', 'link', 'jaqueta', 'url']",segue link jaqueta url,False,False
a250184957acd8bf,,comprei a jaqueta,duvida_tamanho,raw,nan,False,original,test,0.0,cliente,comprei a jaqueta,"['comprei', 'jaqueta']",comprei jaqueta,False,False
a10d0ee1bb8cdb8c,,camisa,duvida_tamanho,raw,nan,False,original,test,0.0,cliente,camisa,['camisa'],camisa,False,False
6ceff56c63a131d5,,comprei um body e paguei frete de <num> dias aoteis pra levar pra uma viagem agora na sexta,duvida_tamanho,raw,nan,False,original,test,0.0,cliente,comprei um body e paguei frete de num dias aoteis pra levar pra uma viagem agora na sexta,"['comprei', 'body', 'paguei', 'frete', 'dias', 'aoteis', 'levar', 'viagem', 'agora', 'sexta']",comprei body paguei frete dias aoteis levar viagem agora sexta,False,False
f3356d345199db93,,elaine para o tamanho <num> na <num> s indicamos o tamanho <num> da saia,duvida_tamanho,raw,nan,False,original,test,0.0,cliente,elaine para o tamanho num na num s indicamos o tamanho num da saia,"['elaine', 'tamanho', 'indicamos', 'tamanho', 'saia']",elaine tamanho indicamos tamanho saia,True,False
b24be70afcdec15c,,fui olhar para comprar o tamanho <num> dessa calca porem a largura da cintura e do quadril eh a mesma <num>,duvida_tamanho,raw,nan,False,original,test,0.0,cliente,fui olhar para comprar o tamanho num dessa calca porem a largura da cintura e do quadril eh a mesma num,"['fui', 'olhar', 'comprar', 'tamanho', 'dessa', 'calca', 'porem', 'largura', 'cintura', 'quadril', 'mesma']",fui olhar comprar tamanho dessa calca porem largura cintura quadril mesma,True,False
986e6bedddaf35c3,,erro,erros_plataforma,raw,nan,False,original,test,0.0,cliente,erro,['erro'],erro,False,False
a6b28a2c8bf5bd84,,chico neto cd mara c mar whatsapp <num> <url>,falar_com_humano,raw,nan,False,original,test,0.0,cliente,chico neto cd mara c mar whatsapp num url,"['chico', 'neto', 'mara', 'mar', 'whatsapp', 'url']",chico neto mara mar whatsapp url,False,False
64296027bee0f872,,porem teremos em dezembro um evento presencial para trazer as pecas ao vivo para quem quiser conhecer pessoalmente essa curadobia incrivel feita pela bia,falar_com_humano,raw,nan,False,original,test,0.0,cliente,porem teremos em dezembro um evento presencial para trazer as pecas ao vivo para quem quiser conhecer pessoalmente essa curadobia incrivel feita pela bia,"['porem', 'teremos', 'dezembro', 'evento', 'presencial', 'trazer', 'pecas', 'vivo', 'quem', 'quiser', 'conhecer', 'pessoalmente', 'incrivel', 'feita']",porem teremos dezembro evento presencial trazer pecas vivo quem quiser conhecer pessoalmente incrivel feita,False,False
9e3395266854dda5,,qualquer duvida pode tamba c m nos conectar pelo whatsapp d,falar_com_humano,raw,nan,False,original,test,0.0,cliente,qualquer duvida pode tamba c m nos conectar pelo whatsapp d,"['qualquer', 'duvida', 'pode', 'tamba', 'conectar', 'whatsapp']",qualquer duvida pode tamba conectar whatsapp,True,False
bda9916685069b74,,qual o preco,formas_pagamento,raw,nan,False,original,test,0.0,cliente,qual o preco,['preco'],preco,False,False
d16ac4a15b2ca5b1,,preco,formas_pagamento,raw,nan,False,original,test,0.0,cliente,preco,['preco'],preco,False,False
7ecaa8e4d01b9066,,ja vi e amei esperando a virada do cartao pra perder os juazo,formas_pagamento,raw,nan,False,original,test,0.0,cliente,ja vi e amei esperando a virada do cartao pra perder os juazo,"['amei', 'esperando', 'virada', 'cartao', 'perder', 'juazo']",amei esperando virada cartao perder juazo,False,False
d7e0341c0f0c8c63,,chega quando no 04567-010?,frete_prazo,raw,nan,False,original,test,0.0,cliente,chega quando no 04567 010,"['chega', '04567', '010']",chega 04567 010,False,False
43df7f005fe99919,,valor do frete pro 01255-022?,frete_prazo,raw,nan,False,original,test,0.0,cliente,valor do frete pro 01255 022,"['valor', 'frete', 'pro', '01255', '022']",valor frete pro 01255 022,False,False
2e95d03f9d920118,,bia gosto muito das suas bolsas poderia passar umas dicas na o encontrei no seu site a,materiais_cuidados,raw,nan,False,original,test,0.0,cliente,bia gosto muito das suas bolsas poderia passar umas dicas na o encontrei no seu site a,"['gosto', 'muito', 'bolsas', 'poderia', 'passar', 'dicas', 'encontrei', 'seu', 'site']",gosto muito bolsas poderia passar dicas encontrei seu site,False,False
826537b18c311133,,na verdade eu ja assisti ao vadeo do casaco no site curadobia va rias vezes para tentar chegar a essa conclusa o mas na o consegui,onde_comprar,raw,nan,False,original,test,0.0,cliente,na verdade eu ja assisti ao vadeo do casaco no site curadobia va rias vezes para tentar chegar a essa conclusa o mas na o consegui,"['verdade', 'assisti', 'vadeo', 'casaco', 'site', 'rias', 'vezes', 'tentar', 'chegar', 'conclusa', 'consegui']",verdade assisti vadeo casaco site rias vezes tentar chegar conclusa consegui,False,False
59c7de6c9af4c075,,o site esta passando por problemas,onde_comprar,raw,nan,False,original,test,0.0,cliente,o site esta passando por problemas,"['site', 'passando', 'problemas']",site passando problemas,False,False
535bd0a81d6b02d7,,um dos meus modelos favoritos do site todinh,onde_comprar,raw,nan,False,original,test,0.0,cliente,um dos meus modelos favoritos do site todinh,"['modelos', 'favoritos', 'site', 'todinh']",modelos favoritos site todinh,False,False
260b44c1add72594,,alguem poderia entrar em contato comigo por e mail ou whatsapp o site de vcs parece que esta com problemas nao funciona direito nao,onde_comprar,raw,nan,False,original,test,0.0,cliente,alguem poderia entrar em contato comigo por e mail ou whatsapp o site de vcs parece que esta com problemas nao funciona direito nao,"['alguem', 'poderia', 'entrar', 'contato', 'comigo', 'mail', 'whatsapp', 'site', 'vcs', 'parece', 'problemas', 'nao', 'funciona', 'direito', 'nao']",alguem poderia entrar contato comigo mail whatsapp site vcs parece problemas nao funciona direito nao,False,False
d782a1def04d0d52,,na verdade eu ja assisti ao video do casaco no site curadobia varias vezes para tentar chegar a essa conclusao mas nao consegui,onde_comprar,raw,nan,False,original,test,0.0,cliente,na verdade eu ja assisti ao video do casaco no site curadobia varias vezes para tentar chegar a essa conclusao mas nao consegui,"['verdade', 'assisti', 'video', 'casaco', 'site', 'varias', 'vezes', 'tentar', 'chegar', 'conclusao', 'nao', 'consegui']",verdade assisti video casaco site varias vezes tentar chegar conclusao nao consegui,False,False
dfe54afc2de5a829,,link compartilhado,onde_comprar,raw,nan,False,original,test,0.0,cliente,link compartilhado,"['link', 'compartilhado']",link compartilhado,False,False
456ae2f7a7b3601a,,que maximo marca a gente nos seus looks muito feliz que esta curtindo a selecao de pecas logo mais teremos muitas novidades bacanas,pedido_sugestao,raw,nan,False,original,test,0.0,cliente,que maximo marca a gente nos seus looks muito feliz que esta curtindo a selecao de pecas logo mais teremos muitas novidades bacanas,"['maximo', 'marca', 'gente', 'seus', 'looks', 'muito', 'feliz', 'curtindo', 'selecao', 'pecas', 'logo', 'teremos', 'muitas', 'novidades', 'bacanas']",maximo marca gente seus looks muito feliz curtindo selecao pecas logo teremos muitas novidades bacanas,False,True
36be608c6240e054,,eu amo todos os seus looks combina <num> com o meu estilo queria ter todas as pecas para mim pena que moro do outro lado do mundo,pedido_sugestao,raw,nan,False,original,test,0.0,cliente,eu amo todos os seus looks combina num com o meu estilo queria ter todas as pecas para mim pena que moro do outro lado do mundo,"['amo', 'todos', 'seus', 'looks', 'combina', 'estilo', 'todas', 'pecas', 'mim', 'pena', 'moro', 'outro', 'lado', 'mundo']",amo todos seus looks combina estilo todas pecas mim pena moro outro lado mundo,False,True
74ef861d7ef2d3bd,,"quero um look casual para trabalho, uso PP",pedido_sugestao,raw,nan,False,original,test,0.0,cliente,quero um look casual para trabalho uso pp,"['quero', 'look', 'casual', 'trabalho', 'uso']",quero look casual trabalho uso,True,True
2d5d73628d278561,,sugestao,pedido_sugestao,raw,nan,False,original,test,0.0,cliente,sugestao,['sugestao'],sugestao,False,True
3d44502e3824de71,,amoooo suas rasteiras nao sao da sua lj mas poderia indicar aonde tem aquela custo beneficio,pedido_sugestao,raw,nan,False,original,test,0.0,cliente,amoooo suas rasteiras nao sao da sua lj mas poderia indicar aonde tem aquela custo beneficio,"['amoooo', 'rasteiras', 'nao', 'sao', 'poderia', 'indicar', 'aonde', 'aquela', 'custo', 'beneficio']",amoooo rasteiras nao sao poderia indicar aonde aquela custo beneficio,False,False
2aeaab0faade3550,,ola muitissimo obrigada,saudacao,raw,nan,False,original,test,0.0,cliente,ola muitissimo obrigada,"['ola', 'muitissimo']",ola muitissimo,False,False
1e6cb0a6fb710372,,bom dia gil infelizmente nao trabalhamos com cupom para <num> a compra ainda mas estamos a disposicao para sanar qualquer duvida,saudacao,raw,nan,False,original,test,0.0,cliente,bom dia gil infelizmente nao trabalhamos com cupom para num a compra ainda mas estamos a disposicao para sanar qualquer duvida,"['gil', 'infelizmente', 'nao', 'trabalhamos', 'cupom', 'compra', 'ainda', 'disposicao', 'sanar', 'qualquer', 'duvida']",gil infelizmente nao trabalhamos cupom compra ainda disposicao sanar qualquer duvida,False,False
0296744980872a6e,,ola tudo bem estou apaixonada por essa jaqueta bacanuda da foto o prea o de <num> pula pra setecentos e tanto na hora de comprar a isso mesmo entra um valor de comissa o na hora da compra,saudacao,raw,nan,False,original,test,0.0,cliente,ola tudo bem estou apaixonada por essa jaqueta bacanuda da foto o prea o de num pula pra setecentos e tanto na hora de comprar a isso mesmo entra um valor de comissa o na hora da compra,"['ola', 'bem', 'apaixonada', 'jaqueta', 'bacanuda', 'prea', 'pula', 'setecentos', 'tanto', 'hora', 'comprar', 'mesmo', 'entra', 'valor', 'comissa', 'hora', 'compra']",ola bem apaixonada jaqueta bacanuda prea pula setecentos tanto hora comprar mesmo entra valor comissa hora compra,False,False
670d0d61eefa79e8,,ola tudo bem sobre qual funcionamento deseja saber,saudacao,raw,nan,False,original,test,0.0,cliente,ola tudo bem sobre qual funcionamento deseja saber,"['ola', 'bem', 'funcionamento', 'deseja', 'saber']",ola bem funcionamento deseja saber,False,False
eaa21e435775d17a,,karyna bom dia tudo bem desculpe a demora para o esclarecimento da duvida como somos um marketolace trabalhamos com marcas unicas e diferentes como cada uma tem a sua producao optamos por entrar em contato com a marca parceira da calca ontem para confirmar sua duvida e te responder da melhor maneira possivel a marca nos confirmou que as medidas do tamanho <num> estao corretas com a cintura e o quadril com a mesma medida mesmo isso ocorre pois como e uma peca produzida com elastico na cintura ele acaba ficando na mesma medida do quadril se adequando ao formato do corpo que a usa a unica correcao que ja aproveitamos para fazer que a marca tambem nos informou foi que o tamanho <num> fa calca tambem deveria estar com a mesma medida na cintura e no quadril <num> cm pelo mesmo motivo ja vamos corrigir isso no site qualquer outra questao estamos a disposicao karyna,saudacao,raw,nan,False,original,test,0.0,cliente,karyna bom dia tudo bem desculpe a demora para o esclarecimento da duvida como somos um marketolace trabalhamos com marcas unicas e diferentes como cada uma tem a sua producao optamos por entrar em contato com a marca parceira da calca ontem para confirmar sua duvida e te responder da melhor maneira possivel a marca nos confirmou que as medidas do tamanho num estao corretas com a cintura e o quadril com a mesma medida mesmo isso ocorre pois como e uma peca produzida com elastico na cintura ele acaba ficando na mesma medida do quadril se adequando ao formato do corpo que a usa a unica correcao que ja aproveitamos para fazer que a marca tambem nos informou foi que o tamanho num fa calca tambem deveria estar com a mesma medida na cintura e no quadril num cm pelo mesmo motivo ja vamos corrigir isso no site qualquer outra questao estamos a disposicao karyna,"['karyna', 'bem', 'desculpe', 'demora', 'esclarecimento', 'duvida', 'somos', 'marketolace', 'trabalhamos', 'marcas', 'unicas', 'diferentes', 'cada', 'producao', 'optamos', 'entrar', 'contato', 'marca', 'parceira', 'calca', 'ontem', 'confirmar', 'duvida', 'responder', 'melhor', 'maneira', 'possivel', 'marca', 'confirmou', 'medidas', 'tamanho', 'estao', 'corretas', 'cintura', 'quadril', 'mesma', 'medida', 'mesmo', 'ocorre', 'pois', 'peca', 'produzida', 'elastico', 'cintura', 'acaba', 'ficando', 'mesma', 'medida', 'quadril', 'adequando', 'formato', 'corpo', 'usa', 'unica', 'correcao', 'aproveitamos', 'fazer', 'marca', 'tambem', 'informou', 'tamanho', 'calca', 'tambem', 'deveria', 'estar', 'mesma', 'medida', 'cintura', 'quadril', 'mesmo', 'motivo', 'vamos', 'corrigir', 'site', 'qualquer', 'outra', 'questao', 'disposicao', 'karyna']",karyna bem desculpe demora esclarecimento duvida somos marketolace trabalhamos marcas unicas diferentes cada producao optamos entrar contato marca parceira calca ontem confirmar duvida responder melhor maneira possivel marca confirmou medidas tamanho estao corretas cintura quadril mesma medida mesmo ocorre pois peca produzida elastico cintura acaba ficando mesma medida quadril adequando formato corpo usa unica correcao aproveitamos fazer marca tambem informou tamanho calca tambem deveria estar mesma medida cintura quadril mesmo motivo vamos corrigir site qualquer outra questao disposicao karyna,True,False
69a0810d65bb3e87,,oi sandra tudo bem passando aqui para te avisar que o jeans preto que vocaa se interessou no nosso reels um tempinho atra s esta disponavel d,saudacao,raw,nan,False,original,test,0.0,cliente,oi sandra tudo bem passando aqui para te avisar que o jeans preto que vocaa se interessou no nosso reels um tempinho atra s esta disponavel d,"['sandra', 'bem', 'passando', 'aqui', 'avisar', 'jeans', 'preto', 'vocaa', 'interessou', 'nosso', 'reels', 'tempinho', 'atra', 'disponavel']",sandra bem passando aqui avisar jeans preto vocaa interessou nosso reels tempinho atra disponavel,False,False
30148b9b614f1912,,ola tentei fazer uma compra e apos entrar com os dados do cartao e senha vem a seguinte tela,saudacao,raw,nan,False,original,test,0.0,cliente,ola tentei fazer uma compra e apos entrar com os dados do cartao e senha vem a seguinte tela,"['ola', 'tentei', 'fazer', 'compra', 'apos', 'entrar', 'dados', 'cartao', 'senha', 'vem', 'seguinte', 'tela']",ola tentei fazer compra apos entrar dados cartao senha vem seguinte tela,False,False
26934991c8634d4d,,mas venho com boas notacias a partir de quarta feira teremos reposia a o dela d <num> se vocaa ainda tiver interesse me avisa pois ai assim que chegarem eu venho exclusivamente te avisaar,saudacao,raw,nan,False,original,test,0.0,cliente,mas venho com boas notacias a partir de quarta feira teremos reposia a o dela d num se vocaa ainda tiver interesse me avisa pois ai assim que chegarem eu venho exclusivamente te avisaar,"['venho', 'boas', 'notacias', 'partir', 'quarta', 'feira', 'teremos', 'reposia', 'vocaa', 'ainda', 'tiver', 'interesse', 'avisa', 'pois', 'assim', 'chegarem', 'venho', 'exclusivamente', 'avisaar']",venho boas notacias partir quarta feira teremos reposia vocaa ainda tiver interesse avisa pois assim chegarem venho exclusivamente avisaar,False,False
eeb447b54a1229a3,,ola tudo bem estou apaixonada por essa jaqueta bacanuda da foto o preco de <num> pula pra setecentos e tanto na hora de comprar e isso mesmo entra um valor de comissao na hora da compra,saudacao,raw,nan,False,original,test,0.0,cliente,ola tudo bem estou apaixonada por essa jaqueta bacanuda da foto o preco de num pula pra setecentos e tanto na hora de comprar e isso mesmo entra um valor de comissao na hora da compra,"['ola', 'bem', 'apaixonada', 'jaqueta', 'bacanuda', 'preco', 'pula', 'setecentos', 'tanto', 'hora', 'comprar', 'mesmo', 'entra', 'valor', 'comissao', 'hora', 'compra']",ola bem apaixonada jaqueta bacanuda preco pula setecentos tanto hora comprar mesmo entra valor comissao hora compra,False,False
bdd4aa6fd3d87795,,ola sou o gerente de vendas da pg game platform quero falar com vocaa sobre parcerias nossa plataforma foi licenciada conjuntamente pelo governo federal brasileiro e pelo governo de curaa ao em outubro vocaa pode se juntar a na <num> s e lhe daremos altas comissaues entre em contato comigo pelo whatsapp <num>,saudacao,raw,nan,False,original,test,0.0,cliente,ola sou o gerente de vendas da pg game platform quero falar com vocaa sobre parcerias nossa plataforma foi licenciada conjuntamente pelo governo federal brasileiro e pelo governo de curaa ao em outubro vocaa pode se juntar a na num s e lhe daremos altas comissaues entre em contato comigo pelo whatsapp num,"['ola', 'sou', 'gerente', 'vendas', 'game', 'platform', 'quero', 'falar', 'vocaa', 'parcerias', 'nossa', 'plataforma', 'licenciada', 'conjuntamente', 'governo', 'federal', 'brasileiro', 'governo', 'curaa', 'outubro', 'vocaa', 'pode', 'juntar', 'lhe', 'daremos', 'altas', 'comissaues', 'contato', 'comigo', 'whatsapp']",ola sou gerente vendas game platform quero falar vocaa parcerias nossa plataforma licenciada conjuntamente governo federal brasileiro governo curaa outubro vocaa pode juntar lhe daremos altas comissaues contato comigo whatsapp,False,False
8c3280593e421944,,oi as compras sa o direto no site,saudacao,raw,nan,False,original,test,0.0,cliente,oi as compras sa o direto no site,"['compras', 'direto', 'site']",compras direto site,False,False
db8f2424d343943d,,oi cristiane bom dia obrigada pela sua mensagem na verdade todos os nossos pedidos sao enviados o email de confirmacao imediatamente porem realmente identificamos um erro no nosso sistema que os ultimos pedidos nao estao recebendo a confirmacao ja estamos em contato com o nosso tecnico para resolver obrigada por ter nos informado,saudacao,raw,nan,False,original,test,0.0,cliente,oi cristiane bom dia obrigada pela sua mensagem na verdade todos os nossos pedidos sao enviados o email de confirmacao imediatamente porem realmente identificamos um erro no nosso sistema que os ultimos pedidos nao estao recebendo a confirmacao ja estamos em contato com o nosso tecnico para resolver obrigada por ter nos informado,"['cristiane', 'mensagem', 'verdade', 'todos', 'nossos', 'pedidos', 'sao', 'enviados', 'email', 'confirmacao', 'imediatamente', 'porem', 'realmente', 'identificamos', 'erro', 'nosso', 'sistema', 'ultimos', 'pedidos', 'nao', 'estao', 'recebendo', 'confirmacao', 'contato', 'nosso', 'tecnico', 'resolver', 'informado']",cristiane mensagem verdade todos nossos pedidos sao enviados email confirmacao imediatamente porem realmente identificamos erro nosso sistema ultimos pedidos nao estao recebendo confirmacao contato nosso tecnico resolver informado,False,False
691ea44350dd9057,,oi as compras sao direto no site,saudacao,raw,nan,False,original,test,0.0,cliente,oi as compras sao direto no site,"['compras', 'sao', 'direto', 'site']",compras sao direto site,False,False
9be8f9d843292a3b,,bom dia beatriz tudo bem obrigada por ter entrado em contato conosco vamos entrar em contato com voce pelo nosso whatsapp oficial,saudacao,raw,nan,False,original,test,0.0,cliente,bom dia beatriz tudo bem obrigada por ter entrado em contato conosco vamos entrar em contato com voce pelo nosso whatsapp oficial,"['beatriz', 'bem', 'entrado', 'contato', 'conosco', 'vamos', 'entrar', 'contato', 'voce', 'nosso', 'whatsapp', 'oficial']",beatriz bem entrado contato conosco vamos entrar contato voce nosso whatsapp oficial,False,False
f0a978965229e831,,ola tudo bem e com vcs vi que vcs enviaram um e mail para na <num> s vou responder vcs por la ok um beijo e muito obrigada pelo contato < <num>,saudacao,raw,nan,False,original,test,0.0,cliente,ola tudo bem e com vcs vi que vcs enviaram um e mail para na num s vou responder vcs por la ok um beijo e muito obrigada pelo contato num,"['ola', 'bem', 'vcs', 'vcs', 'enviaram', 'mail', 'responder', 'vcs', 'beijo', 'muito', 'contato']",ola bem vcs vcs enviaram mail responder vcs beijo muito contato,False,False
6e6c7fc44ea8e8b8,,ola boa tarde infelizmente na o enviamos para fora do pais mas aceitamos cartaues internacionais com entrega em todo o brasil d,saudacao,raw,nan,False,original,test,0.0,cliente,ola boa tarde infelizmente na o enviamos para fora do pais mas aceitamos cartaues internacionais com entrega em todo o brasil d,"['ola', 'infelizmente', 'enviamos', 'fora', 'pais', 'aceitamos', 'cartaues', 'internacionais', 'entrega', 'todo', 'brasil']",ola infelizmente enviamos fora pais aceitamos cartaues internacionais entrega todo brasil,False,False
9defde07059b2f89,,qualquer coisa seguimos a disposia a o por aqui ok,saudacao,raw,nan,False,original,test,0.0,cliente,qualquer coisa seguimos a disposia a o por aqui ok,"['qualquer', 'coisa', 'seguimos', 'disposia', 'aqui']",qualquer coisa seguimos disposia aqui,False,False
76bc3c78909030be,,oi fatima tudo bem bom dia obrigada pela sua mensagem e feedback e muito importante para nos estamos conversando por whatsapp podemos continuar nossa comunicacao por la,saudacao,raw,nan,False,original,test,0.0,cliente,oi fatima tudo bem bom dia obrigada pela sua mensagem e feedback e muito importante para nos estamos conversando por whatsapp podemos continuar nossa comunicacao por la,"['fatima', 'bem', 'mensagem', 'feedback', 'muito', 'importante', 'conversando', 'whatsapp', 'podemos', 'continuar', 'nossa', 'comunicacao']",fatima bem mensagem feedback muito importante conversando whatsapp podemos continuar nossa comunicacao,False,False
44209132385c9aa6,,bom dia maria luiza que bacana que se interessou por essa cala a ela a c muito especial mesmo o valor r <num> <num> caso tenha mais alguma duvida na o deixe de nos constatar equipe curadobia a,saudacao,raw,nan,False,original,test,0.0,cliente,bom dia maria luiza que bacana que se interessou por essa cala a ela a c muito especial mesmo o valor r num num caso tenha mais alguma duvida na o deixe de nos constatar equipe curadobia a,"['maria', 'luiza', 'bacana', 'interessou', 'cala', 'muito', 'especial', 'mesmo', 'valor', 'caso', 'tenha', 'alguma', 'duvida', 'deixe', 'constatar']",maria luiza bacana interessou cala muito especial mesmo valor caso tenha alguma duvida deixe constatar,False,False
0dadf711115c4bb0,,oi esse conjunto marrom a c vendido tamba c m,saudacao,raw,nan,False,original,test,0.0,cliente,oi esse conjunto marrom a c vendido tamba c m,"['conjunto', 'marrom', 'vendido', 'tamba']",conjunto marrom vendido tamba,True,False
d5f47fd934debda3,,ola bom dia denize tudo bem estamos repondo o estoque da nossa calca quentinha e por isso ela esta temporariamente indisponivel no nosso site assim que ela retornar te avisamos estamos a disposicao para qualquer duvida obrigada por ter entrado em contato conosco,saudacao,raw,nan,False,original,test,0.0,cliente,ola bom dia denize tudo bem estamos repondo o estoque da nossa calca quentinha e por isso ela esta temporariamente indisponivel no nosso site assim que ela retornar te avisamos estamos a disposicao para qualquer duvida obrigada por ter entrado em contato conosco,"['ola', 'denize', 'bem', 'repondo', 'estoque', 'nossa', 'calca', 'quentinha', 'temporariamente', 'indisponivel', 'nosso', 'site', 'assim', 'retornar', 'avisamos', 'disposicao', 'qualquer', 'duvida', 'entrado', 'contato', 'conosco']",ola denize bem repondo estoque nossa calca quentinha temporariamente indisponivel nosso site assim retornar avisamos disposicao qualquer duvida entrado contato conosco,False,False
3c4c64637878cc28,,ola karyna tudo bem obrigada por ter entrado em contato conosco,saudacao,raw,nan,False,original,test,0.0,cliente,ola karyna tudo bem obrigada por ter entrado em contato conosco,"['ola', 'karyna', 'bem', 'entrado', 'contato', 'conosco']",ola karyna bem entrado contato conosco,False,False
2a2df1ef5020c73b,,oi adriana isso ainda nao esta disponivel pois ele e um modelo exclusivo de sao paulo fashion week inclusive fomos semana passada prestigiar a marca reptilia nossa previsao e que esteja disponivel na proxima semana,saudacao,raw,nan,False,original,test,0.0,cliente,oi adriana isso ainda nao esta disponivel pois ele e um modelo exclusivo de sao paulo fashion week inclusive fomos semana passada prestigiar a marca reptilia nossa previsao e que esteja disponivel na proxima semana,"['adriana', 'ainda', 'nao', 'disponivel', 'pois', 'modelo', 'exclusivo', 'sao', 'paulo', 'fashion', 'week', 'inclusive', 'semana', 'passada', 'prestigiar', 'marca', 'reptilia', 'nossa', 'previsao', 'esteja', 'disponivel', 'proxima', 'semana']",adriana ainda nao disponivel pois modelo exclusivo sao paulo fashion week inclusive semana passada prestigiar marca reptilia nossa previsao esteja disponivel proxima semana,False,False
f099e148c35a4035,,bom dia gostei da cala a vai ter no site obrigada,saudacao,raw,nan,False,original,test,0.0,cliente,bom dia gostei da cala a vai ter no site obrigada,"['gostei', 'cala', 'vai', 'site']",gostei cala vai site,False,False
d6a5f1b8926f5d10,,oi tatiana tudo bem infelizmente nao temos o cupom,saudacao,raw,nan,False,original,test,0.0,cliente,oi tatiana tudo bem infelizmente nao temos o cupom,"['tatiana', 'bem', 'infelizmente', 'nao', 'temos', 'cupom']",tatiana bem infelizmente nao temos cupom,False,False
d4af2586b94115f8,,bom dia julienne o que achou da nossa selea a o,saudacao,raw,nan,False,original,test,0.0,cliente,bom dia julienne o que achou da nossa selea a o,"['julienne', 'achou', 'nossa', 'selea']",julienne achou nossa selea,False,False
ae200393f9f62b10,,ola caroline tudo bem obrigada pelo seu interesse em trabalhar conosco no momento nao estamos trabalhando com o contrato de novas pessoas no nosso time mas ja salvamos seus dados para futuras oportunidades caso tenha mais alguma duvida estamos a disposicao equipe curadobia,saudacao,raw,nan,False,original,test,0.0,cliente,ola caroline tudo bem obrigada pelo seu interesse em trabalhar conosco no momento nao estamos trabalhando com o contrato de novas pessoas no nosso time mas ja salvamos seus dados para futuras oportunidades caso tenha mais alguma duvida estamos a disposicao equipe curadobia,"['ola', 'caroline', 'bem', 'seu', 'interesse', 'trabalhar', 'conosco', 'momento', 'nao', 'trabalhando', 'contrato', 'novas', 'pessoas', 'nosso', 'time', 'salvamos', 'seus', 'dados', 'futuras', 'oportunidades', 'caso', 'tenha', 'alguma', 'duvida', 'disposicao']",ola caroline bem seu interesse trabalhar conosco momento nao trabalhando contrato novas pessoas nosso time salvamos seus dados futuras oportunidades caso tenha alguma duvida disposicao,False,False
2db9c500f98a0144,,ola anna bom dia seu produto vou enviado dia <num> <num> vocaa consegue acompanhar tudo pelo codigo de rastreio abaixo,saudacao,raw,nan,False,original,test,0.0,cliente,ola anna bom dia seu produto vou enviado dia num num vocaa consegue acompanhar tudo pelo codigo de rastreio abaixo,"['ola', 'anna', 'seu', 'produto', 'enviado', 'vocaa', 'consegue', 'acompanhar', 'codigo', 'rastreio', 'abaixo']",ola anna seu produto enviado vocaa consegue acompanhar codigo rastreio abaixo,False,False
a6c8167e6ed8db4f,,ola bom dia roupas lindas aqui mas na o encontrei muitas opa aues de tamanhos maiores a isso mesmo tenho uma cliente que se enquadraria perfeita nesse estilo mais contempora neo mas a c um tamanho g gg <num> <num> poderiam me sugerir algumas opa aues,saudacao,raw,nan,False,original,test,0.0,cliente,ola bom dia roupas lindas aqui mas na o encontrei muitas opa aues de tamanhos maiores a isso mesmo tenho uma cliente que se enquadraria perfeita nesse estilo mais contempora neo mas a c um tamanho g gg num num poderiam me sugerir algumas opa aues,"['ola', 'roupas', 'lindas', 'aqui', 'encontrei', 'muitas', 'opa', 'aues', 'tamanhos', 'maiores', 'mesmo', 'tenho', 'cliente', 'enquadraria', 'perfeita', 'nesse', 'estilo', 'contempora', 'neo', 'tamanho', 'poderiam', 'sugerir', 'algumas', 'opa', 'aues']",ola roupas lindas aqui encontrei muitas opa aues tamanhos maiores mesmo tenho cliente enquadraria perfeita nesse estilo contempora neo tamanho poderiam sugerir algumas opa aues,True,False
07eec89bb77bb6f0,,mas paguei por uma coisa que nao recebi,saudacao,raw,nan,False,original,test,0.0,cliente,mas paguei por uma coisa que nao recebi,"['paguei', 'coisa', 'nao', 'recebi']",paguei coisa nao recebi,False,False
56bbe05e03987b9e,,ele foi postando dia <num> com o ca <num> digo de rastreio aa <num> br,saudacao,raw,nan,False,original,test,0.0,cliente,ele foi postando dia num com o ca num digo de rastreio aa num br,"['postando', 'digo', 'rastreio']",postando digo rastreio,False,False
e3fa32986b8af911,,ola emilia boa noite tudo bem agradecemos demais o feedback e pode ter certeza que uma das preocupaa aues que estamos tendo a c seguir na busca por marcas que tragam opa aues e grades que representam o maior naomero de corpos possavel sobre a tabela de medida estamos buscando ajustar obrigada por nos informar e seguiremos aprimorando cada vez mais bjos d,saudacao,raw,nan,False,original,test,0.0,cliente,ola emilia boa noite tudo bem agradecemos demais o feedback e pode ter certeza que uma das preocupaa aues que estamos tendo a c seguir na busca por marcas que tragam opa aues e grades que representam o maior naomero de corpos possavel sobre a tabela de medida estamos buscando ajustar obrigada por nos informar e seguiremos aprimorando cada vez mais bjos d,"['ola', 'emilia', 'bem', 'agradecemos', 'demais', 'feedback', 'pode', 'certeza', 'preocupaa', 'aues', 'tendo', 'seguir', 'busca', 'marcas', 'tragam', 'opa', 'aues', 'grades', 'representam', 'maior', 'naomero', 'corpos', 'possavel', 'tabela', 'medida', 'buscando', 'ajustar', 'informar', 'seguiremos', 'aprimorando', 'cada', 'vez', 'bjos']",ola emilia bem agradecemos demais feedback pode certeza preocupaa aues tendo seguir busca marcas tragam opa aues grades representam maior naomero corpos possavel tabela medida buscando ajustar informar seguiremos aprimorando cada vez bjos,True,False
80c617d9b59051dc,,boa noite havera reposia a o da saia aonica preta no tamanho <num>,saudacao,raw,nan,False,original,test,0.0,cliente,boa noite havera reposia a o da saia aonica preta no tamanho num,"['havera', 'reposia', 'saia', 'aonica', 'preta', 'tamanho']",havera reposia saia aonica preta tamanho,True,False
570719559eaf6211,,descolado,saudacao,raw,nan,False,original,test,0.0,cliente,descolado,['descolado'],descolado,False,False
066a7eddc0dd812e,,deixa eu tirar outra daovida vc faz consultoria de imagem estilo tb se sim como funciona,styling_sugestao_look,raw,nan,False,original,test,0.0,cliente,deixa eu tirar outra daovida vc faz consultoria de imagem estilo tb se sim como funciona,"['deixa', 'tirar', 'outra', 'daovida', 'faz', 'consultoria', 'estilo', 'funciona']",deixa tirar outra daovida faz consultoria estilo funciona,False,False
ec42226d772a055e,,a modelagem e grande pode ser tam <num>,tamanho_modelagem,raw,nan,False,original,test,0.0,cliente,a modelagem e grande pode ser tam num,"['modelagem', 'grande', 'pode', 'ser', 'tam']",modelagem grande pode ser tam,False,False
0e773ac9b6a3d224,,porem e interessante frisar que a modelagem da calca e uma cintura no lugar nem cintura baixa e nem cintura alta,tamanho_modelagem,raw,nan,False,original,test,0.0,cliente,porem e interessante frisar que a modelagem da calca e uma cintura no lugar nem cintura baixa e nem cintura alta,"['porem', 'interessante', 'frisar', 'modelagem', 'calca', 'cintura', 'lugar', 'nem', 'cintura', 'baixa', 'nem', 'cintura', 'alta']",porem interessante frisar modelagem calca cintura lugar nem cintura baixa nem cintura alta,True,False
683bc3459246a997,,acabei de comprar um conjunto se nao servir posso trocar pelo seu cep deve ser perto da minha casa o meu <num> <num>,troca_devolucao,raw,nan,False,original,test,0.0,cliente,acabei de comprar um conjunto se nao servir posso trocar pelo seu cep deve ser perto da minha casa o meu num num,"['acabei', 'comprar', 'conjunto', 'nao', 'servir', 'posso', 'trocar', 'seu', 'cep', 'deve', 'ser', 'perto', 'casa']",acabei comprar conjunto nao servir posso trocar seu cep deve ser perto casa,False,False
95ea05dd6bfb01a2,,na o vou trocar vou tentar reduzir o gancho,troca_devolucao,raw,nan,False,original,test,0.0,cliente,na o vou trocar vou tentar reduzir o gancho,"['trocar', 'tentar', 'reduzir', 'gancho']",trocar tentar reduzir gancho,False,False
