texto,intent
consiggo falar com atendente?,falar_com_humano
"veioo com defeito, como faço a devolução?",troca_devolucao
que calca maravilhosa,duvida_tamanho
a jaqueta branca uma pena eu nao conseguir comprar por problemas tecnicos uma experiencia de consumidor mto ruim,duvida_tamanho
ela a c reta e certa acredito que o tamanho m funcione bem para vocaa o tecido da base a c mais malea vel que da parte de cima,outros
conjuntinho,outros
somos uma produtora de a udio visual e achamos que seria interessante apresentar o nosso trabalho e portifa <num> lio,duvida_tamanho
essa modelagem é mais enxuta? o camisa de viscose veste grande?,tamanho_modelagem
boa tarde fabiana como vai passando para avisar que as blusas acabaram de ser repostas no site estoque,saudacao
tem calça alfaiataria verde 40?,buscar_produto_por_nome
"sou 42, às vezes pego M; o saia plissada segue a tabela certinha?",tamanho_modelagem
tem tabela de medidas do vestido midi?,tamanho_modelagem
deixa,outros
posso trocar caso eu experimente e prefira uma maior,troca_devolucao
d d d,outros
fiz uma compra de um casaco com vcs e nao vestiu bem gostaria de trocar por uma calca fresquinha tamanho m,duvida_tamanho
pergunta a regata pregas jersey precisa passar resposta modelagem e tecido,tamanho_modelagem
"tenho 92cm de busto e 118cm de quadril, qual tamanho do body canelado vc indica?",duvida_tamanho
chega quando no 01255-022?,frete_prazo
veste pequeno ou grande? queria o saia plissada em GG,duvida_tamanho
obrigada pela presenca stella,despedida
"não serviu, consigo troocar?",troca_devolucao
tem vestido preto no 36?,disponibilidade
ola karyna boa tarde tudo bem estamos entrando em contato porque identificamos que ha um tempo voce demonstrou interesse nos sapatos da bia que apareceram em um dos nossos reels agora eles estao disponiveis no site do curadobia segue o link <url> obrigada por nos acompanhar karyna qualquer duvida estamos a disposicao equipe curadobia,saudacao
pergunta a saia tech vai bem com bota resposta combinacoes e ocasioes,duvida_tamanho
boa tarde a jaqueta off da nauanim voltou,saudacao
na verdade eu ja assisti ao video do casaco no site curadobia varias vezes para tentar chegar a essa conclusao mas nao consegui,onde_comprar
tem blazer preto no 40?,disponibilidade
"prazo pro meu cep 04012-000, chega até 3 dias úteis?",frete_prazo
tem vestido preto tamanho 36?,buscar_produto_por_categoria
"prazo proo meu cep 06030-050, chega até sexta?",frete_prazo
procuro,buscar_produto_por_nome
que maximo marca a gente nos seus looks muito feliz que esta curtindo a selecao de pecas logo mais teremos muitas novidades bacanas,pedido_sugestao
e o body me chega hoje,duvida_tamanho
tem saia verde no GG?,disponibilidade
uso M na parte de cima; o blazer linho serviria?,duvida_tamanho
coisa,saudacao
obrigada pela presenca silvia,despedida
quero camisa preto 46,buscar_produto_por_categoria
oi as compras sa o direto no site,saudacao
obrigada pela presena a renata vai arrasar demais com o conjuntinho mascavo nosso antimo terracota d deg,despedida
seu ddd qual seria,outros
ja tentei traas vezes sera que pode ser o tamanho,outros
quero saia verde M,buscar_produto_por_categoria
na o tenho nada da paula ferber a numeraa a o a c normal a forma,outros
me indica um shorts caramelo tamanho P?,pedido_sugestao
quero comprar mas preciso saber se ela calca certinho o numero do calco o numero <num> devo comprar o mesmo,duvida_tamanho
dica de look para happy hour com camisa de viscose azul marinho,styling_sugestao_look
tem body canelado bege P?,buscar_produto_por_nome
obrigada pela presenca,despedida
muito obrigada pela atencao,despedida
obrigada pela presena a a i a i,despedida
pergunta tenho duvida no tamanho da camisa viajante qual voce recomenda resposta tamanho e medidas,duvida_tamanho
enviado obrigada ata c segunda,despedida
tem loja física/enderreço?,onde_comprar
pensamos que poderia ser a senha criada mas quando ocorre algum ponto nesse aspecto surge uma mensagem abaixo voce se importaria em tentar novamente apenas para checarmos se continua ocorrendo o mesmo erro,erros_plataforma
perfeito ana obrigada pelo retorno d,despedida
tem jaqueta preto no 44?,disponibilidade
tem vestido verde tamanho G?,buscar_produto_por_categoria
necessarias,outros
o meu e <user> oficial,outros
na o tem um link de comunicaa a o no whatsapp,buscar_produto_por_nome
aindda tem calça alfaiataria em G?,disponibilidade
tem body verde tamanho P?,buscar_produto_por_categoria
procuro blazer linho em azul marinho,buscar_produto_por_nome
quero saia verde 36,buscar_produto_por_categoria
tem shorts preto no 44?,disponibilidade
quero jaqueta bege 442,buscar_produto_por_categoria
sugestao,pedido_sugestao
elegante,outros
fechado,outros
valor do frete pro 04567-010?,frete_prazo
cadê o rastreamento do #5536?,status_pedido
tem vestido preto no P?,disponibilidade
ok entendi obrigada pelo retorno um abraco,despedida
"prazo pro meu cep 04012-000, chega até essa semana?",frete_prazo
"quero um look casual para trabalho, uso 36",pedido_sugestao
de,outros
quero jaqueta preto 36,buscar_produto_por_categoria
vc consegue rastrear o meu pedido,outros
tem saia preto tamanho 36?,buscar_produto_por_categoria
sku,outros
é algodão? encolhe? comoo lavar?,materiais_cuidados
bia voce acaba comigo com tantas coisas lindas do curadobia queria muito que tivesse frete internacional canada eu fico aqui babando,saudacao
bia esse seu curadobia esta um arraso muito tentador paraba c ns pelo projeto uma daovida qual a sua altura estou interessadassima nessa cala a mas sou baixa <num> cm e geralmente tenho que fazer a barras das cala as o que na o a c muito fa cil com essaa d obrigada,despedida
obrigada pelo prestigio foi incrivel te ter de pertinho ontem,saudacao
qual camisa combina com body canelado em preto?,pedido_sugestao
me iindica um shorts bege tamanho GG?,pedido_sugestao
"quero um look minimalista para jantar, uso PP",pedido_sugestao
quero jaqueta verde G,buscar_produto_por_categoria
volta pro estoque,outros
uso 46 na parte de cima; o body canelado serviria?,duvida_tamanho
obrigada pela presena a livia,despedida
tem blazer linho off-wwhite 46?,buscar_produto_por_nome
quero saia verde 42,buscar_produto_por_categoria
legal mto obrigada,despedida
checkout travandoo aqui,erros_plataforma
pagamentoo recusado toda hora,erros_plataforma
conteudo,outros
karyna bom dia tudo bem desculpe a demora para o esclarecimento da duvida como somos um marketolace trabalhamos com marcas unicas e diferentes como cada uma tem a sua producao optamos por entrar em contato com a marca parceira da calca ontem para confirmar sua duvida e te responder da melhor maneira possivel a marca nos confirmou que as medidas do tamanho <num> estao corretas com a cintura e o quadril com a mesma medida mesmo isso ocorre pois como e uma peca produzida com elastico na cintura ele acaba ficando na mesma medida do quadril se adequando ao formato do corpo que a usa a unica correcao que ja aproveitamos para fazer que a marca tambem nos informou foi que o tamanho <num> fa calca tambem deveria estar com a mesma medida na cintura e no quadril <num> cm pelo mesmo motivo ja vamos corrigir isso no site qualquer outra questao estamos a disposicao karyna,saudacao
ola bom dia sheila tudo bem que bom que gostou do nosso macacao cool nos temos ele nos tamanhos <num> <num> <num> e <num> vou te encaminhar o link dele para que possa visualizar no nosso site <url>,saudacao
tem jaqueta preto no GG?,disponibilidade
ola meninas seguem meus contatos <num> <num> <num> <num> daniela masson <user> com muito bom falar com vcs ontem obrigada falamos na sequaancia por whatsapp d,saudacao
é viscose? encolhee? como lavar?,materiais_cuidados
cadê o rastreamento do #3909?,status_pedido
"prazo pro meu cep 01455-022, chega até amanhã?",frete_prazo
bia gosto muito das suas bolsas poderia passar umas dicas nao encontrei no seu site,materiais_cuidados
pergunta a saia acinturante marca muito o corpo resposta modelagem e tecido,tamanho_modelagem
ola camila td bem segue aqui o link da blusa que voce gostou qualquer duvida estamos a disposicao ok,saudacao
como e o processo da troca,troca_devolucao
tem blazer verde no 40?,disponibilidade
tem jaqueta verde no 40?,disponibilidade
me indica um saia preto tamanho 46?,pedido_sugestao
tem blazer verde no 38?,disponibilidade
ola bia sou a daniela e gostaria de apresentar minha marca pra vc a queens gate minha socia e eu ja te acompanhamos tem um bom tempo e somos muito fas a sua curadoria com seus neutros com tcharanz reforcou a vontade de apresentar o conceito da nossa marca pra vc vamos completar <num> ano em agosto e adorariamos um bate papo com vc pra contar nossa historia e nossos planos moro em londres e minha socia em sp e vou deixar meu whatsapp pessoal por conta do fuso aqui e mando o link do nosso insta pra vc dar uma olhadinha obrigada <num> <num> <num> <num>,saudacao
ola bia sou a daniela e gostaria de apresentar minha marca pra vc a queens gate minha sa <num> cia e eu ja te acompanhamos tem um bom tempo e somos muito fa s a sua curadoria com seus neutros com tcharanz refora ou a vontade de apresentar o conceito da nossa marca pra vc vamos completar <num> ano em agosto e adoraraamos um bate papo com vc pra contar nossa hista <num> ria e nossos planos moro em londres e minha sa <num> cia em sp e vou deixar meu whatsapp pessoal por conta do fuso aqui e mando o link do nosso insta pra vc dar uma olhadinha d obrigada <num> <num> <num> <num>,saudacao
molinho,duvida_tamanho
tem telefonee/whatsapp de alguém?,falar_com_humano
"sou 42, às vezes pego 40; o body canelado segue a tabela certinha?",tamanho_modelagem
erro,erros_plataforma
"meu pedido #5408 não atualiza, pode ver?",status_pedido
procuro body canelado em verde,buscar_produto_por_nome
quero camisa preto 42,buscar_produto_por_categoria
cadê o rastreamento do #6730?,status_pedido
essa sandalia calca certo calco <num> sera que preciso comprar <num>,duvida_tamanho
podia,outros
apoio,saudacao
ola boa tarde tudo bem estamos entrando em contato porque identificamos que ha um tempo vocaa demonstrou interesse nas sanda lias da bia que apareceram em um dos nossos reels agora eles esta o disponaveis no site do curadobia dd segue o link <url> obrigada por nos acompanhar qualquer daovida estamos a disposia a o equipe curadobia d,saudacao
pagamento recusaado toda hora,erros_plataforma
tem blazer verde no G?,disponibilidade
ahhh maravilha,outros
"sou PP, às vezes pego 46; o body canelado segue a tabela certinha?",tamanho_modelagem
consigo fallar com atendente?,falar_com_humano
tem jaqueta verde no 42?,disponibilidade
quero vestido verde 46,buscar_produto_por_categoria
com relaa a o a outra blusa que vocaa gostou ela esta em processo de lana amento e ainda na o esta a venda no nosso site mas independente desse fator na o seria possavel unificar o frete nesse caso pois o frete sa <num> fica unificado para as pea as da mesma marca,saudacao
posso pagar no pix/boleto? parcella?,formas_pagamento
tem saia off-white no P?,disponibilidade
faz emm 3x sem juros?,formas_pagamento
jeitinho,outros
clientes,outros
tem vestido verde tamanho 36?,buscar_produto_por_categoria
quero camisa verde PP,buscar_produto_por_categoria
tem camisa verde no 42?,disponibilidade
posso pagar no pixx/boleto? parcela?,formas_pagamento
essas,outros
tem teelefone/whatsapp de alguém?,falar_com_humano
"sou P, às vezes pego G; o camisa de viscose segue a tabela certinha?",tamanho_modelagem
procuro camisa de viscose em off-white,buscar_produto_por_nome
a nossa calca diferentex esta saindo por r <num> <num>,duvida_tamanho
quero vestido preto PP,buscar_produto_por_categoria
quero blazer preto 42,buscar_produto_por_categoria
ela e reta e certa acredito que o tamanho m funcione bem para voce o tecido da base e mais maleavel que da parte de cima,outros
mari sent an attachment,outros
tem jaqueta verde tamanho 36?,buscar_produto_por_categoria
"não serviu, consiigo trocar?",troca_devolucao
consigo falar com atendennte?,falar_com_humano
boa tarde pessoal tudo bem estava namorando um macacao verde no site da marca d aura porem nao localizei mais saiu de colecao nao tera reposicao aguardo obrigada milene,saudacao
tem jaqueta preto tamanho G?,buscar_produto_por_categoria
elaine para o tamanho <num> nos indicamos o tamanho <num> da saia,duvida_tamanho
tem shorts off-white tamanho G?,buscar_produto_por_categoria
tem ttelefone/whatsapp de alguém?,falar_com_humano
tem jaqueta preto no 40?,disponibilidade
ola tudo bem ana e vc que bacana vou passar o whatsapp da maia pode falar com ela por gentileza <num> <num>,saudacao
valor do frete pro 055010-020?,frete_prazo
tem blazer linho vermelho G?,buscar_produto_por_nome
ele foi postando dia <num> com o ca <num> digo de rastreio aa <num> br,saudacao
oi anna bom dia tudo bem nos desculpe a falta de resposta vou te mandar mensagem via whatsapp para ficar melhor a nossa comunicacao tudo bem mas pode ficar tranquila pois realmente nosso atendimento funciona prioritariamente durante a semana e nao vamos te deixar desamparada,saudacao
cadê o rastreamento do #3222?,status_pedido
consegue,outros
tem camisa preto tamanho 46?,buscar_produto_por_categoria
tem saia verde no 42?,disponibilidade
"meu pedido #5076 não atuualiza, pode ver?",status_pedido
quero vestido preto 36,buscar_produto_por_categoria
certo obrigada o prazo de entrega sa o <num> dias mesmo,despedida
valor do freete pro 04012-000?,frete_prazo
poxa que pena quando tiverem me avise por favor,outros
de nada,outros
fazz em 3x sem juros?,formas_pagamento
oi karyna bom dia vimos que voce mandou as mesmas mensagens pelo nosso whatsapp vamos dar seguimento por la entao tudo bem obrigada,saudacao
queria ver sua sapateira pq tudo a c lindassimo mas seus sapatos sa o escolhidos a dedo tudo a ver com vc semprea esse a c da laia na c,despedida
tem blazer preto no 44?,disponibilidade
verde,outros
dica de look para formatura com calça alfaiataria preto,styling_sugestao_look
tem link? coomo compro?,onde_comprar
"sou 42, às vezes pego GG; o camisa de viscose segue a tabela certinha?",tamanho_modelagem
quuero shorts vermelho G,buscar_produto_por_categoria
beijos,outros
oi sandra tudo bem passando aqui para te avisar que o jeans preto que vocaa se interessou no nosso reels um tempinho atra s esta disponavel d,saudacao
me indica um vestido off-white tamanho M?,pedido_sugestao
é malha canelada? enccolhe? como lavar?,materiais_cuidados
descolado,saudacao
experimentei essa jaqueta maravilhosa,duvida_tamanho
ola van td bem farei um video para vc,saudacao
ainda tem camisa de viscose em G?,disponibilidade
cadê o rastreamento do #1879?,status_pedido
mee indica um jaqueta azul marinho tamanho GG?,pedido_sugestao
obrigada pelo convite adorei a minha sandalia nova a i,despedida
posso pagar no pix/boleeto? parcela?,formas_pagamento
scorro shared a product,outros
invernal,outros
qual seu manequim,outros
"prazo pro meu cep 060300-050, chega até sexta?",frete_prazo
tem camisa dee viscose off-white 36?,buscar_produto_por_nome
surpresa,outros
"quero um look minimalista para trabalho, uso 36",pedido_sugestao
é viscose? encolhe? comoo lavar?,materiais_cuidados
faz em 3x sem juros?,formas_pagamento
pergunta tem rastreio pra saia acinturante resposta frete prazos e trocas,duvida_tamanho
"quero uum look minimalista para trabalho, uso 36",pedido_sugestao
"sou G, às vezes pego G; o blazer linho segue a tabela certinha?",tamanho_modelagem
atimo me avise por favor um abraa o e obrigada,despedida
uso 40 na parte de cima; o body canelado serviria?,duvida_tamanho
tem jaqueta preto no 38?,disponibilidade
aqui a tabela certinha mas ja estamos com o pessoal ta c cnico corrigindo esse erro,erros_plataforma
tem saia plissada azul marinho 46?,buscar_produto_por_nome
"sou GG, às vezes pego M; o calça alfaiataria segue a tabela certinha?",tamanho_modelagem
tem llink? como compro?,onde_comprar
tem jaqueta azul marinho tamanho GG?,buscar_produto_por_categoria
to,outros
daniela depois me passa seu numero de telefone que ai seguimos a comunicacao por la e pelo e mail,saudacao
obrigada eu aviso sim gostei bastante vou levar para a cliente,despedida
quero jaqueta preto P,buscar_produto_por_categoria
estou de olho nessa peca aqui,outros
oi as compras sao direto no site,saudacao
tentar,outros
me indica um calça caramelo ttamanho G?,pedido_sugestao
cadê o rastreamentoo do #7280?,status_pedido
tem camisa verde no 44?,disponibilidade
guarda,outros
qualquer duvida ou questao estamos a disposicao obrigada por nos acompanhar equipe curadobia,despedida
vocaas irao vender oysho,outros
mto obrigada,despedida
vamos falar sim super,outros
tem blazer verde tamanho 40?,buscar_produto_por_categoria
"prazo pro meu cep 06030-050, chega aaté essa semana?",frete_prazo
sirvam,outros
"quero um look minimalista para trabalho, uso GG",pedido_sugestao
visto g qual tamanho seria quais cores tem tem a cala a tb,buscar_produto_por_nome
"quero um look moderno para trabalho, uso 38",pedido_sugestao
brinco,outros
bom dia beatriz tudo bem obrigada por ter entrado em contato conosco vamos te encaminhar uma mensagem pelo nosso whatsapp oficial edited,saudacao
tem camisa vermelho tamanho P?,buscar_produto_por_categoria
qual vestido combina com calça alfaiataria em bege?,pedido_sugestao
alongue,outros
tem vestido preto no 38?,disponibilidade
"não serviu, consigo troccar?",troca_devolucao
tem saia verde tamanho PP?,buscar_produto_por_categoria
na verdade eu ja assisti ao vadeo do casaco no site curadobia va rias vezes para tentar chegar a essa conclusa o mas na o consegui,onde_comprar
dica de look para formatura com saia plissada bege,styling_sugestao_look
tem body verde no PP?,disponibilidade
"prazo pro meu cep 04012-000, chega até 3 diaas úteis?",frete_prazo
era pra ter chegado ontem,buscar_produto_por_nome
procuro saia plissada em vermelho,buscar_produto_por_nome
chico neto cd mare mar whatsapp <num> <url>,falar_com_humano
checkout ttravando aqui,erros_plataforma
na o tem mais numeraa a o <num>,buscar_produto_por_nome
tem body preto tamanho 40?,buscar_produto_por_categoria
numero,falar_com_humano
"sou 40, às vezes pego 44; o body canelado segue a tabela certinha?",tamanho_modelagem
estamos estudando trazer essa categoria para o curadobia pora c m nada de imediato ainda mas muito legal saber do interesse assim que tivermos iremos te manter avisada,despedida
me indicca um jaqueta preto tamanho 38?,pedido_sugestao
ola gisela essa sandalia a c da minha collab com a paula ferber,saudacao
"meu pedido #3595 não atualiza, pode ver?",status_pedido
na o temos cupom de desconto no momento,buscar_produto_por_nome
veste pequeno ou grande? queria o calça alfaiataria em 40,duvida_tamanho
me indica um vestido off-white tamaanho 44?,pedido_sugestao
é linho? encolhe? como llavar?,materiais_cuidados
"meu pedido #7253 não atualiza, pode ver?",status_pedido
gg,outros
"tenho 96cm de busto e 124cm de quadril, qual tamanho do saia plissada vc indica?",duvida_tamanho
boa tarde na pagina da regata podrinha cinza eu nao consigo ver as medidas dos tamanhos acima do g que sao justamente o que visto poderia me enviar essas medidas dos tamanhos gg e xgg por favor,saudacao
"quero um loook moderno para casamento de dia, uso 36",pedido_sugestao
tem saia verde tamanho 46?,buscar_produto_por_categoria
posso pagar no pix/boleto? parccela?,formas_pagamento
tem body preto tamanho 42?,buscar_produto_por_categoria
quero camisa verde 44,buscar_produto_por_categoria
tem blazer linho preto PP?,buscar_produto_por_nome
que ai conseguimos encaminhar pro la as tratativas o que acha se puder esclarecer que seria algo mais voltado para o perfil pessoal da bia ou para o curadobia seria bacana entendermos tambem para encaminhar de forma mais assertiva sua mensagem,saudacao
quero blazer verde 40,buscar_produto_por_categoria
consigo falar com atendente?,falar_com_humano
quero jaqueta verde 38,buscar_produto_por_categoria
ola eu encontro as medidas no site,saudacao
"não servviu, consigo trocar?",troca_devolucao
uso 42 na parte de cima; o body canelado serviria?,duvida_tamanho
pagamento recusado toda hora,erros_plataforma
obrigada pelo retorno,despedida
choker,outros
eu nao recebi a confirmacao dessa compra,outros
oiee bom dia,saudacao
quero blazer verde GG,buscar_produto_por_categoria
eu na o recebi a confirmaa a o dessa compra,outros
ok obrigada,despedida
posso passar malha canelada? precisa cuidado esppecial?,materiais_cuidados
ola rosangela boa tarde tudo bem estamos entrando em contato porque identificamos que ha um tempo vocaa demonstrou interesse nas rasteiras da bia que apareceram em um dos nossos reels agora eles esta o disponaveis no site do curadobia dd segue o link <url> obrigada por nos acompanhar rosangela qualquer daovida estamos a disposia a o equipe curadobia d,saudacao
precisei sair correndo por um problema com minha filha que ja esta bem mas nem consegui me despedir obrigada queridas pelo convite,despedida
pergunta tem rastreio pra camisa de responsa resposta frete prazos e trocas,duvida_tamanho
"quero um look street para trabalho, uso GG",pedido_sugestao
milene perguntamos para a bia e ela te indicou comprar o tamanho <num> dessa jaqueta por voce nao estar acostumada a roupas oversized o que acha,duvida_tamanho
obrigada por nos mandar e informar sobre essa situacao ja passamos para o nosso setor tecnico analisar essa situacao caso deseje podemos tirar duvidas e disponibilizar mais informacoes por aqui so nos solicitar estamos a disposicao para qualquer coisa,saudacao
comprimento,outros
pedimos desculpas pelo transtorno,outros
todas,outros
pagamentto recusado toda hora,erros_plataforma
tranquilo obrigada,despedida
ola silvana boa tarde tudo bem estamos entrando em contato porque identificamos que ha um tempo voce demonstrou interesse nas sapatilhas da bia que apareceram em um dos nossos reels agora eles estao disponiveis no site do curadobia segue o link <url> obrigada por nos acompanhar silvana qualquer duvida estamos a disposicao equipe curadobia,saudacao
"prazo pro meu cep 04012-000, chega até amanhã?",frete_prazo
"sou M, às vezes pego PP; o calça alfaiataria segue a tabela certinha?",tamanho_modelagem
dica de look para jantar com calça alfaiataria preto,styling_sugestao_look
procuro calça alfaiataria em caramelo,buscar_produto_por_nome
tem blazer linho azul marinho 36?,buscar_produto_por_nome
solicitamos a reposia a o para a paula ferber logo mais te atualizaremos sobre o estoque d deg,outros
oi adriana isso ainda nao esta disponivel pois ele e um modelo exclusivo de sao paulo fashion week inclusive fomos semana passada prestigiar a marca reptilia nossa previsao e que esteja disponivel na proxima semana,saudacao
aindda tem blazer linho em 40?,disponibilidade
tem blazer preto tamanho PP?,buscar_produto_por_categoria
diferenca,outros
boa tarde milene td bem e vc esse macacao nesse tom infelizmente nao tera reposicao mas lancamos ontem o mesmo modelo em preto,saudacao
tem vestido midi off-white 38?,buscar_produto_por_nome
quero camisa verde 42,buscar_produto_por_categoria
obrigada a i,despedida
chega quando no 04567-010?,frete_prazo
pergunta a camisa viajante ta em promocao resposta preco estoque e pagamento,duvida_tamanho
oii o site curadobia esta fora do ar fui visitar atraves dos link da bio e nao funcionou bjs,saudacao
obrigada por nos acompanhar d sigo aqui para o que vocaa precisar,despedida
sa <num> entrar no site ou aqui no nosso perfil que tem a selea a o completa,buscar_produto_por_nome
adorei obrigada vcs,despedida
acabamento,outros
quero jaqueta verde 44,buscar_produto_por_categoria
é linho? encolhe? como lavaar?,materiais_cuidados
"quero um look minimalista para trabalho, uso 40",pedido_sugestao
cade quero,outros
"sou GG, às vezes pego PP; o body canelado segue a tabela certinha?",tamanho_modelagem
"meu pedido #7112 não atualiza, pode ver?",status_pedido
tem calça caramelo no 42?,disponibilidade
persuasao,outros
"sou 36, às vezes pego 46; o calça alfaiataria segue a tabela certinha?",tamanho_modelagem
alguem poderia entrar em contato comigo por e mail ou whatsapp o site de vcs parece que esta com problemas nao funciona direito nao,onde_comprar
no e mail da nota fiscal nao tem nada,buscar_produto_por_nome
oi mari boa tarde ah que a <num> timo combinado enta o fico muito feliz que o conjunto tenha ficado bacana conta com a gente para o que precisar grande abraa o aproveite o final de semana torcendo para baixar um pouco a temperatura d,saudacao
atemporal,despedida
tem body verde no 46?,disponibilidade
oi danuza bom dia tudo bem pode nos informar por aqui a duvida ou se preferir uma comunicacao mais agil pode nos chamar no nosso whatsapp,saudacao
casa,outros
eu comprei a calca pantalona branca no dia <num> <num>,duvida_tamanho
pergunta a calca cool fica justa no quadril resposta tamanho e medidas,duvida_tamanho
iremos relana a la em outubro aqui no curadobia,outros
mas temos varias opcoes qualquer coisa sigo aqui para te auxiliar,saudacao
tem camisa preto no 36?,disponibilidade
oi pri esta o entrando muitas marcas incraveis novas no curadobia pora c m a oysho na o a c uma delasd,saudacao
"prazo pro meu cep 06030-050, chega até essa semana?",frete_prazo
eu comprei a cala a pantalona branca no dia <num> <num>,outros
checckout travando aqui,erros_plataforma
oi adriana bom dia como vai obrigada pelo seu interesse conosco estamos fazendo uma repaginaa a o no site e assim que voltarmos te mando o link do nosso conjunto que vocaa gostou d deg,saudacao
ola tudo bem estou apaixonada por essa jaqueta bacanuda da foto o prea o de <num> pula pra setecentos e tanto na hora de comprar a isso mesmo entra um valor de comissa o na hora da compra,saudacao
"prazo pro meu cep 04567-010, chega até essa semana?",frete_prazo
cadê o rastreamento do #40086?,status_pedido
o tom certo e o que esta no site os stories que a bia postou hoje modificaram um pouco o tom,onde_comprar
tem camisa preto no M?,disponibilidade
tem body verde no 36?,disponibilidade
natural,outros
pergunta com que sapato usar a regata pregas jersey resposta combinacoes e ocasioes,styling_sugestao_look
estou com duvidas sobre o tamanho da saia unica visto <num> mas as medidas no quadro de tamanhos parecem grandes mas existe a informacao de que o tamanho <num> corresponde ao <num>,duvida_tamanho
qual camisa combina com body canelado em off-white?,pedido_sugestao
as,outros
qual shorts combina com vestido midi em off-white?,pedido_sugestao
qualquer daovida ou questa o estamos a disposia a o obrigada por nos acompanhar equipe curadobia d,despedida
ola katia tudo bem,saudacao
decote,outros
oi quanto custa a blusa modernosa tem gg,saudacao
venho com boas notacias o conjunto que vocaa se interessou acabou de subir no site com pouquassimas unidades,onde_comprar
procuro saia plissada em caramelo,buscar_produto_por_nome
faz em 3x sem juuros?,formas_pagamento
ola bom dia me chamo anelisa e gostaria de confirmar se meu pedido foi realizado nao sei se esse e o canal mais adequado para essa solicitacao mas como nao achei no site um campo para falar com voces decidi vir aqui fiz essa compra ontem pelo site e logo depois de finalizar apareceu uma mensagem dizendo que o pagamento nao estava confirmado no entanto no site diz que o pagamento foi efetuado e nao recebi nenhuma mensagem do banco dizendo que o pagamento foi negado alem disso tambem nao recebi um e mail com os dados do pedido muito obrigada desde ja,saudacao
"sou GG, às vezes pego 46; o vestido midi segue a tabela certinha?",tamanho_modelagem
outra daovida a c sobre o tom certinho dessa jaqueta no site achei que estava num tom diferente dos stories,duvida_tamanho
deixa eu tirar outra duvida vc faz consultoria de imagem estilo tb se sim como funciona,styling_sugestao_look
qual jaqueta combina com calça alfaiataria em azul marinho?,pedido_sugestao
com relaa a o a cala a na <num> s temos essas duas opa aues que penso que vc pode gostar,buscar_produto_por_nome
essa conta na o pode receber sua mensagem porque na o aceita novas solicitaa aues de contato de todos,outros
pora c m a c interessante frisar que a modelagem da cala a a c uma cintura no lugar nem cintura baixa e nem cintura alta,tamanho_modelagem
vou seguir,outros
tem vestido verde tamanho P?,buscar_produto_por_categoria
queridinha,outros
bia tudo bem tenho uma festa bem legal e o traje e black and white pensei na blusa pah mas queria saber se o tecido fica vistoso e se voce recomenda alguma calca mais festa para combinar beijos julie,duvida_tamanho
pergunta a camisa de responsa combina com jeans resposta combinacoes e ocasioes,duvida_tamanho
cadê o rastreamento do #6236?,status_pedido
ola como tirar daovidas de tamanho da pea a,saudacao
muito obrigada elas entraram em contato comigo realmente a sanda lia a c linda mas infelizmente fico um pouco fora pra mim,despedida
que vestido posso usar com camisa de viscose? quero algo clássico,styling_sugestao_look
legal mto obrigada d,despedida
macacaues com mangas,outros
ola alessandra boa tarde tudo bem estamos entrando em contato porque identificamos que ha um tempo vocaa demonstrou interesse nas sanda lias da bia que apareceram em um dos nossos reels agora eles esta o disponaveis no site do curadobia dd segue o link <url> obrigada por nos acompanhar alessandra qualquer daovida estamos a disposia a o equipe curadobia d,saudacao
"veio com defeito, comoo faço a devolução?",troca_devolucao
ainda ttem blazer linho em M?,disponibilidade
inventadas,outros
prateleira,despedida
uso G na parte de cima; o camisa de viscose serviria?,duvida_tamanho
ola sou o gerente de vendas da pg game platform quero falar com voce sobre parcerias nossa plataforma foi licenciada conjuntamente pelo governo federal brasileiro e pelo governo de curacao em outubro voce pode se juntar a nos e lhe daremos altas comissoes entre em contato comigo pelo whatsapp <num>,saudacao
ops a c a blusa pah,outros
diferente,outros
qual o endereco,onde_comprar
o produto a c lindo apesar de ter ficando um pouco grande,duvida_tamanho
tem camisa de viscose off-white P?,buscar_produto_por_nome
oi karyna bom dia tudo bem vamos verificar,saudacao
ola pati boa tarde tudo bem estamos entrando em contato porque identificamos que ha um tempo voce demonstrou interesse nas sandalias da bia que apareceram em um dos nossos reels agora eles estao disponiveis no site do curadobia segue o link <url> obrigada por nos acompanhar patricia qualquer duvida estamos a disposicao equipe curadobia,saudacao
temos o video nos nossos stories de hoje com a bia usando ela de uma olhada,buscar_produto_por_nome
essa modelagem é mais enxuta? o calça alfaiataria veste grande?,tamanho_modelagem
tem blazer verde no 36?,disponibilidade
uma coisa de lindo,saudacao
tem jaqueta preto tamanho P?,buscar_produto_por_categoria
como a c o processo da troca,troca_devolucao
os bodys da revival sa o excelentes pea as neutras e ba sicas para ter no arma rio e possuem uma ampla grade de tamanhos <url> ala c m disso temos nossos acessa <num> rios <url> bolsas <url> e sapatos <url>,duvida_tamanho
inclusive muito obrigada pela solicitaa a o pois em funa a o dela estamos criando esse maas um destaque aqui no insta trazendo e salvando vadeos mostrando essa a c mais outras pea as que podem gerar daovidas,saudacao
isso e curadobia hein,outros
obrigada pela presenca renata vai arrasar demais com o conjuntinho mascavo nosso intimo terracota,despedida
tem jaqueta preto tamanho 42?,buscar_produto_por_categoria
bom dia beatriz tudo bem obrigada por ter entrado em contato conosco vamos entrar em contato com voce pelo nosso whatsapp oficial,saudacao
alfaiataria,outros
ola tudo bem sobre qual funcionamento deseja saber,saudacao
vai ter reposicao dessa calca,duvida_tamanho
"sou 38, às vezes pego 46; o camisa de viscose segue a tabela certinha?",tamanho_modelagem
tem loja físiica/endereço?,onde_comprar
"meu pedido #2075 não atualiza, pode ver?",status_pedido
obrigada pelo retorno vou acompanhar enta o beijo beijo d d,despedida
"sou 44, às vezes pego P; o saia plissada segue a tabela certinha?",tamanho_modelagem
karyna estoque atualizado,outros
pergunta da pra parcelar a saia tech sem juros resposta preco estoque e pagamento,duvida_tamanho
checkout travando aaqui,erros_plataforma
cadê o rastreamento do #1920?,status_pedido
outra duvida e sobre o tom certinho dessa jaqueta no site achei que estava num tom diferente dos stories,duvida_tamanho
"quero um look moderno para happy hour, uso 44",pedido_sugestao
ola bom dia denize tudo bem estamos repondo o estoque da nossa calca quentinha e por isso ela esta temporariamente indisponivel no nosso site assim que ela retornar te avisamos estamos a disposicao para qualquer duvida obrigada por ter entrado em contato conosco,saudacao
tem body caramelo no 44?,disponibilidade
"veio com defeeito, como faço a devolução?",troca_devolucao
vamos pensar no q podemos fazer juntasdodo,outros
como uma cratica construtiva vcs deveriam mandar um e mail para confirmar o pedido compro bastante on line e sempre vem o e mail do status do pedido o cliente fica mais seguro da compra,status_pedido
pergunta a calca cool tem frete gratis resposta frete prazos e trocas,duvida_tamanho
tudo,outros
"sou GG, às vezes pego 38; o vestido midi segue a tabela certinha?",tamanho_modelagem
porem teremos em dezembro um evento presencial para trazer as pecas ao vivo para quem quiser conhecer pessoalmente essa curadobia incrivel feita pela bia,falar_com_humano
faz em 3x sem juross?,formas_pagamento
valor do frete pro 045677-010?,frete_prazo
carrinho não abrre no celular,erros_plataforma
posso passarr malha canelada? precisa cuidado especial?,materiais_cuidados
posso paassar malha canelada? precisa cuidado especial?,materiais_cuidados
"sou M, às vezes pego 42; o body canelado segue a tabela certinha?",tamanho_modelagem
perfeito ja passei pro pessoal realizar a correa a o obrigada pelo feedback,despedida
tem vestido midi verde GG?,buscar_produto_por_nome
posso paassar viscose? precisa cuidado especial?,materiais_cuidados
segue o link dele qualquer duvida ou questao estamos a disposicao obrigada por nos acompanhar equipe curadobia,despedida
oi mari bom dia tudo bem infelizmente essa cala a na o teremos mais reposia a o no curadobia mas estamos com diversas novidades no site qualquer coisa sigo aqui para o que vocaa precisar,saudacao
tem loja física/endereço?,onde_comprar
bom dia maria luiza que bacana que se interessou por essa cala a ela a c muito especial mesmo o valor r <num> <num> caso tenha mais alguma duvida na o deixe de nos constatar equipe curadobia a,saudacao
é malha canelada? encolhe? ccomo lavar?,materiais_cuidados
posso passar algodão? precisa cuidado especial?,materiais_cuidados
"não serviiu, consigo trocar?",troca_devolucao
salaio sent an attachment,outros
ah que otimo monica deve ter ficado incrivel com toda a sua bossa,outros
posso passar malha canelada? precisa cuidaado especial?,materiais_cuidados
quero camisa preto 44,buscar_produto_por_categoria
pergunta posso indicar a bolsa anda sozinha pra alguem resposta extras e institucional,pedido_sugestao
a modelagem e grande pode ser tam <num>,tamanho_modelagem
obrigada pelo interesse aguardamos voces,despedida
qualquer coisa seguimos a disposicao por aqui ok,saudacao
procuro body canelado em preto,buscar_produto_por_nome
obrigada pelo prestagio d d,despedida
"não serviu, coonsigo trocar?",troca_devolucao
obrigada pelo retorno namoro o modelo gladiador me lembro dele mas quando fui procurar ja na o tinha mais d,despedida
tem body preto tamanho P?,buscar_produto_por_categoria
"quero um look casual para trabalho, uso 40",pedido_sugestao
oi tatiana tudo bem infelizmente nao temos o cupom,saudacao
ja comprei <num> pecas da curadobia,outros
pagamento recusado todaa hora,erros_plataforma
ola kari bom dia tudo bem,saudacao
ola anna bom dia seu produto vou enviado dia <num> <num> vocaa consegue acompanhar tudo pelo codigo de rastreio abaixo,saudacao
dica de look para jantar com camisa de viscose off-white,styling_sugestao_look
pergunta a regata pregas jersey tem desconto a vista resposta preco estoque e pagamento,buscar_produto_por_nome
tem jaqueta verde tamanho 38?,buscar_produto_por_categoria
tem telefone/whatsapp dee alguém?,falar_com_humano
bom dia a obrigada dd>>,saudacao
ola karyna tudo bem obrigada por ter entrado em contato conosco,saudacao
tem body preto tamaanho 38?,buscar_produto_por_categoria
faz eem 3x sem juros?,formas_pagamento
carrinho não abre no celulaar,erros_plataforma
"prazo pro meu cep 05010-020, chega até sexta?",frete_prazo
ola pessoal como vao meu nome e ana e trabalho junto com a bia paes de barros no curadobia com br o curadobia e um marketplace que nasceu com o proposito de reunir em um so lugar pecas que fazem toda a diferenca no armario e ao mesmo tempo sao faceis de usar os chamados neutros com tcharanz acreditamos que a argi super se conecta com essa proposta com quem poderia conversar para falar mais sobre aguardo voces,saudacao
tem jaqueta preto tamanho 40?,buscar_produto_por_categoria
tem body preto no 44?,disponibilidade
e o pedido <num>,outros
obrigada ata c la,despedida
pergunta a trench facil tem forro interno resposta modelagem e tecido,tamanho_modelagem
tem vestido verde no 42?,disponibilidade
bom dia julienne o que achou da nossa selecao edited,saudacao
dica de look para happy hourr com camisa de viscose preto,styling_sugestao_look
oi claudia que mensagem boa ficamos felizes de voce gostar dos nossos produtos vou confirmar sua compra e te aviso,saudacao
quero saia verde P,buscar_produto_por_categoria
pora c m teremos em dezembro um evento presencial para trazer as pea as ao vivo para quem quiser conhecer pessoalmente essa curadobia incravel feita pela bia,falar_com_humano
no e mail da nota fiscal na o tem nada,buscar_produto_por_nome
tem body preto no 38?,disponibilidade
"meu pedido #9759 não atualiza, pode ver?",status_pedido
ola carol td bem e vc pode nos enviar para contato curadobia <user> com,saudacao
mantem,buscar_produto_por_nome
uso 38 na parte de cima; o calça alfaiataria serviria?,duvida_tamanho
tem loja ffísica/endereço?,onde_comprar
poderosao,outros
ah que otimo monica esperamos que aproveite muito ela e se quiser compartilhar com a gente os looks que criar com ela vamos amar ver,pedido_sugestao
obrigada pela presena a stella,despedida
"tenho 110cm de busto e 100cm de quuadril, qual tamanho do saia plissada vc indica?",duvida_tamanho
link da cala a por gentileza,onde_comprar
tem,buscar_produto_por_nome
vc poderia checar se houve algum problema com os correios de sa o paulo pois nem chegou no correio de curitiba,saudacao
vou olhar,outros
pedimos desculpas pelo ocorrido e pode ter certeza que isso servira para aprimorarmos nosso atendimento e nao deixar que situacoes como essa ocorram novamente agradeco sua compreensao e nos disponibilizamos para auxiliar da melhor forma possivel sobre ter ficado um pouco grande o body nos informe se desejar efetuar troca que ja posso agilizar junto a marca essa solicitacao,despedida
tem body preto tamanho M?,buscar_produto_por_categoria
obrigada pelo interesse d aguardamos vocaas,despedida
quero camisa verde 40,buscar_produto_por_categoria
quero jaqueta verde 46,buscar_produto_por_categoria
tem camisa verde no 38?,disponibilidade
quero body verde 46,buscar_produto_por_categoria
dica de look para jantar com camisa de viscose preto,styling_sugestao_look
"quero um look romântico para ttrabalho, uso PP",pedido_sugestao
seria,outros
colar,saudacao
paguei sedex porque estou indo hoje pra londres e queria levar o body,duvida_tamanho
quero shorts vermelho 40,buscar_produto_por_categoria
entrega devolucao,troca_devolucao
veste,duvida_tamanho
"tenho 96cm de busto e 130cm de quadril, qual tamanho do calça alfaiataria vc indica?",duvida_tamanho
todas as pecas da mybasic e da lounge <num> possuem uma ampla grade <url> <url> os produtos da cecilia possuem uma modelagem mais ampla <url> alguns dos produtos da nauanin chegam ate a numeracao xxgg equivalendo a um <num> <url>,despedida
tipo,outros
pergunta consigo devolver a regata pregas jersey se nao servir resposta frete prazos e trocas,troca_devolucao
com relacao a calca nos temos essas duas opcoes que penso que vc pode gostar,duvida_tamanho
dica de look para jantar com camisa de viscose preeto,styling_sugestao_look
lindas,outros
tem vestido midi azul marinho 38?,buscar_produto_por_nome
me indica um jaqueta verde tamanho 42?,pedido_sugestao
deu certo sim obrigada,despedida
tem camisa verde no M?,disponibilidade
pergunta o tecido da blusa molona esquenta resposta modelagem e tecido,tamanho_modelagem
"quero um llook clássico para formatura, uso 44",pedido_sugestao
obrigada pela presenca ju amamos te receber e te atender,despedida
tem body verde no 40?,disponibilidade
perfeito ja passei pro pessoal realizar a correcao obrigada pelo feedback,despedida
vc teria alguma informacao sobre a minha encomenda,outros
quero saia caramelo G,buscar_produto_por_categoria
veste pequeno ou grande? queria o blazer linho em 42,duvida_tamanho
pergunta a saia acinturante combina com jeans resposta combinacoes e ocasioes,duvida_tamanho
endereco,onde_comprar
que shorts posso usar com blazer linho? querro algo minimalista,styling_sugestao_look
muito obrigada elas entraram em contato comigo realmente a sandalia e linda mas infelizmente fico um pouco fora pra mim,despedida
posso paagar no pix/boleto? parcela?,formas_pagamento
tem body preto no 46?,disponibilidade
dica de look para formatura com body canelado caramelo,styling_sugestao_look
"quero um look românticco para casamento de dia, uso M",pedido_sugestao
eu estou vendo mesmo que esta demorando mas super obrigada bom final de semana brenda,despedida
voltando,outros
tem saia verde tamanho 40?,buscar_produto_por_categoria
vista,outros
tem link? como comproo?,onde_comprar
estou tentando contato para devolucao de mercadoria e ninguem me atende nem por whatsapp e nem e mail comprei um vestido que quero devolver como devo proceder cristina hees <num> <num>,despedida
oi gabriela tudo bem ana aqui do time do curadobia estavamos passando por algumas instabilidades mas acredito que agora ja esta tudo resolvido te encaminho aqui o site para ficar mais facil o acesso,saudacao
essa gladiadora qual o naomero tem <num>,buscar_produto_por_nome
tem body verde tamanho 46?,buscar_produto_por_categoria
me indica um vestido caramelo taamanho GG?,pedido_sugestao
que legal vai ajudar muito,outros
"veio ccom defeito, como faço a devolução?",troca_devolucao
oi bia tudo bem me chamo alice sou socia da monti uma marca de moda que preza por estilo atemporal e pecas de qualidade estamos buscando consultoras de imagem parceiras para recomendar nossas pecas aos seus clientes e pensei que poderiamos criar algo bem legal juntas o que acha de agendarmos um papo para te contar mais sobre a nossa historia e a ideia de parceria fico no aguardo,saudacao
posso passarr linho? precisa cuidado especial?,materiais_cuidados
checkout travando aqui,erros_plataforma
estilo,styling_sugestao_look
veste peqqueno ou grande? queria o saia plissada em P,duvida_tamanho
que calça posso usar com camisa de viscose? quero algo romântico,styling_sugestao_look
"perfeiito, obrigada!",agradecimento
grandao,outros
gabriela entendo sua frustracao e e completamente justificada de fato a marca informou ter tido um pequeno problema de producao que nao devera mais ocorrer e por isso acabou enviando atrasado seu pedido sobre o meio de contato estamos providenciando um numero para atendimento whatsapp por hora estamos apenas com o e mail mas muito em breve ja deixaremos essa opcao mais facil para solucao de qualquer problema,despedida
obrigada beijinhos,despedida
corpo,outros
quero comprar mas preciso saber se ela cala a certinho o naomero do cala o o naomero <num> devo comprar o mesmo,outros
quero body verde 40,buscar_produto_por_categoria
enviado obrigada ate segunda,despedida
anda,outros
veste pequeno ou grande? queria o body canelado em PP,duvida_tamanho
"sou 36, às vezes pego 36; o blazer linho segue a tabela certinha?",tamanho_modelagem
"tenho 92cm de busto e 130cm de quadril, qual tamanho do calça alfaiataria vc indica?",duvida_tamanho
oi maria tudo bem bom dia nosso evento e exclusivo para nossas clientes conhecerem o mix de perto e ocorre duas vezes ao ano o proximo sera em novembro te esperamos,saudacao
posso passar viscose? precisa cuidado especial?,materiais_cuidados
"quero um look street para formatura, uso 38",pedido_sugestao
quero vestido preto G,buscar_produto_por_categoria
venho com boas noticias o conjunto que voce se interessou acabou de subir no site com pouquissimas unidades,onde_comprar
pergunta aceitam pix pra calca saruel silvia resposta preco estoque e pagamento,duvida_tamanho
"veio com defeito, como faço a devolução?",troca_devolucao
pergunta a bolsa anda sozinha tem desconto a vista resposta preco estoque e pagamento,buscar_produto_por_nome
ola por favor algum retorno,saudacao
veste pequeno ou grande? queria o camisa de viscose em M,duvida_tamanho
tem vestido verde no 46?,disponibilidade
quero jaqueta verde 40,buscar_produto_por_categoria
nas,outros
mas ficou granded<<,outros
tem saia verde tamanho 44?,buscar_produto_por_categoria
tem body verde no 38?,disponibilidade
"prazo pro meu cep 04567-0110, chega até sexta?",frete_prazo
tem shorts vermelho no 40?,disponibilidade
chega quando no 04012-000?,frete_prazo
oi,saudacao
perfeito fico no aguardo abraco,outros
tem blazer preto no GG?,disponibilidade
bom dia mariella td bem que tamanho voce costuma usar de parte de cima camisas em especial,saudacao
tem body azul marinho tamanho G?,buscar_produto_por_categoria
legal obrigada,despedida
elaine para o tamanho <num> na <num> s indicamos o tamanho <num> da saia,duvida_tamanho
"meu pedido #3967 não atualiza, pode ver?",status_pedido
"prazo pro meu cep 04567-010, chega até sexta?",frete_prazo
bom dia sou a gianina marques mineira mae e autora de joias artesanais gostaria de deixar meu insta para vcs conhecerem minhas joias feita com carinho e totalmente exclusiva aguardo o retorno de vcs q tem tanto conhecimento na area desde ja obrigada <user>,saudacao
usar,outros
consigo falar com atendentee?,falar_com_humano
"quero um look minimalista para trabalho, uso G",pedido_sugestao
tem blazer preto tamanho 42?,buscar_produto_por_categoria
"não serviu, cconsigo trocar?",troca_devolucao
logo mais te passo novas informaa aues,outros
toda,outros
tem tabela de medidas do calça alfaiataria?,tamanho_modelagem
plataforma,erros_plataforma
obrigada pela presenca heartshearts,despedida
chega quando no 05010-020?,frete_prazo
pergunta a saia tech amassa facil resposta modelagem e tecido,tamanho_modelagem
tem saia preto tamanho M?,buscar_produto_por_categoria
tem camisa verde tamanho M?,buscar_produto_por_categoria
"sou 46, às vezes pego 36; o body canelado segue a tabela certinha?",tamanho_modelagem
quero vestido verde 38,buscar_produto_por_categoria
valor <num>,formas_pagamento
tem telefone/whatssapp de alguém?,falar_com_humano
é linho? encolhe? como lavar?,materiais_cuidados
dica de look para aniversáário com camisa de viscose vermelho,styling_sugestao_look
por nada,outros
quero jaqueta verde P,buscar_produto_por_categoria
obrigada pela presena a ju amamos te receber e te atender d d,despedida
modelagem,tamanho_modelagem
faz em 3x semm juros?,formas_pagamento
muito obrigada legal que sou do mesmo tamanho que ela,despedida
camisas,duvida_tamanho
tem telefone/whatsapp de aalguém?,falar_com_humano
a modelagem a c grande pode ser tam <num>,tamanho_modelagem
gostei do conjunto mas nao vi no site,onde_comprar
certa,outros
medidas,outros
adoro,outros
tem blazer preto no G?,disponibilidade
gabriela entendo sua frustraa a o e a c completamente justificada de fato a marca informou ter tido um pequeno problema de produa a o que na o devera mais ocorrer e por isso acabou enviando atrasado seu pedido sobre o meio de contato estamos providenciando um naomero para atendimento whatsapp por hora estamos apenas com o e mail mas muito em breve ja deixaremos essa opa a o mais fa cil para solua a o de qualquer problema,despedida
categoria,despedida
que aa ja envio um invite,outros
"não serviu, consigo trocar?",troca_devolucao
oi bia tudo bem adorei a <user> o nome ficou demais e claro ja fui olhar as pecas nao localizei tabela de medidas porem pelo tamanho das pecas que vc veste o g provavelmente nao vai caber em mim uso <num> <num> a depender da confeccao pense com carinho em fazer uma curadoria para tamanhos normais desejo muito sucesso nessa nova empreitada que deus te abencoe bjos,saudacao
o site esta passando por problemas,onde_comprar
quanto ta essa blusa,formas_pagamento
que shorts posso usar com saia plissada? quero algo clássico,styling_sugestao_look
aqui o link com todos os acessorios,onde_comprar
bia eu terminei de subir os produtos pora c m acho que esta com um delay amanha vou ver se terminou de atualizar na plataforma ta tudo certinho <num> categorias que criei com todo produtos descria a o vadeos etc,despedida
"prazo pro meu cep 06030-050, chega até 3 dias úteis?",frete_prazo
ok entendi obrigada pelo retorno um abraa o,despedida
ola tudo bem que bom receber sua mensagem meu nome e ana e sou do time curadobia com relacao a sua duvida conversei com a propria bia e ela nos informou que volumes tambem podem funcionar para quem esta um pouco acima desde que tenha um pouco de pele de fora para trazer leveza,saudacao
"meu pedido #1500 não atualiza, poode ver?",status_pedido
"meu pedido #38846 não atualiza, pode ver?",status_pedido
tem body off-white tamanho P?,buscar_produto_por_categoria
"muito obrrigada, ajudou",agradecimento
quero vesttido preto GG,buscar_produto_por_categoria
qualquer duvida pode tambem nos conectar pelo whatsapp,falar_com_humano
procuro blazer linho em caramello,buscar_produto_por_nome
pergunta quem faz a trench facil resposta extras e institucional,outros
procuro body canelado em caramelo,buscar_produto_por_nome
voce nao recebeu essa mensagem,outros
quero blazer preto 46,buscar_produto_por_categoria
somos uma produtora de audio visual e achamos que seria interessante apresentar o nosso trabalho e portifolio,duvida_tamanho
oie essa cala a vai ter reposia a o na curadoria,saudacao
ola renata bom dia que bom receber mensagem tua me chamo ana e faa o parte do time curadobia nesse lindo look da bia na <num> s temos somente a blusa disponavel no curadobia aoi,saudacao
qual saia combina com blazer linho em bege?,pedido_sugestao
ela,outros
pergunta a calca cool vai bem com bota resposta combinacoes e ocasioes,duvida_tamanho
tem saia preto tamanho G?,buscar_produto_por_categoria
cadê o rastreamento do #4262?,status_pedido
pergunta a saia acinturante e oversized ou normal resposta tamanho e medidas,duvida_tamanho
tem saia plissada off-white M?,buscar_produto_por_nome
cadê o rastreamento do #1813?,status_pedido
tem jaqueta preto no 46?,disponibilidade
estamos entrando em contato porque identificamos que ha um tempo vocaa demonstrou interesse nas sanda lias da bia que apareceram em um dos nossos reels agora eles esta o disponaveis no site do curadobia dd o link clica vel segue na pra <num> xima mensagem obrigada por nos acompanhar katia qualquer daovida estamos a disposia a o equipe curadobia d,despedida
vou te encaminhar o link <url>,onde_comprar
sim obrigada,despedida
ele,outros
lenco,outros
cadê o rastreamento do #1885?,status_pedido
dica de look para trabalho com vestido midi azul marinho,styling_sugestao_look
tem sim a cala a,buscar_produto_por_nome
tem saia preto no GG?,disponibilidade
pergunta a camisa de responsa e slow fashion resposta extras e institucional,duvida_tamanho
tudo bem bia gostaria muito de saber se nesta sua plataforma vc assiste aos clientes em encontrar produtos lojas etc,duvida_tamanho
veste pequeno ou grande? queria o body canelado em 46,duvida_tamanho
qualquer duvida nos avise ok,outros
"meu pedido #3250 não atualiza, pode ver?",status_pedido
"perfeito, obrigada!",agradecimento
aqui a c a ana do time curadobia,outros
tem blazer verde no 44?,disponibilidade
obrigada pelo feedback maria,despedida
valeu demais,agradecimento
ahhh bom entendi errado entao achei que estava na serra espero que abra o tempo e fiquei um lindo final de semana,buscar_produto_por_nome
pergunta da pra trocar a calca saruel silvia por outro tamanho resposta frete prazos e trocas,duvida_tamanho
mas tmb lancarei um programa online de estilo pessoal que podera ser baixado por aqui tmb,styling_sugestao_look
quero blazer preto M,buscar_produto_por_categoria
pergunta tem estoque da saia acinturante no tamanho m resposta preco estoque e pagamento,duvida_tamanho
tem vestido midii verde 38?,buscar_produto_por_nome
quero saia preto 46,buscar_produto_por_categoria
cadê o rastreamento do #6713?,status_pedido
obrigada pelo prestigio foi incrivel te ter de pertinho hoje,saudacao
armario,outros
construcao,outros
"sou 36, às vezes pego 42; o saia plissada segue a tabela certinha?",tamanho_modelagem
amoooo suas rasteiras na o sa o da sua lj mas poderia indicar aonde taam aquela custo benefacio,pedido_sugestao
"quero um look casual para trabalho, uso 42",pedido_sugestao
que calça posso usar com camisa de viscose? quero algo clássico,styling_sugestao_look
veste pequeno ou grande? queria o blazer linho em 44,duvida_tamanho
"meu pedido #1930 não atualiza, pode ver?",status_pedido
caso nao fique com como funciona a troca,troca_devolucao
qualquer duvida pode tamba c m nos conectar pelo whatsapp d,falar_com_humano
amooo,outros
dica de look para aniversário com vestido midi caramelo,styling_sugestao_look
estou tentando contato para devolua a o de mercadoria e ningua c m me atende nem por whatsapp e nem e mail comprei um vestido que quero devolver como devo proceder cristina hees <num> <num>,despedida
enfim por muito pouco na o me atende,despedida
tem saia preto no 42?,disponibilidade
obrigada por nos acompanhar sigo aqui para o que voce precisar,despedida
oi anne bom dia tudo bem aqui a c a ana do time curadobia a bia nos informou que vocaa se interessou pela nossa bolsa molona mas que infelizmente ela esta indisponavel no site,saudacao
bom dia adriana como vocaa esta,saudacao
emails,outros
"quero um look romântico para trabalho, uso 36",pedido_sugestao
tem saia verde no M?,disponibilidade
visto g qual tamanho seria quais cores tem tem a calca tb,duvida_tamanho
uso GG na parte de cima; o saia plissada serviria?,duvida_tamanho
nos seguimos acompanhando todo o processo ate sua finalizacao,despedida
compro,outros
o que acha dessas opcoes,outros
ola maria luiza td bem obrigada pelo seu interesse a sandalia a c feita de um material ela stico que parece um neoprene para trazer conforto e se moldar nos pa c s d,saudacao
qual body combina com camisa de viscose em azul marinho?,pedido_sugestao
procuro saia plissada em bege,buscar_produto_por_nome
link compartilhado,onde_comprar
chic,outros
pergunta consigo devolver a bolsa anda sozinha se nao servir resposta frete prazos e trocas,troca_devolucao
ola pessoal tudo bem sou a lala cunha <user> e vim contar um pouco sobre o <user> estamos em sp e fazemos fotografia vadeos em formato reels direa a o de arte e styling para marcas de acordo com a sua necessidade fazemos trabalhos exclusivos para as marcas e em breve final de mara o tamba c m faremos o nosso pra <num> ximo shooting collab uma dia ria criada para incluir va rias marcas que taam produtos a serem fotografados necessitam de um material de qualidade mas que na o querem ter um alto valor de investimento nisso o proximo collab sera em uma locaa a o linda e as modelos foram escolhidas a dedo e acho que combina muito com a marca de voces abaixo mando mais infos vamos conversar sobre essas possibilidades fico aqui a disposia a o abraa os lala <num> <num>,saudacao
quero body preto M,buscar_produto_por_categoria
tem jaqueta verde no 46?,disponibilidade
fui olhar para comprar o tamanho <num> dessa calca porem a largura da cintura e do quadril eh a mesma <num>,duvida_tamanho
tem body verde tamanho 40?,buscar_produto_por_categoria
bia td bom nao estou conseguindo finalizar a compra da regata podrinha coloquei os dados do cartao e no campo cvv eu ponho os numeros mas o sistema ignora que eu coloquei tentei varias vezes acho que esta com problema,buscar_produto_por_nome
oi clau tudo bem bom dia aqui a c a ana da equipe do curadobia vimos que vocaa se interessou pelo macaca o no video da bia mas na a c poca ele ainda estava em lana amento boa notacia agora esta disponavel d segue o link abaixo para que vocaa possa dar uma olhada,saudacao
<num> <num> <num> <num>,outros
gostaria de saber o tamanho da cintura dessa calca no tamanho m,duvida_tamanho
tem loja física/endeereço?,onde_comprar
calor,outros
quero camisa preto 40,buscar_produto_por_categoria
cadê o rastreamentto do #3112?,status_pedido
procuro vvestido midi em caramelo,buscar_produto_por_nome
precisa,outros
com quem falo b,outros
é viscose? encolhe? como lavar?,materiais_cuidados
cadê o rastreamento do #5764?,status_pedido
carrinho não abre no ccelular,erros_plataforma
e so clicar nessa mensagem com a imagem que lhe mandei qualquer outra questao pode nos contatar estamos a disposicao equipe curadobia,outros
dica de look para aniversário com body canelado off-white,styling_sugestao_look
ola como tirar duvidas de tamanho da peca,saudacao
pergunta voces tem loja fisica pra ver a saia tech resposta extras e institucional,duvida_tamanho
procuro calça alfaiataria em azul maarinho,buscar_produto_por_nome
tem loja física/enndereço?,onde_comprar
p <num>,outros
mto obrigada msm,despedida
ola boa tarde silvana tudo bem obrigada pela sua mensagem a nossa pantalona jeans esta saindo por r <num> <num> qualquer coisa estamos aqui,saudacao
carrinho não abre no celular,erros_plataforma
obg!!,agradecimento
"muito obrigadaa, ajudou",agradecimento
obrigada ate la,despedida
meu nome e ana sigo aqui para o que precisar,outros
nao vou trocar vou tentar reduzir o gancho,troca_devolucao
tem telefone/whatsapp de alguuém?,falar_com_humano
ok muito obrigada,despedida
na o vou trocar vou tentar reduzir o gancho,troca_devolucao
so entrar no site ou aqui no nosso perfil que tem a selecao completa,buscar_produto_por_nome
é algodãoo? encolhe? como lavar?,materiais_cuidados
tem blazer verde tamanho G?,buscar_produto_por_categoria
amoooo suas rasteiras nao sao da sua lj mas poderia indicar aonde tem aquela custo beneficio,pedido_sugestao
ainda hj vou efetuar a compra da calca,duvida_tamanho
dica de look para aniversário com body canelado verde,styling_sugestao_look
"quero um look minimalista para trabalho, uso PP",pedido_sugestao
checkout traavando aqui,erros_plataforma
perfeito gla <num> ria ja colocamos aqui na nossa lista e vamos te informar quando estiver mais pra <num> ximo da data,outros
chega quando no 06030-050?,frete_prazo
praticamos sempre o mesmo valor das marcas o que entrara de extra sera o valor do frete que a c calculado automaticamente se tiver mais alguma daovida nos avise ok,formas_pagamento
dos,outros
cheeckout travando aqui,erros_plataforma
qual seu e mail que ai envio um invite,saudacao
procuro camisa de viscoose em azul marinho,buscar_produto_por_nome
tem camisa verde tamanho GG?,buscar_produto_por_categoria
pedimos desculpas pelo ocorrido e pode ter certeza que isso servira para aprimorarmos nosso atendimento e na o deixar que situaa aues como essa ocorram novamente agradea o sua compreensa o e nos disponibilizamos para auxiliar da melhor forma possavel sobre ter ficado um pouco grande o body nos informe se desejar efetuar troca que ja posso agilizar junto a marca essa solicitaa a o,despedida
segue o link da jaqueta <url>,duvida_tamanho
tem vestido verde tamanho PP?,buscar_produto_por_categoria
quero body verde G,buscar_produto_por_categoria
otimo me avise por favor um abraco e obrigada,despedida
tem saia verde tamanho GG?,buscar_produto_por_categoria
agradea o o feedback,outros
nao gosto de nada apertado mas essa blusa tem um shane mais ajustado dai fiquei na duvida,buscar_produto_por_nome
quero saia verde 38,buscar_produto_por_categoria
que jaqueta posso usar com camisa de viscose? quero algo romântico,styling_sugestao_look
ola tentei fazer uma compra e apos entrar com os dados do cartao e senha vem a seguinte tela,saudacao
posso passar linho? prrecisa cuidado especial?,materiais_cuidados
quero blazer verde 46,buscar_produto_por_categoria
"sou G, às vezes pego GG; o saia plissada segue a tabela certinha?",tamanho_modelagem
que blazer posso usar com vestido midi? quero algo romântico,styling_sugestao_look
toque em continuar para aceitar ou recusar o pedido,outros
quero vestido preto 46,buscar_produto_por_categoria
bom dia gostei da calca vai ter no site obrigada,saudacao
pergunta quem faz a calca saruel silvia resposta extras e institucional,duvida_tamanho
tem calça alfaiataria off-white G?,buscar_produto_por_nome
continuidade,outros
cadê o rastreamento do #9700?,status_pedido
dica de look para casamento de dia com bodyy canelado bege,styling_sugestao_look
tem sim a calca,duvida_tamanho
oi sandra tudo bem passando aqui para te avisar que o jeans preto que voce se interessou no nosso reels um tempinho atras esta disponivel,saudacao
"tenho 104cm de busto e 112cm de quadril, qual tamanho do body canelado vc indica?",duvida_tamanho
tem saia preto no 40?,disponibilidade
cadê o rastreamento do #7857?,status_pedido
posso passar malha canelada? precisa cuidado especial?,materiais_cuidados
ola boa tarde infelizmente na o enviamos para fora do pais mas aceitamos cartaues internacionais com entrega em todo o brasil d,saudacao
ja to seguindo,outros
me inddica um camisa off-white tamanho 38?,pedido_sugestao
tem body preto tamanho 44?,buscar_produto_por_categoria
brenda sent an attachment,outros
quero saia preto P,buscar_produto_por_categoria
consigo falar com ateendente?,falar_com_humano
oi gabriela tudo bem vi que voce conseguiu acessar o nosso site e realizou seu pedido certo eles ja estao em separacao e logo mais estarao contigo qualquer coisa sigo aqui para te ajudar,saudacao
mas pode ficar tranquila que assim que lana armos a terceira pea a que vocaa gostou vou te mandar por aqui tudo bem na o deixe de garantir suas pea as da lounge a tempod,buscar_produto_por_nome
evelyn obrigada pelo interesse para parcerias com o curadobia peco que envie apresentacoes para o nosso email contato curadobia <user> com e seguimos com as tratativas por la que fica mais facil e para interesses de parcerias diretamente com a bia e preciso entrar em contato diretamente com ela pelo email biapaesdebarros <user> com,despedida
qual o preco,formas_pagamento
enfim por muito pouco nao me atende,despedida
pergunta a saia tech tem frete gratis resposta frete prazos e trocas,duvida_tamanho
"não serviu, consiggo trocar?",troca_devolucao
muito,outros
tem calça off-whiite tamanho PP?,buscar_produto_por_categoria
pergunta,outros
facil,outros
quero jaqueta verde M,buscar_produto_por_categoria
"quero um look moderno para casamento de dia, uso PP",pedido_sugestao
quero camisa preto P,buscar_produto_por_categoria
valor do frete proo 01455-022?,frete_prazo
quero blazer verde 42,buscar_produto_por_categoria
ta de olho faz tempooo,buscar_produto_por_nome
pergunta tenho duvida no tamanho da blusa molona qual voce recomenda resposta tamanho e medidas,outros
tem blazer preto tamanho G?,buscar_produto_por_categoria
oi daniela que bacana muito obrigada por acompanharem e curtirem meu trabalho,saudacao
pergunta da pra parcelar a calca cool sem juros resposta preco estoque e pagamento,duvida_tamanho
tem blazer preto tamanho 36?,buscar_produto_por_categoria
bom dia gostei da cala a vai ter no site obrigada,saudacao
pergunta voces tem loja fisica pra ver a calca cool resposta extras e institucional,duvida_tamanho
ola bom dia infelizmente essa cala a tamba c m saiu do nosso mix estamos com novos produtos e novas marcas entrando no curadobia esperamos que goste qualquer coisa sigo aquid,saudacao
ok muito obrigada d,despedida
me indica um camisa veerde tamanho P?,pedido_sugestao
tem shorts vermelho tamanho 46?,buscar_produto_por_categoria
quero body verde GG,buscar_produto_por_categoria
posso passar algodãão? precisa cuidado especial?,materiais_cuidados
quero vestido preto P,buscar_produto_por_categoria
quero saia verde G,buscar_produto_por_categoria
ola que bom que vocaa se interessou por na <num> s muito bom receber tua mensagem joana infelizmente essa cala a na o esta no curadobia e a c acervo pessoal da bia mesmod esse video tem a finalidade de apresentar as nossas camisas d esperamos que goste,saudacao
tem camisa preto tamanho M?,buscar_produto_por_categoria
com relacao a previsao de entrega por conta dessa questao na plataforma as marcas tambem nao receberam a notificacao do pedido e por isso ira acabar atrasando um pouco a sua compra mas nos tambem ja entramos em contato com a stella bastos sobre a sua compra e logo mais ela estara com voce desculpa pelo ocorrido qualquer coisa nos avise obrigada por ser nossa cliente equipe curadobia,saudacao
milene perguntamos para a bia e ela te indicou comprar o tamanho <num> dessa jaqueta por vocaa na o estar acostumada a roupas oversized o que acha d,duvida_tamanho
nao,outros
ainda tem calça alfaiataria em M?,disponibilidade
quero blazer verde 36,buscar_produto_por_categoria
tem vestido midi off-white G?,buscar_produto_por_nome
obrigada pela presenca livia,despedida
tem saia preto no 36?,disponibilidade
como falo com algua c m daa,outros
tem link? ccomo compro?,onde_comprar
bia eu terminei de subir os produtos porem acho que esta com um delay amanha vou ver se terminou de atualizar na plataforma ta tudo certinho <num> categorias que criei com todo produtos descricao videos etc,despedida
eu quero sim mas vc poderia me enviar a foto do modelo so pra eu confirmar,outros
tem lojaa física/endereço?,onde_comprar
quero body preto G,buscar_produto_por_categoria
gostaria de saber qual a altura e medidas da bia pra entender melhor o tamanho de referaancia,outros
pergunta da pra trocar a trench facil por outro tamanho resposta frete prazos e trocas,troca_devolucao
"prazo pro meu cep 05010-020, chega até 3 dias úteis?",frete_prazo
combine,outros
ola tudo bem meu nome e leonardo trabalho na importadora <user> <user> vi o instagram da marca e voces tem o perfil lulitex muito sofisticacao e bom gosto trabalhamos com pronta entrega e importacao de tecidos exclusivos de acordo com a demanda do cliente nosso showroom tem um acervo enorme sera um prazer recebe los em uma visita poderia me passar o contato do estilo ou compras desde ja agradeco a atencao att leonardo jose e mail leonardo <user> com br pabx <num> <num> <num> <num> whatsapp <num> <num> <num> <num> www lulitex com br,saudacao
tem body preto no 42?,disponibilidade
tem body verde tamanho 42?,buscar_produto_por_categoria
tem vestido verde no 38?,disponibilidade
tem camisa verde tamanho 42?,buscar_produto_por_categoria
"meu pedido #6134 não atualiza, pode ver?",status_pedido
justinho,outros
procuro body canelado em vermelho,buscar_produto_por_nome
bia tudo bem tenho uma festa bem legal e o traje a c black and white pensei na blusa pah mas queria saber se o tecido fica vistoso e se vocaa recomenda alguma cala a mais festa para combinar beijos julie,styling_sugestao_look
ok obrigada d,despedida
ola emilia boa noite tudo bem agradecemos demais o feedback e pode ter certeza que uma das preocupaa aues que estamos tendo a c seguir na busca por marcas que tragam opa aues e grades que representam o maior naomero de corpos possavel sobre a tabela de medida estamos buscando ajustar obrigada por nos informar e seguiremos aprimorando cada vez mais bjos d,saudacao
ola tudo bem e com vcs vi que vcs enviaram um e mail para na <num> s vou responder vcs por la ok um beijo e muito obrigada pelo contato < <num>,saudacao
ola obrigada qual a previsa o de entrega,saudacao
amanda nosso pessoal tecnico pediu se possivel se cadastrar atraves desse link,onde_comprar
"prazo pro meu cep 01255-022, chega até essa semana?",frete_prazo
"prazo pro meu cep 01455-022, chega até essa semana?",frete_prazo
ate segunda,despedida
tem body caneelado vermelho 40?,buscar_produto_por_nome
oie sa o lindas pora c m aquele modelo foi o que mais me agradou mas tranquilo super obrigada pela atena a o,saudacao
tem camisa de viscose vermelho 46?,buscar_produto_por_nome
ate agora nada,despedida
d r,outros
projeto,outros
tem body verde tamanho 44?,buscar_produto_por_categoria
ola como vai muito prazer meu nome a c ana e trabalho aqui no curadobia na o sei se recordam pora c m conversamos no primeiro semestre do ano passado <num> sobre esse projeto da bia paes de barros desde la evoluamos bastante e estamos concretizados como um marketplace em potencial crescimento queremos compartilhar com vocaas nosso site para darem uma olhada curadobia com br ainda temos a toruss em foco o que acham de retomarmos contato aguardo vocaas,saudacao
consigo falar com atenndente?,falar_com_humano
tem calça alfaiataria off-white 40?,buscar_produto_por_nome
"quero um look clássico para formatura, uso 46",pedido_sugestao
eu amo todos os seus looks combina <num> com o meu estilo queria ter todas as pecas para mim pena que moro do outro lado do mundo,pedido_sugestao
quero vestido verde 40,buscar_produto_por_categoria
tem vestido verde tamanho M?,buscar_produto_por_categoria
ola bom dia sou muito fa da bia mas nunca comprei no curadoria uma duvida como faco para escolher um tamanho com mais seguranca tem uma tabela de medidas para servir de referencia obrigada,saudacao
tem camisa verde tamanho 44?,buscar_produto_por_categoria
é linho? enncolhe? como lavar?,materiais_cuidados
me indica um saia caramelo tamanho 46?,pedido_sugestao
dica de look para trabalho com saia plissada vermelho,styling_sugestao_look
tem body preto no M?,disponibilidade
tem camisa preto no PP?,disponibilidade
valor do frete pro 01255-0022?,frete_prazo
valor do frete pro 04012-000?,frete_prazo
ficamos felizes que tenha curtido ela a c muito especial mesmo segue aqui mais detalhes,outros
com relacao a outra blusa que voce gostou ela esta em processo de lancamento e ainda nao esta a venda no nosso site mas independente desse fator nao seria possivel unificar o frete nesse caso pois o frete so fica unificado para as pecas da mesma marca,saudacao
de todo modo agradeco por perguntar,agradecimento
bom dia,saudacao
gostosa,outros
tem body verde tamanho GG?,buscar_produto_por_categoria
quero jaqueta verde GG,buscar_produto_por_categoria
alta,outros
tem camisa verde tamanho 46?,buscar_produto_por_categoria
tem camisa verde no 46?,disponibilidade
sozinha,outros
consigo falar com atendeente?,falar_com_humano
essa modelagem é mais enxuta? o blazer linho veste grande?,tamanho_modelagem
ah que a <num> timo monica esperamos que aproveite muito ela e se quiser compartilhar com a gente os looks que criar com ela vamos amar ver,pedido_sugestao
tem jaqueta verde no GG?,disponibilidade
"prazo pro meu cep 01455-022, chega até sexta?",frete_prazo
ah show vou enviar o invite,outros
pagaamento recusado toda hora,erros_plataforma
temm link? como compro?,onde_comprar
claro nossas medidas do tamanho <num> para o macacao cool sao ombro <num> cm cintura total <num> cm comprimento <num> cm qualquer outra questao estamos a disposicao,outros
e eu como estou na praia torcendo para nao baixar,outros
bom dia gostaria de adquirir essa calca mas nao esta mais disponivel podem me ajudar obrigada,saudacao
qual jaqueta combina com body canelado em off-white?,pedido_sugestao
tem body verde no 42?,disponibilidade
cadê o rastreamento do #8937?,status_pedido
poderosa,outros
"meu pedido #4626 não atualiza, pode ver?",status_pedido
quero blazer verde G,buscar_produto_por_categoria
"tenho 116cm de busto e 118cm de quadril, qual tamanho do saia plissada vc indica?",duvida_tamanho
dica de look parra formatura com blazer linho caramelo,styling_sugestao_look
conseguem me ajudar por aqui,outros
pergunta aceitam pix pra trench facil resposta preco estoque e pagamento,formas_pagamento
cintura,outros
amanda nosso pessoal ta c cnico pediu se possavel se cadastrar atrava c s desse link,onde_comprar
ola dany bom dia caso tenha algum problema com o tamanho voce pode optar por trocar ou devolver o produto basta nos informar pelo e mail contato curadobia <user> com que iremos encaminhar sua solicitacao para a marca responsavel a marca ira proceder com os proximos passos como envio do codigo de logistica reversa e tudo mais,saudacao
oi pri estao entrando muitas marcas incriveis novas no curadobia porem a oysho nao e uma delas,saudacao
quero camisa verde P,buscar_produto_por_categoria
certo obrigada o prazo de entrega sao <num> dias mesmo,despedida
tem looja física/endereço?,onde_comprar
vocaa poderia me passar o contato dos responsa veis,materiais_cuidados
me indica umm camisa azul marinho tamanho 36?,pedido_sugestao
tem saia plissada off-white GG?,buscar_produto_por_nome
temos ela ainda no tamanho <num> e <num>,buscar_produto_por_nome
tem jaqueta preto tamanho 36?,buscar_produto_por_categoria
que vestido posso usar com vestido midi? quero algo casual,styling_sugestao_look
bia esse seu curadobia esta um arraso muito tentador parabens pelo projeto uma duvida qual a sua altura estou interessadissima nessa calca mas sou baixa <num> cm e geralmente tenho que fazer a barras das calcas o que nao e muito facil com essa obrigada,despedida
"não serviuu, consigo trocar?",troca_devolucao
quero blazer preto 40,buscar_produto_por_categoria
me indica um saia caramelo tamanho GG?,pedido_sugestao
me indica um jaqueta off-white tamanho 446?,pedido_sugestao
tem saia plissada verde GG?,buscar_produto_por_nome
"sou 42, às vezes pego G; o camisa de viscose segue a tabela certinha?",tamanho_modelagem
bom dia karyna infelizmente na o trabalhamos com cupom para <num> aa compra aindaa <num> i mas estamos aqui para te auxiliar no processo inteiro,saudacao
tenho <num> <num> essa cala a esta mais curta para mim mesmo te aconselho a comprar um tamanho pequeno,outros
"muito obrigada, aajudou",agradecimento
tem jaqueta verde no M?,disponibilidade
oi renata boa tarde ana aqui vocaa conseguiu dar uma olhada nas opa aues que te mandei qualquer coisa sigo aqui para o que vocaa precisar ta,saudacao
a regata chiquetosa vai voltar pro estoque,outros
posso pagar noo pix/boleto? parcela?,formas_pagamento
tem body canelado caramelo PP?,buscar_produto_por_nome
perguntas,outros
"tenho 116cm de busto e 118cm de quadril, qual tamanho do vestido midi vcc indica?",duvida_tamanho
ahhh entendia muito obrigada d,despedida
sheila essa foi a tabela passada para nos pela marca estamos em contato com eles para ter exatamente a medida do quadril inclusive obrigada pela pergunta pois com ela vamos atualizar o nosso site mas podemos te adiantar que ele tem uma estrutura folgada no quadril entao acreditamos que ele vai dar certo para ti no tamanho <num> para te passar outra base nas fotos do produto no nosso site a bia esta vestindo o tamanho <num>,saudacao
ola gente bom dia acabei de ver o post da bia sobre camisas somos uma pequena alfaiataria e camisaria e o core da nossa criacao gostaria muito de apresentar nosso produto pra voces se voces acharem conveniente por favor indiquem a melhor forma de contato abraco stella,saudacao
pergunta da pra usar a camisa viajante em festa de dia resposta combinacoes e ocasioes,duvida_tamanho
poder,outros
zona,outros
ola silvana boa tarde tudo bem estamos entrando em contato porque identificamos que ha um tempo vocaa demonstrou interesse nas sapatilhas da bia que apareceram em um dos nossos reels agora eles esta o disponaveis no site do curadobia dd segue o link <url> obrigada por nos acompanhar silvana qualquer daovida estamos a disposia a o equipe curadobia d,saudacao
you sent an attachment,outros
tem body preto no GG?,disponibilidade
valor do frete pro 05010-020?,frete_prazo
nunca,outros
que vestido posso usar com calça alfaiataria? quero algo moderno,styling_sugestao_look
tem body verde tamanho PP?,buscar_produto_por_categoria
meu nome a c ana sigo aqui para o que precisar,outros
sua camisa e linda,duvida_tamanho
trico,outros
qual calça combina com camisa de viscose em bege?,pedido_sugestao
"prazo pro meu cep 050010-020, chega até 3 dias úteis?",frete_prazo
dica de look para formatura com saia plissada verde,styling_sugestao_look
faco,outros
valor do frete prro 06030-050?,frete_prazo
pergunta a camisa de responsa e oversized ou normal resposta tamanho e medidas,duvida_tamanho
quero blazer bege 44,buscar_produto_por_categoria
"sou 36, às vezes ppego 42; o vestido midi segue a tabela certinha?",tamanho_modelagem
ja vi e amei esperando a virada do cartao pra perder os juazo,formas_pagamento
dica de look parra casamento de dia com blazer linho azul marinho,styling_sugestao_look
como posso fazer essa apresentacao,outros
qual jaqueta combina com calça alfaiataria em vermelho?,pedido_sugestao
"não serviu, consigo trrocar?",troca_devolucao
"veio com defeito, como faço a devollução?",troca_devolucao
"perfeito, oobrigada!",agradecimento
muito obrigada pela atena a o,despedida
tem telefone/wwhatsapp de alguém?,falar_com_humano
cadê o rastreamento do #2676?,status_pedido
obrigada pelo prestagio foi incravel te ter de pertinho hojed d,saudacao
seguem as medidas p cos <num> cm e veste quadril ate <num> cm m cos <num> cm e veste um quadril ate <num> cm g cos <num> cm e veste um quadril ate <num> cm,despedida
descomplicado,outros
posso passar linho? precisa cuidado especial?,materiais_cuidados
valor doo frete pro 06030-050?,frete_prazo
mas acho que esta aprocessandoa para subir tudo,outros
oii comprei a bico fino o dedo fica um pouquinho de lado pra fora ne mas super confortavel,saudacao
"quero um look romântico para casamento de dia, uso GG",pedido_sugestao
"quero um look casual para casamento de dia, uso 40",pedido_sugestao
oi fatima tudo bem bom dia obrigada pela sua mensagem e feedback e muito importante para nos estamos conversando por whatsapp podemos continuar nossa comunicacao por la,saudacao
cadê o rastreamento do #3096?,status_pedido
reagiu com dd a sua mensagem,outros
tem jaqueta verde tamanho P?,buscar_produto_por_categoria
posso passar linho? preecisa cuidado especial?,materiais_cuidados
em,outros
consigo falar com attendente?,falar_com_humano
ola sandra boa tarde tudo bem estamos entrando em contato porque identificamos que ha um tempo voce demonstrou interesse nos sapatos da bia que apareceram em um dos nossos reels agora eles estao disponiveis no site do curadobia segue o link <url> obrigada por nos acompanhar sandra qualquer duvida estamos a disposicao equipe curadobia,saudacao
tem camisa verde tamanho G?,buscar_produto_por_categoria
tem saia verde tamanho 36?,buscar_produto_por_categoria
curtiu uma mensagem,outros
ola sou o gerente de vendas da pg game platform quero falar com vocaa sobre parcerias nossa plataforma foi licenciada conjuntamente pelo governo federal brasileiro e pelo governo de curaa ao em outubro vocaa pode se juntar a na <num> s e lhe daremos altas comissaues entre em contato comigo pelo whatsapp <num>,saudacao
aqui o link com todos os acessa <num> rios,onde_comprar
pergunta a saia acinturante e slow fashion resposta extras e institucional,duvida_tamanho
"meu pedido #6820 não atualiza, pode ver?",status_pedido
ta a <num> timo obrigada,despedida
estamos estudando trazer essa categoria para o curadobia porem nada de imediato ainda mas muito legal saber do interesse assim que tivermos iremos te manter avisada,despedida
vocaa a c linda e de uma delicadeza admira vel,outros
brinca,outros
algua c m poderia entrar em contato comigo por e mail ou whatsapp o site de vcs parece que esta com problemas na o funciona direito na o,onde_comprar
pergunta o tecido da camisa viajante esquenta resposta modelagem e tecido,tamanho_modelagem
tem camisa preto no P?,disponibilidade
basica,outros
que aa conseguimos encaminhar pro la as tratativas o que acha se puder esclarecer que seria algo mais voltado para o perfil pessoal da bia ou para o curadobia seria bacana entendermos tamba c m para encaminhar de forma mais assertiva sua mensagem,falar_com_humano
tem saia bege tamanho 38?,buscar_produto_por_categoria
quero jaqueta verde 42,buscar_produto_por_categoria
possoo pagar no pix/boleto? parcela?,formas_pagamento
quero camisa preto PP,buscar_produto_por_categoria
essa modelagem é maais enxuta? o saia plissada veste grande?,tamanho_modelagem
e a blusa,outros
seguimos a disposia a o para o que precisar,outros
vou,outros
sem problemas mari apenas encaminha pra gente um e mail solicitando que iremos dar sequencia com a troca e mail contato curadobia <user> com,troca_devolucao
para adquirir essa pea a basta clicar no link da jaqueta e finalizar a compra pelo site <url>,duvida_tamanho
obrigada por ser nossa cliente,despedida
tem vestido preto tamanho 46?,buscar_produto_por_categoria
jogo,outros
deixa eu tirar outra daovida vc faz consultoria de imagem estilo tb se sim como funciona,styling_sugestao_look
expressoes,outros
quero camisa azul marinnho G,buscar_produto_por_categoria
mas ficou grande,outros
tem body vermelho no P?,disponibilidade
pode me chamar novamente por favor,outros
que tamanho costuma usar,outros
"tenho 116cm de busto e 100cm de quadril, qual tamanho do calça alfaiataria vc indica?",duvida_tamanho
"prazo pro meu cep 01255-022, chega até amanhã?",frete_prazo
este a c meu whatsappa,falar_com_humano
tem saia plissada vermelho 44?,buscar_produto_por_nome
"prazo proo meu cep 01455-022, chega até sexta?",frete_prazo
"sou P, às vezes pego M; o calça alfaiataria segue a tabela certinha?",tamanho_modelagem
ola vcs tem uma tabela de medidas para essa calca amei e gostaria de escolher o tamanho certo visto <num> e tenho <num> <num> de quadril entao nao tenho certeza do p ou m poderiam me ajudar no aguardo grata adriana baggio,saudacao
graca,outros
como estaria sua agenda para segunda a tarde,outros
tem blazer verde tamanho PP?,buscar_produto_por_categoria
oii karinne tudo bem aqui quem fala a c a ana do time curadobia vocaa acredita que estive olhando todos os dias desde que vocaa demonstrou interesse se a nossa saia anica voltaria ao estoque e somente hoje isso aconteceu ela a c a queridinha das nossas clientes e tem acabado ra pido enta o espero que consiga aproveitar essa oportunidade te encaminho o link para o acesso dela,saudacao
body mybasic,duvida_tamanho
ata c segunda,outros
pq,outros
<num> <num> m,outros
coat,outros
ser,outros
cadê o rastreamento do #8598?,status_pedido
tem liink? como compro?,onde_comprar
"prazo pro meu cep 05010-020, chega até essa semana?",frete_prazo
pergunta quanto tempo pra entregar a blusa molona em sp resposta frete prazos e trocas,frete_prazo
tem camisa verde no P?,disponibilidade
procuro blazer linho em bege,buscar_produto_por_nome
quero body preto 36,buscar_produto_por_categoria
tem vestido preto no GG?,disponibilidade
tem vestido preto no G?,disponibilidade
quero blazer off-white 38,buscar_produto_por_categoria
saia,outros
cadê o rastreamento do #9275?,status_pedido
uhuu,outros
ola pessoal como va o meu nome a c ana e trabalho junto com a bia paes de barros no curadobia com br o curadobia a c um marketplace que nasceu com o propa <num> sito de reunir em um sa <num> lugar pea as que fazem toda a diferena a no arma rio e ao mesmo tempo sa o fa ceis de usar os chamados neutros com tcharanz acreditamos que a marca de vocaas pode se conectar com essa proposta com quem poderia conversar para falar mais sobre aguardo vocaas,saudacao
"tenho 92cm de busto e 100cm de quadril, qual tamanho do camisa de viscose vc indica?",duvida_tamanho
quero vestido verde PP,buscar_produto_por_categoria
entregaria,outros
ola amanda obrigada pelo contato e pedimos desculpas pela falha ja estamos verificando o que houve para que consiga finalizar sua compra,saudacao
dica de llook para trabalho com blazer linho bege,styling_sugestao_look
obrigada enviarei,despedida
tem camisa preto tamanho 38?,buscar_produto_por_categoria
tem telefone/whatsapp de alguém?,falar_com_humano
mas tmb lancarei um aprograma online de estilo pessoala que podera ser baixado por aqui tmb,styling_sugestao_look
"quero um look casual para aniversário, uso M",pedido_sugestao
tudo bem tamba c m que pena d eu queria exatamente o verde d c,outros
"prazo pro meu cepp 05010-020, chega até essa semana?",frete_prazo
vcs tem desconto para primeira compra,buscar_produto_por_nome
por onde posso acompanhar o envio da minha compra,outros
tem body verde no P?,disponibilidade
consigo falar com atendentte?,falar_com_humano
"prazo pro meu cep 01255-022, chega atté amanhã?",frete_prazo
pergunta com que sapato usar a bolsa anda sozinha resposta combinacoes e ocasioes,styling_sugestao_look
valor do frete pro 01255-022?,frete_prazo
tem camisa preto no 38?,disponibilidade
eu,outros
o tom certo a c o que esta no site os stories que a bia postou hoje modificaram um pouco o tom,onde_comprar
erros,erros_plataforma
quero camisa preto M,buscar_produto_por_categoria
tem vestido preto no 44?,disponibilidade
essa modelagem é mais enxuta? o saia plissada veste grande?,tamanho_modelagem
bem,outros
uso GG na parte de cima; o camisa de viscose serviria?,duvida_tamanho
"sou 46, às vezes pego G; o calça alfaiaataria segue a tabela certinha?",tamanho_modelagem
tem jaqueta verde tamanho GG?,buscar_produto_por_categoria
tem loja física/enddereço?,onde_comprar
que saia posso usar com blazer linho? quero algo moderno,styling_sugestao_look
tem tabela de medidas do camisa de viscose?,tamanho_modelagem
"prazo pro meu cep 05010-020, chega até sexxta?",frete_prazo
a jaqueta branca uma pena eu na o conseguir comprar por problemas ta c cnicos uma experiaancia de consumidor mto ruim,duvida_tamanho
"perfeito, obrrigada!",agradecimento
tem saia verde no 46?,disponibilidade
evelyn obrigada pelo interesse para parcerias com o curadobia pea o que envie apresentaa aues para o nosso email contato curadobia <user> com e seguimos com as tratativas por la que fica mais fa cil d e para interesses de parcerias diretamente com a bia a c preciso entrar em contato diretamente com ela pelo email biapaesdebarros <user> com,despedida
arrumadinhas,outros
ja vi e amei esperando a virada do cartao pra perder os juizo,formas_pagamento
ola sandra boa tarde tudo bem estamos entrando em contato porque identificamos que ha um tempo vocaa demonstrou interesse nos sapatos da bia que apareceram em um dos nossos reels agora eles esta o disponaveis no site do curadobia dd segue o link <url> obrigada por nos acompanhar sandra qualquer daovida estamos a disposia a o equipe curadobia d,saudacao
que saia posso usar com camisa de viscose? quero algo minimalista,styling_sugestao_look
praticamos sempre o mesmo valor das marcas o que entrara de extra sera o valor do frete que e calculado automaticamente se tiver mais alguma duvida nos avise ok,formas_pagamento
tem link? commo compro?,onde_comprar
quero body verde M,buscar_produto_por_categoria
ficou enorme,outros
mas venho com boas noticias a partir de quarta feira teremos reposicao dela se voce ainda tiver interesse me avisa pois ai assim que chegarem eu venho exclusivamente te avisaar,saudacao
tem saia plisssada caramelo 40?,buscar_produto_por_nome
ta otimo obrigada,despedida
dica de look para casamento de dia com saia plissada caramelo,styling_sugestao_look
campo,outros
gosto da calca assim mais curta visto entre <num> <num> quadril <num>,duvida_tamanho
dd,outros
"prazo pro meu cep 01455-022, chega até 3 dias úteis?",frete_prazo
"meu pedido #1145 não atualiza, pode ver?",status_pedido
"prazo pro meu cep 01255-022, chega até sexta?",frete_prazo
"quero um look romântico para aniiversário, uso 38",pedido_sugestao
"veio com defeito, como faço a devoolução?",troca_devolucao
os bodys da revival sao excelentes pecas neutras e basicas para ter no armario e possuem uma ampla grade de tamanhos <url> alem disso temos nossos acessorios <url> bolsas <url> e sapatos <url>,duvida_tamanho
quero vestido verde 42,buscar_produto_por_categoria
muito obrigada pelos esclarecimentos,despedida
ola tudo bem estou apaixonada por essa jaqueta bacanuda da foto o preco de <num> pula pra setecentos e tanto na hora de comprar e isso mesmo entra um valor de comissao na hora da compra,saudacao
obrigada pelo retorno vou acompanhar entao beijo beijo,despedida
tem blazer preto no P?,disponibilidade
tem blazer preto no 38?,disponibilidade
bia td bom na o estou conseguindo finalizar a compra da aregata podrinhaa coloquei os dados do carta o e no campo cvv eu ponho os naomeros mas o sistema ignora que eu coloquei tentei va rias vezes acho que esta com problemaa,buscar_produto_por_nome
parecem,outros
ola td bem fiz uma compra com vc e recebi apenas o tricot vc pode me ajudar muito obrigada desde ja,saudacao
informacoes,outros
"sou G, às vezes pego PP; o camisa de viscose segue a tabela certinha?",tamanho_modelagem
quero blazer verde 38,buscar_produto_por_categoria
quando ela estiver disponavel na <num> s vamos te avisar,outros
longa,outros
ainda nao super correria,outros
preco,formas_pagamento
"meu pedido #8406 não atualiza, pode ver?",status_pedido
qualquer,outros
tem camisa preto tamanho PP?,buscar_produto_por_categoria
ai me ajuda com o vadeo a ainda na o usei a blusa,outros
cadê o rastreamento do #2480?,status_pedido
"não serviu, consigo ttrocar?",troca_devolucao
é algodão? encolhe? como lavar?,materiais_cuidados
"tenho 92cm de busto e 124cm de quadril, qual tamanho do vestido midi vc indica?",duvida_tamanho
faz em 3x sem juroos?,formas_pagamento
ola dany boa tarde tudo bem sim e com vocaa pea o desculpas por essa demora estou verificando sobre porque ainda na o foi dada sequaancia na troca o processo interno nosso ja foi encaminhado com a troca para o tamanho p,saudacao
ainda tem vestido midi em 38?,disponibilidade
sobre a troca da calca que comprei quero trocar por um tamanho menor recebi um e mail de vcs no dia <num> <num> <num> respondi mas dps disso nao tive mais retorno,duvida_tamanho
cai,outros
te,outros
posso ppassar malha canelada? precisa cuidado especial?,materiais_cuidados
d body mybasic,duvida_tamanho
carrinho nãão abre no celular,erros_plataforma
me indica um vestido vermelho tamanho 44?,pedido_sugestao
cadê o rastreamento do #7704?,status_pedido
mas amei a sugestao ju,pedido_sugestao
é linho? encollhe? como lavar?,materiais_cuidados
quero body preto 38,buscar_produto_por_categoria
"prazo pro meu cep 06030-050, chega até sexta?",frete_prazo
alma,outros
gostei do conjunto mas na o vi no site,onde_comprar
tem camisa preto tamanho 44?,buscar_produto_por_categoria
verificamos com a marca responsa vel pelo envio a revival o seu pedido sofreu um pequeno atraso que a marca me informou ter lhe comunicado por whatsapp,falar_com_humano
essa modelagem é mais enxuta? o body canelado veste grande?,tamanho_modelagem
paggamento recusado toda hora,erros_plataforma
perfeito ana obrigada pelo retorno,despedida
procuro vestido midi em preto,buscar_produto_por_nome
infelizmente nao atuo mais nessa area de consultoria pessoal,falar_com_humano
compra realizada,outros
tem link? como compro?,onde_comprar
porem na duvida do melhor tamanho,outros
quero jaqueta preto G,buscar_produto_por_categoria
mas paguei por uma coisa que nao recebi,saudacao
pea o desculpa pela demora em lhe retornar,outros
jeito,outros
"prazo pro meu ceep 04567-010, chega até sexta?",frete_prazo
"quero um look casual para formatura, uso GG",pedido_sugestao
"veio com defeito, como faço a deevolução?",troca_devolucao
"muito obrigada, ajudou",agradecimento
cpf,outros
cadê o rastreamento do #6257?,status_pedido
procuro calça alfaaiataria em vermelho,buscar_produto_por_nome
"meu pedido #9148 não atualiza, pode ver?",status_pedido
que calça posso usar com camisa de viscose? quero algo moderno,styling_sugestao_look
tem blazer verde no PP?,disponibilidade
pano,outros
anelisa acabamos de confirmar seu pedido com a marca tudo certo ele ja esta para a producao,outros
certo qual o link da compra,onde_comprar
"meu pedido #2324 não atualiza, pode ver?",status_pedido
sim a carol entrou em contato comigo uma fofa super atenciosa,despedida
agora estou organizando as coisas,saudacao
com certeza sera um sucesso obrigada ana d,despedida
tem camisa preto tamanho P?,buscar_produto_por_categoria
"quero um look casual para trabalho, uso M",pedido_sugestao
"quero um look casual para jantar, uso 42",pedido_sugestao
comprei a jaqueta,duvida_tamanho
tem saia preto tamanho 40?,buscar_produto_por_categoria
oii comprei a bico fino o dedo fica um pouquinho de lado pra fora na c mas super conforta vel,saudacao
valor do frete pro 01455-022?,frete_prazo
estaremos atualizando no site para conter essa tabela que realmente estava faltando,onde_comprar
comprei,outros
"quero um look casual para trabalho, uso PP",pedido_sugestao
tem jaqueta preto no G?,disponibilidade
diversos,outros
este e meu whatsapp,falar_com_humano
tem saia preto no 46?,disponibilidade
comprei um body e paguei frete de <num> dias uteis pra levar pra uma viagem agora na sexta,duvida_tamanho
obrigada ana,despedida
tem body preto tamanho 46?,buscar_produto_por_categoria
que aa conseguimos encaminhar pro la as tratativas o que acha se puder esclarecer que seria algo mais voltado para o perfil pessoal da bia ou para o curadobia seria bacana entendermos tamba c m para encaminhar de forrma mais assertiva sua mensaagem,falar_com_humano
tem blazer preto tamanho 38?,buscar_produto_por_categoria
volume,outros
na o estou conseguindo entrar no site para fazer compra,onde_comprar
cadê o rastreamento do #7609?,status_pedido
tem camisa preto no 44?,disponibilidade
code,outros
seguem as medidas p ca <num> s <num> cm e veste quadril ata c <num> cm m ca <num> s <num> cm e veste um quadril ata c <num> cm g ca <num> s <num> cm e veste um quadril ata c <num> cm,duvida_tamanho
"prazo pro meu cep 06030-050, chega até amanhã?",frete_prazo
parece que o contato por aqui nao e satisfatorio,outros
me indica um jaaqueta off-white tamanho PP?,pedido_sugestao
procuro blazer linho em caramelo,buscar_produto_por_nome
perfeito gloria ja colocamos aqui na nossa lista e vamos te informar quando estiver mais proximo da data,outros
posso passar malha canelada? precisaa cuidado especial?,materiais_cuidados
ainda tem saia plissada em P?,disponibilidade
quero camisa preto 38,buscar_produto_por_categoria
deixa la,outros
tem link? como commpro?,onde_comprar
pagamento recusadoo toda hora,erros_plataforma
vou querer a <num> qual e sua chave pix,formas_pagamento
a calca ficou sobrando muito atras,duvida_tamanho
"sou 40, às vezes pego 42; o calça alfaiataria segue a tabela certinha?",tamanho_modelagem
tem blazer verde tamanho 42?,buscar_produto_por_categoria
quero camisa verde 46,buscar_produto_por_categoria
sobre a troca da cala a que comprei quero trocar por um tamanho menor recebi um e mail de vcs no dia <num> <num> <num> respondi mas dps disso na o tive mais retorno,troca_devolucao
na torcida,outros
a i,outros
claro pode trocar super,troca_devolucao
nao temos cupom de desconto no momento,buscar_produto_por_nome
sensacao,outros
duvida,outros
todas as pea as da mybasic e da loounge <num> possuem uma ampla grade <url> <url> os produtos da cecilia possuem uma modelagem mais ampla <url> alguns dos produtos da nauanin chegam ata c a numerraa a o xxgg equivalendo a um <num> <url>,tamanho_modelagem
oi talita muito bom receber sua mensagem agradecemos demais o contato e que bacana vocaas terem pensado na gente pora c m nesse momento na <num> s na o estamos trabalhando com produa a o de qualquer forma salvamos o teu contato para futuras oportunidades atenciosamente equipe curadobiad,saudacao
"tenho 110cm de busto e 124cm de quadril, qual tamanho do saia plissada vc indica?",duvida_tamanho
quero blazer verde P,buscar_produto_por_categoria
ahhh entendi muito obrigada,despedida
comprei a jaqueta d>>,duvida_tamanho
oi roberta bom dia tudo bem estamos entrando em contato porque identificamos que ha um tempo vocaa demonstrou interesse nos sapatos da bia que apareceram em um dos nossos reels agora eles esta o disponaveis no site do curadobia dd o link clica vel segue na pra <num> xima mensagem obrigada por nos acompanhar roberta qualquer daovida estamos a disposia a o equipe curadobia d,saudacao
ola bom dia tudo bem obrigada pela mensagem conferimos aqui e aparentou estar tudo certo aproveito para mandar o link por aqui,saudacao
ola amanda bom dia pea o desculpas pela demora mas o nosso pessoa ta c cnico ainda na o conseguiu simular um erro igual ao que ocorreu com voce por isso a demora em lhe retornar,saudacao
gostaria a camisa branca tamanho m a possavel,duvida_tamanho
para,outros
aiinda tem camisa de viscose em 40?,disponibilidade
quero saia preto M,buscar_produto_por_categoria
ola como vai muito prazer meu nome e ana e trabalho aqui no curadobia nao sei se recordam porem conversamos no primeiro semestre do ano passado <num> sobre esse projeto da bia paes de barros desde la evoluimos bastante e estamos concretizados como um marketplace em potencial crescimento queremos compartilhar com voces nosso site para darem uma olhada curadobia com br ainda temos a patu em foco o que acham de retomarmos contato aguardo voces,saudacao
"quero um look clássico para formatura, uso GG",pedido_sugestao
tem vestido verde tamanho 38?,buscar_produto_por_categoria
voa,outros
acabei de comprar um conjunto se nao servir posso trocar pelo seu cep deve ser perto da minha casa o meu <num> <num>,troca_devolucao
tenho <num> <num> essa calca esta mais curta para mim mesmo te aconselho a comprar um tamanho pequeno,duvida_tamanho
nao reconheceu no whats esse numero,falar_com_humano
ola julienne bom dia tudo bem que bom receber sua mensagem eu me chamo ana e sou do time curadobia,saudacao
deixar,outros
boa tarde estava previsto pra chegar hoje minha encomenda porem nada foi entregue,saudacao
acessorios,outros
pergunta a camisa de responsa marca muito o corpo resposta modelagem e tecido,tamanho_modelagem
obrigada pelo prestigio,despedida
posso passar malha canelada? precisa cuuidado especial?,materiais_cuidados
ola juliana boa tarde tudo bem estamos entrando em contato porque identificamos que ha um tempo vocaa demonstrou interesse nos sapatos da bia que apareceram em um dos nossos reels agora eles esta o disponaveis no site do curadobia dd segue o link <url> obrigada por nos acompanhar juliana qualquer daovida estamos a disposia a o equipe curadobia d,saudacao
procuuro vestido midi em bege,buscar_produto_por_nome
tem vestido verde tamanho 44?,buscar_produto_por_categoria
cadê o rastreamento do #6873?,status_pedido
tem vestido preto no PP?,disponibilidade
"sou PP, às vezes pego P; o camisa de viscose segue a tabela certinha?",tamanho_modelagem
procuro saia plissada em azul marinho,buscar_produto_por_nome
quero jaqueta preto GG,buscar_produto_por_categoria
"prazo pro meu cep 04567-010, chega até 3 dias úteis?",frete_prazo
qual a marca do tenis,outros
tem body preto no P?,disponibilidade
qualquer coisa seguimos a disposia a o por aqui ok,saudacao
caso na o fique com como funciona a troca,troca_devolucao
vou querer a <num> qual a c sua chave pix,formas_pagamento
que shorts posso usar com blazer linho? quero algo romântico,styling_sugestao_look
carrinho não abre no celullar,erros_plataforma
boa noite havera reposia a o da saia aonica preta no tamanho <num>,saudacao
"quero um look romântico para happy hoour, uso P",pedido_sugestao
"quero um look casual para trabalho, uso P",pedido_sugestao
oi renata boa tarde aqui a c a ana acredito que te respondi por whatsapp certo qualquer coisa estou por aqui,saudacao
qualquer coisa seguimos aqui,saudacao
dica de look para trabalho com body canelado azul marinho,styling_sugestao_look
é viscose? encoolhe? como lavar?,materiais_cuidados
quero body verde 44,buscar_produto_por_categoria
adquiri uma maxi pantalona valeria mansur,outros
qual jaqueta combina ccom body canelado em preto?,pedido_sugestao
sobre a questao do frete e possivel unificar ele nas blusas da lounge que voce gostou vou te mandar o link das duas,onde_comprar
mas venho com boas notacias a partir de quarta feira teremos reposia a o dela d <num> se vocaa ainda tiver interesse me avisa pois ai assim que chegarem eu venho exclusivamente te avisaar,saudacao
proporcao,outros
yes,outros
tem camisa verde tamanho PP?,buscar_produto_por_categoria
que body posso usar com body canelado? quero algo minimalista,styling_sugestao_look
o produto e lindo apesar de ter ficando um pouco grande,duvida_tamanho
ta chegando,outros
oi silvana tudo bem bom dia quem fala com vocaa a c a ana do time curadobia posso confirmar com vocaa se seria essa camisa que te interessou segue,saudacao
"meu pedido #8736 não atualiza, pode ver?",status_pedido
tem camisa verde tamanho 36?,buscar_produto_por_categoria
"tenho 92cm de busto e 118cm de quadril, qual tamanho do blazer linho vc indica?",duvida_tamanho
"meu pedido #4111 não atualiza, pode ver?",status_pedido
"quero um look casual para trabalho, uso GG",pedido_sugestao
tem body preto tamanho GG?,buscar_produto_por_categoria
tem saia verde tamanho 38?,buscar_produto_por_categoria
tem jaqueta verde no G?,disponibilidade
"sou 36, às vezes pego P; o camisa de viscose segue a tabela certinha?",tamanho_modelagem
tem cupom de desconto primeira compra,buscar_produto_por_nome
pergunta a calca cool amassa facil resposta modelagem e tecido,tamanho_modelagem
queria,outros
"meu pedido #4666 não atualiza, pode ver?",status_pedido
"muito obrigadda, ajudou",agradecimento
maio,outros
"meu pedido #3120 não atualiza, pode ver?",status_pedido
cozy,outros
tem saia verde no 38?,disponibilidade
procuro saia plissadda em verde,buscar_produto_por_nome
oi bia sou erika dos <user> gostaria de saber como voce trabalha em relacao a promocao de produtos meus brincos sao autorais e os fabrico a <num> anos a producao e <num> nacional fabricamos desde a liga do metal ate o banho de ouro <num> k nossos brincos sao todos bordados a mao com um finissimo arame de cobre e depois banhado a ouro espero seu contato obrigada,saudacao
sua roupa jeans e de onde,outros
"meu ppedido #5087 não atualiza, pode ver?",status_pedido
<num> na o creio,outros
pergunta a bolsa anda sozinha precisa passar resposta modelagem e tecido,tamanho_modelagem
carriinho não abre no celular,erros_plataforma
com certeza nao exatamente por isso que pensamos nesse material que se molda nos pes,despedida
cadê o rastreamento do #5511?,status_pedido
procuro blazer linho em preto,buscar_produto_por_nome
oi julia tudo bem essa e da egrey mais antiga estamos a poucos dias de lancar novos modelos de jeans de uma nova marca que entrara no curadobia assim que lancarmos te mandamos aqui,saudacao
tem vestido verde tamanho GG?,buscar_produto_por_categoria
tem saia verde no PP?,disponibilidade
carrinhoo não abre no celular,erros_plataforma
"nãão serviu, consigo trocar?",troca_devolucao
pergunta a calca saruel silvia tem forro interno resposta modelagem e tecido,tamanho_modelagem
linda calca qual e a marca,duvida_tamanho
oba,outros
tem shortss preto no 46?,disponibilidade
tem tabela de medidas doo camisa de viscose?,tamanho_modelagem
me indica um calça verde tamanho G?,pedido_sugestao
tem saia verde tamanho 42?,buscar_produto_por_categoria
essa modelagem é mais enxuta? o vestido midi veste grande?,tamanho_modelagem
tem saia verde no G?,disponibilidade
qualquer duvida estamos a disposicao,outros
que blazer posso usar com saia plissada? quero algo minimalista,styling_sugestao_look
chico neto cd mara c mar whatsapp <num> <url>,falar_com_humano
bom dia gil infelizmente nao trabalhamos com cupom para <num> a compra ainda mas estamos a disposicao para sanar qualquer duvida,saudacao
tem jaqueta verde no 36?,disponibilidade
ola meninas tudo bem comprei a saia preta da d aura em outubro precisei trocar foram rapidissimos mas so hoje eu soube que nao levaram a sacola com a peca a ser trocada ficou este tempo todo na minha portaria como faco,saudacao
temos o vadeo nos nossos stories de hoje com a bia usando ela de uma olhada d,buscar_produto_por_nome
look,pedido_sugestao
me indica um jaqueta preto tamanho 38?,pedido_sugestao
uso 38 na parte de cima; o vestido midi serviria?,duvida_tamanho
quero body verde P,buscar_produto_por_categoria
valor do frete ppro 04567-010?,frete_prazo
bom,outros
nao tem mais numeracao <num>,buscar_produto_por_nome
mb <num> gg,outros
muito obrigada tenham um bom fim de semana,despedida
segue o link dele qualquer daovida ou questa o estamos a disposia a o obrigada por nos acompanhar equipe curadobia d,despedida
dica de look para trabalho com calça alfaiataria off-white,styling_sugestao_look
tem body preto no G?,disponibilidade
tem camisa verde tamanho 40?,buscar_produto_por_categoria
"quero um look street para jantar, uso 46",pedido_sugestao
mas pode ficar tranquila que assim que lancarmos a terceira peca que voce gostou vou te mandar por aqui tudo bem nao deixe de garantir suas pecas da lounge a tempo,buscar_produto_por_nome
nao estou conseguindo entrar no site para fazer compra,onde_comprar
prrocuro blazer linho em caramelo,buscar_produto_por_nome
porem e interessante frisar que a modelagem da calca e uma cintura no lugar nem cintura baixa e nem cintura alta,tamanho_modelagem
dica de look para trabalho com saia plissada preto,styling_sugestao_look
pergunta posso indicar a regata pregas jersey pra alguem resposta extras e institucional,pedido_sugestao
obrigada,despedida
cadê o rastreamento do #5631?,status_pedido
teem link? como compro?,onde_comprar
essa gladiadora qual o numero tem <num>,buscar_produto_por_nome
carrinnho não abre no celular,erros_plataforma
agradeco o feedback,agradecimento
quero blazer preto P,buscar_produto_por_categoria
posso pagar no pix/boleto? parcela?,formas_pagamento
tem tabela de medidas do saia plissada?,tamanho_modelagem
chat,outros
caddê o rastreamento do #3736?,status_pedido
cadê o rastreamento do #2609?,status_pedido
cadê o rastreamento do #6094?,status_pedido
fatima te respondemos no whatsapp mas nao recebemos seu retorno esta tudo bem qualquer coisa sigo aqui a disposicao,saudacao
muito estilo,styling_sugestao_look
tem blazer preto no 36?,disponibilidade
facilitadora,outros
oie bom dia tudo bem obrigada pela sua mensagem entramos em contato com a marca d aura que produz a saia e eles nos informaram que em <num> dias ira o receber novos estoques da nossa saia anica,saudacao
ola caroline tudo bem obrigada pelo seu interesse em trabalhar conosco no momento nao estamos trabalhando com o contrato de novas pessoas no nosso time mas ja salvamos seus dados para futuras oportunidades caso tenha mais alguma duvida estamos a disposicao equipe curadobia,saudacao
tem telefoone/whatsapp de alguém?,falar_com_humano
que shorts posso usar com saia pllissada? quero algo minimalista,styling_sugestao_look
oi boa tarde ana aqui vocaa conseguiu dar uma olhada na cala a qualquer coisa sigo aqui para o que vocaa precisar viu edited,saudacao
"meu pedido #6499 não atualiza, pode ver?",status_pedido
muito obrigada,despedida
verificamos com a marca responsavel pelo envio a revival o seu pedido sofreu um pequeno atraso que a marca me informou ter lhe comunicado por whatsapp,falar_com_humano
"meu pedido #8646 não atualiza, pode ver?",status_pedido
posso pagar no pix/bolleto? parcela?,formas_pagamento
oi cristiane bom dia obrigada pela sua mensagem na verdade todos os nossos pedidos sao enviados o email de confirmacao imediatamente porem realmente identificamos um erro no nosso sistema que os ultimos pedidos nao estao recebendo a confirmacao ja estamos em contato com o nosso tecnico para resolver obrigada por ter nos informado,saudacao
ola boa tarde o <num> e equivalente ao p <num> m e <num> g,saudacao
bacana vamos marcar uma conversa,outros
pagamento recuusado toda hora,erros_plataforma
pagamento reccusado toda hora,erros_plataforma
oi ana a marcia fonseca esta em contato com vc ne vamos conversar sim a fernanda tem mto interesse,saudacao
ola bom dia roupas lindas aqui mas na o encontrei muitas opa aues de tamanhos maiores a isso mesmo tenho uma cliente que se enquadraria perfeita nesse estilo mais contempora neo mas a c um tamanho g gg <num> <num> poderiam me sugerir algumas opa aues,saudacao
como uma critica construtiva vcs deveriam mandar um e mail para confirmar o pedido compro bastante on line e sempre vem o e mail do status do pedido o cliente fica mais seguro da compra,status_pedido
bom dia pamela tudo bem revisamos aqui o nosso sistema e fizemos testes e tudo parece funcionar bem esperamos que voce tenha uma boa experiencia agora o que aconselhamos tambem e entrar no site pelo google chrome caso voce ainda nao tenha acessado por la vou te encaminhar os links dos produtos que voce nos encaminhou <url> <url> <url> <url> <url>,saudacao
tem tabeela de medidas do body canelado?,tamanho_modelagem
ola evelyn bom dia tudo bem aqui somos do curadobia voce teria interesse em apresentar a sua marca pensando em participar do curadobia ou seria referente a parceria de divulgacao com a bia,saudacao
ola muitissimo obrigada,saudacao
oi ana tudo bem na a c poca o pessoal da d aura te instruiu que iriam retirar na sua portaria,saudacao
essa modelagem é mais enxuta? o saia plissadda veste grande?,tamanho_modelagem
que camisa posso usar com bblazer linho? quero algo minimalista,styling_sugestao_look
posso passar linnho? precisa cuidado especial?,materiais_cuidados
checkout travando aquui,erros_plataforma
acho otimo pode ser segunda <num> na parte da tarde estamos com <num> horas de fuso qual horario seria bom pra vc,outros
sua camisa a c linda,duvida_tamanho
tem teleffone/whatsapp de alguém?,falar_com_humano
camisa,duvida_tamanho
perfeito fico no aguardo abraa o,outros
sobre a questa o do frete a c possavel unificar ele nas blusas da lounge que vocaa gostouaoi vou te mandar o link das duas,saudacao
qual jaqueta combina com camisa de viscose em vermelho?,pedido_sugestao
eu adorei ja usei minha saia hj,duvida_tamanho
quadril,outros
para adquirir essa peca basta clicar no link da jaqueta e finalizar a compra pelo site <url>,duvida_tamanho
quall calça combina com calça alfaiataria em vermelho?,pedido_sugestao
"prazo pro meu cep 04012-000, chega até sexta?",frete_prazo
que blazer posso usar com vestido midi? quero algo street,styling_sugestao_look
"meu pedido #3837 não atualiza, pode ver?",status_pedido
tem vestido bege no P?,disponibilidade
tem vestido preto tamanho P?,buscar_produto_por_categoria
pingente,outros
gostaria a camisa branca tamanho m e possivel,duvida_tamanho
ola luana bom dia tudo bem hoje ainda nao temos sapatos dentro do curadobia estamos olhando para adicionar essa categoria em breve,saudacao
"prazo pro meu cep 04567-010, chega até amanhã?",frete_prazo
tem link? como comprro?,onde_comprar
sucesso,outros
exagero,outros
vocaas tem loja fasica,buscar_produto_por_nome
queria ver sua sapateira pq tudo e lindissimo mas seus sapatos sao escolhidos a dedo tudo a ver com vc sempre esse e da laia ne,despedida
é malha canelada? encolhe? como lavar?,materiais_cuidados
adriana shared a product,outros
tem saia verde no P?,disponibilidade
"prazo pro meu cep 05010-020, chega até amanhã?",frete_prazo
fiz uma compra de um casaco com vcs e na o vestiu bem gostaria de trocar por uma cala a fresquinha tamanho m,troca_devolucao
ola sua curadoria projeto editorial e grafico sao incriveis parabens mas sua plataforma de e commerce nao funciona bem estou desde ontem tentando fazer compras mas paginas nao carregam carrinhos esvaziam muito dificil,saudacao
esperado,outros
chheckout travando aqui,erros_plataforma
todas as pea as da mybasic e da lounge <num> possuem uma ampla grade <url> <url> os produtos da cecilia possuem uma modelagem mais ampla <url> alguns dos produtos da nauanin chegam ata c a numeraa a o xxgg equivalendo a um <num> <url>,tamanho_modelagem
aqui a tabela certinha mas ja estamos com o pessoal tecnico corrigindo esse erro,erros_plataforma
tutu meu filho a c tutu arthur kkkk,outros
valor do frete pro 06030-050?,frete_prazo
consigo falar comm atendente?,falar_com_humano
quero blazer preto G,buscar_produto_por_categoria
é algodão? encolhe? commo lavar?,materiais_cuidados
tem blazer verde no GG?,disponibilidade
pergunta a saia tech fica justa no quadril resposta tamanho e medidas,duvida_tamanho
ops e a blusa pah,outros
como falo com alguem dai,outros
essa tshirt vai estar no evento namoro tanto ela,outros
bia gosto muito das suas bolsas poderia passar umas dicas na o encontrei no seu site a,materiais_cuidados
voces tem loja fisica,buscar_produto_por_nome
tem jaqueta preto tamanho M?,buscar_produto_por_categoria
nao tenho nada da paula ferber a numeracao e normal a forma,outros
tem vestido preto tamanho G?,buscar_produto_por_categoria
vcs,outros
procuro saia plissada em preto,buscar_produto_por_nome
obrigada pelo retorno namoro o modelo gladiador me lembro dele mas quando fui procurar ja nao tinha mais,despedida
eu amei a que tem a ponta duvida tem que ter tornozelo fino obrigada,despedida
tem blazer preto no 42?,disponibilidade
obrigada pela presena a,despedida
uso G na parte de cima; o body canelado serviria?,duvida_tamanho
que maximo marca a gente nos seus looks muito feliz que esta curtindo a selea a o de pea as logo mais teremos muitas novidades bacanas d,pedido_sugestao
reagiu com a sua mensagem,outros
que body posso usar com vestido midi? quero algo clássico,styling_sugestao_look
ana ja entrei em contato com o pessoal da d aura para entendermos o que aconteceu,falar_com_humano
"quero um look casual para trabalho, uso 44",pedido_sugestao
ola dany boa tarde tudo bem sim e com voce peco desculpas por essa demora estou verificando sobre porque ainda nao foi dada sequencia na troca o processo interno nosso ja foi encaminhado com a troca para o tamanho p,saudacao
pergunta a calca saruel silvia e versatil pra viagem resposta combinacoes e ocasioes,duvida_tamanho
tem body preto tamanho PP?,buscar_produto_por_categoria
"perfeeito, obrigada!",agradecimento
qual blazer combina com vestido midi em caramelo?,pedido_sugestao
se,outros
tem jaqueta azul marinho no 42?,disponibilidade
muito obrigada pelo retorno,despedida
ahhh bom d entendi errado enta o achei que estava na serra espero que abra o tempo e fiquei um lindo final de semana,buscar_produto_por_nome
valoor do frete pro 06030-050?,frete_prazo
e tem ela preta,buscar_produto_por_nome
poosso passar malha canelada? precisa cuidado especial?,materiais_cuidados
qualquer outra daovida sigo a disposia a o,outros
opa acho que caiu,outros
mto obrigada pelo retorno,despedida
chega quando no 01455-022?,frete_prazo
obrigada pela presena a silviad,despedida
a bia ira gravar o vadeo e te enviar,outros
oieee obrigada de verdade,saudacao
dica de look para formatura com calça alfaiataria off-white,styling_sugestao_look
tem saia preto no M?,disponibilidade
"não serviu, connsigo trocar?",troca_devolucao
posso ppassar linho? precisa cuidado especial?,materiais_cuidados
procuro camisa de viscose em bege,buscar_produto_por_nome
respostas,outros
na o gosto de nada apertado mas essa blusa tem um shane mais ajustado daa fiquei na daovida,buscar_produto_por_nome
tem blazer preto tamanho 44?,buscar_produto_por_categoria
pergunta quanto tempo pra entregar a camisa viajante em sp resposta frete prazos e trocas,frete_prazo
tem vestido preto no 42?,disponibilidade
faz em 3x sem jjuros?,formas_pagamento
que saia posso usaar com camisa de viscose? quero algo moderno,styling_sugestao_look
de onde a c a sanda lia linda,outros
link da calca por gentileza,duvida_tamanho
cadê o rrastreamento do #2462?,status_pedido
credibilidade,outros
claro envio sim mas ata c para na <num> s entendermos o que esta ocorrendo com essa visualizaa a o vocaa esta acessando pelo celular que aa ja direcionamos pra equipe ta c cnica corrigir,outros
"meu pedido #3201 não atualiza, pode ver?",status_pedido
que lindoo,outros
nao tem um link de comunicacao no whatsapp,buscar_produto_por_nome
tem blazer verde tamanho M?,buscar_produto_por_categoria
vaalor do frete pro 06030-050?,frete_prazo
pergunta tem estoque da camisa de responsa no tamanho m resposta preco estoque e pagamento,duvida_tamanho
cadê o rastreamento do #6428?,status_pedido
pergunta da pra usar a blusa molona em festa de dia resposta combinacoes e ocasioes,styling_sugestao_look
como proceder p troca,troca_devolucao
oi esse conjunto marrom a c vendido tamba c m,saudacao
tem jaqueta preto tamanho PP?,buscar_produto_por_categoria
mas a experiaancia de compra na o foi legal,saudacao
que honra ddd,outros
uauuu ameiii linda saia,duvida_tamanho
oie em breve trarei uma curadobia de bolsas por aqui tmb,saudacao
voce poderia me passar o contato dos responsaveis,materiais_cuidados
tem body canelado bege PP?,buscar_produto_por_nome
"perfeito, obrigadda!",agradecimento
obrigada no aguardo que seja disponibilizado o envio,despedida
"tenho 104cm de busto e 118cm de quadril, qual tamanho do calça alfaiataria vc indica?",duvida_tamanho
estamos entrando em contato porque identificamos que ha um tempo voce demonstrou interesse nas sandalias da bia que apareceram em um dos nossos reels agora eles estao disponiveis no site do curadobia o link clicavel segue na proxima mensagem obrigada por nos acompanhar katia qualquer duvida estamos a disposicao equipe curadobia,despedida
ola,saudacao
quero jaqueta caramelo 46,buscar_produto_por_categoria
um dos meus modelos favoritos do site todinh,onde_comprar
quero vestido verde 44,buscar_produto_por_categoria
carrinho não abbre no celular,erros_plataforma
dica de look para happy hour com calça alfaiatarria preto,styling_sugestao_look
gosto muito dos looks mas percebo que ha muito jogo c volumes,pedido_sugestao
dica de look para aniversário com body canelado azul marinho,styling_sugestao_look
site,onde_comprar
boa tarde comprei a blusa pah mas na o consigo deixa la parecida como da fotoa acho que estou usando de forma erradaa tem alguma tutorial de como vesti la rs,saudacao
pergunta a camisa viajante e feita no brasil resposta extras e institucional,duvida_tamanho
tem tabela de medidas do body canelado?,tamanho_modelagem
pergunta a blusa molona ta em promocao resposta preco estoque e pagamento,formas_pagamento
independente disso sigo aqui para o que voce precisar,outros
to de olho faz tempooo,buscar_produto_por_nome
dizer,outros
faz em 3x ssem juros?,formas_pagamento
que saia posso usar com body canelado? quero algo moderno,styling_sugestao_look
pergunta se eu sou baixa a calca saruel silvia fica muito comprida resposta tamanho e medidas,duvida_tamanho
meu,outros
tem camisa verde no GG?,disponibilidade
"sou M, às vezes pego 38; o body canelado segue a tabela certinha?",tamanho_modelagem
tem linnk? como compro?,onde_comprar
valorr do frete pro 06030-050?,frete_prazo
tem blazer linho preto 44?,buscar_produto_por_nome
tem camisa preto tamanho 42?,buscar_produto_por_categoria
boa noite havera reposicao da saia unica preta no tamanho <num>,saudacao
tem vestido verde no M?,disponibilidade
me indica um camisa off-white tamanho 46?,pedido_sugestao
obrigada pelo convite adorei a minha sandalia nova hearts,despedida
saberia,outros
"quero um look moderno para trabalho, uso 42",pedido_sugestao
vou amanha obrigada,despedida
posso passar linhho? precisa cuidado especial?,materiais_cuidados
"meu pedido #8892 nãão atualiza, pode ver?",status_pedido
que jaqueta posso usar ccom camisa de viscose? quero algo moderno,styling_sugestao_look
com certeza sera um sucesso obrigada ana,despedida
"prazo pro meu cep 01255-022, chega até 3 dias úteis?",frete_prazo
oi renata boa tarde ana aqui voce conseguiu dar uma olhada nas opcoes que te mandei qualquer coisa sigo aqui para o que voce precisar ta,saudacao
quero body verde 38,buscar_produto_por_categoria
ja ta seguindo dd>>,outros
de onde a c esse macaca o maravilhoso amo a i,outros
bom dia julienne o que achou da nossa selea a o,saudacao
tem camisa preto tamanho G?,buscar_produto_por_categoria
pergunta a trench facil e versatil pra viagem resposta combinacoes e ocasioes,styling_sugestao_look
bem e vc ana muito obrigada,despedida
oi lucia bom dia tudo bem aqui a c a ana do time curadobia vocaa conseguiu dar uma olhada em tudo que te mandamos se tiver alguma daovida sigo aqui,saudacao
tem vestido verde no 44?,disponibilidade
tem jaqueta preto tamanho 44?,buscar_produto_por_categoria
coleira,outros
nuances,outros
aqui,outros
oie td bem e vc ainda nao mas em breve tera,saudacao
tem link? comoo compro?,onde_comprar
cadê o rastreamento do #3346?,status_pedido
a regata arrumadona m,outros
