ts,autor,texto,origem,arquivo_origem,lado,dia,texto_clean2,flag_ruido,lang,lscore,mensagem_norm,mensagem_lemma,len_tokens
2025-05-10 13:26:30.304,Curadobia,"Ola Emily, td bem? Segue aqui os detalhes da blusa que gostou. Qualquer duvida estamos a disposição.",instagram_zip,inbox/emilly_17998681088788437/message_1.json,time,2025-05-10,,False,pt,1.0,"Ola Emily, td bem? Segue aqui os detalhes da blusa que gostou. Qualquer duvida estamos a disposição.",ola emily td bem seg detalh blus gost duvid dispos,10
2024-08-29 14:50:14.297,Curadobia,"Oi Dany, bom dia! Desculpa ontem não ter te dado um retorno a marca havia informado que estaria chegando ontem mesmo",instagram_zip,inbox/danycavalcanti_1481723446558270/message_1.json,time,2024-08-29,,False,pt,1.0,"Oi Dany, bom dia! Desculpa ontem não ter te dado um retorno a marca havia informado que estaria chegando ontem mesmo",dany desculp ont te dad retorn marc hav inform est cheg ont mesm,13
2025-05-06 09:17:00.000,susannamariaerat_1705724080822262,"olá susanna, bom dia! estaremos te esperando na rua venceslau flexa 209, jardim paulistano das 11h às 20h ah e teremos manobrista no local para maior tranquilidade",instagram_csv,Consolidação das mensagens do INSTAGRAM.csv,time,2025-05-06,,False,pt,1.0,"olá susanna, bom dia! estaremos te esperando na rua venceslau flexa 209, jardim paulistano das 11h às 20h ah e teremos manobrista no local para maior tranquilidade",susann est te esper rua venceslau flex jardim paulist às ah ter manobr local mai tranquil,16
2024-07-19 15:43:00.000,tiagorodrigues_17961513431788437,"olá, tudo bem sim e com você?",instagram_csv,Consolidação das mensagens do INSTAGRAM.csv,time,2024-07-19,,False,pt,1.0,"olá, tudo bem sim e com você?",bem,1
2024-09-16 12:42:39.658,Curadobia,Qual seu manequim?,instagram_zip,inbox/patifisch_1530674161664561/message_1.json,time,2024-09-16,,False,ca,1.0,Qual seu manequim?,,0
2024-08-08 12:31:55.330,Curadobia,"Olá Dany, bom dia! Caso tenha algum problema com o tamanho você pode optar por trocar ou devolver o produto. Basta nos informar pelo e-mail contato.curadobia@gmail.com que iremos encaminhar sua solicitação para a Marca responsável. A marca irá proceder com os próximos passos como envio do código de logística reversa e tudo mais",instagram_zip,inbox/danycavalcanti_1481723446558270/message_1.json,time,2024-08-08,,False,pt,1.0,"Olá Dany, bom dia! Caso tenha algum problema com o tamanho você pode optar por trocar ou devolver o produto. Basta nos informar pelo e-mail contato.curadobia@gmail.com que iremos encaminhar sua solicitação para a Marca responsável. A marca irá proceder com os próximos passos como envio do código de logística reversa e tudo mais",dany cas tenh algum problem tamanh pod opt troc devolv produt bast inform mail gmail ir encaminh solicit marc respons marc irá proced próx pass envi códig logís revers,29
2024-10-23 11:27:00.000,glorianuccicamilo_1473008980754026,"perfeito glória, já colocamos aqui na nossa lista e vamos te informar quando estiver mais próximo da data!",instagram_csv,Consolidação das mensagens do INSTAGRAM.csv,time,2024-10-23,,False,pt,1.0,"perfeito glória, já colocamos aqui na nossa lista e vamos te informar quando estiver mais próximo da data!",perfeit glór coloc noss list vam te inform estiv próx dat,11
2024-07-19 18:35:46.635,Curadobia,Ele foi postando dia 16 com o código de rastreio AA186736680BR,instagram_zip,inbox/gabrielacamposcostabarbosa_1468528951212895/message_1.json,time,2024-07-19,,False,pt,1.0,Ele foi postando dia 16 com o código de rastreio AA186736680BR,post códig rastrei,3
2025-05-09 14:26:28.191,Curadobia,"Olá Anna, bom dia! Seu produto vou enviado dia 08/05. Você consegue acompanhar tudo pelo codigo de rastreio abaixo",instagram_zip,inbox/17998336169788437/message_1.json,time,2025-05-09,,False,pt,1.0,"Olá Anna, bom dia! Seu produto vou enviado dia 08/05. Você consegue acompanhar tudo pelo codigo de rastreio abaixo",ann seu produt conseg acompanh codig rastrei abaix,8
2024-09-03 11:15:19.005,Curadobia,"Estamos estudando trazer essa categoria para o Curadobia, porém nada de imediato ainda, mas muito legal saber do interesse! Assim que tivermos iremos te manter avisada",instagram_zip,inbox/crisrocchi_1346176916769294/message_1.json,time,2024-09-03,,False,pt,1.0,"Estamos estudando trazer essa categoria para o Curadobia, porém nada de imediato ainda, mas muito legal saber do interesse! Assim que tivermos iremos te manter avisada",estud traz categor porém nad imediat aind muit legal sab inter assim tiv ir te mant avis,17
2024-08-29 11:50:00.000,danycavalcanti_1481723446558270,"oi dany, bom dia! desculpa ontem não ter te dado um retorno a marca havia informado que estaria chegando ontem mesmo",instagram_csv,Consolidação das mensagens do INSTAGRAM.csv,time,2024-08-29,,False,pt,1.0,"oi dany, bom dia! desculpa ontem não ter te dado um retorno a marca havia informado que estaria chegando ontem mesmo",dany desculp ont te dad retorn marc hav inform est cheg ont mesm,13
2024-10-15 11:10:00.000,amandaoliveira_1472616584131311,https://www.curadobia.com.br/usuario/novo,instagram_csv,Consolidação das mensagens do INSTAGRAM.csv,time,2024-10-15,,False,und,0.0,https://www.curadobia.com.br/usuario/novo,http www br usuari nov,5
2024-09-16 17:33:00.000,giselamation_1499999134727227,iremos relança-la em outubro aqui no curadobia,instagram_csv,Consolidação das mensagens do INSTAGRAM.csv,time,2024-09-16,,False,pt,1.0,iremos relança-la em outubro aqui no curadobia,ir relanç outubr,3
2024-10-15 09:16:00.000,vansouza_1536417384419543,"olá van, bom dia! te enviaremos ainda hoje",instagram_csv,Consolidação das mensagens do INSTAGRAM.csv,time,2024-10-15,,False,pt,1.0,"olá van, bom dia! te enviaremos ainda hoje",van te envi aind,4
2024-08-26 10:55:00.000,luanapiva_1500124794715909,"olá luana, bom dia! tudo bem? hoje ainda não temos sapatos dentro do curadobia. estamos olhando para adicionar essa categoria em breve",instagram_csv,Consolidação das mensagens do INSTAGRAM.csv,time,2024-08-26,,False,pt,1.0,"olá luana, bom dia! tudo bem? hoje ainda não temos sapatos dentro do curadobia. estamos olhando para adicionar essa categoria em breve",luan bem aind tem sapat dentr olh adicion categor brev,10
2025-01-15 15:37:00.000,somimimi_1616993523032137,claro!,instagram_csv,Consolidação das mensagens do INSTAGRAM.csv,time,2025-01-15,,False,es,1.0,claro!,,0
2025-03-11 17:54:00.000,nataliaguadagnucci_1654861482577353,bjs,instagram_csv,Consolidação das mensagens do INSTAGRAM.csv,time,2025-03-11,,False,hr,1.0,bjs,,0
2024-12-01 10:37:00.000,iveasey_1556799635714439,https://www.curadobia.com.br/olive-you/produto/macacao-cool-olive-you-u7xa,instagram_csv,Consolidação das mensagens do INSTAGRAM.csv,time,2024-12-01,,False,und,0.0,https://www.curadobia.com.br/olive-you/produto/macacao-cool-olive-you-u7xa,http www br oliv you produt macaca cool oliv you,10
2024-09-02 19:09:23.419,Curadobia,"Ola, boa tarde! Infelizmente não enviamos para fora do pais. Mas aceitamos cartões internacionais com entrega em todo o Brasil 😉",instagram_zip,inbox/fabi_1536650081066635/message_1.json,time,2024-09-02,,False,pt,1.0,"Ola, boa tarde! Infelizmente não enviamos para fora do pais. Mas aceitamos cartões internacionais com entrega em todo o Brasil 😉",ola infeliz envi for pal aceit cart internac entreg tod brasil,11
2025-05-07 10:47:00.000,17998336169788437,"oi, anna! acabamos de olhar no nosso estoque, temos 1 preta no tamanho 37. você deseja?😍",instagram_csv,Consolidação das mensagens do INSTAGRAM.csv,time,2025-05-07,,False,pt,1.0,"oi, anna! acabamos de olhar no nosso estoque, temos 1 preta no tamanho 37. você deseja?😍",ann acab olh noss estoqu tem pret tamanh desej,9
2024-10-23 16:03:29.117,Curadobia,"Olá! Boa tarde! Tudo bem? Estamos entrando em contato porque identificamos que há um tempo você demonstrou interesse nas sandálias da Bia, que apareceram em um dos nossos reels! Agora eles estão disponíveis no site do Curadobia! 😍😍 segue o link: https://www.curadobia.com.br/produtos/buscar?search=Paula+ferber Obrigada por nos acompanhar! Qualquer dúvida, estamos à disposição! Equipe Curadobia 💕",instagram_zip,inbox/apazinvadiumeuser_17974145144788437/message_1.json,time,2024-10-23,,False,pt,1.0,"Olá! Boa tarde! Tudo bem? Estamos entrando em contato porque identificamos que há um tempo você demonstrou interesse nas sandálias da Bia, que apareceram em um dos nossos reels! Agora eles estão disponíveis no site do Curadobia! 😍😍 segue o link: https://www.curadobia.com.br/produtos/buscar?search=Paula+ferber Obrigada por nos acompanhar! Qualquer dúvida, estamos à disposição! Equipe Curadobia 💕",bem entr identific há temp demonstr inter sandál aparec noss reel agor dispon seg http www br produt busc search paul ferb acompanh dúv dispos,25
2024-07-19 18:33:42.291,Curadobia,Peço desculpa pela demora em lhe retornar,instagram_zip,inbox/gabrielacamposcostabarbosa_1468528951212895/message_1.json,time,2024-07-19,,False,pt,1.0,Peço desculpa pela demora em lhe retornar,peç desculp dem lhe retorn,5
2025-02-21 10:44:00.000,analepsch_1529949501731576,"ana, já entrei em contato com o pessoal da d-aura para entendermos o que aconteceu",instagram_csv,Consolidação das mensagens do INSTAGRAM.csv,time,2025-02-21,,False,pt,1.0,"ana, já entrei em contato com o pessoal da d-aura para entendermos o que aconteceu",entr pessoal aur entend acontec,5
2025-04-02 10:49:00.000,lerparasermelhor_1752937509439991,"olá! tudo bem? que bom receber sua mensagem! meu nome é ana e sou do time curadobia. com relação a sua dúvida, conversei com a própria bia e ela nos informou que volumes também podem funcionar para quem esta um pouco acima desde que tenha um pouco de pele de fora para trazer leveza😊",instagram_csv,Consolidação das mensagens do INSTAGRAM.csv,time,2025-04-02,,False,pt,1.0,"olá! tudo bem? que bom receber sua mensagem! meu nome é ana e sou do time curadobia. com relação a sua dúvida, conversei com a própria bia e ela nos informou que volumes também podem funcionar para quem esta um pouco acima desde que tenha um pouco de pele de fora para trazer leveza😊",bem receb sou tim relaç dúv convers própr inform volum pod funcion qu pouc acim desd tenh pouc pel for traz lev,22
2024-12-01 13:37:34.494,Curadobia,https://www.curadobia.com.br/olive-you/produto/macacao-cool-olive-you-U7XA,instagram_zip,inbox/iveasey_1556799635714439/message_1.json,time,2024-12-01,,False,und,0.0,https://www.curadobia.com.br/olive-you/produto/macacao-cool-olive-you-U7XA,http www br oliv you produt macaca cool oliv you,10
2025-01-23 01:23:44.348,Curadobia,"Olá pessoal, como vão? Meu nome é Ana e trabalho junto com a Bia Paes de Barros no CURADOBIA.COM.BR O Curadobia é um marketplace que nasceu com o propósito de reunir em um só lugar peças que fazem toda a diferença no armário e ao mesmo tempo são fáceis de usar: os chamados neutros com tcharanz. Acreditamos que a NATU super se conecta com essa proposta. Com quem poderia conversar para falar mais sobre? Aguardo vocês!",instagram_zip,inbox/nayu_1399659314752025/message_1.json,time,2025-01-23,,False,pt,1.0,"Olá pessoal, como vão? Meu nome é Ana e trabalho junto com a Bia Paes de Barros no CURADOBIA.COM.BR O Curadobia é um marketplace que nasceu com o propósito de reunir em um só lugar peças que fazem toda a diferença no armário e ao mesmo tempo são fáceis de usar: os chamados neutros com tcharanz. Acreditamos que a NATU super se conecta com essa proposta. Com quem poderia conversar para falar mais sobre? Aguardo vocês!",pessoal vão br marketplac nasc propósit reun só lug peç faz tod diferenç armári mesm temp são fácel us cham neutr tcharanz acredit natu sup conect propost qu pod convers fal aguard,32
2025-04-07 16:58:33.680,Curadobia,Obrigada por nos acompanhar 💕 Sigo aqui para o que você precisar,instagram_zip,inbox/karenpentecost_1630992461636325/message_1.json,time,2025-04-07,,False,pt,1.0,Obrigada por nos acompanhar 💕 Sigo aqui para o que você precisar,acompanh precis,2
2025-01-20 12:09:00.000,jorg_1662314958496865,"olá! como vão? muito prazer, meu nome é ana e trabalho aqui no curadobia. não sei se recordam, porém conversamos no primeiro semestre do ano passado (2024) sobre esse projeto da bia paes de barros. desde lá, evoluímos bastante e estamos concretizados como um marketplace em potencial crescimento. queremos compartilhar com vocês nosso site para darem uma olhada curadobia.com.br ainda temos a jörg em foco! o que acham de retomarmos contato? aguardo vocês!",instagram_csv,Consolidação das mensagens do INSTAGRAM.csv,time,2025-01-20,,False,pt,1.0,"olá! como vão? muito prazer, meu nome é ana e trabalho aqui no curadobia. não sei se recordam, porém conversamos no primeiro semestre do ano passado (2024) sobre esse projeto da bia paes de barros. desde lá, evoluímos bastante e estamos concretizados como um marketplace em potencial crescimento. queremos compartilhar com vocês nosso site para darem uma olhada curadobia.com.br ainda temos a jörg em foco! o que acham de retomarmos contato? aguardo vocês!",vão muit praz sei record porém convers prim semestr ano pass projet desd evoluím bast concre marketplac potenc cresc quer compartilh noss dar olh br aind tem jörg foc ach retom aguard,32
2025-04-10 14:36:41.165,Curadobia,"Oi, Anne! Bom dia, tudo bem? Aqui é a Ana do time Curadobia. A bia nos informou que você se interessou pela nossa BOLSA MOLONA, mas que infelizmente ela está indisponível no site",instagram_zip,inbox/annebotelho_1614893239903031/message_1.json,time,2025-04-10,,False,pt,1.0,"Oi, Anne! Bom dia, tudo bem? Aqui é a Ana do time Curadobia. A bia nos informou que você se interessou pela nossa BOLSA MOLONA, mas que infelizmente ela está indisponível no site",ann bem tim inform interess noss bols mol infeliz indispon,10
2024-10-18 15:59:00.000,ineiacunha_17973502382788437,oi ineia! tudo bem? segue o valor do casaco que você se interessou,instagram_csv,Consolidação das mensagens do INSTAGRAM.csv,time,2024-10-18,,False,pt,1.0,oi ineia! tudo bem? segue o valor do casaco que você se interessou,ine bem seg val casac interess,6
2024-09-03 08:15:00.000,crisrocchi_1346176916769294,"estamos estudando trazer essa categoria para o curadobia, porém nada de imediato ainda, mas muito legal saber do interesse! assim que tivermos iremos te manter avisada",instagram_csv,Consolidação das mensagens do INSTAGRAM.csv,time,2024-09-03,,False,pt,1.0,"estamos estudando trazer essa categoria para o curadobia, porém nada de imediato ainda, mas muito legal saber do interesse! assim que tivermos iremos te manter avisada",estud traz categor porém nad imediat aind muit legal sab inter assim tiv ir te mant avis,17
2025-02-25 20:36:00.000,drathaismussimedicaendocrinologista_1470748100975689,que maximo! marca a gente nos seus looks. muito feliz que esta curtindo a seleção de peças. logo mais teremos muitas novidades bacanas. 🤍,instagram_csv,Consolidação das mensagens do INSTAGRAM.csv,time,2025-02-25,,False,pt,1.0,que maximo! marca a gente nos seus looks. muito feliz que esta curtindo a seleção de peças. logo mais teremos muitas novidades bacanas. 🤍,max marc gent seu look muit feliz curt seleç peç ter muit novidad bacan,14
2025-04-10 14:37:38.556,Curadobia,"Mas venho com boas notícias, a partir de quarta-feira teremos reposição dela! 🥳 Se você ainda tiver interesse, me avisa, pois ai assim que chegarem eu venho exclusivamente te avisaar!",instagram_zip,inbox/annebotelho_1614893239903031/message_1.json,time,2025-04-10,,False,pt,1.0,"Mas venho com boas notícias, a partir de quarta-feira teremos reposição dela! 🥳 Se você ainda tiver interesse, me avisa, pois ai assim que chegarem eu venho exclusivamente te avisaar!",venh boa notíc part quart feir ter repos aind tiv inter avis poi ai assim cheg venh exclusiv te avisa,20
2024-11-22 08:14:00.000,isabellaianelli_1550110789721968,oi isabella! tudo bem? bom dia! que bom receber uma mensagem sua! o curadobia está se preparando para muitas novidades no ano que vem e com certeza estará no radar novos modelos de sapatos. espero que goste 💕 qualquer coisa pode sempre entrar em contato conosco.,instagram_csv,Consolidação das mensagens do INSTAGRAM.csv,time,2024-11-22,,False,pt,1.0,oi isabella! tudo bem? bom dia! que bom receber uma mensagem sua! o curadobia está se preparando para muitas novidades no ano que vem e com certeza estará no radar novos modelos de sapatos. espero que goste 💕 qualquer coisa pode sempre entrar em contato conosco.,isabell bem receb prepar muit novidad ano vem cert est rad nov model sapat esper gost cois pod sempr entr conosc,21
2025-04-01 18:12:10.880,Curadobia,"Ola Livia, td e vc? Ficamos felizes que gostou dessa jaqueta. Acredito que tenha sido um erro da lojinha do instagram. O valor correto R$ 755",instagram_zip,inbox/liviafogaca_1578166493585832/message_1.json,time,2025-04-01,,False,pt,1.0,"Ola Livia, td e vc? Ficamos felizes que gostou dessa jaqueta. Acredito que tenha sido um erro da lojinha do instagram. O valor correto R$ 755",ola liv td fic feliz gost dess jaquet acredit tenh sid err loj val corret,15
2025-04-25 13:26:06.267,Curadobia,Não perca essa oportunidade!! Qualquer coisa sigo aqui para o que você precisar 😊,instagram_zip,inbox/adrianacarlaramosmartino_1642176510517548/message_1.json,time,2025-04-25,,False,pt,1.0,Não perca essa oportunidade!! Qualquer coisa sigo aqui para o que você precisar 😊,perc oportun cois precis,4
2025-03-10 18:38:00.000,laiscardosoperetto_1642377720491593,"oi lais, boa noite! o site esta funcionando normalmente. esperamos que consiga finalizar seu pedido agora.",instagram_csv,Consolidação das mensagens do INSTAGRAM.csv,time,2025-03-10,,False,pt,1.0,"oi lais, boa noite! o site esta funcionando normalmente. esperamos que consiga finalizar seu pedido agora.",lal funcion norm esper consig final seu ped agor,9
2025-01-23 01:17:10.507,Curadobia,"Olá pessoal, como vão? Meu nome é Ana e trabalho junto com a Bia Paes de Barros no CURADOBIA.COM.BR O Curadobia é um marketplace que nasceu com o propósito de reunir em um só lugar peças que fazem toda a diferença no armário e ao mesmo tempo são fáceis de usar: os chamados neutros com tcharanz. Acreditamos que a GIOMEI super se conecta com essa proposta. Com quem poderia conversar para falar mais sobre? Aguardo vocês!",instagram_zip,inbox/giomei_17986101584788437/message_1.json,time,2025-01-23,,False,pt,1.0,"Olá pessoal, como vão? Meu nome é Ana e trabalho junto com a Bia Paes de Barros no CURADOBIA.COM.BR O Curadobia é um marketplace que nasceu com o propósito de reunir em um só lugar peças que fazem toda a diferença no armário e ao mesmo tempo são fáceis de usar: os chamados neutros com tcharanz. Acreditamos que a GIOMEI super se conecta com essa proposta. Com quem poderia conversar para falar mais sobre? Aguardo vocês!",pessoal vão br marketplac nasc propósit reun só lug peç faz tod diferenç armári mesm temp são fácel us cham neutr tcharanz acredit giom sup conect propost qu pod convers fal aguard,32
2024-07-29 19:31:05.939,Curadobia,"Stella, depois peço apenas que compartilhe seu número de telefone que aí fica mais fácil nossa comunicação",instagram_zip,inbox/stellabastos_1459454448789012/message_1.json,time,2024-07-29,,False,pt,1.0,"Stella, depois peço apenas que compartilhe seu número de telefone que aí fica mais fácil nossa comunicação",stell depois peç apen compartilh seu númer telefon aí fic fácil noss comunic,13
2024-09-29 18:33:00.000,glaussikoutroularis_1473048937420859,aqui o link com todos os acessórios,instagram_csv,Consolidação das mensagens do INSTAGRAM.csv,time,2024-09-29,,False,pt,1.0,aqui o link com todos os acessórios,tod acessóri,2
2025-01-09 19:20:54.386,Fabiana Silva,"Obrigada pelo retorno! Vou acompanhar, então. Beijo beijo 💋 💋",instagram_zip,inbox/fabianasilva_1580074453387368/message_1.json,time,2025-01-09,,False,pt,1.0,"Obrigada pelo retorno! Vou acompanhar, então. Beijo beijo 💋 💋",retorn acompanh beij beij,4
2025-02-11 11:34:00.000,akarinnesantos_1445923513458484,quando ela estiver disponível nós vamos te avisar!,instagram_csv,Consolidação das mensagens do INSTAGRAM.csv,time,2025-02-11,,False,es,1.0,quando ela estiver disponível nós vamos te avisar!,,0
2025-01-27 11:52:00.000,talitasanches_1471269797594181,"oi talita! muito bom receber sua mensagem. agradecemos demais o contato e que bacana vocês terem pensado na gente, porém nesse momento nós não estamos trabalhando com produção. de qualquer forma salvamos o teu contato para futuras oportunidades! atenciosamente, equipe curadobia💕",instagram_csv,Consolidação das mensagens do INSTAGRAM.csv,time,2025-01-27,,False,pt,1.0,"oi talita! muito bom receber sua mensagem. agradecemos demais o contato e que bacana vocês terem pensado na gente, porém nesse momento nós não estamos trabalhando com produção. de qualquer forma salvamos o teu contato para futuras oportunidades! atenciosamente, equipe curadobia💕",talit muit receb agradec demal bacan ter pens gent porém ness moment trabalh produç form salv teu futur oportun atencios,20
2024-09-30 18:33:22.091,Curadobia,"Obrigada por nos mandar e informar sobre essa situação! Já passamos para o nosso setor técnico analisar essa situação. Caso deseje, podemos tirar dúvidas e disponibilizar mais informações por aqui! Só nos solicitar 💕 Estamos à disposição para qualquer coisa!",instagram_zip,inbox/lembrancinhaspersonalizadas_1447248269999188/message_1.json,time,2024-09-30,,False,pt,1.0,"Obrigada por nos mandar e informar sobre essa situação! Já passamos para o nosso setor técnico analisar essa situação. Caso deseje, podemos tirar dúvidas e disponibilizar mais informações por aqui! Só nos solicitar 💕 Estamos à disposição para qualquer coisa!",mand inform situ pass noss set técn analis situ cas desej pod dúv disponibil inform só solic dispos cois,19
2025-01-14 17:41:18.062,Curadobia,"Obrigada pelo feedback, Maria!",instagram_zip,inbox/mariaisabelrodrigueshetschko_1537569067635271/message_1.json,time,2025-01-14,,False,pt,1.0,"Obrigada pelo feedback, Maria!",feedback mar,2
2025-05-07 11:16:00.000,17998336169788437,"qualquer coisa, sigo aqui! me chamo ana também🥰",instagram_csv,Consolidação das mensagens do INSTAGRAM.csv,time,2025-05-07,,False,pt,1.0,"qualquer coisa, sigo aqui! me chamo ana também🥰",cois ch,2
2025-04-11 11:01:00.000,lucianunes_1675711197160251,"oi lucia! bom dia, tudo bem? aqui é a ana do time curadobia. você conseguiu dar uma olhada em tudo que te mandamos? se tiver alguma dúvida sigo aqui",instagram_csv,Consolidação das mensagens do INSTAGRAM.csv,time,2025-04-11,,False,pt,1.0,"oi lucia! bom dia, tudo bem? aqui é a ana do time curadobia. você conseguiu dar uma olhada em tudo que te mandamos? se tiver alguma dúvida sigo aqui",luc bem tim consegu dar olh te mand tiv algum dúv,11
2025-05-19 11:24:00.000,ecruembalagens_17998971182788437,"olá, bom dia! tudo bem? vocês tem um pdf com o portifolio de produtos que trabalham",instagram_csv,Consolidação das mensagens do INSTAGRAM.csv,time,2025-05-19,,False,pt,1.0,"olá, bom dia! tudo bem? vocês tem um pdf com o portifolio de produtos que trabalham",bem pdf portifoli produt trabalh,5
2024-10-22 20:34:00.000,andreamoraes_1490279695706989,acho melhor sim. esta um pouco certa demais,instagram_csv,Consolidação das mensagens do INSTAGRAM.csv,time,2024-10-22,,False,pt,1.0,acho melhor sim. esta um pouco certa demais,ach melhor pouc cert demal,5
2025-04-10 19:39:19.095,Curadobia,https://www.curadobia.com.br/d-aura/produto/calca-FACINHA,instagram_zip,inbox/lucianunes_1675711197160251/message_1.json,time,2025-04-10,,False,und,0.0,https://www.curadobia.com.br/d-aura/produto/calca-FACINHA,http www br aur produt calc fac,7
2024-09-04 20:56:45.430,Curadobia,Não reconheceu no whats esse número,instagram_zip,inbox/julianacardoso_1540901883968951/message_1.json,time,2024-09-04,,False,pt,1.0,Não reconheceu no whats esse número,reconhec what númer,3
2025-01-22 14:27:13.040,Curadobia,Olá! Bom dia. Como vão? Aguardamos a resposta de vocês por lá então. Obrigada.,instagram_zip,inbox/wendyelborin_1537073684348923/message_1.json,time,2025-01-22,,False,pt,1.0,Olá! Bom dia. Como vão? Aguardamos a resposta de vocês por lá então. Obrigada.,vão aguard respost,3
2025-04-07 17:07:00.658,Curadobia,Oi! Boa tarde! Ana aqui. Você conseguiu dar uma olhada na calça? Qualquer coisa sigo aqui para o que você precisar viu? (edited),instagram_zip,inbox/bahia_1665583491503875/message_1.json,time,2025-04-07,,False,pt,1.0,Oi! Boa tarde! Ana aqui. Você conseguiu dar uma olhada na calça? Qualquer coisa sigo aqui para o que você precisar viu? (edited),consegu dar olh calç cois precis viu edited,8
2025-03-14 14:16:00.000,patriciadiasfernandes_1574554687269048,"qualquer coisa, meu nome é ana e sigo aqui para o que você precisar!💕",instagram_csv,Consolidação das mensagens do INSTAGRAM.csv,time,2025-03-14,,False,pt,1.0,"qualquer coisa, meu nome é ana e sigo aqui para o que você precisar!💕",cois precis,2
2025-03-26 13:48:50.752,Curadobia,"Os bodys da Revival são excelentes peças neutras e básicas para ter no armário e possuem uma ampla grade de tamanhos: https://www.curadobia.com.br/categorias/revival-brasil Além disso, temos nossos acessórios: https://www.curadobia.com.br/categorias/acessorio Bolsas: https://www.curadobia.com.br/categorias/bolsas E sapatos: https://www.curadobia.com.br/categorias/sapatos",instagram_zip,inbox/juliennebini_1644010466992670/message_1.json,time,2025-03-26,,False,pt,1.0,"Os bodys da Revival são excelentes peças neutras e básicas para ter no armário e possuem uma ampla grade de tamanhos: https://www.curadobia.com.br/categorias/revival-brasil Além disso, temos nossos acessórios: https://www.curadobia.com.br/categorias/acessorio Bolsas: https://www.curadobia.com.br/categorias/bolsas E sapatos: https://www.curadobia.com.br/categorias/sapatos",body reviv são excel peç neutr básic armári possu ampl grad tamanh http www br categor reviv brasil além diss tem noss acessóri http www br categor acessori bols http www br categor bols sapat http www br categor sapat,40
2024-11-25 14:03:44.156,Curadobia,Vou te encaminhar o link: https://www.curadobia.com.br/yes-i-am-jeans/produto/a-pantalona-jeans,instagram_zip,inbox/marciaa_1475467990509494/message_1.json,time,2024-11-25,,False,pt,1.0,Vou te encaminhar o link: https://www.curadobia.com.br/yes-i-am-jeans/produto/a-pantalona-jeans,te encaminh http www br ye am je produt pant je,11
2025-04-16 10:15:00.000,mariaangeladoamaralgurgelvianna_1718960822836073,"oi maria ângela! bom dia, como você está?",instagram_csv,Consolidação das mensagens do INSTAGRAM.csv,time,2025-04-16,,False,pt,1.0,"oi maria ângela! bom dia, como você está?",mar ângel,2
2025-03-26 13:49:48.024,Curadobia,"Com certeza você irá encontrar peças ideais para o seu objetivo nesses links que te mandei, Julienne! Qualquer coisa eu sigo aqui para o que você precisar!💕",instagram_zip,inbox/juliennebini_1644010466992670/message_1.json,time,2025-03-26,,False,pt,1.0,"Com certeza você irá encontrar peças ideais para o seu objetivo nesses links que te mandei, Julienne! Qualquer coisa eu sigo aqui para o que você precisar!💕",cert irá encontr peç ideal seu obje ness link te mand julienn cois precis,14
2025-05-10 14:25:44.374,Curadobia,Qualquer coisa seguimos a disposição por aqui ok?,instagram_zip,inbox/priscillaburity_1551156166270890/message_1.json,time,2025-05-10,,False,pt,1.0,Qualquer coisa seguimos a disposição por aqui ok?,cois segu dispos ok,4
2025-01-31 13:55:00.000,ldnim_1477560640297203,"olá pessoal, como vão? meu nome é ana e trabalho junto com a bia paes de barros no curadobia.com.br o curadobia é um marketplace que nasceu com o propósito de reunir em um só lugar peças que fazem toda a diferença no armário e ao mesmo tempo são fáceis de usar: os chamados neutros com tcharanz. acreditamos que a l*dnim super se conecta com essa proposta. com quem poderia conversar para falar mais sobre? aguardo vocês!",instagram_csv,Consolidação das mensagens do INSTAGRAM.csv,time,2025-01-31,,False,pt,1.0,"olá pessoal, como vão? meu nome é ana e trabalho junto com a bia paes de barros no curadobia.com.br o curadobia é um marketplace que nasceu com o propósito de reunir em um só lugar peças que fazem toda a diferença no armário e ao mesmo tempo são fáceis de usar: os chamados neutros com tcharanz. acreditamos que a l*dnim super se conecta com essa proposta. com quem poderia conversar para falar mais sobre? aguardo vocês!",pessoal vão br marketplac nasc propósit reun só lug peç faz tod diferenç armári mesm temp são fácel us cham neutr tcharanz acredit dnim sup conect propost qu pod convers fal aguard,32
2024-07-23 20:58:40.831,Curadobia,Até segunda!,instagram_zip,inbox/stellabastos_1459454448789012/message_1.json,time,2024-07-23,,False,pt,1.0,Até segunda!,segund,1
2025-01-20 15:35:00.000,patu_17985844604788437,"olá! como vai? muito prazer, meu nome é ana e trabalho aqui no curadobia. não sei se recordam, porém conversamos no primeiro semestre do ano passado (2024) sobre esse projeto da bia paes de barros. desde lá, evoluímos bastante e estamos concretizados como um marketplace em potencial crescimento. queremos compartilhar com vocês nosso site para darem uma olhada curadobia.com.br ainda temos a patú em foco! o que acham de retomarmos contato? aguardo vocês!",instagram_csv,Consolidação das mensagens do INSTAGRAM.csv,time,2025-01-20,,False,pt,1.0,"olá! como vai? muito prazer, meu nome é ana e trabalho aqui no curadobia. não sei se recordam, porém conversamos no primeiro semestre do ano passado (2024) sobre esse projeto da bia paes de barros. desde lá, evoluímos bastante e estamos concretizados como um marketplace em potencial crescimento. queremos compartilhar com vocês nosso site para darem uma olhada curadobia.com.br ainda temos a patú em foco! o que acham de retomarmos contato? aguardo vocês!",vai muit praz sei record porém convers prim semestr ano pass projet desd evoluím bast concre marketplac potenc cresc quer compartilh noss dar olh br aind tem patú foc ach retom aguard,32
2024-11-25 11:03:00.000,monti_17856762546297917,"que aí conseguimos encaminhar pro lá as tratativas o que acha? se puder esclarecer que seria algo mais voltado para o perfil pessoal da bia ou para o curadobia, seria bacana entendermos também para encaminhar de forma mais assertiva sua mensagem",instagram_csv,Consolidação das mensagens do INSTAGRAM.csv,time,2024-11-25,,False,pt,1.0,"que aí conseguimos encaminhar pro lá as tratativas o que acha? se puder esclarecer que seria algo mais voltado para o perfil pessoal da bia ou para o curadobia, seria bacana entendermos também para encaminhar de forma mais assertiva sua mensagem",aí consegu encaminh pro trat ach pud esclarec ser alg volt perfil pessoal ser bacan entend encaminh form asser,19
2024-07-08 19:40:00.000,emiliafreitas_1320876775966156,"olá emilia, boa noite! tudo bem? agradecemos demais o feedback e pode ter certeza que uma das preocupações que estamos tendo é seguir na busca por marcas que tragam opções e grades que representam o maior número de corpos possível. sobre a tabela de medida, estamos buscando ajustar. obrigada por nos informar e seguiremos aprimorando cada vez mais. bjos!🌷",instagram_csv,Consolidação das mensagens do INSTAGRAM.csv,time,2024-07-08,,False,pt,1.0,"olá emilia, boa noite! tudo bem? agradecemos demais o feedback e pode ter certeza que uma das preocupações que estamos tendo é seguir na busca por marcas que tragam opções e grades que representam o maior número de corpos possível. sobre a tabela de medida, estamos buscando ajustar. obrigada por nos informar e seguiremos aprimorando cada vez mais. bjos!🌷",emil bem agradec demal feedback pod cert preocup tend segu busc marc trag opç grad represent mai númer corp possível tabel med busc ajust inform segu aprimor cad vez bjo,30
2024-10-23 13:12:00.000,karynacarvalhoaires_1535575451171487,"olá, karyna! boa tarde! tudo bem? estamos entrando em contato porque identificamos que há um tempo você demonstrou interesse nos sapatos da bia, que apareceram em um dos nossos reels! agora eles estão disponíveis no site do curadobia! 😍😍 segue o link: https://www.curadobia.com.br/produtos/buscar?search=paula+ferber obrigada por nos acompanhar, karyna! qualquer dúvida, estamos à disposição! equipe curadobia 💕",instagram_csv,Consolidação das mensagens do INSTAGRAM.csv,time,2024-10-23,,False,pt,1.0,"olá, karyna! boa tarde! tudo bem? estamos entrando em contato porque identificamos que há um tempo você demonstrou interesse nos sapatos da bia, que apareceram em um dos nossos reels! agora eles estão disponíveis no site do curadobia! 😍😍 segue o link: https://www.curadobia.com.br/produtos/buscar?search=paula+ferber obrigada por nos acompanhar, karyna! qualquer dúvida, estamos à disposição! equipe curadobia 💕",karyn bem entr identific há temp demonstr inter sapat aparec noss reel agor dispon seg http www br produt busc search paul ferb acompanh karyn dúv dispos,27
2025-01-24 10:32:00.000,karynacarvalhoaires_1535575451171487,"oi, karyna! bom dia. vimos que você mandou as mesmas mensagens pelo nosso whatsapp. vamos dar seguimento por lá então, tudo bem? obrigada!",instagram_csv,Consolidação das mensagens do INSTAGRAM.csv,time,2025-01-24,,False,pt,1.0,"oi, karyna! bom dia. vimos que você mandou as mesmas mensagens pelo nosso whatsapp. vamos dar seguimento por lá então, tudo bem? obrigada!",karyn vim mand mesm mens noss whatsapp vam dar segu bem,11
2025-03-26 13:29:22.791,Curadobia,"Olá Julienne! Bom dia, tudo bem? Que bom receber sua mensagem! Eu me chamo Ana e sou do time Curadobia.",instagram_zip,inbox/juliennebini_1644010466992670/message_1.json,time,2025-03-26,,False,pt,1.0,"Olá Julienne! Bom dia, tudo bem? Que bom receber sua mensagem! Eu me chamo Ana e sou do time Curadobia.",julienn bem receb ch sou tim,6
2024-11-21 12:19:00.758,Curadobia,"Oie, td bem e vc?! Ainda nao. Mas em breve terá",instagram_zip,inbox/fernandamacielgarcezmehler_1578322970228899/message_1.json,time,2024-11-21,,False,pt,1.0,"Oie, td bem e vc?! Ainda nao. Mas em breve terá",oie td bem aind nao brev ter,7
2024-09-30 14:53:14.948,Curadobia,https://www.curadobia.com.br,instagram_zip,inbox/lembrancinhaspersonalizadas_1447248269999188/message_1.json,time,2024-09-30,,False,und,0.0,https://www.curadobia.com.br,http www br,3
2025-03-24 11:22:00.000,alessandracc_1591478398910903,qualquer coisa sigo aqui!,instagram_csv,Consolidação das mensagens do INSTAGRAM.csv,time,2025-03-24,,False,ca,1.0,qualquer coisa sigo aqui!,,0
2025-05-06 17:04:00.000,stellabastos_1459454448789012,"obrigada pela presença, stella!",instagram_csv,Consolidação das mensagens do INSTAGRAM.csv,time,2025-05-06,,False,ca,1.0,"obrigada pela presença, stella!",,0
2025-01-21 11:30:00.000,tempo_17985935972788437,"olá! como vão? muito prazer, meu nome é ana e trabalho aqui no curadobia. não sei se recordam, porém conversamos no primeiro semestre do ano passado (2024) sobre esse projeto da bia paes de barros. desde lá, evoluímos bastante e estamos concretizados como um marketplace em potencial crescimento. queremos compartilhar com vocês nosso site para darem uma olhada curadobia.com.br ainda temos a tempo em foco! o que acham de retomarmos contato? aguardo vocês!",instagram_csv,Consolidação das mensagens do INSTAGRAM.csv,time,2025-01-21,,False,pt,1.0,"olá! como vão? muito prazer, meu nome é ana e trabalho aqui no curadobia. não sei se recordam, porém conversamos no primeiro semestre do ano passado (2024) sobre esse projeto da bia paes de barros. desde lá, evoluímos bastante e estamos concretizados como um marketplace em potencial crescimento. queremos compartilhar com vocês nosso site para darem uma olhada curadobia.com.br ainda temos a tempo em foco! o que acham de retomarmos contato? aguardo vocês!",vão muit praz sei record porém convers prim semestr ano pass projet desd evoluím bast concre marketplac potenc cresc quer compartilh noss dar olh br aind tem temp foc ach retom aguard,32
2024-08-18 13:32:00.000,cristinasantanamachadopiana_1513057286761108,oie! em breve trarei uma curadobia de bolsas por aqui tmb 😉,instagram_csv,Consolidação das mensagens do INSTAGRAM.csv,time,2024-08-18,,False,pt,1.0,oie! em breve trarei uma curadobia de bolsas por aqui tmb 😉,oie brev tr bols tmb,5
2024-09-06 11:52:38.511,Curadobia,"Não, não oferecemos cupom de desconto nas compras",instagram_zip,inbox/amandaoliveira_1472616584131311/message_1.json,time,2024-09-06,,False,pt,1.0,"Não, não oferecemos cupom de desconto nas compras",oferec cupom descont compr,4
2024-12-01 13:41:57.219,Curadobia,Dia 3/12 das 12hs as 20hs,instagram_zip,inbox/bibshoffmann_1609359433796383/message_1.json,time,2024-12-01,,False,pt,1.0,Dia 3/12 das 12hs as 20hs,,0
2025-02-21 12:08:00.000,icon_1551426619583703,obrigada pelo interesse 💕 aguardamos vocês,instagram_csv,Consolidação das mensagens do INSTAGRAM.csv,time,2025-02-21,,False,pt,1.0,obrigada pelo interesse 💕 aguardamos vocês,inter aguard,2
2025-02-19 17:48:26.887,Curadobia,Oi Cristina! Que bom que gostou! Ela está disponível no nosso site se quiser dar uma olhada: https://www.curadobia.com.br/paula-ferber/produto/gladiadora-elos-castanhoonix-paula-ferber,instagram_zip,inbox/cristinabrito_1608499703876811/message_1.json,time,2025-02-19,,False,pt,1.0,Oi Cristina! Que bom que gostou! Ela está disponível no nosso site se quiser dar uma olhada: https://www.curadobia.com.br/paula-ferber/produto/gladiadora-elos-castanhoonix-paula-ferber,cristin gost dispon noss quis dar olh http www br paul ferb produt gladi elo castanhoonix paul ferb,18
2025-03-27 13:33:37.404,Curadobia,"Bom dia, Julienne! O que achou da nossa seleção? (edited)",instagram_zip,inbox/juliennebini_1644010466992670/message_1.json,time,2025-03-27,,False,pt,1.0,"Bom dia, Julienne! O que achou da nossa seleção? (edited)",julienn ach noss seleç edited,5
2025-03-06 11:15:00.000,suzaneemmerich_1634647511263711,"oi, suzane! bom dia, como você está?",instagram_csv,Consolidação das mensagens do INSTAGRAM.csv,time,2025-03-06,,False,pt,1.0,"oi, suzane! bom dia, como você está?",suzan,1
2024-10-18 19:46:00.000,marileneludwig_1499274198130230,temos ela ainda no tamanho 2 e 3,instagram_csv,Consolidação das mensagens do INSTAGRAM.csv,time,2024-10-18,,False,pt,1.0,temos ela ainda no tamanho 2 e 3,tem aind tamanh,3
2024-07-23 17:23:00.000,queensgate_17961981233788437,"enviado, obrigada! até segunda",instagram_csv,Consolidação das mensagens do INSTAGRAM.csv,time,2024-07-23,,False,pt,1.0,"enviado, obrigada! até segunda",segund,1
2025-05-02 19:05:44.621,Curadobia,"Estou verificando direitinho seu pedido, mas pode ficar tranquila que iremos resolver se tiver acontecido qualquer problema tudo bem?",instagram_zip,inbox/anelisacavalcantesoares_1554428265945243/message_1.json,time,2025-05-02,,False,pt,1.0,"Estou verificando direitinho seu pedido, mas pode ficar tranquila que iremos resolver se tiver acontecido qualquer problema tudo bem?",verific direit seu ped pod fic tranquil ir resolv tiv acontec problem bem,13
2025-02-11 11:34:00.000,akarinnesantos_1445923513458484,oie! bom dia? tudo bem? obrigada pela sua mensagem! entramos em contato com a marca d-aura que produz a saia e eles nos informaram que em 10 dias irão receber novos estoques da nossa saia única,instagram_csv,Consolidação das mensagens do INSTAGRAM.csv,time,2025-02-11,,False,pt,1.0,oie! bom dia? tudo bem? obrigada pela sua mensagem! entramos em contato com a marca d-aura que produz a saia e eles nos informaram que em 10 dias irão receber novos estoques da nossa saia única,oie bem entr marc aur produz sai inform dia irã receb nov estoqu noss sai únic,16
2025-04-16 13:16:43.792,Curadobia,"Identificamos sua tentativa de compra! Estavamos realizando uns ajustes no site e acabou tendo esse erro, Já estamos verificando com a equipe de tecnologia se foi corrigido e assim que estiver tudo ok voltamos para lhe comunicar, tudo bem?",instagram_zip,inbox/mariaangeladoamaralgurgelvianna_1718960822836073/message_1.json,time,2025-04-16,,False,pt,1.0,"Identificamos sua tentativa de compra! Estavamos realizando uns ajustes no site e acabou tendo esse erro, Já estamos verificando com a equipe de tecnologia se foi corrigido e assim que estiver tudo ok voltamos para lhe comunicar, tudo bem?",identific tent compr estav realiz ajust acab tend err verific tecnolog corrig assim estiv ok volt lhe comunic bem,19
2025-01-16 18:20:37.639,Curadobia,"Olá pessoal, como vão? Meu nome é Ana e trabalho junto com a Bia Paes de Barros no CURADOBIA.COM.BR (insta: @curadobia.oficial). O Curadobia é um marketplace que nasceu com o propósito de reunir em um só lugar peças que fazem toda a diferença no armário e ao mesmo tempo são fáceis de usar: os chamados neutros com tcharanz. Acreditamos que a WENDYEL BORIN super se conecta com essa proposta. Com quem poderia conversar para falar mais sobre? Aguardo vocês💕",instagram_zip,inbox/wendyelborin_1537073684348923/message_1.json,time,2025-01-16,,False,pt,1.0,"Olá pessoal, como vão? Meu nome é Ana e trabalho junto com a Bia Paes de Barros no CURADOBIA.COM.BR (insta: @curadobia.oficial). O Curadobia é um marketplace que nasceu com o propósito de reunir em um só lugar peças que fazem toda a diferença no armário e ao mesmo tempo são fáceis de usar: os chamados neutros com tcharanz. Acreditamos que a WENDYEL BORIN super se conecta com essa proposta. Com quem poderia conversar para falar mais sobre? Aguardo vocês💕",pessoal vão br inst ofic marketplac nasc propósit reun só lug peç faz tod diferenç armári mesm temp são fácel us cham neutr tcharanz acredit wendyel borin sup conect propost qu pod convers fal aguard,35
2025-04-02 20:42:42.125,Curadobia,Um dos meus modelos favoritos do site todinh,instagram_zip,inbox/juliamolina_1668498281217934/message_1.json,time,2025-04-02,,False,pt,1.0,Um dos meus modelos favoritos do site todinh,model favorit todinh,3
2024-07-23 20:21:25.894,Curadobia,Que aí já envio um invite,instagram_zip,inbox/queensgate_17961981233788437/message_1.json,time,2024-07-23,,False,pt,1.0,Que aí já envio um invite,aí envi invit,3
2024-10-22 15:56:00.000,monicaximenes_1481934033209385,ah que ótimo monica! esperamos que aproveite muito ela. e se quiser compartilhar com a gente os looks que criar com ela vamos amar ver!,instagram_csv,Consolidação das mensagens do INSTAGRAM.csv,time,2024-10-22,,False,pt,1.0,ah que ótimo monica! esperamos que aproveite muito ela. e se quiser compartilhar com a gente os looks que criar com ela vamos amar ver!,ah ótim monic esper aproveit muit quis compartilh gent look cri vam am ver,14
2024-08-02 19:24:00.000,biapb_1487148742684349,"mas acho que está ""processando"" para subir tudo",instagram_csv,Consolidação das mensagens do INSTAGRAM.csv,time,2024-08-02,,False,pt,1.0,"mas acho que está ""processando"" para subir tudo",ach process sub,3
2025-03-10 14:53:12.915,Curadobia,Qualquer coisa sigo aqui!,instagram_zip,inbox/adrianahfischmann_1512252460162305/message_1.json,time,2025-03-10,,False,ca,1.0,Qualquer coisa sigo aqui!,,0
2024-11-11 15:26:00.000,sheilacourte_1562904038438275,"claro, nossas medidas do tamanho 42 para o macacão cool são: ombro: 51cm cintura total: 72cm comprimento: 151cm qualquer outra questão, estamos à disposição!",instagram_csv,Consolidação das mensagens do INSTAGRAM.csv,time,2024-11-11,,False,pt,1.0,"claro, nossas medidas do tamanho 42 para o macacão cool são: ombro: 51cm cintura total: 72cm comprimento: 151cm qualquer outra questão, estamos à disposição!",clar noss med tamanh macacã cool são ombr cint total compr outr quest dispos,14
2024-10-18 22:44:42.158,Curadobia,Adoramos ela!,instagram_zip,inbox/alessandrafaro_1540136927381425/message_1.json,time,2024-10-18,,False,es,1.0,Adoramos ela!,,0
2024-09-23 14:23:02.714,Curadobia,Olá Júlia bom dia! Tudo bem?,instagram_zip,inbox/juliahauck_1530657911661886/message_1.json,time,2024-09-23,,False,pt,1.0,Olá Júlia bom dia! Tudo bem?,júl bem,2
2024-10-18 14:51:00.000,sandrameiraestrategistavisual_1502413017817296,"oi, sandra! tudo bem? passando aqui para te avisar que o jeans preto que você se interessou no nosso reels um tempinho atrás está disponível!😍",instagram_csv,Consolidação das mensagens do INSTAGRAM.csv,time,2024-10-18,,False,pt,1.0,"oi, sandra! tudo bem? passando aqui para te avisar que o jeans preto que você se interessou no nosso reels um tempinho atrás está disponível!😍",sandr bem pass te avis je pret interess noss reel temp atrás dispon,13
2025-03-27 10:33:00.000,juliennebini_1644010466992670,"bom dia, julienne? o que achou da nossa seleção?",instagram_csv,Consolidação das mensagens do INSTAGRAM.csv,time,2025-03-27,,False,pt,1.0,"bom dia, julienne? o que achou da nossa seleção?",julienn ach noss seleç,4
2024-11-11 18:26:47.624,Curadobia,"Claro, nossas medidas do tamanho 42 para o MACACÃO COOL são: Ombro: 51cm Cintura Total: 72cm Comprimento: 151cm Qualquer outra questão, estamos à disposição!",instagram_zip,inbox/sheilacourte_1562904038438275/message_1.json,time,2024-11-11,,False,pt,1.0,"Claro, nossas medidas do tamanho 42 para o MACACÃO COOL são: Ombro: 51cm Cintura Total: 72cm Comprimento: 151cm Qualquer outra questão, estamos à disposição!",clar noss med tamanh macacã cool são ombr cint total compr outr quest dispos,14
2025-02-14 15:47:37.324,Curadobia,"Olá! Que bom que você se interessou por nós!! Muito bom receber tua mensagem, Joana. Infelizmente essa calça não está no Curadobia e é acervo pessoal da Bia mesmo😊 Esse video tem a finalidade de apresentar as nossas camisas 💕 esperamos que goste!!",instagram_zip,inbox/joanaribeirojoe_1675401250526148/message_1.json,time,2025-02-14,,False,pt,1.0,"Olá! Que bom que você se interessou por nós!! Muito bom receber tua mensagem, Joana. Infelizmente essa calça não está no Curadobia e é acervo pessoal da Bia mesmo😊 Esse video tem a finalidade de apresentar as nossas camisas 💕 esperamos que goste!!",interess muit receb tua joan infeliz calç acerv pessoal mesm final apresent noss camis esper gost,16
2024-10-22 18:58:25.371,Curadobia,Porém teremos em dezembro um evento presencial para trazer as peças ao vivo para quem quiser conhecer pessoalmente essa curadobia incrível feita pela Bia,instagram_zip,inbox/glorianuccicamilo_1473008980754026/message_1.json,time,2024-10-22,,False,pt,1.0,Porém teremos em dezembro um evento presencial para trazer as peças ao vivo para quem quiser conhecer pessoalmente essa curadobia incrível feita pela Bia,porém ter dezembr event presenc traz peç viv qu quis conhec pessoal incr feit,14
2025-03-12 14:58:00.000,somimimi_1616993523032137,"boa tarde milene, td bem e vc?! esse macacão nesse tom infelizmente não terá reposição. mas lançamos ontem o mesmo modelo em preto",instagram_csv,Consolidação das mensagens do INSTAGRAM.csv,time,2025-03-12,,False,pt,1.0,"boa tarde milene, td bem e vc?! esse macacão nesse tom infelizmente não terá reposição. mas lançamos ontem o mesmo modelo em preto",milen td bem macacã ness tom infeliz ter repos lanç ont mesm model pret,14
2024-09-04 17:56:00.000,julianacardoso_1540901883968951,seu ddd qual seria?,instagram_csv,Consolidação das mensagens do INSTAGRAM.csv,time,2024-09-04,,False,ca,1.0,seu ddd qual seria?,,0
2024-07-29 15:05:00.000,queensgate_17961981233788437,"opa, acho que caiu",instagram_csv,Consolidação das mensagens do INSTAGRAM.csv,time,2024-07-29,,False,es,1.0,"opa, acho que caiu",,0
2024-12-01 13:38:28.225,Curadobia,Sera um dia de vendas presenciais de todas as peças do mix 😉,instagram_zip,inbox/bibshoffmann_1609359433796383/message_1.json,time,2024-12-01,,False,pt,1.0,Sera um dia de vendas presenciais de todas as peças do mix 😉,ser vend presenc tod peç mix,6
2025-05-07 11:02:00.000,17998336169788437,claro!,instagram_csv,Consolidação das mensagens do INSTAGRAM.csv,time,2025-05-07,,False,es,1.0,claro!,,0
2025-05-07 11:14:00.000,ooi_1676154893785804,"qualquer coisa, sigo aqui! me chamo ana",instagram_csv,Consolidação das mensagens do INSTAGRAM.csv,time,2025-05-07,,False,pt,1.0,"qualquer coisa, sigo aqui! me chamo ana",cois ch,2
2025-05-07 13:52:36.081,Curadobia,Valor: 890,instagram_zip,inbox/ooi_1676154893785804/message_1.json,time,2025-05-07,,False,ro,1.0,Valor: 890,,0
2025-01-20 15:46:00.000,toruss_1563451975047473,"olá! como vai? muito prazer, meu nome é ana e trabalho aqui no curadobia. não sei se recordam, porém conversamos no primeiro semestre do ano passado (2024) sobre esse projeto da bia paes de barros. desde lá, evoluímos bastante e estamos concretizados como um marketplace em potencial crescimento. queremos compartilhar com vocês nosso site para darem uma olhada curadobia.com.br ainda temos a toruss em foco! o que acham de retomarmos contato? aguardo vocês!",instagram_csv,Consolidação das mensagens do INSTAGRAM.csv,time,2025-01-20,,False,pt,1.0,"olá! como vai? muito prazer, meu nome é ana e trabalho aqui no curadobia. não sei se recordam, porém conversamos no primeiro semestre do ano passado (2024) sobre esse projeto da bia paes de barros. desde lá, evoluímos bastante e estamos concretizados como um marketplace em potencial crescimento. queremos compartilhar com vocês nosso site para darem uma olhada curadobia.com.br ainda temos a toruss em foco! o que acham de retomarmos contato? aguardo vocês!",vai muit praz sei record porém convers prim semestr ano pass projet desd evoluím bast concre marketplac potenc cresc quer compartilh noss dar olh br aind tem torus foc ach retom aguard,32
2025-03-06 13:48:00.000,suzaneemmerich_1634647511263711,pode deixar!,instagram_csv,Consolidação das mensagens do INSTAGRAM.csv,time,2025-03-06,,False,ca,1.0,pode deixar!,,0
2025-02-03 14:45:13.961,Curadobia,"Olá pessoal, como vão? Meu nome é Ana e trabalho junto com a Bia Paes de Barros no CURADOBIA.COM.BR O Curadobia é um marketplace que nasceu com o propósito de reunir em um só lugar peças que fazem toda a diferença no armário e ao mesmo tempo são fáceis de usar: os chamados neutros com tcharanz. Acreditamos que a NOVAMENTE pode se conectar com essa proposta. Com quem poderia conversar para falar mais sobre? Aguardo vocês!",instagram_zip,inbox/novamenteporfatimalomba_1502396167830572/message_1.json,time,2025-02-03,,False,pt,1.0,"Olá pessoal, como vão? Meu nome é Ana e trabalho junto com a Bia Paes de Barros no CURADOBIA.COM.BR O Curadobia é um marketplace que nasceu com o propósito de reunir em um só lugar peças que fazem toda a diferença no armário e ao mesmo tempo são fáceis de usar: os chamados neutros com tcharanz. Acreditamos que a NOVAMENTE pode se conectar com essa proposta. Com quem poderia conversar para falar mais sobre? Aguardo vocês!",pessoal vão br marketplac nasc propósit reun só lug peç faz tod diferenç armári mesm temp são fácel us cham neutr tcharanz acredit nov pod conect propost qu pod convers fal aguard,32
2024-07-23 15:29:00.000,stellabastos_1459454448789012,"olá stella, boa tarde! tudo bem?",instagram_csv,Consolidação das mensagens do INSTAGRAM.csv,time,2024-07-23,,False,pt,1.0,"olá stella, boa tarde! tudo bem?",stell bem,2
2024-07-23 20:08:21.441,Curadobia,Qual seu e-mail? Que aí envio um invite,instagram_zip,inbox/stellabastos_1459454448789012/message_1.json,time,2024-07-23,,False,pt,1.0,Qual seu e-mail? Que aí envio um invite,seu mail aí envi invit,5
2025-05-06 20:04:42.092,Curadobia,"Obrigada pela presença, Livia!",instagram_zip,inbox/liviaparanagua_1699531728111784/message_1.json,time,2025-05-06,,False,pt,1.0,"Obrigada pela presença, Livia!",presenç liv,2
2024-08-08 17:29:19.681,Curadobia,Imagina! Estamos por aqui qualquer coisa que precisar!,instagram_zip,inbox/danycavalcanti_1481723446558270/message_1.json,time,2024-08-08,,False,ca,1.0,Imagina! Estamos por aqui qualquer coisa que precisar!,,0
2025-02-21 10:44:00.000,analepsch_1529949501731576,obrigada ☺️,instagram_csv,Consolidação das mensagens do INSTAGRAM.csv,time,2025-02-21,,False,so,1.0,obrigada ☺️,,0
2024-10-08 13:52:41.521,Curadobia,😍,instagram_zip,inbox/gabrielalotta_1399235268131019/message_1.json,time,2024-10-08,,False,und,0.0,😍,,0
2024-10-22 19:31:00.000,andreamoraes_1490279695706989,mas que bom que achou confortável,instagram_csv,Consolidação das mensagens do INSTAGRAM.csv,time,2024-10-22,,False,pt,1.0,mas que bom que achou confortável,ach confort,2
2024-09-26 11:34:00.000,mariellacarvalhoaires_1486724989389057,qualquer duvida pode também nos conectar pelo whatsapp 😉,instagram_csv,Consolidação das mensagens do INSTAGRAM.csv,time,2024-09-26,,False,pt,1.0,qualquer duvida pode também nos conectar pelo whatsapp 😉,duvid pod conect whatsapp,4
2024-11-22 11:38:56.503,Curadobia,Essa da Bia é da Luiza Perea,instagram_zip,inbox/isabellaianelli_1550110789721968/message_1.json,time,2024-11-22,,False,pt,1.0,Essa da Bia é da Luiza Perea,luiz pere,2
2024-09-05 15:14:59.681,Curadobia,Ahhhh que pena que nao nos falamos,instagram_zip,inbox/cristinalanzo_1523788549016871/message_1.json,time,2024-09-05,,False,pt,1.0,Ahhhh que pena que nao nos falamos,ahhhh pen nao fal,4
2024-07-29 19:25:34.152,Curadobia,Agora parece que travou mesmo,instagram_zip,inbox/stellabastos_1459454448789012/message_1.json,time,2024-07-29,,False,pt,1.0,Agora parece que travou mesmo,agor parec trav mesm,4
2024-08-07 16:00:00.000,danycavalcanti_1481723446558270,"seguem as medidas: p- cós 80cm, e veste quadril até 102cm m- cós 85cm, e veste um quadril até 106cm g- cós 90cm, e veste um quadril até 110cm",instagram_csv,Consolidação das mensagens do INSTAGRAM.csv,time,2024-08-07,,False,pt,1.0,"seguem as medidas: p- cós 80cm, e veste quadril até 102cm m- cós 85cm, e veste um quadril até 106cm g- cós 90cm, e veste um quadril até 110cm",segu med có vest quadril có vest quadril có vest quadril,11
2024-09-29 21:32:03.796,Curadobia,"Ola, boa tarde! O 1 é equivalente ao P , 3 M e 5 G",instagram_zip,inbox/jussaraleprevost_17970888785788437/message_1.json,time,2024-09-29,,False,pt,1.0,"Ola, boa tarde! O 1 é equivalente ao P , 3 M e 5 G",ola equival,2
2024-11-25 11:06:00.000,annamariaassafmvmarotta_1563808915012762,https://www.curadobia.com.br/produtos/buscar?search=paula+ferber,instagram_csv,Consolidação das mensagens do INSTAGRAM.csv,time,2024-11-25,,False,und,0.0,https://www.curadobia.com.br/produtos/buscar?search=paula+ferber,http www br produt busc search paul ferb,8
2025-03-24 14:18:17.056,Curadobia,"Sobre a questão do Frete, é possível unificar ele nas blusas da Lounge que você gostou☺️. Vou te mandar o link das duas",instagram_zip,inbox/alessandracc_1591478398910903/message_1.json,time,2025-03-24,,False,pt,1.0,"Sobre a questão do Frete, é possível unificar ele nas blusas da Lounge que você gostou☺️. Vou te mandar o link das duas",quest fret possível unific blus loung gost te mand dua,10
2024-11-18 16:45:49.906,Curadobia,"Olá! Boa tarde, Silvana! Tudo bem? Obrigada pela sua mensagem. A nossa Pantalona Jeans está saindo por R$: 619,00 Qualquer coisa estamos aqui💕",instagram_zip,inbox/silvanabressan_1625316398861909/message_1.json,time,2024-11-18,,False,pt,1.0,"Olá! Boa tarde, Silvana! Tudo bem? Obrigada pela sua mensagem. A nossa Pantalona Jeans está saindo por R$: 619,00 Qualquer coisa estamos aqui💕",silv bem noss pant je saind cois,7
2024-10-01 11:53:00.000,gilbastos_1065405454984115,"bom dia, gil! infelizmente não trabalhamos com cupom para 1ª compra ainda. mas estamos à disposição para sanar qualquer dúvida!",instagram_csv,Consolidação das mensagens do INSTAGRAM.csv,time,2024-10-01,,False,pt,1.0,"bom dia, gil! infelizmente não trabalhamos com cupom para 1ª compra ainda. mas estamos à disposição para sanar qualquer dúvida!",gil infeliz trabalh cupom compr aind dispos san dúv,9
2024-10-18 14:51:00.000,sandrameiraestrategistavisual_1502413017817296,https://www.curadobia.com.br/yes-i-am-jeans/produto/a-pantalona-jeans,instagram_csv,Consolidação das mensagens do INSTAGRAM.csv,time,2024-10-18,,False,und,0.0,https://www.curadobia.com.br/yes-i-am-jeans/produto/a-pantalona-jeans,http www br ye am je produt pant je,9
2025-01-20 15:09:26.512,Curadobia,"Olá! Como vão? Muito prazer, meu nome é Ana e trabalho aqui no Curadobia. Não sei se recordam, porém conversamos no primeiro semestre do ano passado (2024) sobre esse projeto da Bia Paes de Barros. Desde lá, evoluímos bastante e estamos concretizados como um marketplace em potencial crescimento. Queremos compartilhar com vocês nosso site para darem uma olhada CURADOBIA.COM.BR Ainda temos a Jörg em foco! O que acham de retomarmos contato? Aguardo vocês!",instagram_zip,inbox/jorg_1662314958496865/message_1.json,time,2025-01-20,,False,pt,1.0,"Olá! Como vão? Muito prazer, meu nome é Ana e trabalho aqui no Curadobia. Não sei se recordam, porém conversamos no primeiro semestre do ano passado (2024) sobre esse projeto da Bia Paes de Barros. Desde lá, evoluímos bastante e estamos concretizados como um marketplace em potencial crescimento. Queremos compartilhar com vocês nosso site para darem uma olhada CURADOBIA.COM.BR Ainda temos a Jörg em foco! O que acham de retomarmos contato? Aguardo vocês!",vão muit praz sei record porém convers prim semestr ano pass projet desd evoluím bast concre marketplac potenc cresc quer compartilh noss dar olh br aind tem jörg foc ach retom aguard,32
2024-08-07 19:00:13.901,Curadobia,"Seguem as medidas: P- cós 80cm, e veste quadril até 102cm M- cós 85cm, e veste um quadril até 106cm G- cós 90cm, e veste um quadril até 110cm",instagram_zip,inbox/danycavalcanti_1481723446558270/message_1.json,time,2024-08-07,,False,pt,1.0,"Seguem as medidas: P- cós 80cm, e veste quadril até 102cm M- cós 85cm, e veste um quadril até 106cm G- cós 90cm, e veste um quadril até 110cm",segu med có vest quadril có vest quadril có vest quadril,11
2024-10-21 17:03:22.227,Curadobia,https://www.curadobia.com.br/marcas/paula-ferber,instagram_zip,inbox/robertaalarcon_1503842897676214/message_1.json,time,2024-10-21,,False,und,0.0,https://www.curadobia.com.br/marcas/paula-ferber,http www br marc paul ferb,6
2024-10-23 15:48:46.994,Curadobia,"Estamos entrando em contato porque identificamos que há um tempo você demonstrou interesse nas sandálias da Bia, que apareceram em um dos nossos reels! Agora eles estão disponíveis no site do Curadobia! 😍😍 O link clicável segue na próxima mensagem. Obrigada por nos acompanhar, Katia! Qualquer dúvida, estamos à disposição! Equipe Curadobia 💕",instagram_zip,inbox/katiavaccaro_1634617797930218/message_1.json,time,2024-10-23,,False,pt,1.0,"Estamos entrando em contato porque identificamos que há um tempo você demonstrou interesse nas sandálias da Bia, que apareceram em um dos nossos reels! Agora eles estão disponíveis no site do Curadobia! 😍😍 O link clicável segue na próxima mensagem. Obrigada por nos acompanhar, Katia! Qualquer dúvida, estamos à disposição! Equipe Curadobia 💕",entr identific há temp demonstr inter sandál aparec noss reel agor dispon clic seg próx acompanh kat dúv dispos,19
2025-05-07 14:34:39.928,Curadobia,"Oi, Anna! Sua compra foi realizada com sucesso, pode ficar tranquila, já conferimos aqui direitinho para você",instagram_zip,inbox/17998336169788437/message_1.json,time,2025-05-07,,False,pt,1.0,"Oi, Anna! Sua compra foi realizada com sucesso, pode ficar tranquila, já conferimos aqui direitinho para você",ann compr realiz sucess pod fic tranquil confer direit,9
2025-01-20 18:46:47.862,Curadobia,"Olá! Como vai? Muito prazer, meu nome é Ana e trabalho aqui no Curadobia. Não sei se recordam, porém conversamos no primeiro semestre do ano passado (2024) sobre esse projeto da Bia Paes de Barros. Desde lá, evoluímos bastante e estamos concretizados como um marketplace em potencial crescimento. Queremos compartilhar com vocês nosso site para darem uma olhada CURADOBIA.COM.BR Ainda temos a Toruss em foco! O que acham de retomarmos contato? Aguardo vocês!",instagram_zip,inbox/toruss_1563451975047473/message_1.json,time,2025-01-20,,False,pt,1.0,"Olá! Como vai? Muito prazer, meu nome é Ana e trabalho aqui no Curadobia. Não sei se recordam, porém conversamos no primeiro semestre do ano passado (2024) sobre esse projeto da Bia Paes de Barros. Desde lá, evoluímos bastante e estamos concretizados como um marketplace em potencial crescimento. Queremos compartilhar com vocês nosso site para darem uma olhada CURADOBIA.COM.BR Ainda temos a Toruss em foco! O que acham de retomarmos contato? Aguardo vocês!",vai muit praz sei record porém convers prim semestr ano pass projet desd evoluím bast concre marketplac potenc cresc quer compartilh noss dar olh br aind tem torus foc ach retom aguard,32
2024-07-19 18:49:13.962,Curadobia,"Claro, pode enviar para nosso e-mail contato.curadobia@gmail.com",instagram_zip,inbox/tiagorodrigues_17961513431788437/message_1.json,time,2024-07-19,,False,pt,1.0,"Claro, pode enviar para nosso e-mail contato.curadobia@gmail.com",clar pod envi noss mail gmail,6
2025-02-21 10:07:00.000,maiazequi_1620252699369355,,instagram_csv,Consolidação das mensagens do INSTAGRAM.csv,time,2025-02-21,,False,tl,1.0,,,0
2025-04-25 10:25:00.000,adrianacarlaramosmartino_1642176510517548,https://www.curadobia.com.br/reptilia/produto/saia-levissima,instagram_csv,Consolidação das mensagens do INSTAGRAM.csv,time,2025-04-25,,False,und,0.0,https://www.curadobia.com.br/reptilia/produto/saia-levissima,http www br reptil produt sai leviss,7
2024-08-07 12:57:00.000,marifleury_1341040303950108,sem problemas mari. apenas encaminha pra gente um e-mail solicitando que iremos dar sequência com a troca. e-mail: contato.curadobia@gmail.com,instagram_csv,Consolidação das mensagens do INSTAGRAM.csv,time,2024-08-07,,False,pt,1.0,sem problemas mari. apenas encaminha pra gente um e-mail solicitando que iremos dar sequência com a troca. e-mail: contato.curadobia@gmail.com,problem mar apen enc gent mail solicit ir dar sequ troc mail gmail,13
2024-11-25 14:06:52.108,Curadobia,https://www.curadobia.com.br/produtos/buscar?search=Paula+ferber,instagram_zip,inbox/annamariaassafmvmarotta_1563808915012762/message_1.json,time,2024-11-25,,False,und,0.0,https://www.curadobia.com.br/produtos/buscar?search=Paula+ferber,http www br produt busc search paul ferb,8
2025-05-07 11:15:00.000,17998336169788437,esse mesmo que te mandei acima,instagram_csv,Consolidação das mensagens do INSTAGRAM.csv,time,2025-05-07,,False,pt,1.0,esse mesmo que te mandei acima,mesm te mand acim,4
2025-03-06 14:15:11.472,Curadobia,"Oi, Suzane! Bom dia, como você está?",instagram_zip,inbox/suzaneemmerich_1634647511263711/message_1.json,time,2025-03-06,,False,pt,1.0,"Oi, Suzane! Bom dia, como você está?",suzan,1
2024-09-30 11:53:00.000,lembrancinhaspersonalizadas_1447248269999188,qualquer duvida estamos à disposição!💕,instagram_csv,Consolidação das mensagens do INSTAGRAM.csv,time,2024-09-30,,False,pt,1.0,qualquer duvida estamos à disposição!💕,duvid dispos,2
2024-07-19 18:35:06.333,Curadobia,Seu pedido saiu para entrega hoje e está constando aqui como entregue,instagram_zip,inbox/gabrielacamposcostabarbosa_1468528951212895/message_1.json,time,2024-07-19,,False,pt,1.0,Seu pedido saiu para entrega hoje e está constando aqui como entregue,seu ped saiu entreg const entreg,6
2025-04-10 19:35:45.731,Curadobia,Tem sim a calça,instagram_zip,inbox/lucianunes_1675711197160251/message_1.json,time,2025-04-10,,False,pt,1.0,Tem sim a calça,calç,1
2025-03-27 10:33:00.000,juliennebini_1644010466992670,sigo aqui para qualquer dúvida,instagram_csv,Consolidação das mensagens do INSTAGRAM.csv,time,2025-03-27,,False,ca,1.0,sigo aqui para qualquer dúvida,,0
2025-05-05 19:40:07.968,Curadobia,"qualquer coisa, sigo aqui",instagram_zip,inbox/anelisacavalcantesoares_1554428265945243/message_1.json,time,2025-05-05,,False,ca,1.0,"qualquer coisa, sigo aqui",,0
2024-10-18 16:00:00.000,ineiacunha_17973502382788437,"segue o link dele! qualquer dúvida ou questão, estamos à disposição! obrigada por nos acompanhar! equipe curadobia 💕",instagram_csv,Consolidação das mensagens do INSTAGRAM.csv,time,2024-10-18,,False,pt,1.0,"segue o link dele! qualquer dúvida ou questão, estamos à disposição! obrigada por nos acompanhar! equipe curadobia 💕",seg dúv quest dispos acompanh,5
2024-10-25 14:45:00.000,marialuizasouzapintosoeiro_1553485026047136,"olá, maria! tudo bem? obrigada por ter entrado em contato conosco! te aconselhamos comprar o seu numero mesmo. no caso, o tamanho 36! qualquer outra dúvida pode sempre entrar em contato conosco! equipe curadobia 💕",instagram_csv,Consolidação das mensagens do INSTAGRAM.csv,time,2024-10-25,,False,pt,1.0,"olá, maria! tudo bem? obrigada por ter entrado em contato conosco! te aconselhamos comprar o seu numero mesmo. no caso, o tamanho 36! qualquer outra dúvida pode sempre entrar em contato conosco! equipe curadobia 💕",mar bem entr conosc te aconselh compr seu numer mesm cas tamanh outr dúv pod sempr entr conosc,18
2024-10-11 17:39:00.000,amandaoliveira_1472616584131311,"ola amanda, obrigada pelo contato e pedimos desculpas pela falha. já estamos verificando o que houve para que consiga finalizar sua compra",instagram_csv,Consolidação das mensagens do INSTAGRAM.csv,time,2024-10-11,,False,pt,1.0,"ola amanda, obrigada pelo contato e pedimos desculpas pela falha. já estamos verificando o que houve para que consiga finalizar sua compra",ola amand ped desculp falh verific houv consig final compr,10
2024-10-18 17:51:20.075,Curadobia,https://www.curadobia.com.br/yes-i-am-jeans/produto/a-pantalona-jeans,instagram_zip,inbox/sandrameiraestrategistavisual_1502413017817296/message_1.json,time,2024-10-18,,False,und,0.0,https://www.curadobia.com.br/yes-i-am-jeans/produto/a-pantalona-jeans,http www br ye am je produt pant je,9
2025-01-22 22:20:00.000,mareunitschke_1412519433486507,"olá pessoal, como vão? meu nome é ana e trabalho junto com a bia paes de barros no curadobia.com.br o curadobia é um marketplace que nasceu com o propósito de reunir em um só lugar peças que fazem toda a diferença no armário e ao mesmo tempo são fáceis de usar: os chamados neutros com tcharanz. acreditamos que a mareu nitschke super se conecta com essa proposta. com quem poderia conversar para falar mais sobre? aguardo vocês!",instagram_csv,Consolidação das mensagens do INSTAGRAM.csv,time,2025-01-22,,False,pt,1.0,"olá pessoal, como vão? meu nome é ana e trabalho junto com a bia paes de barros no curadobia.com.br o curadobia é um marketplace que nasceu com o propósito de reunir em um só lugar peças que fazem toda a diferença no armário e ao mesmo tempo são fáceis de usar: os chamados neutros com tcharanz. acreditamos que a mareu nitschke super se conecta com essa proposta. com quem poderia conversar para falar mais sobre? aguardo vocês!",pessoal vão br marketplac nasc propósit reun só lug peç faz tod diferenç armári mesm temp são fácel us cham neutr tcharanz acredit mar nitschk sup conect propost qu pod convers fal aguard,33
2025-02-19 17:51:38.313,Curadobia,Não se preocupe! Vamos resolver essa questão😀 Que bom que você identificou isso,instagram_zip,inbox/analepsch_1529949501731576/message_1.json,time,2025-02-19,,False,pt,1.0,Não se preocupe! Vamos resolver essa questão😀 Que bom que você identificou isso,preocup vam resolv quest identific,5
2025-04-02 17:42:00.000,juliamolina_1668498281217934,um dos meus modelos favoritos do site todinh,instagram_csv,Consolidação das mensagens do INSTAGRAM.csv,time,2025-04-02,,False,pt,1.0,um dos meus modelos favoritos do site todinh,model favorit todinh,3
2024-12-03 18:41:00.000,jufishestiloperfumaria_1359733472076688,obrigada pela presença ju!! amamos te receber e te atender 🤍🖤,instagram_csv,Consolidação das mensagens do INSTAGRAM.csv,time,2024-12-03,,False,pt,1.0,obrigada pela presença ju!! amamos te receber e te atender 🤍🖤,presenç ju am te receb te atend,7
2025-05-05 16:40:00.000,anelisacavalcantesoares_1554428265945243,❤️,instagram_csv,Consolidação das mensagens do INSTAGRAM.csv,time,2025-05-05,,False,und,0.0,❤️,,0
2025-04-07 13:58:00.000,karenpentecost_1630992461636325,obrigada por nos acompanhar 💕 sigo aqui para o que você precisar,instagram_csv,Consolidação das mensagens do INSTAGRAM.csv,time,2025-04-07,,False,pt,1.0,obrigada por nos acompanhar 💕 sigo aqui para o que você precisar,acompanh precis,2
2024-08-19 13:35:46.164,Curadobia,"Ola, td e vc?",instagram_zip,inbox/veraafonso_1480388266695788/message_1.json,time,2024-08-19,,False,ca,1.0,"Ola, td e vc?",,0
2024-09-13 11:34:00.000,evelyncanalli_1503393347725067,"evelyn, obrigada pelo interesse. para parcerias com o curadobia, peço que envie apresentações para o nosso email: contato.curadobia@gmail.com e seguimos com as tratativas por lá que fica mais fácil 😊 e para interesses de parcerias diretamente com a bia, é preciso entrar em contato diretamente com ela pelo email: biapaesdebarros@gmail.com",instagram_csv,Consolidação das mensagens do INSTAGRAM.csv,time,2024-09-13,,False,pt,1.0,"evelyn, obrigada pelo interesse. para parcerias com o curadobia, peço que envie apresentações para o nosso email: contato.curadobia@gmail.com e seguimos com as tratativas por lá que fica mais fácil 😊 e para interesses de parcerias diretamente com a bia, é preciso entrar em contato diretamente com ela pelo email: biapaesdebarros@gmail.com",evelyn inter parc peç envi apresent noss email gmail segu trat fic fácil inter parc diret precis entr diret email biapaesdebarr gmail,22
2024-08-26 13:55:12.437,Curadobia,"Olá Luana, bom dia! Tudo bem? hoje ainda não temos sapatos dentro do Curadobia. Estamos olhando para adicionar essa categoria em breve",instagram_zip,inbox/luanapiva_1500124794715909/message_1.json,time,2024-08-26,,False,pt,1.0,"Olá Luana, bom dia! Tudo bem? hoje ainda não temos sapatos dentro do Curadobia. Estamos olhando para adicionar essa categoria em breve",luan bem aind tem sapat dentr olh adicion categor brev,10
2024-08-05 17:26:00.000,mariaangelicamonteiro_1478766313518715,aqui a tabela certinha mas já estamos com o pessoal técnico corrigindo esse erro,instagram_csv,Consolidação das mensagens do INSTAGRAM.csv,time,2024-08-05,,False,pt,1.0,aqui a tabela certinha mas já estamos com o pessoal técnico corrigindo esse erro,tabel cert pessoal técn corrig err,6
2024-10-20 11:22:00.000,francic_1541909887202294,😉😉,instagram_csv,Consolidação das mensagens do INSTAGRAM.csv,time,2024-10-20,,False,und,0.0,😉😉,,0
2024-12-03 18:41:00.000,renatapupo_1139021694325086,"obrigada pela presença, renata! vai arrasar demais com o conjuntinho mascavo (nosso íntimo terracota) 🥰",instagram_csv,Consolidação das mensagens do INSTAGRAM.csv,time,2024-12-03,,False,pt,1.0,"obrigada pela presença, renata! vai arrasar demais com o conjuntinho mascavo (nosso íntimo terracota) 🥰",presenç renat vai arras demal conjunt mascav noss íntim terracot,10
2024-10-18 19:00:41.675,Curadobia,https://www.curadobia.com.br/nauanin/produto/casaco-resolvedor,instagram_zip,inbox/ineiacunha_17973502382788437/message_1.json,time,2024-10-18,,False,und,0.0,https://www.curadobia.com.br/nauanin/produto/casaco-resolvedor,http www br nauanin produt casac resolv,7
2024-09-06 12:58:00.000,danycavalcanti_1481723446558270,"imagina! qualquer coisa estamos por aqui, só chamar. abraços 💕",instagram_csv,Consolidação das mensagens do INSTAGRAM.csv,time,2024-09-06,,False,pt,1.0,"imagina! qualquer coisa estamos por aqui, só chamar. abraços 💕",imagin cois só cham abraç,5
2025-01-20 15:42:00.000,projetozeroum_1630341761696320,"olá pessoal, como vão? meu nome é ana e trabalho junto com a bia paes de barros no curadobia.com.br o curadobia é um marketplace que nasceu com o propósito de reunir em um só lugar peças que fazem toda a diferença no armário e ao mesmo tempo são fáceis de usar: os chamados neutros com tcharanz. acreditamos que a projeto zero um super se conecta com essa proposta. com quem poderia conversar para falar mais sobre? aguardo vocês!",instagram_csv,Consolidação das mensagens do INSTAGRAM.csv,time,2025-01-20,,False,pt,1.0,"olá pessoal, como vão? meu nome é ana e trabalho junto com a bia paes de barros no curadobia.com.br o curadobia é um marketplace que nasceu com o propósito de reunir em um só lugar peças que fazem toda a diferença no armário e ao mesmo tempo são fáceis de usar: os chamados neutros com tcharanz. acreditamos que a projeto zero um super se conecta com essa proposta. com quem poderia conversar para falar mais sobre? aguardo vocês!",pessoal vão br marketplac nasc propósit reun só lug peç faz tod diferenç armári mesm temp são fácel us cham neutr tcharanz acredit projet zer sup conect propost qu pod convers fal aguard,33
2024-10-16 12:19:35.798,Curadobia,Ahhh qual era a peça? Podemos checar se haverá reposição,instagram_zip,inbox/amandaoliveira_1472616584131311/message_1.json,time,2024-10-16,,False,pt,1.0,Ahhh qual era a peça? Podemos checar se haverá reposição,ahhh peç pod chec hav repos,6
2025-05-12 17:11:31.686,Curadobia,"Oi, Tatiana! Tudo bem? Infelizmente não temos o cupom",instagram_zip,inbox/tatianaleite_1698020868258668/message_1.json,time,2025-05-12,,False,pt,1.0,"Oi, Tatiana! Tudo bem? Infelizmente não temos o cupom",tati bem infeliz tem cupom,5
2025-05-13 15:10:00.000,nataliamiti_1691806075548876,😍,instagram_csv,Consolidação das mensagens do INSTAGRAM.csv,time,2025-05-13,,False,und,0.0,😍,,0
2025-03-12 16:51:00.000,camilaalveslconsultoriadeestilo_1680276910034288,https://www.curadobia.com.br/lounge-39/produto/blusa-pah,instagram_csv,Consolidação das mensagens do INSTAGRAM.csv,time,2025-03-12,,False,und,0.0,https://www.curadobia.com.br/lounge-39/produto/blusa-pah,http www br loung produt blus pah,7
2025-05-09 11:26:00.000,17998336169788437,am407406766br,instagram_csv,Consolidação das mensagens do INSTAGRAM.csv,time,2025-05-09,,False,cy,1.0,am407406766br,,0
2024-09-05 15:11:00.000,danycavalcanti_1481723446558270,"olá dany, boa tarde! tudo bem sim e com você? peço desculpas por essa demora estou verificando sobre porque ainda não foi dada sequência na troca. o processo interno nosso já foi encaminhado com a troca para o tamanho p",instagram_csv,Consolidação das mensagens do INSTAGRAM.csv,time,2024-09-05,,False,pt,1.0,"olá dany, boa tarde! tudo bem sim e com você? peço desculpas por essa demora estou verificando sobre porque ainda não foi dada sequência na troca. o processo interno nosso já foi encaminhado com a troca para o tamanho p",dany bem peç desculp dem verific aind dad sequ troc process intern noss encaminh troc tamanh,16
2024-09-26 14:34:19.421,Curadobia,Ela é reta e certa. Acredito que o tamanho M funcione bem para você. O tecido da base é mais maleável que da parte de cima.,instagram_zip,inbox/mariellacarvalhoaires_1486724989389057/message_1.json,time,2024-09-26,,False,pt,1.0,Ela é reta e certa. Acredito que o tamanho M funcione bem para você. O tecido da base é mais maleável que da parte de cima.,ret cert acredit tamanh funcion bem tec bas male part cim,11
2024-09-26 13:32:39.738,Curadobia,"Bom dia, Beatriz! Tudo bem? Obrigada por ter entrado em contato conosco! Vamos entrar em contato com você pelo nosso WhatsApp oficial.",instagram_zip,inbox/beatrizkesselringpsicanalista_1505429257519625/message_1.json,time,2024-09-26,,False,pt,1.0,"Bom dia, Beatriz! Tudo bem? Obrigada por ter entrado em contato conosco! Vamos entrar em contato com você pelo nosso WhatsApp oficial.",beatriz bem entr conosc vam entr noss whatsapp ofic,9
2025-03-12 16:52:00.000,camilaalveslconsultoriadeestilo_1680276910034288,"ola camila, td bem?! segue aqui o link da blusa que você gostou. qualquer duvida estamos a disposição ok? ✨",instagram_csv,Consolidação das mensagens do INSTAGRAM.csv,time,2025-03-12,,False,pt,1.0,"ola camila, td bem?! segue aqui o link da blusa que você gostou. qualquer duvida estamos a disposição ok? ✨",ola camil td bem seg blus gost duvid dispos ok,10
2024-09-23 14:23:57.900,Curadobia,"Altura seria 1,78 Cintura 80 Quadril 100",instagram_zip,inbox/juliahauck_1530657911661886/message_1.json,time,2024-09-23,,False,ca,1.0,"Altura seria 1,78 Cintura 80 Quadril 100",,0
2024-07-19 18:43:28.932,Curadobia,"Olá, tudo bem sim e com você?",instagram_zip,inbox/tiagorodrigues_17961513431788437/message_1.json,time,2024-07-19,,False,pt,1.0,"Olá, tudo bem sim e com você?",bem,1
2025-02-19 14:48:00.000,cristinabrito_1608499703876811,qualquer dúvida sigo a disposição,instagram_csv,Consolidação das mensagens do INSTAGRAM.csv,time,2025-02-19,,False,pt,1.0,qualquer dúvida sigo a disposição,dúv dispos,2
2025-03-19 14:01:46.609,Curadobia,https://www.curadobia.com.br/my-basic/produto/a-camisa-branca,instagram_zip,inbox/silvanamarieltempestini_1562436645158780/message_1.json,time,2025-03-19,,False,und,0.0,https://www.curadobia.com.br/my-basic/produto/a-camisa-branca,http www br my basic produt camis branc,8
2024-10-24 13:13:57.922,Curadobia,"Com certeza, será um sucesso! Obrigada, Ana!💕",instagram_zip,inbox/analepsch_1529949501731576/message_1.json,time,2024-10-24,,False,pt,1.0,"Com certeza, será um sucesso! Obrigada, Ana!💕",cert ser sucess,3
2024-07-23 20:21:19.524,Curadobia,Qual seu e-mail?,instagram_zip,inbox/queensgate_17961981233788437/message_1.json,time,2024-07-23,,False,pt,1.0,Qual seu e-mail?,seu mail,2
2025-01-23 16:03:00.000,cristianerochalouresbrenner_1618482332882324,oi cristiane! foi confirmado seu pedido.,instagram_csv,Consolidação das mensagens do INSTAGRAM.csv,time,2025-01-23,,False,pt,1.0,oi cristiane! foi confirmado seu pedido.,cristian confirm seu ped,4
2024-10-11 20:39:06.911,Curadobia,"Ola Amanda, obrigada pelo contato e pedimos desculpas pela falha. Já estamos verificando o que houve para que consiga finalizar sua compra",instagram_zip,inbox/amandaoliveira_1472616584131311/message_1.json,time,2024-10-11,,False,pt,1.0,"Ola Amanda, obrigada pelo contato e pedimos desculpas pela falha. Já estamos verificando o que houve para que consiga finalizar sua compra",ola amand ped desculp falh verific houv consig final compr,10
2024-09-02 12:02:08.420,Curadobia,"Olá Kari, bom dia! Tudo bem?",instagram_zip,inbox/karikotake_1545434526851760/message_1.json,time,2024-09-02,,False,id,1.0,"Olá Kari, bom dia! Tudo bem?",,0
2024-12-09 13:52:08.560,Curadobia,"Qualquer coisa, seguimos à disposição!",instagram_zip,inbox/alessandrafaro_1540136927381425/message_1.json,time,2024-12-09,,False,pt,1.0,"Qualquer coisa, seguimos à disposição!",cois segu dispos,3
2024-10-18 18:59:49.217,Curadobia,Oi Ineia! Tudo bem? Segue o Valor do casaco que você se interessou,instagram_zip,inbox/ineiacunha_17973502382788437/message_1.json,time,2024-10-18,,False,pt,1.0,Oi Ineia! Tudo bem? Segue o Valor do casaco que você se interessou,ine bem seg val casac interess,6
2025-03-14 17:16:04.080,Curadobia,https://www.curadobia.com.br/nauanin/produto/calca-diferentona,instagram_zip,inbox/patriciadiasfernandes_1574554687269048/message_1.json,time,2025-03-14,,False,und,0.0,https://www.curadobia.com.br/nauanin/produto/calca-diferentona,http www br nauanin produt calc diferent,7
2024-10-15 14:10:04.533,Curadobia,https://www.curadobia.com.br/usuario/novo,instagram_zip,inbox/amandaoliveira_1472616584131311/message_1.json,time,2024-10-15,,False,und,0.0,https://www.curadobia.com.br/usuario/novo,http www br usuari nov,5
2025-04-25 13:25:39.550,Curadobia,https://www.curadobia.com.br/reptilia/produto/saia-levissima,instagram_zip,inbox/adrianacarlaramosmartino_1642176510517548/message_1.json,time,2025-04-25,,False,und,0.0,https://www.curadobia.com.br/reptilia/produto/saia-levissima,http www br reptil produt sai leviss,7
2024-10-18 15:43:00.000,martahelenaolegario_1528625275199043,segue o link da jaqueta: https://www.curadobia.com.br/nauanin/produto/jaqueta-bacanuda,instagram_csv,Consolidação das mensagens do INSTAGRAM.csv,time,2024-10-18,,False,pt,1.0,segue o link da jaqueta: https://www.curadobia.com.br/nauanin/produto/jaqueta-bacanuda,seg jaquet http www br nauanin produt jaquet bacanud,9
2025-03-10 18:38:00.000,laiscardosoperetto_1642377720491593,qualquer duvida nos avise ok?,instagram_csv,Consolidação das mensagens do INSTAGRAM.csv,time,2025-03-10,,False,pt,1.0,qualquer duvida nos avise ok?,duvid avis ok,3
2025-04-25 10:24:00.000,adrianacarlaramosmartino_1642176510517548,"venho com boas notícias, o conjunto que você se interessou acabou de subir no site com pouquíssimas unidades!",instagram_csv,Consolidação das mensagens do INSTAGRAM.csv,time,2025-04-25,,False,pt,1.0,"venho com boas notícias, o conjunto que você se interessou acabou de subir no site com pouquíssimas unidades!",venh boa notíc conjunt interess acab sub pouqu unidad,9
2024-07-19 17:08:00.000,tiagorodrigues_17961513431788437,igualmente!,instagram_csv,Consolidação das mensagens do INSTAGRAM.csv,time,2024-07-19,,False,it,1.0,igualmente!,,0
2024-10-15 09:17:00.000,vansouza_1536417384419543,"inclusive, muito obrigada pela solicitação, pois em função dela estamos criando esse mês um destaque aqui no insta trazendo e salvando vídeos mostrando essa é mais outras peças que podem gerar dúvidas",instagram_csv,Consolidação das mensagens do INSTAGRAM.csv,time,2024-10-15,,False,pt,1.0,"inclusive, muito obrigada pela solicitação, pois em função dela estamos criando esse mês um destaque aqui no insta trazendo e salvando vídeos mostrando essa é mais outras peças que podem gerar dúvidas",inclusiv muit solicit poi funç cri mê destaqu inst traz salv víde mostr outr peç pod ger dúv,18
2025-05-05 16:40:00.000,anelisacavalcantesoares_1554428265945243,"qualquer coisa, sigo aqui",instagram_csv,Consolidação das mensagens do INSTAGRAM.csv,time,2025-05-05,,False,ca,1.0,"qualquer coisa, sigo aqui",,0
2025-04-04 10:57:00.000,drarenatacavalheirooftalmologista_17994685604788437,"olá renata!! bom dia, que bom receber mensagem tua! me chamo ana e faço parte do time curadobia. nesse lindo look da bia nós temos somente a blusa disponível no curadobia ☺️",instagram_csv,Consolidação das mensagens do INSTAGRAM.csv,time,2025-04-04,,False,pt,1.0,"olá renata!! bom dia, que bom receber mensagem tua! me chamo ana e faço parte do time curadobia. nesse lindo look da bia nós temos somente a blusa disponível no curadobia ☺️",renat receb tua ch faç part tim ness lind look tem soment blus dispon,14
2024-10-23 14:27:06.554,Curadobia,"Perfeito Glória, já colocamos aqui na nossa lista e vamos te informar quando estiver mais próximo da data!",instagram_zip,inbox/glorianuccicamilo_1473008980754026/message_1.json,time,2024-10-23,,False,pt,1.0,"Perfeito Glória, já colocamos aqui na nossa lista e vamos te informar quando estiver mais próximo da data!",perfeit glór coloc noss list vam te inform estiv próx dat,11
2024-08-20 16:51:01.260,Curadobia,Ahhh entendi… muito obrigada 😊,instagram_zip,inbox/veraafonso_1480388266695788/message_1.json,time,2024-08-20,,False,pt,1.0,Ahhh entendi… muito obrigada 😊,ahhh entend muit,3
2025-03-31 10:17:00.000,jaci_1696069965123865,oie! @curadobia.oficial 😉,instagram_csv,Consolidação das mensagens do INSTAGRAM.csv,time,2025-03-31,,False,ro,1.0,oie! @curadobia.oficial 😉,,0
2024-10-23 13:26:00.000,analepsch_1529949501731576,"olá, ana! boa tarde! tudo bem? estamos entrando em contato porque identificamos que há um tempo você demonstrou interesse nos sapatos da bia, que apareceram em um dos nossos reels! agora eles estão disponíveis no site do curadobia! 😍😍 segue o link: https://www.curadobia.com.br/produtos/buscar?search=paula+ferber obrigada por nos acompanhar, ana! qualquer dúvida, estamos à disposição! equipe curadobia 💕",instagram_csv,Consolidação das mensagens do INSTAGRAM.csv,time,2024-10-23,,False,pt,1.0,"olá, ana! boa tarde! tudo bem? estamos entrando em contato porque identificamos que há um tempo você demonstrou interesse nos sapatos da bia, que apareceram em um dos nossos reels! agora eles estão disponíveis no site do curadobia! 😍😍 segue o link: https://www.curadobia.com.br/produtos/buscar?search=paula+ferber obrigada por nos acompanhar, ana! qualquer dúvida, estamos à disposição! equipe curadobia 💕",bem entr identific há temp demonstr inter sapat aparec noss reel agor dispon seg http www br produt busc search paul ferb acompanh dúv dispos,25
2024-08-08 12:26:09.363,Curadobia,Imagina!,instagram_zip,inbox/danycavalcanti_1481723446558270/message_1.json,time,2024-08-08,,False,tl,1.0,Imagina!,,0
2025-05-19 14:24:34.886,Curadobia,"Olá, bom dia! tudo bem? vocês tem um pdf com o portifolio de produtos que trabalham",instagram_zip,inbox/ecruembalagens_17998971182788437/message_1.json,time,2025-05-19,,False,pt,1.0,"Olá, bom dia! tudo bem? vocês tem um pdf com o portifolio de produtos que trabalham",bem pdf portifoli produt trabalh,5
2024-07-23 18:28:33.674,Curadobia,"Claro, vamos conversar sim. O que acha de fazermos uma reunião on-line?",instagram_zip,inbox/queensgate_17961981233788437/message_1.json,time,2024-07-23,,False,pt,1.0,"Claro, vamos conversar sim. O que acha de fazermos uma reunião on-line?",clar vam convers ach faz reun on lin,8
2024-07-23 18:28:45.333,Curadobia,Segunda na parte da tarde você teria disponibilidade?,instagram_zip,inbox/queensgate_17961981233788437/message_1.json,time,2024-07-23,,False,pt,1.0,Segunda na parte da tarde você teria disponibilidade?,segund part ter disponibil,4
2025-03-06 11:15:00.000,suzaneemmerich_1634647511263711,solicitamos a reposição para a paula ferber. logo mais te atualizaremos sobre o estoque 🥰,instagram_csv,Consolidação das mensagens do INSTAGRAM.csv,time,2025-03-06,,False,pt,1.0,solicitamos a reposição para a paula ferber. logo mais te atualizaremos sobre o estoque 🥰,solicit repos paul ferb te atualiz estoqu,7
2025-03-27 13:33:15.470,Curadobia,"Bom dia, Julienne? O que achou da nossa seleção?",instagram_zip,inbox/juliennebini_1644010466992670/message_1.json,time,2025-03-27,,False,pt,1.0,"Bom dia, Julienne? O que achou da nossa seleção?",julienn ach noss seleç,4
2025-05-19 13:24:59.299,Curadobia,+55 11 97231-7025,instagram_zip,inbox/danuza_1689401262458058/message_1.json,time,2025-05-19,,False,und,0.0,+55 11 97231-7025,,0
2025-04-08 11:16:00.000,studiodebeleza_1670067261055653,"oi, clau! tudo bem? bom dia. aqui é a ana da equipe do curadobia. vimos que você se interessou pelo macacão no video da bia mas na época ele ainda estava em lançamento. boa notícia, agora está disponível!😍 segue o link abaixo para que você possa dar uma olhada:",instagram_csv,Consolidação das mensagens do INSTAGRAM.csv,time,2025-04-08,,False,pt,1.0,"oi, clau! tudo bem? bom dia. aqui é a ana da equipe do curadobia. vimos que você se interessou pelo macacão no video da bia mas na época ele ainda estava em lançamento. boa notícia, agora está disponível!😍 segue o link abaixo para que você possa dar uma olhada:",clau bem vim interess macacã époc aind est lanç notíc agor dispon seg abaix poss dar olh,17
2025-01-15 18:18:49.444,Curadobia,"Boa Tarde, Pamela! Deu tudo certo com a sua experiência no site? Se precisar, estamos aqui!",instagram_zip,inbox/pamelavaiano_1669719177758582/message_1.json,time,2025-01-15,,False,pt,1.0,"Boa Tarde, Pamela! Deu tudo certo com a sua experiência no site? Se precisar, estamos aqui!",pamel deu cert experi precis,5
2024-11-11 18:37:41.863,Curadobia,"Sheila, essa foi a tabela passada para nós pela marca, estamos em contato com eles para ter exatamente a medida do quadril, inclusive, obrigada pela pergunta, pois com ela vamos atualizar o nosso site. Mas podemos te adiantar que ele tem uma estrutura folgada no quadril, então acreditamos que ele vai dar certo para ti no tamanho 42. Para te passar outra base, nas fotos do produto no nosso site, a Bia está vestindo o tamanho 38.",instagram_zip,inbox/sheilacourte_1562904038438275/message_1.json,time,2024-11-11,,False,pt,1.0,"Sheila, essa foi a tabela passada para nós pela marca, estamos em contato com eles para ter exatamente a medida do quadril, inclusive, obrigada pela pergunta, pois com ela vamos atualizar o nosso site. Mas podemos te adiantar que ele tem uma estrutura folgada no quadril, então acreditamos que ele vai dar certo para ti no tamanho 42. Para te passar outra base, nas fotos do produto no nosso site, a Bia está vestindo o tamanho 38.",sheil tabel pass marc exat med quadril inclusiv pergunt poi vam atual noss pod te adiant estrut folg quadril acredit vai dar cert ti tamanh te pass outr bas fot produt noss vest tamanh,34
2025-04-04 10:58:00.000,drarenatacavalheirooftalmologista_17994685604788437,https://www.curadobia.com.br/d-aura/produto/calca-tech-d-aura,instagram_csv,Consolidação das mensagens do INSTAGRAM.csv,time,2025-04-04,,False,und,0.0,https://www.curadobia.com.br/d-aura/produto/calca-tech-d-aura,http www br aur produt calc tech aur,8
2025-01-27 14:52:44.062,Curadobia,"Oi Talita! Muito bom receber sua mensagem. Agradecemos demais o contato e que bacana vocês terem pensado na gente, porém nesse momento nós não estamos trabalhando com produção. De qualquer forma salvamos o teu contato para futuras oportunidades! Atenciosamente, Equipe Curadobia💕",instagram_zip,inbox/talitasanches_1471269797594181/message_1.json,time,2025-01-27,,False,pt,1.0,"Oi Talita! Muito bom receber sua mensagem. Agradecemos demais o contato e que bacana vocês terem pensado na gente, porém nesse momento nós não estamos trabalhando com produção. De qualquer forma salvamos o teu contato para futuras oportunidades! Atenciosamente, Equipe Curadobia💕",talit muit receb agradec demal bacan ter pens gent porém ness moment trabalh produç form salv teu futur oportun atencios,20
2024-09-22 19:47:00.000,vansouza_1536417384419543,"ola van, td bem? farei um video para vc",instagram_csv,Consolidação das mensagens do INSTAGRAM.csv,time,2024-09-22,,False,pt,1.0,"ola van, td bem? farei um video para vc",ola van td bem far,5
2025-02-11 14:34:25.410,Curadobia,Oie! Bom dia? Tudo bem? Obrigada pela sua mensagem! Entramos em contato com a marca D-aura que produz a saia e eles nos informaram que em 10 dias irão receber novos estoques da nossa SAIA ÚNICA,instagram_zip,inbox/akarinnesantos_1445923513458484/message_1.json,time,2025-02-11,,False,pt,1.0,Oie! Bom dia? Tudo bem? Obrigada pela sua mensagem! Entramos em contato com a marca D-aura que produz a saia e eles nos informaram que em 10 dias irão receber novos estoques da nossa SAIA ÚNICA,oie bem entr marc aur produz sai inform dia irã receb nov estoqu noss sai únic,16
2024-07-29 16:31:00.000,stellabastos_1459454448789012,"stella, depois peço apenas que compartilhe seu número de telefone que aí fica mais fácil nossa comunicação",instagram_csv,Consolidação das mensagens do INSTAGRAM.csv,time,2024-07-29,,False,pt,1.0,"stella, depois peço apenas que compartilhe seu número de telefone que aí fica mais fácil nossa comunicação",stell depois peç apen compartilh seu númer telefon aí fic fácil noss comunic,13
2025-03-24 11:22:00.000,alessandracc_1591478398910903,"mas pode ficar tranquila que assim que lançarmos a terceira peça que você gostou vou te mandar por aqui, tudo bem? não deixe de garantir suas peças da lounge a tempo💖",instagram_csv,Consolidação das mensagens do INSTAGRAM.csv,time,2025-03-24,,False,pt,1.0,"mas pode ficar tranquila que assim que lançarmos a terceira peça que você gostou vou te mandar por aqui, tudo bem? não deixe de garantir suas peças da lounge a tempo💖",pod fic tranquil assim lanç terc peç gost te mand bem deix garant peç loung temp,16
2024-10-03 10:51:00.000,karynacarvalhoaires_1535575451171487,"karyna, bom dia! tudo bem? desculpe a demora para o esclarecimento da dúvida! como somos um marketolace, trabalhamos com marcas únicas e diferentes. como cada uma tem a sua produção, optamos por entrar em contato com a marca parceira da calça ontem para confirmar sua dúvida e te responder da melhor maneira possível! a marca nos confirmou que as medidas do tamanho 1 estão corretas com a cintura e o quadril com a mesma medida mesmo. isso ocorre pois como é uma peça produzida com elástico na cintura, ele acaba ficando na mesma medida do quadril se adequando ao formato do corpo que a usa. a única correção que já aproveitamos para fazer que a marca também nos informou foi que o tamanho 3 fa calça também deveria estar com a mesma medida na cintura e no quadril (110cm) pelo mesmo motivo. já vamos corrigir isso no site! qualquer outra questão estamos à disposição, karyna! 💕",instagram_csv,Consolidação das mensagens do INSTAGRAM.csv,time,2024-10-03,,False,pt,1.0,"karyna, bom dia! tudo bem? desculpe a demora para o esclarecimento da dúvida! como somos um marketolace, trabalhamos com marcas únicas e diferentes. como cada uma tem a sua produção, optamos por entrar em contato com a marca parceira da calça ontem para confirmar sua dúvida e te responder da melhor maneira possível! a marca nos confirmou que as medidas do tamanho 1 estão corretas com a cintura e o quadril com a mesma medida mesmo. isso ocorre pois como é uma peça produzida com elástico na cintura, ele acaba ficando na mesma medida do quadril se adequando ao formato do corpo que a usa. a única correção que já aproveitamos para fazer que a marca também nos informou foi que o tamanho 3 fa calça também deveria estar com a mesma medida na cintura e no quadril (110cm) pelo mesmo motivo. já vamos corrigir isso no site! qualquer outra questão estamos à disposição, karyna! 💕",karyn bem desculp dem esclarec dúv som marketolac trabalh marc únic difer cad produç opt entr marc parc calç ont confirm dúv te respond melhor man possível marc confirm med tamanh corret cint quadril mesm med mesm ocorr poi peç produz elás cint acab fic mesm med quadril adequ format corp usa únic correç aproveit marc inform tamanh fa calç dev est mesm med cint quadril mesm motiv vam corrig outr quest dispos karyn,74
2024-07-29 18:37:25.935,Curadobia,"Daniela, depois me passa seu número de telefone que aí seguimos a comunicação por lá e pelo e-mail",instagram_zip,inbox/queensgate_17961981233788437/message_1.json,time,2024-07-29,,False,pt,1.0,"Daniela, depois me passa seu número de telefone que aí seguimos a comunicação por lá e pelo e-mail",daniel depois pass seu númer telefon aí segu comunic mail,10
2024-08-28 08:50:00.000,danycavalcanti_1481723446558270,perfeito. estamos entrando em contato com a marca e já lhe posicionamos. tivemos alguns problemas com pedidos em função da greve dos correios e isso pode estar atrelado,instagram_csv,Consolidação das mensagens do INSTAGRAM.csv,time,2024-08-28,,False,pt,1.0,perfeito. estamos entrando em contato com a marca e já lhe posicionamos. tivemos alguns problemas com pedidos em função da greve dos correios e isso pode estar atrelado,perfeit entr marc lhe posicion tiv algum problem ped funç grev correi pod est atrel,15
2025-01-20 18:42:36.730,Curadobia,"Olá pessoal, como vão? Meu nome é Ana e trabalho junto com a Bia Paes de Barros no CURADOBIA.COM.BR O Curadobia é um marketplace que nasceu com o propósito de reunir em um só lugar peças que fazem toda a diferença no armário e ao mesmo tempo são fáceis de usar: os chamados neutros com tcharanz. Acreditamos que a PROJETO ZERO UM super se conecta com essa proposta. Com quem poderia conversar para falar mais sobre? Aguardo vocês!",instagram_zip,inbox/projetozeroum_1630341761696320/message_1.json,time,2025-01-20,,False,pt,1.0,"Olá pessoal, como vão? Meu nome é Ana e trabalho junto com a Bia Paes de Barros no CURADOBIA.COM.BR O Curadobia é um marketplace que nasceu com o propósito de reunir em um só lugar peças que fazem toda a diferença no armário e ao mesmo tempo são fáceis de usar: os chamados neutros com tcharanz. Acreditamos que a PROJETO ZERO UM super se conecta com essa proposta. Com quem poderia conversar para falar mais sobre? Aguardo vocês!",pessoal vão br marketplac nasc propósit reun só lug peç faz tod diferenç armári mesm temp são fácel us cham neutr tcharanz acredit projet zer sup conect propost qu pod convers fal aguard,33
2024-12-01 10:41:00.000,bibshoffmann_1609359433796383,dia 3/12 das 12hs as 20hs,instagram_csv,Consolidação das mensagens do INSTAGRAM.csv,time,2024-12-01,,False,pt,1.0,dia 3/12 das 12hs as 20hs,,0
2024-10-18 19:44:00.000,alessandrafaro_1540136927381425,adoramos ela!,instagram_csv,Consolidação das mensagens do INSTAGRAM.csv,time,2024-10-18,,False,es,1.0,adoramos ela!,,0
2025-05-19 10:27:00.000,marispoladorconsultoradeimagemeestilo_1674962710572265,https://www.curadobia.com.br/nauanin/produto/calca-relax,instagram_csv,Consolidação das mensagens do INSTAGRAM.csv,time,2025-05-19,,False,und,0.0,https://www.curadobia.com.br/nauanin/produto/calca-relax,http www br nauanin produt calc relax,7
2025-01-21 14:30:35.909,Curadobia,"Olá! Como vão? Muito prazer, meu nome é Ana e trabalho aqui no Curadobia. Não sei se recordam, porém conversamos no primeiro semestre do ano passado (2024) sobre esse projeto da Bia Paes de Barros. Desde lá, evoluímos bastante e estamos concretizados como um marketplace em potencial crescimento. Queremos compartilhar com vocês nosso site para darem uma olhada CURADOBIA.COM.BR Ainda temos a Tempo em foco! O que acham de retomarmos contato? Aguardo vocês!",instagram_zip,inbox/tempo_17985935972788437/message_1.json,time,2025-01-21,,False,pt,1.0,"Olá! Como vão? Muito prazer, meu nome é Ana e trabalho aqui no Curadobia. Não sei se recordam, porém conversamos no primeiro semestre do ano passado (2024) sobre esse projeto da Bia Paes de Barros. Desde lá, evoluímos bastante e estamos concretizados como um marketplace em potencial crescimento. Queremos compartilhar com vocês nosso site para darem uma olhada CURADOBIA.COM.BR Ainda temos a Tempo em foco! O que acham de retomarmos contato? Aguardo vocês!",vão muit praz sei record porém convers prim semestr ano pass projet desd evoluím bast concre marketplac potenc cresc quer compartilh noss dar olh br aind tem temp foc ach retom aguard,32
2025-05-05 16:40:00.000,anelisacavalcantesoares_1554428265945243,"anelisa, acabamos de confirmar seu pedido com a marca! tudo certo, ele já está para a produção",instagram_csv,Consolidação das mensagens do INSTAGRAM.csv,time,2025-05-05,,False,pt,1.0,"anelisa, acabamos de confirmar seu pedido com a marca! tudo certo, ele já está para a produção",anelis acab confirm seu ped marc cert produç,8
2024-09-26 14:34:45.834,Curadobia,Qualquer duvida pode também nos conectar pelo WhatsApp 😉,instagram_zip,inbox/mariellacarvalhoaires_1486724989389057/message_1.json,time,2024-09-26,,False,pt,1.0,Qualquer duvida pode também nos conectar pelo WhatsApp 😉,duvid pod conect whatsapp,4
2024-10-23 16:34:00.000,driguilhermino_1551938026204835,"que pena, dri! entendemos! espero que outras peças no site te encontrem💕 estamos aqui qualquer coisa! obrigada pela mensagem!",instagram_csv,Consolidação das mensagens do INSTAGRAM.csv,time,2024-10-23,,False,pt,1.0,"que pena, dri! entendemos! espero que outras peças no site te encontrem💕 estamos aqui qualquer coisa! obrigada pela mensagem!",pen dri entend esper outr peç te encontr cois,9
2025-05-10 14:24:49.419,Curadobia,"Olá Priscila, td bem e vc? Acabamos de fazer alguns testes e esta funcionando normalmente. Poderia testar novamente para ver se da certo?",instagram_zip,inbox/priscillaburity_1551156166270890/message_1.json,time,2025-05-10,,False,pt,1.0,"Olá Priscila, td bem e vc? Acabamos de fazer alguns testes e esta funcionando normalmente. Poderia testar novamente para ver se da certo?",priscil td bem acab algum test funcion norm pod test nov ver cert,13
2025-05-10 10:26:00.000,emilly_17998681088788437,https://www.curadobia.com.br/lounge-39/produto/blusa-pah,instagram_csv,Consolidação das mensagens do INSTAGRAM.csv,time,2025-05-10,,False,und,0.0,https://www.curadobia.com.br/lounge-39/produto/blusa-pah,http www br loung produt blus pah,7
2024-11-11 13:11:21.755,Curadobia,"Olá, Heloisa! Bom dia, tudo bem? Que bom que você gostou das peças da Bia! Vou te mandar os links das peças que você informou para que possa visualizar com mais calma e clareza todas as peças. Qualquer outra duvida ou questão, estamos à disposição! Equipe Curadobia 💕",instagram_zip,inbox/heloisathomedevasconcellos_1522573379134640/message_1.json,time,2024-11-11,,False,pt,1.0,"Olá, Heloisa! Bom dia, tudo bem? Que bom que você gostou das peças da Bia! Vou te mandar os links das peças que você informou para que possa visualizar com mais calma e clareza todas as peças. Qualquer outra duvida ou questão, estamos à disposição! Equipe Curadobia 💕",helois bem gost peç te mand link peç inform poss visual calm clar tod peç outr duvid quest dispos,19
2024-10-18 22:45:57.913,Curadobia,Para adquirir essa peça basta clicar no link da jaqueta e finalizar a compra pelo site: https://www.curadobia.com.br/nauanin/produto/jaqueta-bacanuda,instagram_zip,inbox/marileneludwig_1499274198130230/message_1.json,time,2024-10-18,,False,pt,1.0,Para adquirir essa peça basta clicar no link da jaqueta e finalizar a compra pelo site: https://www.curadobia.com.br/nauanin/produto/jaqueta-bacanuda,adquir peç bast clic jaquet final compr http www br nauanin produt jaquet bacanud,14
2024-09-04 17:55:00.000,julianacardoso_1540901883968951,"olá juliana, boa tarde! tudo bem?",instagram_csv,Consolidação das mensagens do INSTAGRAM.csv,time,2024-09-04,,False,pt,1.0,"olá juliana, boa tarde! tudo bem?",juli bem,2
2024-07-19 15:43:00.000,gabrielacamposcostabarbosa_1468528951212895,"pedimos desculpas pelo ocorrido e pode ter certeza que isso servirá para aprimorarmos nosso atendimento e não deixar que situações como essa ocorram novamente. agradeço sua compreensão e nos disponibilizamos para auxiliar da melhor forma possível. sobre ter ficado um pouco grande o body, nos informe se desejar efetuar troca, que já posso agilizar junto a marca essa solicitação",instagram_csv,Consolidação das mensagens do INSTAGRAM.csv,time,2024-07-19,,False,pt,1.0,"pedimos desculpas pelo ocorrido e pode ter certeza que isso servirá para aprimorarmos nosso atendimento e não deixar que situações como essa ocorram novamente. agradeço sua compreensão e nos disponibilizamos para auxiliar da melhor forma possível. sobre ter ficado um pouco grande o body, nos informe se desejar efetuar troca, que já posso agilizar junto a marca essa solicitação",ped desculp ocorr pod cert servir aprimor noss atend deix situ ocorr nov agradeç compreens disponibiliz auxili melhor form possível fic pouc grand body inform desej efetu troc poss agiliz marc solicit,32
2025-02-21 13:44:57.324,Curadobia,Logo mais te passo novas informações,instagram_zip,inbox/analepsch_1529949501731576/message_1.json,time,2025-02-21,,False,pt,1.0,Logo mais te passo novas informações,te pass nov inform,4
2025-05-06 19:04:32.671,Curadobia,"Obrigada pela presença, Silvia🤍",instagram_zip,inbox/silviapoppovic_1703967330996674/message_1.json,time,2025-05-06,,False,pt,1.0,"Obrigada pela presença, Silvia🤍",presenç silv,2
2024-10-11 16:12:00.000,juliahauck_1530657911661886,"oi, julia! tudo bem? essa é da egrey, mais antiga… estamos a poucos dias de lançar novos modelos de jeans de uma nova marca que entrará no curadobia! assim que lançarmos, te mandamos aqui😄",instagram_csv,Consolidação das mensagens do INSTAGRAM.csv,time,2024-10-11,,False,pt,1.0,"oi, julia! tudo bem? essa é da egrey, mais antiga… estamos a poucos dias de lançar novos modelos de jeans de uma nova marca que entrará no curadobia! assim que lançarmos, te mandamos aqui😄",jul bem egrey antig pouc dia lanç nov model je nov marc entr assim lanç te mand,17
2025-03-12 15:00:00.000,somimimi_1616993523032137,https://www.curadobia.com.br/d-aura/produto/macacao-muderno-preto,instagram_csv,Consolidação das mensagens do INSTAGRAM.csv,time,2025-03-12,,False,und,0.0,https://www.curadobia.com.br/d-aura/produto/macacao-muderno-preto,http www br aur produt macaca mudern pret,8
2025-02-19 17:48:32.342,Curadobia,qualquer dúvida sigo a disposição,instagram_zip,inbox/cristinabrito_1608499703876811/message_1.json,time,2025-02-19,,False,pt,1.0,qualquer dúvida sigo a disposição,dúv dispos,2
2024-08-02 22:23:59.973,Curadobia,"Bia, eu terminei de subir os produtos porém acho que está com um delay. Amanhã vou ver se terminou de atualizar. Na plataforma tá tudo certinho (4 categorias que criei) com todo produtos, descrição, vídeos, etc",instagram_zip,inbox/biapb_1487148742684349/message_1.json,time,2024-08-02,,False,pt,1.0,"Bia, eu terminei de subir os produtos porém acho que está com um delay. Amanhã vou ver se terminou de atualizar. Na plataforma tá tudo certinho (4 categorias que criei) com todo produtos, descrição, vídeos, etc",termin sub produt porém ach delay amanhã ver termin atual plataform tá cert categor cri tod produt descr víde etc,20
2024-08-18 16:32:41.597,Curadobia,Oie! Em breve trarei uma curadobia de bolsas por aqui tmb 😉,instagram_zip,inbox/cristinasantanamachadopiana_1513057286761108/message_1.json,time,2024-08-18,,False,pt,1.0,Oie! Em breve trarei uma curadobia de bolsas por aqui tmb 😉,oie brev tr bols tmb,5
2024-11-11 18:53:50.932,Curadobia,beleza! Qualquer coisa estamos aqui😉,instagram_zip,inbox/sheilacourte_1562904038438275/message_1.json,time,2024-11-11,,False,ca,1.0,beleza! Qualquer coisa estamos aqui😉,,0
2024-11-11 10:05:00.000,sheilacourte_1562904038438275,https://www.curadobia.com.br/olive-you/produto/macacao-cool-olive-you-u7xa,instagram_csv,Consolidação das mensagens do INSTAGRAM.csv,time,2024-11-11,,False,und,0.0,https://www.curadobia.com.br/olive-you/produto/macacao-cool-olive-you-u7xa,http www br oliv you produt macaca cool oliv you,10
2025-01-15 13:01:55.647,Curadobia,"Olá, Milene! Bom dia. Como vai? Claro, estamos aqui para ajudar, qual a sua dúvida?",instagram_zip,inbox/somimimi_1616993523032137/message_1.json,time,2025-01-15,,False,pt,1.0,"Olá, Milene! Bom dia. Como vai? Claro, estamos aqui para ajudar, qual a sua dúvida?",milen vai clar ajud dúv,5
2025-05-19 10:24:00.000,danuza_1689401262458058,+55 11 97231-7025,instagram_csv,Consolidação das mensagens do INSTAGRAM.csv,time,2025-05-19,,False,und,0.0,+55 11 97231-7025,,0
2024-10-23 16:26:23.929,Curadobia,"Olá, Ana! Boa tarde! Tudo bem? Estamos entrando em contato porque identificamos que há um tempo você demonstrou interesse nos sapatos da Bia, que apareceram em um dos nossos reels! Agora eles estão disponíveis no site do Curadobia! 😍😍 segue o link: https://www.curadobia.com.br/produtos/buscar?search=Paula+ferber Obrigada por nos acompanhar, Ana! Qualquer dúvida, estamos à disposição! Equipe Curadobia 💕",instagram_zip,inbox/analepsch_1529949501731576/message_1.json,time,2024-10-23,,False,pt,1.0,"Olá, Ana! Boa tarde! Tudo bem? Estamos entrando em contato porque identificamos que há um tempo você demonstrou interesse nos sapatos da Bia, que apareceram em um dos nossos reels! Agora eles estão disponíveis no site do Curadobia! 😍😍 segue o link: https://www.curadobia.com.br/produtos/buscar?search=Paula+ferber Obrigada por nos acompanhar, Ana! Qualquer dúvida, estamos à disposição! Equipe Curadobia 💕",bem entr identific há temp demonstr inter sapat aparec noss reel agor dispon seg http www br produt busc search paul ferb acompanh dúv dispos,25
2025-03-14 14:16:00.000,patriciadiasfernandes_1574554687269048,https://www.curadobia.com.br/d-aura/produto/calca-tech-d-aura,instagram_csv,Consolidação das mensagens do INSTAGRAM.csv,time,2025-03-14,,False,und,0.0,https://www.curadobia.com.br/d-aura/produto/calca-tech-d-aura,http www br aur produt calc tech aur,8
2024-10-23 12:47:00.000,katiavaccaro_1634617797930218,"olá, katia! tudo bem?",instagram_csv,Consolidação das mensagens do INSTAGRAM.csv,time,2024-10-23,,False,sk,1.0,"olá, katia! tudo bem?",,0
2024-08-08 09:32:00.000,danycavalcanti_1481723446558270,nós seguimos acompanhando todo o processo até sua finalização,instagram_csv,Consolidação das mensagens do INSTAGRAM.csv,time,2024-08-08,,False,pt,1.0,nós seguimos acompanhando todo o processo até sua finalização,segu acompanh tod process final,5
2025-05-07 10:52:00.000,ooi_1676154893785804,valor: 890,instagram_csv,Consolidação das mensagens do INSTAGRAM.csv,time,2025-05-07,,False,nl,1.0,valor: 890,,0
2024-12-03 21:44:48.890,Curadobia,Obrigada pelo prestígio! Foi incrível te atender e receber você de pertinho 🖤🤍,instagram_zip,inbox/barbarakatzmigliori_1568817854519418/message_1.json,time,2024-12-03,,False,pt,1.0,Obrigada pelo prestígio! Foi incrível te atender e receber você de pertinho 🖤🤍,prestígi incr te atend receb pert,6
2024-08-29 14:50:55.535,Curadobia,Dany vou pedir para você me informar qual o seu melhor e-mail para que a marca encaminhe as orientações,instagram_zip,inbox/danycavalcanti_1481723446558270/message_1.json,time,2024-08-29,,False,pt,1.0,Dany vou pedir para você me informar qual o seu melhor e-mail para que a marca encaminhe as orientações,dany ped inform seu melhor mail marc encaminh orient,9
2025-05-06 18:20:57.275,Curadobia,Obrigada pela presença ♥️♥️,instagram_zip,inbox/jenyfferfreire_1683892206337873/message_1.json,time,2025-05-06,,False,pt,1.0,Obrigada pela presença ♥️♥️,presenç,1
2024-09-04 20:56:37.655,Curadobia,Seu ddd qual seria?,instagram_zip,inbox/julianacardoso_1540901883968951/message_1.json,time,2024-09-04,,False,ca,1.0,Seu ddd qual seria?,,0
2025-02-19 15:02:00.000,fatimamodenese_1335639497889990,"fátima, te respondemos no whatsapp mas não recebemos seu retorno, está tudo bem? qualquer coisa sigo aqui à disposição💕",instagram_csv,Consolidação das mensagens do INSTAGRAM.csv,time,2025-02-19,,False,pt,1.0,"fátima, te respondemos no whatsapp mas não recebemos seu retorno, está tudo bem? qualquer coisa sigo aqui à disposição💕",fát te respond whatsapp receb seu retorn bem cois dispos,10
2024-09-06 12:58:00.000,amandaoliveira_1472616584131311,de nada!,instagram_csv,Consolidação das mensagens do INSTAGRAM.csv,time,2024-09-06,,False,pt,1.0,de nada!,nad,1
2024-10-20 14:22:48.782,Curadobia,https://www.curadobia.com.br/categorias/collab,instagram_zip,inbox/francic_1541909887202294/message_1.json,time,2024-10-20,,False,und,0.0,https://www.curadobia.com.br/categorias/collab,http www br categor collab,5
2025-05-19 10:26:00.000,marispoladorconsultoradeimagemeestilo_1674962710572265,https://www.curadobia.com.br/my-basic/produto/calca-diferentex,instagram_csv,Consolidação das mensagens do INSTAGRAM.csv,time,2025-05-19,,False,und,0.0,https://www.curadobia.com.br/my-basic/produto/calca-diferentex,http www br my basic produt calc diferentex,8
2025-01-11 15:39:00.000,pamelavaiano_1669719177758582,"ola pamela, td bem? obrigada pela mensagem. sentimos muito que esteja com esses problemas para conseguir efetuar as suas compras com a gente. de fato o sistema passou por algumas instabilidades. poderia nos dizer quais peças se interessou para tentarmos solucionar por aqui?",instagram_csv,Consolidação das mensagens do INSTAGRAM.csv,time,2025-01-11,,False,pt,1.0,"ola pamela, td bem? obrigada pela mensagem. sentimos muito que esteja com esses problemas para conseguir efetuar as suas compras com a gente. de fato o sistema passou por algumas instabilidades. poderia nos dizer quais peças se interessou para tentarmos solucionar por aqui?",ola pamel td bem sent muit estej ess problem consegu efetu compr gent fat sistem pass algum instabil pod diz qual peç interess tent soluc,25
2024-08-07 16:00:00.000,danycavalcanti_1481723446558270,estaremos atualizando no site para conter essa tabela que realmente estava faltando,instagram_csv,Consolidação das mensagens do INSTAGRAM.csv,time,2024-08-07,,False,pt,1.0,estaremos atualizando no site para conter essa tabela que realmente estava faltando,est atualiz cont tabel real est falt,7
2024-08-28 11:50:08.084,Curadobia,"Olá Dany, bom dia!",instagram_zip,inbox/danycavalcanti_1481723446558270/message_1.json,time,2024-08-28,,False,sk,1.0,"Olá Dany, bom dia!",,0
2024-08-04 19:48:00.000,vanildamarins_1386993822703811,"ola vanilda, segue os detalhes aqui",instagram_csv,Consolidação das mensagens do INSTAGRAM.csv,time,2024-08-04,,False,pt,1.0,"ola vanilda, segue os detalhes aqui",ola vanild seg detalh,4
2024-09-16 18:20:00.000,giselamation_1499999134727227,infelizmente nao atuo mais nessa area de consultoria pessoal,instagram_csv,Consolidação das mensagens do INSTAGRAM.csv,time,2024-09-16,,False,pt,1.0,infelizmente nao atuo mais nessa area de consultoria pessoal,infeliz nao atu ness are consult pessoal,7
2025-01-21 14:22:00.000,aaurora_1599151801479026,essa conta não pode receber sua mensagem porque não aceita novas solicitações de contato de todos.,instagram_csv,Consolidação das mensagens do INSTAGRAM.csv,time,2025-01-21,,False,pt,1.0,essa conta não pode receber sua mensagem porque não aceita novas solicitações de contato de todos.,cont pod receb aceit nov solicit tod,7
2025-05-07 12:41:56.989,Curadobia,"Olá Anna, tem sim tamanho 37",instagram_zip,inbox/17998336169788437/message_1.json,time,2025-05-07,,False,pt,1.0,"Olá Anna, tem sim tamanho 37",ann tamanh,2
2024-08-04 22:46:58.230,Curadobia,Claro! Pode trocar super,instagram_zip,inbox/marifleury_1341040303950108/message_1.json,time,2024-08-04,,False,es,1.0,Claro! Pode trocar super,,0
2024-08-05 20:22:08.187,Curadobia,"Claro envio sim, mas até para nós entendermos o que está ocorrendo com essa visualização. Você está acessando pelo celular? Que aí já direcionamos pra equipe técnica corrigir",instagram_zip,inbox/mariaangelicamonteiro_1478766313518715/message_1.json,time,2024-08-05,,False,pt,1.0,"Claro envio sim, mas até para nós entendermos o que está ocorrendo com essa visualização. Você está acessando pelo celular? Que aí já direcionamos pra equipe técnica corrigir",clar envi entend ocorr visual acess celul aí direcion técn corrig,11
2025-05-19 10:22:00.000,17998336169788437,"oi, anna! bom dia, tudo bem? nos desculpe a falta de resposta, vou te mandar mensagem via whatsapp para ficar melhor a nossa comunicação, tudo bem? mas pode ficar tranquila, pois realmente nosso atendimento funciona prioritariamente durante a semana e não vamos te deixar desamparada!",instagram_csv,Consolidação das mensagens do INSTAGRAM.csv,time,2025-05-19,,False,pt,1.0,"oi, anna! bom dia, tudo bem? nos desculpe a falta de resposta, vou te mandar mensagem via whatsapp para ficar melhor a nossa comunicação, tudo bem? mas pode ficar tranquila, pois realmente nosso atendimento funciona prioritariamente durante a semana e não vamos te deixar desamparada!",ann bem desculp falt respost te mand via whatsapp fic melhor noss comunic bem pod fic tranquil poi real noss atend func priorit dur seman vam te deix desampar,29
2025-05-19 10:27:00.000,marispoladorconsultoradeimagemeestilo_1674962710572265,https://www.curadobia.com.br/d-aura/produto/calca-facinha,instagram_csv,Consolidação das mensagens do INSTAGRAM.csv,time,2025-05-19,,False,und,0.0,https://www.curadobia.com.br/d-aura/produto/calca-facinha,http www br aur produt calc fac,7
2025-02-19 14:51:00.000,analepsch_1529949501731576,não se preocupe! vamos resolver essa questão😀 que bom que você identificou isso,instagram_csv,Consolidação das mensagens do INSTAGRAM.csv,time,2025-02-19,,False,pt,1.0,não se preocupe! vamos resolver essa questão😀 que bom que você identificou isso,preocup vam resolv quest identific,5
2025-01-22 15:38:00.000,aylla_1558609478863008,"olá pessoal, como vão? meu nome é ana e trabalho junto com a bia paes de barros no curadobia.com.br o curadobia é um marketplace que nasceu com o propósito de reunir em um só lugar peças que fazem toda a diferença no armário e ao mesmo tempo são fáceis de usar: os chamados neutros com tcharanz. acreditamos que a aylla super se conecta com essa proposta. com quem poderia conversar para falar mais sobre? aguardo vocês!",instagram_csv,Consolidação das mensagens do INSTAGRAM.csv,time,2025-01-22,,False,pt,1.0,"olá pessoal, como vão? meu nome é ana e trabalho junto com a bia paes de barros no curadobia.com.br o curadobia é um marketplace que nasceu com o propósito de reunir em um só lugar peças que fazem toda a diferença no armário e ao mesmo tempo são fáceis de usar: os chamados neutros com tcharanz. acreditamos que a aylla super se conecta com essa proposta. com quem poderia conversar para falar mais sobre? aguardo vocês!",pessoal vão br marketplac nasc propósit reun só lug peç faz tod diferenç armári mesm temp são fácel us cham neutr tcharanz acredit ayll sup conect propost qu pod convers fal aguard,32
2025-04-25 13:24:27.010,Curadobia,"Bom dia, Adriana! Como você está?",instagram_zip,inbox/adrianacarlaramosmartino_1642176510517548/message_1.json,time,2025-04-25,,False,pt,1.0,"Bom dia, Adriana! Como você está?",adri,1
2024-07-23 20:08:13.472,Curadobia,"Ah perfeito, 16h poderia ser?",instagram_zip,inbox/stellabastos_1459454448789012/message_1.json,time,2024-07-23,,False,pt,1.0,"Ah perfeito, 16h poderia ser?",ah perfeit pod ser,4
2025-03-10 18:40:00.000,laiscardosoperetto_1642377720491593,https://www.curadobia.com.br/nauanin/produto/regata-podrinha,instagram_csv,Consolidação das mensagens do INSTAGRAM.csv,time,2025-03-10,,False,und,0.0,https://www.curadobia.com.br/nauanin/produto/regata-podrinha,http www br nauanin produt regat podr,7
2025-03-24 11:19:00.000,alessandracc_1591478398910903,https://www.curadobia.com.br/lounge-39/produto/blusa-laco-lounge-39,instagram_csv,Consolidação das mensagens do INSTAGRAM.csv,time,2025-03-24,,False,und,0.0,https://www.curadobia.com.br/lounge-39/produto/blusa-laco-lounge-39,http www br loung produt blus lac loung,8
2025-03-27 10:33:00.000,juliennebini_1644010466992670,"bom dia, julienne! o que achou da nossa seleção? (edited)",instagram_csv,Consolidação das mensagens do INSTAGRAM.csv,time,2025-03-27,,False,pt,1.0,"bom dia, julienne! o que achou da nossa seleção? (edited)",julienn ach noss seleç edited,5
2024-10-23 16:01:31.368,Curadobia,"Olá, Andrea! Boa tarde! Tudo bem? Estamos entrando em contato porque identificamos que há um tempo você demonstrou interesse nas sandálias da Bia, que apareceram em um dos nossos reels! Agora eles estão disponíveis no site do Curadobia! 😍😍 segue o link: https://www.curadobia.com.br/produtos/buscar?search=Paula+ferber Obrigada por nos acompanhar, Andrea! Qualquer dúvida, estamos à disposição! Equipe Curadobia 💕",instagram_zip,inbox/andrealacerda_1566645174734418/message_1.json,time,2024-10-23,,False,pt,1.0,"Olá, Andrea! Boa tarde! Tudo bem? Estamos entrando em contato porque identificamos que há um tempo você demonstrou interesse nas sandálias da Bia, que apareceram em um dos nossos reels! Agora eles estão disponíveis no site do Curadobia! 😍😍 segue o link: https://www.curadobia.com.br/produtos/buscar?search=Paula+ferber Obrigada por nos acompanhar, Andrea! Qualquer dúvida, estamos à disposição! Equipe Curadobia 💕",andre bem entr identific há temp demonstr inter sandál aparec noss reel agor dispon seg http www br produt busc search paul ferb acompanh andre dúv dispos,27
2025-05-10 10:26:00.000,emilly_17998681088788437,"ola emily, td bem? segue aqui os detalhes da blusa que gostou. qualquer duvida estamos a disposição.",instagram_csv,Consolidação das mensagens do INSTAGRAM.csv,time,2025-05-10,,False,pt,1.0,"ola emily, td bem? segue aqui os detalhes da blusa que gostou. qualquer duvida estamos a disposição.",ola emily td bem seg detalh blus gost duvid dispos,10
2025-01-15 15:12:00.000,somimimi_1616993523032137,"entendi. esse modelo ele é oversized, ou seja, possui uma estrutura mais larga. você já chegou a usar modelos assim?🙂",instagram_csv,Consolidação das mensagens do INSTAGRAM.csv,time,2025-01-15,,False,pt,1.0,"entendi. esse modelo ele é oversized, ou seja, possui uma estrutura mais larga. você já chegou a usar modelos assim?🙂",entend model oversized sej possu estrut larg cheg us model assim,11
2025-04-08 11:16:00.000,studiodebeleza_1670067261055653,sigo aqui para o que você precisar!,instagram_csv,Consolidação das mensagens do INSTAGRAM.csv,time,2025-04-08,,False,pt,1.0,sigo aqui para o que você precisar!,precis,1
2025-03-28 15:13:00.000,bahia_1665583491503875,"a nossa calça diferentex está saindo por r$: 878,00",instagram_csv,Consolidação das mensagens do INSTAGRAM.csv,time,2025-03-28,,False,pt,1.0,"a nossa calça diferentex está saindo por r$: 878,00",noss calç diferentex saind,4
2025-05-07 11:07:00.000,17998336169788437,https://www.curadobia.com.br/paula-ferber/produto/gladiadora-organica-preto-cirre-paula-ferber,instagram_csv,Consolidação das mensagens do INSTAGRAM.csv,time,2025-05-07,,False,und,0.0,https://www.curadobia.com.br/paula-ferber/produto/gladiadora-organica-preto-cirre-paula-ferber,http www br paul ferb produt gladi organ pret cirr paul ferb,12
2025-02-27 20:36:08.660,Curadobia,Ficamos felizes que tenha curtido. Ela é muito especial mesmo. Segue aqui mais detalhes.,instagram_zip,inbox/adrianasoderi_1618411369552708/message_1.json,time,2025-02-27,,False,pt,1.0,Ficamos felizes que tenha curtido. Ela é muito especial mesmo. Segue aqui mais detalhes.,fic feliz tenh curt muit espec mesm seg detalh,9
2025-05-09 14:26:30.589,Curadobia,AM407406766BR,instagram_zip,inbox/17998336169788437/message_1.json,time,2025-05-09,,False,tr,1.0,AM407406766BR,,0
2025-04-01 15:12:00.000,liviafogaca_1578166493585832,"ola livia, td e vc? ficamos felizes que gostou dessa jaqueta. acredito que tenha sido um erro da lojinha do instagram. o valor correto r$ 755",instagram_csv,Consolidação das mensagens do INSTAGRAM.csv,time,2025-04-01,,False,pt,1.0,"ola livia, td e vc? ficamos felizes que gostou dessa jaqueta. acredito que tenha sido um erro da lojinha do instagram. o valor correto r$ 755",ola liv td fic feliz gost dess jaquet acredit tenh sid err loj val corret,15
2024-11-25 14:02:24.528,Curadobia,"Olá Alice, bom dia! Tudo bem? Aqui somos da parte de atendimento do Curadobia. Vou te pedir para encaminhar um e-mail para contato.curadobia@gmail.com",instagram_zip,inbox/monti_17856762546297917/message_1.json,time,2024-11-25,,False,pt,1.0,"Olá Alice, bom dia! Tudo bem? Aqui somos da parte de atendimento do Curadobia. Vou te pedir para encaminhar um e-mail para contato.curadobia@gmail.com",alic bem som part atend te ped encaminh mail gmail,10
2024-08-07 18:59:55.267,Curadobia,"Olá Dany! Boa tarde, tudo bem?",instagram_zip,inbox/danycavalcanti_1481723446558270/message_1.json,time,2024-08-07,,False,pt,1.0,"Olá Dany! Boa tarde, tudo bem?",dany bem,2
2024-11-25 11:03:00.000,marciaa_1475467990509494,"bom dia, marcia!! tudo bem? obrigada pela sua mensagem, ficamos muito felizes que gostou da nossa pantalona jeans 😍 infelizmente ela está esgotada no momento, mas assim que tivermos a reposição, te avisamos!",instagram_csv,Consolidação das mensagens do INSTAGRAM.csv,time,2024-11-25,,False,pt,1.0,"bom dia, marcia!! tudo bem? obrigada pela sua mensagem, ficamos muito felizes que gostou da nossa pantalona jeans 😍 infelizmente ela está esgotada no momento, mas assim que tivermos a reposição, te avisamos!",marc bem fic muit feliz gost noss pant je infeliz esgot moment assim tiv repos te avis,17
2025-01-20 11:26:00.000,argi_1127298588801425,"olá pessoal, como vão? meu nome é ana e trabalho junto com a bia paes de barros no curadobia.com.br o curadobia é um marketplace que nasceu com o propósito de reunir em um só lugar peças que fazem toda a diferença no armário e ao mesmo tempo são fáceis de usar: os chamados neutros com tcharanz. acreditamos que a argi super se conecta com essa proposta. com quem poderia conversar para falar mais sobre? aguardo vocês!",instagram_csv,Consolidação das mensagens do INSTAGRAM.csv,time,2025-01-20,,False,pt,1.0,"olá pessoal, como vão? meu nome é ana e trabalho junto com a bia paes de barros no curadobia.com.br o curadobia é um marketplace que nasceu com o propósito de reunir em um só lugar peças que fazem toda a diferença no armário e ao mesmo tempo são fáceis de usar: os chamados neutros com tcharanz. acreditamos que a argi super se conecta com essa proposta. com quem poderia conversar para falar mais sobre? aguardo vocês!",pessoal vão br marketplac nasc propósit reun só lug peç faz tod diferenç armári mesm temp são fácel us cham neutr tcharanz acredit arg sup conect propost qu pod convers fal aguard,32
2024-11-18 01:19:52.697,Curadobia,São bem bacanas as coisas dela mesmo! Super obrigada Joyce ✨,instagram_zip,inbox/joycepascowitch_1514729786585527/message_1.json,time,2024-11-18,,False,pt,1.0,São bem bacanas as coisas dela mesmo! Super obrigada Joyce ✨,são bem bacan cois mesm sup joyc,7
2025-04-02 10:49:00.000,lerparasermelhor_1752937509439991,você possui interesse em alguma peça em específico? sigo aqui para o que precisar,instagram_csv,Consolidação das mensagens do INSTAGRAM.csv,time,2025-04-02,,False,pt,1.0,você possui interesse em alguma peça em específico? sigo aqui para o que precisar,possu inter algum peç específ precis,6
2024-10-20 14:23:01.363,Curadobia,Aqui ou nas lojas da Paula Ferber,instagram_zip,inbox/francic_1541909887202294/message_1.json,time,2024-10-20,,False,pt,1.0,Aqui ou nas lojas da Paula Ferber,loj paul ferb,3
2025-01-20 18:38:59.880,Curadobia,"Olá pessoal, como vão? Meu nome é Ana e trabalho junto com a Bia Paes de Barros no CURADOBIA.COM.BR O Curadobia é um marketplace que nasceu com o propósito de reunir em um só lugar peças que fazem toda a diferença no armário e ao mesmo tempo são fáceis de usar: os chamados neutros com tcharanz. Acreditamos que a ROCIO CANVAS super se conecta com essa proposta. Com quem poderia conversar para falar mais sobre? Aguardo vocês!",instagram_zip,inbox/rociocanvas_1610195300376488/message_1.json,time,2025-01-20,,False,pt,1.0,"Olá pessoal, como vão? Meu nome é Ana e trabalho junto com a Bia Paes de Barros no CURADOBIA.COM.BR O Curadobia é um marketplace que nasceu com o propósito de reunir em um só lugar peças que fazem toda a diferença no armário e ao mesmo tempo são fáceis de usar: os chamados neutros com tcharanz. Acreditamos que a ROCIO CANVAS super se conecta com essa proposta. Com quem poderia conversar para falar mais sobre? Aguardo vocês!",pessoal vão br marketplac nasc propósit reun só lug peç faz tod diferenç armári mesm temp são fácel us cham neutr tcharanz acredit roci canv sup conect propost qu pod convers fal aguard,33
2025-05-09 14:26:49.087,Curadobia,Qualquer dúvida por favor nos avise. 😉,instagram_zip,inbox/17998336169788437/message_1.json,time,2025-05-09,,False,pt,1.0,Qualquer dúvida por favor nos avise. 😉,dúv favor avis,3
2025-01-24 11:52:00.000,cristianerochalouresbrenner_1618482332882324,"oi, cristiane, bom dia! obrigada pela sua mensagem. na verdade, todos os nossos pedidos são enviados o email de confirmação imediatamente, porém, realmente identificamos um erro no nosso sistema que os últimos pedidos não estão recebendo a confirmação. já estamos em contato com o nosso técnico para resolver. obrigada por ter nos informado!",instagram_csv,Consolidação das mensagens do INSTAGRAM.csv,time,2025-01-24,,False,pt,1.0,"oi, cristiane, bom dia! obrigada pela sua mensagem. na verdade, todos os nossos pedidos são enviados o email de confirmação imediatamente, porém, realmente identificamos um erro no nosso sistema que os últimos pedidos não estão recebendo a confirmação. já estamos em contato com o nosso técnico para resolver. obrigada por ter nos informado!",cristian verdad tod noss ped são envi email confirm imediat porém real identific err noss sistem últ ped receb confirm noss técn resolv inform,24
2024-10-23 12:54:00.000,patriciajuca_1450289356374514,"olá, pati! boa tarde! tudo bem? estamos entrando em contato porque identificamos que há um tempo você demonstrou interesse nas sandálias da bia, que apareceram em um dos nossos reels! agora eles estão disponíveis no site do curadobia! 😍😍 segue o link: https://www.curadobia.com.br/produtos/buscar?search=paula+ferber obrigada por nos acompanhar, patrícia! qualquer dúvida, estamos à disposição! equipe curadobia 💕",instagram_csv,Consolidação das mensagens do INSTAGRAM.csv,time,2024-10-23,,False,pt,1.0,"olá, pati! boa tarde! tudo bem? estamos entrando em contato porque identificamos que há um tempo você demonstrou interesse nas sandálias da bia, que apareceram em um dos nossos reels! agora eles estão disponíveis no site do curadobia! 😍😍 segue o link: https://www.curadobia.com.br/produtos/buscar?search=paula+ferber obrigada por nos acompanhar, patrícia! qualquer dúvida, estamos à disposição! equipe curadobia 💕",pat bem entr identific há temp demonstr inter sandál aparec noss reel agor dispon seg http www br produt busc search paul ferb acompanh patríc dúv dispos,27
2024-12-03 22:09:52.426,Curadobia,Obrigada pelo prestígio! 🤍🖤,instagram_zip,inbox/andreaazevedo_1463276795059670/message_1.json,time,2024-12-03,,False,pt,1.0,Obrigada pelo prestígio! 🤍🖤,prestígi,1
2025-03-19 14:01:35.187,Curadobia,"Oi Silvana, tudo bem? Bom dia. Quem fala com você é a Ana, do time Curadobia. Posso confirmar com você se seria essa camisa que te interessou? Segue:",instagram_zip,inbox/silvanamarieltempestini_1562436645158780/message_1.json,time,2025-03-19,,False,pt,1.0,"Oi Silvana, tudo bem? Bom dia. Quem fala com você é a Ana, do time Curadobia. Posso confirmar com você se seria essa camisa que te interessou? Segue:",silv bem qu fal tim poss confirm ser camis te interess seg,12
2024-11-25 11:03:00.000,marciaa_1475467990509494,vou te encaminhar o link: https://www.curadobia.com.br/yes-i-am-jeans/produto/a-pantalona-jeans,instagram_csv,Consolidação das mensagens do INSTAGRAM.csv,time,2024-11-25,,False,pt,1.0,vou te encaminhar o link: https://www.curadobia.com.br/yes-i-am-jeans/produto/a-pantalona-jeans,te encaminh http www br ye am je produt pant je,11
2025-04-04 13:58:28.047,Curadobia,https://www.curadobia.com.br/cecillia-echenique/produto/pantalona-pah-pre-venda,instagram_zip,inbox/drarenatacavalheirooftalmologista_17994685604788437/message_1.json,time,2025-04-04,,False,und,0.0,https://www.curadobia.com.br/cecillia-echenique/produto/pantalona-pah-pre-venda,http www br cecill echeniqu produt pant pah pre vend,10
2025-05-19 13:26:14.352,Curadobia,"Oi, Mari! Bom dia, tudo bem? Infelizmente essa calça não teremos mais reposição no Curadobia. Mas estamos com diversas novidades no site. Qualquer coisa sigo aqui para o que você precisar!",instagram_zip,inbox/marispoladorconsultoradeimagemeestilo_1674962710572265/message_1.json,time,2025-05-19,,False,pt,1.0,"Oi, Mari! Bom dia, tudo bem? Infelizmente essa calça não teremos mais reposição no Curadobia. Mas estamos com diversas novidades no site. Qualquer coisa sigo aqui para o que você precisar!",mar bem infeliz calç ter repos divers novidad cois precis,10
2024-10-31 19:48:24.613,Curadobia,"Olá, Tania! Identificamos o seu comentário interessada nos valores das sandálias da Bia! Segue o link para que você possa conferir com calma: https://www.curadobia.com.br/categorias/collab",instagram_zip,inbox/taniadecarvalho_1099324671584616/message_1.json,time,2024-10-31,,False,pt,1.0,"Olá, Tania! Identificamos o seu comentário interessada nos valores das sandálias da Bia! Segue o link para que você possa conferir com calma: https://www.curadobia.com.br/categorias/collab",tan identific seu coment interess val sandál seg poss confer calm http www br categor collab,16
2024-10-15 12:16:13.501,Curadobia,A Bia irá gravar o vídeo e te enviar,instagram_zip,inbox/vansouza_1536417384419543/message_1.json,time,2024-10-15,,False,pt,1.0,A Bia irá gravar o vídeo e te enviar,irá grav víde te envi,5
2024-12-03 18:43:00.000,rafaelanaufal_1579776610081869,obrigada pelo prestígio! foi incrível te ter de pertinho hoje🤍🖤,instagram_csv,Consolidação das mensagens do INSTAGRAM.csv,time,2024-12-03,,False,pt,1.0,obrigada pelo prestígio! foi incrível te ter de pertinho hoje🤍🖤,prestígi incr te pert,4
2024-09-02 12:02:16.701,Curadobia,Não temos cupom de desconto no momento,instagram_zip,inbox/karikotake_1545434526851760/message_1.json,time,2024-09-02,,False,pt,1.0,Não temos cupom de desconto no momento,tem cupom descont moment,4
2024-07-08 22:40:52.866,Curadobia,"Olá Emilia, boa noite! Tudo bem? Agradecemos demais o feedback e pode ter certeza que uma das preocupações que estamos tendo é seguir na busca por marcas que tragam opções e grades que representam o maior número de corpos possível. Sobre a tabela de medida, estamos buscando ajustar. Obrigada por nos informar e seguiremos aprimorando cada vez mais. Bjos!🌷",instagram_zip,inbox/emiliafreitas_1320876775966156/message_1.json,time,2024-07-08,,False,pt,1.0,"Olá Emilia, boa noite! Tudo bem? Agradecemos demais o feedback e pode ter certeza que uma das preocupações que estamos tendo é seguir na busca por marcas que tragam opções e grades que representam o maior número de corpos possível. Sobre a tabela de medida, estamos buscando ajustar. Obrigada por nos informar e seguiremos aprimorando cada vez mais. Bjos!🌷",emil bem agradec demal feedback pod cert preocup tend segu busc marc trag opç grad represent mai númer corp possível tabel med busc ajust inform segu aprimor cad vez bjo,30
2024-10-18 16:00:00.000,ineiacunha_17973502382788437,https://www.curadobia.com.br/nauanin/produto/casaco-resolvedor,instagram_csv,Consolidação das mensagens do INSTAGRAM.csv,time,2024-10-18,,False,und,0.0,https://www.curadobia.com.br/nauanin/produto/casaco-resolvedor,http www br nauanin produt casac resolv,7
2024-08-09 11:56:27.494,Curadobia,"Ahhh bom 😂. Entendi errado então, achei que estava na serra. Espero que abra o tempo e fiquei um lindo final de semana!",instagram_zip,inbox/marifleury_1341040303950108/message_1.json,time,2024-08-09,,False,pt,1.0,"Ahhh bom 😂. Entendi errado então, achei que estava na serra. Espero que abra o tempo e fiquei um lindo final de semana!",ahhh entend err ach est serr esper abr temp fiq lind final seman,13
2024-09-26 10:32:00.000,beatrizkesselringpsicanalista_1505429257519625,"bom dia, beatriz! tudo bem? obrigada por ter entrado em contato conosco! vamos entrar em contato com você pelo nosso whatsapp oficial.",instagram_csv,Consolidação das mensagens do INSTAGRAM.csv,time,2024-09-26,,False,pt,1.0,"bom dia, beatriz! tudo bem? obrigada por ter entrado em contato conosco! vamos entrar em contato com você pelo nosso whatsapp oficial.",beatriz bem entr conosc vam entr noss whatsapp ofic,9
2024-10-22 15:57:00.000,glorianuccicamilo_1473008980754026,"olá gloria, não temos, apenas vendas on-line no site www.curadobia.com.br",instagram_csv,Consolidação das mensagens do INSTAGRAM.csv,time,2024-10-22,,False,pt,1.0,"olá gloria, não temos, apenas vendas on-line no site www.curadobia.com.br",glor tem apen vend on lin www br,8
2025-04-10 11:37:00.000,annebotelho_1614893239903031,"independente disso, sigo aqui para o que você precisar!😊",instagram_csv,Consolidação das mensagens do INSTAGRAM.csv,time,2025-04-10,,False,pt,1.0,"independente disso, sigo aqui para o que você precisar!😊",independ diss precis,3
2024-09-06 11:52:25.705,Curadobia,"Olá Amanda, bom dia! Tudo bem?",instagram_zip,inbox/amandaoliveira_1472616584131311/message_1.json,time,2024-09-06,,False,pt,1.0,"Olá Amanda, bom dia! Tudo bem?",amand bem,2
2025-01-10 17:00:35.654,Curadobia,"Boa tarde, Fabiana! Como vai? Passando para avisar que as blusas acabaram de ser repostas no site/estoque.",instagram_zip,inbox/fabianasilva_1580074453387368/message_1.json,time,2025-01-10,,False,pt,1.0,"Boa tarde, Fabiana! Como vai? Passando para avisar que as blusas acabaram de ser repostas no site/estoque.",fabi vai pass avis blus acab ser repost estoqu,9
2024-09-06 08:52:00.000,amandaoliveira_1472616584131311,"olá amanda, bom dia! tudo bem?",instagram_csv,Consolidação das mensagens do INSTAGRAM.csv,time,2024-09-06,,False,pt,1.0,"olá amanda, bom dia! tudo bem?",amand bem,2
2025-03-06 12:32:00.000,elainelustosamadalozzo_1594009335323357,oie! tudo bem elaine? obrigada pela sua mensagem! você consegue nos confirmar suas medidas para que possamos verificar com mais precisão? 🙃,instagram_csv,Consolidação das mensagens do INSTAGRAM.csv,time,2025-03-06,,False,pt,1.0,oie! tudo bem elaine? obrigada pela sua mensagem! você consegue nos confirmar suas medidas para que possamos verificar com mais precisão? 🙃,oie bem elain conseg confirm med poss verific precis,9
2025-03-06 13:45:00.000,elainelustosamadalozzo_1594009335323357,"elaine, para o tamanho 42, nós indicamos o tamanho 3 da saia",instagram_csv,Consolidação das mensagens do INSTAGRAM.csv,time,2025-03-06,,False,pt,1.0,"elaine, para o tamanho 42, nós indicamos o tamanho 3 da saia",elain tamanh indic tamanh sai,5
2025-05-07 11:14:00.000,ooi_1676154893785804,https://www.curadobia.com.br/fernanda-yamamoto/produto/blusa-modernosa,instagram_csv,Consolidação das mensagens do INSTAGRAM.csv,time,2025-05-07,,False,und,0.0,https://www.curadobia.com.br/fernanda-yamamoto/produto/blusa-modernosa,http www br fernand yamamot produt blus modern,8
2025-04-25 10:24:00.000,adrianacarlaramosmartino_1642176510517548,"bom dia, adriana! como você está?",instagram_csv,Consolidação das mensagens do INSTAGRAM.csv,time,2025-04-25,,False,pt,1.0,"bom dia, adriana! como você está?",adri,1
2025-03-14 13:56:50.649,Curadobia,"Olá, bom dia! Infelizmente essa calça também saiu do nosso mix. Estamos com novos produtos e novas marcas entrando no Curadobia. Esperamos que goste. Qualquer coisa sigo aqui💕",instagram_zip,inbox/somimimi_1616993523032137/message_1.json,time,2025-03-14,,False,pt,1.0,"Olá, bom dia! Infelizmente essa calça também saiu do nosso mix. Estamos com novos produtos e novas marcas entrando no Curadobia. Esperamos que goste. Qualquer coisa sigo aqui💕",infeliz calç saiu noss mix nov produt nov marc entr esper gost cois,13
2024-08-08 09:26:00.000,danycavalcanti_1481723446558270,imagina!,instagram_csv,Consolidação das mensagens do INSTAGRAM.csv,time,2024-08-08,,False,tl,1.0,imagina!,,0
2024-11-01 13:37:06.621,Curadobia,"Ola Maria Luiza, td bem? Obrigada pelo seu interesse. A sandalia é feita de um material elástico que parece um neoprene. Para trazer conforto e se moldar nos pés. 😉",instagram_zip,inbox/marialuizasouzapintosoeiro_1553485026047136/message_1.json,time,2024-11-01,,False,pt,1.0,"Ola Maria Luiza, td bem? Obrigada pelo seu interesse. A sandalia é feita de um material elástico que parece um neoprene. Para trazer conforto e se moldar nos pés. 😉",ola mar luiz td bem seu inter sandal feit mater elás parec neopren traz confort mold pé,17
2024-11-14 10:20:00.000,sheilacourte_1562904038438275,"bom dia, sheila! tudo bem? você conseguiu ver direitinho os tamanhos? qualquer coisa estamos aqui!",instagram_csv,Consolidação das mensagens do INSTAGRAM.csv,time,2024-11-14,,False,pt,1.0,"bom dia, sheila! tudo bem? você conseguiu ver direitinho os tamanhos? qualquer coisa estamos aqui!",sheil bem consegu ver direit tamanh cois,7
2024-07-23 17:56:00.000,stellabastos_1459454448789012,ah show vou enviar o invite,instagram_csv,Consolidação das mensagens do INSTAGRAM.csv,time,2024-07-23,,False,en,1.0,ah show vou enviar o invite,,0
2025-01-13 12:05:00.000,pamelavaiano_1669719177758582,"qualquer coisa, seguimos aqui💕",instagram_csv,Consolidação das mensagens do INSTAGRAM.csv,time,2025-01-13,,False,ca,1.0,"qualquer coisa, seguimos aqui💕",,0
2024-10-22 19:31:00.000,andreamoraes_1490279695706989,um tiquinho por conta do bico fino mesmo,instagram_csv,Consolidação das mensagens do INSTAGRAM.csv,time,2024-10-22,,False,pt,1.0,um tiquinho por conta do bico fino mesmo,tiqu cont bic fin mesm,5
2025-02-21 15:08:37.959,Curadobia,Obrigada pelo interesse 💕 aguardamos vocês,instagram_zip,inbox/icon_1551426619583703/message_1.json,time,2025-02-21,,False,pt,1.0,Obrigada pelo interesse 💕 aguardamos vocês,inter aguard,2
2024-11-14 13:20:11.731,Curadobia,"Bom dia, Sheila! Tudo bem? Você conseguiu ver direitinho os tamanhos? Qualquer coisa estamos aqui!",instagram_zip,inbox/sheilacourte_1562904038438275/message_1.json,time,2024-11-14,,False,pt,1.0,"Bom dia, Sheila! Tudo bem? Você conseguiu ver direitinho os tamanhos? Qualquer coisa estamos aqui!",sheil bem consegu ver direit tamanh cois,7
2024-07-23 17:21:00.000,queensgate_17961981233788437,qual seu e-mail?,instagram_csv,Consolidação das mensagens do INSTAGRAM.csv,time,2024-07-23,,False,ca,1.0,qual seu e-mail?,,0
2025-01-22 15:08:57.512,Curadobia,"Karyna, estoque atualizado!😍",instagram_zip,inbox/karynacarvalhoaires_1535575451171487/message_1.json,time,2025-01-22,,False,pt,1.0,"Karyna, estoque atualizado!😍",karyn estoqu atual,3
2025-05-19 10:26:00.000,marispoladorconsultoradeimagemeestilo_1674962710572265,"oi, mari! bom dia, tudo bem? infelizmente essa calça não teremos mais reposição no curadobia. mas estamos com diversas novidades no site. qualquer coisa sigo aqui para o que você precisar!",instagram_csv,Consolidação das mensagens do INSTAGRAM.csv,time,2025-05-19,,False,pt,1.0,"oi, mari! bom dia, tudo bem? infelizmente essa calça não teremos mais reposição no curadobia. mas estamos com diversas novidades no site. qualquer coisa sigo aqui para o que você precisar!",mar bem infeliz calç ter repos divers novidad cois precis,10
2024-07-23 20:58:36.720,Curadobia,Enviado,instagram_zip,inbox/stellabastos_1459454448789012/message_1.json,time,2024-07-23,,False,es,1.0,Enviado,,0
2024-09-29 18:33:00.000,glaussikoutroularis_1473048937420859,https://www.curadobia.com.br/categorias/acessorio,instagram_csv,Consolidação das mensagens do INSTAGRAM.csv,time,2024-09-29,,False,und,0.0,https://www.curadobia.com.br/categorias/acessorio,http www br categor acessori,5
2024-12-03 18:45:00.000,camimorata_1506090607450236,obrigada pelo prestígio! foi incrível te ter de pertinho hoje🤍🖤,instagram_csv,Consolidação das mensagens do INSTAGRAM.csv,time,2024-12-03,,False,pt,1.0,obrigada pelo prestígio! foi incrível te ter de pertinho hoje🤍🖤,prestígi incr te pert,4
2025-03-14 17:16:47.468,Curadobia,"Qualquer coisa, meu nome é Ana e sigo aqui para o que você precisar!💕",instagram_zip,inbox/patriciadiasfernandes_1574554687269048/message_1.json,time,2025-03-14,,False,pt,1.0,"Qualquer coisa, meu nome é Ana e sigo aqui para o que você precisar!💕",cois precis,2
2024-09-06 15:58:18.936,Curadobia,De nada!,instagram_zip,inbox/amandaoliveira_1472616584131311/message_1.json,time,2024-09-06,,False,so,1.0,De nada!,,0
2025-01-09 18:43:09.583,Curadobia,"Olá, Fabiana! Obrigada pela sua mensagem e carinho conosco! Alguns de nossos parceiros ainda estão organizando a volta dos estoques pós recesso de final e inicio de ano. Entramos em contato com a Lounge 39, produtoras da blusa pah e phyna, e elas nos informaram que provavelmente amanhã mesmo as blusas já estejam de volta em estoque. Pode ficar tranquila que a gente te avisa. Qualquer coisa, seguimos aqui💕",instagram_zip,inbox/fabianasilva_1580074453387368/message_1.json,time,2025-01-09,,False,pt,1.0,"Olá, Fabiana! Obrigada pela sua mensagem e carinho conosco! Alguns de nossos parceiros ainda estão organizando a volta dos estoques pós recesso de final e inicio de ano. Entramos em contato com a Lounge 39, produtoras da blusa pah e phyna, e elas nos informaram que provavelmente amanhã mesmo as blusas já estejam de volta em estoque. Pode ficar tranquila que a gente te avisa. Qualquer coisa, seguimos aqui💕",fabi car conosc algum noss parc aind organiz volt estoqu pó recess final inici ano entr loung produt blus pah phyn inform prova amanhã mesm blus estej volt estoqu pod fic tranquil gent te avis cois segu,37
2024-09-26 13:33:14.753,Curadobia,"Bom dia, Beatriz! Tudo bem? Obrigada por ter entrado em contato conosco! Vamos te encaminhar uma mensagem pelo nosso WhatsApp oficial. (edited)",instagram_zip,inbox/beatrizkesselringpsicanalista_1505429257519625/message_1.json,time,2024-09-26,,False,pt,1.0,"Bom dia, Beatriz! Tudo bem? Obrigada por ter entrado em contato conosco! Vamos te encaminhar uma mensagem pelo nosso WhatsApp oficial. (edited)",beatriz bem entr conosc vam te encaminh noss whatsapp ofic edited,11
2024-09-29 21:32:13.268,Curadobia,Que tamanho costuma usar?,instagram_zip,inbox/jussaraleprevost_17970888785788437/message_1.json,time,2024-09-29,,False,pt,1.0,Que tamanho costuma usar?,tamanh costum us,3
2025-01-23 16:02:00.000,nuaco_1621343672597934,"oie! obrigada pela resposta. conversamos com a bia e temos interesse em marcar uma reunião já por esses dias pois o curadobia está com uma nova metodologia e com novidades, e mesmo a produção de vocês para março, seria interessante conversar com vocês agora. o que acham? te aguardo!",instagram_csv,Consolidação das mensagens do INSTAGRAM.csv,time,2025-01-23,,False,pt,1.0,"oie! obrigada pela resposta. conversamos com a bia e temos interesse em marcar uma reunião já por esses dias pois o curadobia está com uma nova metodologia e com novidades, e mesmo a produção de vocês para março, seria interessante conversar com vocês agora. o que acham? te aguardo!",oie respost convers tem inter marc reun ess dia poi nov metodolog novidad mesm produç març ser interess convers agor ach te aguard,23
2025-04-15 18:30:13.014,Curadobia,Pode ficar tranquila que irei te avisar!,instagram_zip,inbox/adrianacarlaramosmartino_1642176510517548/message_1.json,time,2025-04-15,,False,ca,1.0,Pode ficar tranquila que irei te avisar!,,0
2025-01-20 14:47:00.000,lourie_17985841307788437,"olá pessoal, como vão? muito prazer, meu nome é ana e trabalho junto com a bia paes de barros no curadobia.com.br o curadobia é um marketplace que nasceu com o propósito de reunir em um só lugar peças que fazem toda a diferença no armário e ao mesmo tempo são fáceis de usar: os chamados neutros com tcharanz. acreditamos que a lourie super se conecta com essa proposta. com quem poderia conversar para falar mais sobre? aguardo vocês!",instagram_csv,Consolidação das mensagens do INSTAGRAM.csv,time,2025-01-20,,False,pt,1.0,"olá pessoal, como vão? muito prazer, meu nome é ana e trabalho junto com a bia paes de barros no curadobia.com.br o curadobia é um marketplace que nasceu com o propósito de reunir em um só lugar peças que fazem toda a diferença no armário e ao mesmo tempo são fáceis de usar: os chamados neutros com tcharanz. acreditamos que a lourie super se conecta com essa proposta. com quem poderia conversar para falar mais sobre? aguardo vocês!",pessoal vão muit praz br marketplac nasc propósit reun só lug peç faz tod diferenç armári mesm temp são fácel us cham neutr tcharanz acredit louri sup conect propost qu pod convers fal aguard,34
2024-10-18 15:43:00.000,martahelenaolegario_1528625275199043,"qualquer dúvida ou questão, estamos à disposição! obrigada por nos acompanhar! equipe curadobia 💕",instagram_csv,Consolidação das mensagens do INSTAGRAM.csv,time,2024-10-18,,False,pt,1.0,"qualquer dúvida ou questão, estamos à disposição! obrigada por nos acompanhar! equipe curadobia 💕",dúv quest dispos acompanh,4
2025-03-14 09:49:13.808,Curadobia,"Bom dia Maria Luiza, que bacana que se interessou por essa calça. Ela é muito especial mesmo. O valor R$ 990,00. Caso tenha mais alguma duvida não deixe de nos constatar. Equipe Curadobia ✨",instagram_zip,inbox/marialuizasouzapintosoeiro_1553485026047136/message_1.json,time,2025-03-14,,False,pt,1.0,"Bom dia Maria Luiza, que bacana que se interessou por essa calça. Ela é muito especial mesmo. O valor R$ 990,00. Caso tenha mais alguma duvida não deixe de nos constatar. Equipe Curadobia ✨",mar luiz bacan interess calç muit espec mesm val cas tenh algum duvid deix constat,15
2024-10-04 10:37:00.000,karynacarvalhoaires_1535575451171487,"bom dia, karyna! infelizmente não trabalhamos com cupom para 1ª compra ainda☹️ mas estamos aqui para te auxiliar no processo inteiro!",instagram_csv,Consolidação das mensagens do INSTAGRAM.csv,time,2024-10-04,,False,pt,1.0,"bom dia, karyna! infelizmente não trabalhamos com cupom para 1ª compra ainda☹️ mas estamos aqui para te auxiliar no processo inteiro!",karyn infeliz trabalh cupom compr aind te auxili process int,10
2025-01-22 18:34:24.525,Curadobia,"Oi Cristiane, tudo bem? Obrigada pelo seu contato. Pode ficar tranquila, vamos verificar para você.",instagram_zip,inbox/cristianerochalouresbrenner_1618482332882324/message_1.json,time,2025-01-22,,False,pt,1.0,"Oi Cristiane, tudo bem? Obrigada pelo seu contato. Pode ficar tranquila, vamos verificar para você.",cristian bem seu pod fic tranquil vam verific,8
2024-09-16 12:42:34.981,Curadobia,"Tenho 1,78. Essa calça esta mais curta para mim mesmo. Te aconselho a comprar um tamanho pequeno",instagram_zip,inbox/patifisch_1530674161664561/message_1.json,time,2024-09-16,,False,pt,1.0,"Tenho 1,78. Essa calça esta mais curta para mim mesmo. Te aconselho a comprar um tamanho pequeno",calç curt mim mesm te aconselh compr tamanh pequen,9
2024-10-23 13:13:00.000,sandrajankopsferito_1423596365711746,"olá, sandra! boa tarde! tudo bem? estamos entrando em contato porque identificamos que há um tempo você demonstrou interesse nos sapatos da bia, que apareceram em um dos nossos reels! agora eles estão disponíveis no site do curadobia! 😍😍 segue o link: https://www.curadobia.com.br/produtos/buscar?search=paula+ferber obrigada por nos acompanhar, sandra! qualquer dúvida, estamos à disposição! equipe curadobia 💕",instagram_csv,Consolidação das mensagens do INSTAGRAM.csv,time,2024-10-23,,False,pt,1.0,"olá, sandra! boa tarde! tudo bem? estamos entrando em contato porque identificamos que há um tempo você demonstrou interesse nos sapatos da bia, que apareceram em um dos nossos reels! agora eles estão disponíveis no site do curadobia! 😍😍 segue o link: https://www.curadobia.com.br/produtos/buscar?search=paula+ferber obrigada por nos acompanhar, sandra! qualquer dúvida, estamos à disposição! equipe curadobia 💕",sandr bem entr identific há temp demonstr inter sapat aparec noss reel agor dispon seg http www br produt busc search paul ferb acompanh sandr dúv dispos,27
2024-08-08 09:31:00.000,danycavalcanti_1481723446558270,"olá dany, bom dia! caso tenha algum problema com o tamanho você pode optar por trocar ou devolver o produto. basta nos informar pelo e-mail contato.curadobia@gmail.com que iremos encaminhar sua solicitação para a marca responsável. a marca irá proceder com os próximos passos como envio do código de logística reversa e tudo mais",instagram_csv,Consolidação das mensagens do INSTAGRAM.csv,time,2024-08-08,,False,pt,1.0,"olá dany, bom dia! caso tenha algum problema com o tamanho você pode optar por trocar ou devolver o produto. basta nos informar pelo e-mail contato.curadobia@gmail.com que iremos encaminhar sua solicitação para a marca responsável. a marca irá proceder com os próximos passos como envio do código de logística reversa e tudo mais",dany cas tenh algum problem tamanh pod opt troc devolv produt bast inform mail gmail ir encaminh solicit marc respons marc irá proced próx pass envi códig logís revers,29
2024-11-18 13:45:00.000,silvanabressan_1625316398861909,"olá! boa tarde, silvana! tudo bem? obrigada pela sua mensagem. a nossa pantalona jeans está saindo por r$: 619,00 qualquer coisa estamos aqui💕",instagram_csv,Consolidação das mensagens do INSTAGRAM.csv,time,2024-11-18,,False,pt,1.0,"olá! boa tarde, silvana! tudo bem? obrigada pela sua mensagem. a nossa pantalona jeans está saindo por r$: 619,00 qualquer coisa estamos aqui💕",silv bem noss pant je saind cois,7
2025-01-21 17:26:07.676,Curadobia,Muito obrigada!,instagram_zip,inbox/elisaatheniense_1476154400438210/message_1.json,time,2025-01-21,,False,pt,1.0,Muito obrigada!,muit,1
2025-05-04 20:13:16.332,Curadobia,Mas amei a sugestão Ju,instagram_zip,inbox/juliamolina_1668498281217934/message_1.json,time,2025-05-04,,False,pt,1.0,Mas amei a sugestão Ju,ame sugest ju,3
2025-05-16 23:30:00.000,scorrodantasalves_17999433611788437,"olá, pode comprar o numero certinho mesmo.",instagram_csv,Consolidação das mensagens do INSTAGRAM.csv,time,2025-05-16,,False,pt,1.0,"olá, pode comprar o numero certinho mesmo.",pod compr numer cert mesm,5
2025-01-20 14:26:56.406,Curadobia,"Olá pessoal, como vão? Meu nome é Ana e trabalho junto com a Bia Paes de Barros no CURADOBIA.COM.BR O Curadobia é um marketplace que nasceu com o propósito de reunir em um só lugar peças que fazem toda a diferença no armário e ao mesmo tempo são fáceis de usar: os chamados neutros com tcharanz. Acreditamos que a ARGI super se conecta com essa proposta. Com quem poderia conversar para falar mais sobre? Aguardo vocês!",instagram_zip,inbox/argi_1127298588801425/message_1.json,time,2025-01-20,,False,pt,1.0,"Olá pessoal, como vão? Meu nome é Ana e trabalho junto com a Bia Paes de Barros no CURADOBIA.COM.BR O Curadobia é um marketplace que nasceu com o propósito de reunir em um só lugar peças que fazem toda a diferença no armário e ao mesmo tempo são fáceis de usar: os chamados neutros com tcharanz. Acreditamos que a ARGI super se conecta com essa proposta. Com quem poderia conversar para falar mais sobre? Aguardo vocês!",pessoal vão br marketplac nasc propósit reun só lug peç faz tod diferenç armári mesm temp são fácel us cham neutr tcharanz acredit arg sup conect propost qu pod convers fal aguard,32
2024-10-23 13:27:00.000,halannamarquesmamae_17974148750788437,"olá, halanna! boa tarde! tudo bem? estamos entrando em contato porque identificamos que há um tempo você demonstrou interesse nas sandálias da bia, que apareceram em um dos nossos reels! agora elas estão disponíveis no site do curadobia! 😍😍 segue o link: https://www.curadobia.com.br/produtos/buscar?search=paula+ferber obrigada por nos acompanhar, halanna! qualquer dúvida, estamos à disposição! equipe curadobia 💕",instagram_csv,Consolidação das mensagens do INSTAGRAM.csv,time,2024-10-23,,False,pt,1.0,"olá, halanna! boa tarde! tudo bem? estamos entrando em contato porque identificamos que há um tempo você demonstrou interesse nas sandálias da bia, que apareceram em um dos nossos reels! agora elas estão disponíveis no site do curadobia! 😍😍 segue o link: https://www.curadobia.com.br/produtos/buscar?search=paula+ferber obrigada por nos acompanhar, halanna! qualquer dúvida, estamos à disposição! equipe curadobia 💕",halann bem entr identific há temp demonstr inter sandál aparec noss reel agor dispon seg http www br produt busc search paul ferb acompanh halann dúv dispos,27
2024-12-03 18:44:00.000,barbarakatzmigliori_1568817854519418,obrigada pelo prestígio! foi incrível te atender e receber você de pertinho 🖤🤍,instagram_csv,Consolidação das mensagens do INSTAGRAM.csv,time,2024-12-03,,False,pt,1.0,obrigada pelo prestígio! foi incrível te atender e receber você de pertinho 🖤🤍,prestígi incr te atend receb pert,6
2024-07-23 15:28:00.000,queensgate_17961981233788437,segunda na parte da tarde você teria disponibilidade?,instagram_csv,Consolidação das mensagens do INSTAGRAM.csv,time,2024-07-23,,False,pt,1.0,segunda na parte da tarde você teria disponibilidade?,segund part ter disponibil,4
2024-07-29 15:37:00.000,queensgate_17961981233788437,"daniela, depois me passa seu número de telefone que aí seguimos a comunicação por lá e pelo e-mail",instagram_csv,Consolidação das mensagens do INSTAGRAM.csv,time,2024-07-29,,False,pt,1.0,"daniela, depois me passa seu número de telefone que aí seguimos a comunicação por lá e pelo e-mail",daniel depois pass seu númer telefon aí segu comunic mail,10
2025-04-02 13:49:53.815,Curadobia,Você possui interesse em alguma peça em específico? Sigo aqui para o que precisar,instagram_zip,inbox/lerparasermelhor_1752937509439991/message_1.json,time,2025-04-02,,False,pt,1.0,Você possui interesse em alguma peça em específico? Sigo aqui para o que precisar,possu inter algum peç específ precis,6
2025-01-20 17:47:28.648,Curadobia,"Olá pessoal, como vão? Muito prazer, meu nome é Ana e trabalho junto com a Bia Paes de Barros no CURADOBIA.COM.BR O Curadobia é um marketplace que nasceu com o propósito de reunir em um só lugar peças que fazem toda a diferença no armário e ao mesmo tempo são fáceis de usar: os chamados neutros com tcharanz. Acreditamos que a LOURIE super se conecta com essa proposta. Com quem poderia conversar para falar mais sobre? Aguardo vocês!",instagram_zip,inbox/lourie_17985841307788437/message_1.json,time,2025-01-20,,False,pt,1.0,"Olá pessoal, como vão? Muito prazer, meu nome é Ana e trabalho junto com a Bia Paes de Barros no CURADOBIA.COM.BR O Curadobia é um marketplace que nasceu com o propósito de reunir em um só lugar peças que fazem toda a diferença no armário e ao mesmo tempo são fáceis de usar: os chamados neutros com tcharanz. Acreditamos que a LOURIE super se conecta com essa proposta. Com quem poderia conversar para falar mais sobre? Aguardo vocês!",pessoal vão muit praz br marketplac nasc propósit reun só lug peç faz tod diferenç armári mesm temp são fácel us cham neutr tcharanz acredit louri sup conect propost qu pod convers fal aguard,34
2024-11-08 21:47:52.697,Curadobia,Olha que legal essa ideia,instagram_zip,inbox/brendaluchese_1482641736467533/message_1.json,time,2024-11-08,,False,pt,1.0,Olha que legal essa ideia,olh legal ide,3
2024-09-13 10:18:00.000,evelyncanalli_1503393347725067,"olá evelyn, bom dia! tudo bem? aqui somos do curadobia. você teria interesse em apresentar a sua marca pensando em participar do curadobia ou seria referente a parceria de divulgação com a bia?",instagram_csv,Consolidação das mensagens do INSTAGRAM.csv,time,2024-09-13,,False,pt,1.0,"olá evelyn, bom dia! tudo bem? aqui somos do curadobia. você teria interesse em apresentar a sua marca pensando em participar do curadobia ou seria referente a parceria de divulgação com a bia?",evelyn bem som ter inter apresent marc pens particip ser refer parc divulg,13
2024-07-23 18:29:31.649,Curadobia,"Olá Stella, boa tarde! Tudo bem?",instagram_zip,inbox/stellabastos_1459454448789012/message_1.json,time,2024-07-23,,False,pt,1.0,"Olá Stella, boa tarde! Tudo bem?",stell bem,2
2024-09-03 11:14:16.995,Curadobia,"Olá Cris, bom dia! Tudo bem?",instagram_zip,inbox/crisrocchi_1346176916769294/message_1.json,time,2024-09-03,,False,pt,1.0,"Olá Cris, bom dia! Tudo bem?",cril bem,2
2024-09-06 08:52:00.000,amandaoliveira_1472616584131311,"não, não oferecemos cupom de desconto nas compras",instagram_csv,Consolidação das mensagens do INSTAGRAM.csv,time,2024-09-06,,False,pt,1.0,"não, não oferecemos cupom de desconto nas compras",oferec cupom descont compr,4
2024-09-16 20:33:35.464,Curadobia,Iremos relança-la em outubro aqui no Curadobia,instagram_zip,inbox/giselamation_1499999134727227/message_1.json,time,2024-09-16,,False,pt,1.0,Iremos relança-la em outubro aqui no Curadobia,ir relanç outubr,3
2025-04-10 11:37:00.000,annebotelho_1614893239903031,"mas venho com boas notícias, a partir de quarta-feira teremos reposição dela! 🥳 se você ainda tiver interesse, me avisa, pois ai assim que chegarem eu venho exclusivamente te avisaar!",instagram_csv,Consolidação das mensagens do INSTAGRAM.csv,time,2025-04-10,,False,pt,1.0,"mas venho com boas notícias, a partir de quarta-feira teremos reposição dela! 🥳 se você ainda tiver interesse, me avisa, pois ai assim que chegarem eu venho exclusivamente te avisaar!",venh boa notíc part quart feir ter repos aind tiv inter avis poi ai assim cheg venh exclusiv te avisa,20
2024-10-24 10:13:00.000,analepsch_1529949501731576,"com certeza, será um sucesso! obrigada, ana!💕",instagram_csv,Consolidação das mensagens do INSTAGRAM.csv,time,2024-10-24,,False,pt,1.0,"com certeza, será um sucesso! obrigada, ana!💕",cert ser sucess,3
2025-01-15 16:00:00.000,somimimi_1616993523032137,o tom certo é o que esta no site. os stories que a bia postou hoje modificaram um pouco o tom.,instagram_csv,Consolidação das mensagens do INSTAGRAM.csv,time,2025-01-15,,False,pt,1.0,o tom certo é o que esta no site. os stories que a bia postou hoje modificaram um pouco o tom.,tom cert stori post modific pouc tom,7
2025-01-22 12:08:00.000,karynacarvalhoaires_1535575451171487,"karyna, estoque atualizado!😍",instagram_csv,Consolidação das mensagens do INSTAGRAM.csv,time,2025-01-22,,False,pt,1.0,"karyna, estoque atualizado!😍",karyn estoqu atual,3
2024-10-20 11:22:00.000,francic_1541909887202294,https://www.curadobia.com.br/categorias/collab,instagram_csv,Consolidação das mensagens do INSTAGRAM.csv,time,2024-10-20,,False,und,0.0,https://www.curadobia.com.br/categorias/collab,http www br categor collab,5
2025-03-24 13:09:00.000,renatamastrobuonoscaramuzza_1658613395535944,"oi renata! boa tarde. aqui é a ana. acredito que te respondi por whatsapp, certo? qualquer coisa estou por aqui",instagram_csv,Consolidação das mensagens do INSTAGRAM.csv,time,2025-03-24,,False,pt,1.0,"oi renata! boa tarde. aqui é a ana. acredito que te respondi por whatsapp, certo? qualquer coisa estou por aqui",renat acredit te respond whatsapp cert cois,7
2024-07-19 20:53:00.000,gabrielacamposcostabarbosa_1468528951212895,ok perfeito. caso mude de ideia seguimos à disposição! novamente desculpa pelo transtorno e desejo uma ótima viagem! 🙏🏼,instagram_csv,Consolidação das mensagens do INSTAGRAM.csv,time,2024-07-19,,False,pt,1.0,ok perfeito. caso mude de ideia seguimos à disposição! novamente desculpa pelo transtorno e desejo uma ótima viagem! 🙏🏼,ok perfeit cas mud ide segu dispos nov desculp transtorn desej ótim viag,13
2024-09-29 18:33:00.000,glaussikoutroularis_1473048937420859,qualquer dúvida estamos a disposição,instagram_csv,Consolidação das mensagens do INSTAGRAM.csv,time,2024-09-29,,False,pt,1.0,qualquer dúvida estamos a disposição,dúv dispos,2
2025-04-10 14:37:54.876,Curadobia,"Independente disso, sigo aqui para o que você precisar!😊",instagram_zip,inbox/annebotelho_1614893239903031/message_1.json,time,2025-04-10,,False,pt,1.0,"Independente disso, sigo aqui para o que você precisar!😊",independ diss precis,3
2025-04-25 13:25:50.301,Curadobia,https://www.curadobia.com.br/reptilia/produto/jaqueta-levissima,instagram_zip,inbox/adrianacarlaramosmartino_1642176510517548/message_1.json,time,2025-04-25,,False,und,0.0,https://www.curadobia.com.br/reptilia/produto/jaqueta-levissima,http www br reptil produt jaquet leviss,7
2025-04-07 17:06:48.084,Curadobia,"Oi, Livia! Boa tarde! Ana aqui. Você conseguiu dar uma olhada na calça? Qualquer coisa sigo aqui para o que você precisar viu?",instagram_zip,inbox/bahia_1665583491503875/message_1.json,time,2025-04-07,,False,pt,1.0,"Oi, Livia! Boa tarde! Ana aqui. Você conseguiu dar uma olhada na calça? Qualquer coisa sigo aqui para o que você precisar viu?",liv consegu dar olh calç cois precis viu,8
2024-12-03 19:05:00.000,jufishestiloperfumaria_1359733472076688,"imagina, ju! ainda bem que sua filha está bem♥️🙏🏼",instagram_csv,Consolidação das mensagens do INSTAGRAM.csv,time,2024-12-03,,False,pt,1.0,"imagina, ju! ainda bem que sua filha está bem♥️🙏🏼",imagin ju aind bem filh bem,6
2024-07-23 12:11:02.925,Curadobia,Vamos falar sim super.,instagram_zip,inbox/queensgate_17961981233788437/message_1.json,time,2024-07-23,,False,ca,1.0,Vamos falar sim super.,,0
2024-09-26 11:34:00.000,mariellacarvalhoaires_1486724989389057,ela é reta e certa. acredito que o tamanho m funcione bem para você. o tecido da base é mais maleável que da parte de cima.,instagram_csv,Consolidação das mensagens do INSTAGRAM.csv,time,2024-09-26,,False,pt,1.0,ela é reta e certa. acredito que o tamanho m funcione bem para você. o tecido da base é mais maleável que da parte de cima.,ret cert acredit tamanh funcion bem tec bas male part cim,11
2024-11-11 10:13:00.000,heloisathomedevasconcellos_1522573379134640,basta clicar nas imagens e link que te enviei que você será redirecionada para os produtos! qualquer coisa estamos aqui!,instagram_csv,Consolidação das mensagens do INSTAGRAM.csv,time,2024-11-11,,False,pt,1.0,basta clicar nas imagens e link que te enviei que você será redirecionada para os produtos! qualquer coisa estamos aqui!,bast clic imag te envi ser redirecion produt cois,9
2025-03-27 13:33:22.796,Curadobia,Sigo aqui para qualquer dúvida,instagram_zip,inbox/juliennebini_1644010466992670/message_1.json,time,2025-03-27,,False,ca,1.0,Sigo aqui para qualquer dúvida,,0
2025-03-10 11:53:00.000,adrianahfischmann_1512252460162305,qualquer coisa sigo aqui!,instagram_csv,Consolidação das mensagens do INSTAGRAM.csv,time,2025-03-10,,False,ca,1.0,qualquer coisa sigo aqui!,,0
2024-07-23 18:29:42.189,Curadobia,Bacana! Vamos marcar uma conversa?,instagram_zip,inbox/stellabastos_1459454448789012/message_1.json,time,2024-07-23,,False,pt,1.0,Bacana! Vamos marcar uma conversa?,bacan vam marc convers,4
2025-03-18 11:44:00.000,akarinnesantos_1445923513458484,sigo aqui pra o que você precisar 💕,instagram_csv,Consolidação das mensagens do INSTAGRAM.csv,time,2025-03-18,,False,pt,1.0,sigo aqui pra o que você precisar 💕,precis,1
2024-07-29 16:25:00.000,stellabastos_1459454448789012,agora parece que travou mesmo,instagram_csv,Consolidação das mensagens do INSTAGRAM.csv,time,2024-07-29,,False,pt,1.0,agora parece que travou mesmo,agor parec trav mesm,4
2025-03-26 10:29:00.000,juliennebini_1644010466992670,"olá julienne! bom dia, tudo bem? que bom receber sua mensagem! eu me chamo ana e sou do time curadobia.",instagram_csv,Consolidação das mensagens do INSTAGRAM.csv,time,2025-03-26,,False,pt,1.0,"olá julienne! bom dia, tudo bem? que bom receber sua mensagem! eu me chamo ana e sou do time curadobia.",julienn bem receb ch sou tim,6
2025-03-14 10:56:00.000,somimimi_1616993523032137,"olá, bom dia! infelizmente essa calça também saiu do nosso mix. estamos com novos produtos e novas marcas entrando no curadobia. esperamos que goste. qualquer coisa sigo aqui💕",instagram_csv,Consolidação das mensagens do INSTAGRAM.csv,time,2025-03-14,,False,pt,1.0,"olá, bom dia! infelizmente essa calça também saiu do nosso mix. estamos com novos produtos e novas marcas entrando no curadobia. esperamos que goste. qualquer coisa sigo aqui💕",infeliz calç saiu noss mix nov produt nov marc entr esper gost cois,13
2025-05-09 11:26:00.000,17998336169788437,qualquer dúvida por favor nos avise. 😉,instagram_csv,Consolidação das mensagens do INSTAGRAM.csv,time,2025-05-09,,False,pt,1.0,qualquer dúvida por favor nos avise. 😉,dúv favor avis,3
2025-05-08 18:13:31.434,Curadobia,Vamos super! ✨,instagram_zip,inbox/monicabotelho_1743659443700174/message_1.json,time,2025-05-08,,False,lt,1.0,Vamos super! ✨,,0
2024-08-04 22:48:37.351,Curadobia,https://www.curadobia.com.br/my-basic/produto/vestido-bordo,instagram_zip,inbox/vanildamarins_1386993822703811/message_1.json,time,2024-08-04,,False,und,0.0,https://www.curadobia.com.br/my-basic/produto/vestido-bordo,http www br my basic produt vest bord,8
2025-05-02 16:05:00.000,anelisacavalcantesoares_1554428265945243,"oi anelisa! tudo bem? eu sou a ana, faço parte do time curadobia.",instagram_csv,Consolidação das mensagens do INSTAGRAM.csv,time,2025-05-02,,False,pt,1.0,"oi anelisa! tudo bem? eu sou a ana, faço parte do time curadobia.",anelis bem sou faç part tim,6
2025-03-19 11:01:00.000,silvanamarieltempestini_1562436645158780,https://www.curadobia.com.br/my-basic/produto/a-camisa-branca,instagram_csv,Consolidação das mensagens do INSTAGRAM.csv,time,2025-03-19,,False,und,0.0,https://www.curadobia.com.br/my-basic/produto/a-camisa-branca,http www br my basic produt camis branc,8
2025-04-04 13:57:30.941,Curadobia,"Olá Renata!! Bom dia, que bom receber mensagem tua! Me chamo Ana e faço parte do time Curadobia. Nesse lindo look da Bia nós temos somente a blusa disponível no Curadobia ☺️",instagram_zip,inbox/drarenatacavalheirooftalmologista_17994685604788437/message_1.json,time,2025-04-04,,False,pt,1.0,"Olá Renata!! Bom dia, que bom receber mensagem tua! Me chamo Ana e faço parte do time Curadobia. Nesse lindo look da Bia nós temos somente a blusa disponível no Curadobia ☺️",renat receb tua ch faç part tim ness lind look tem soment blus dispon,14
2025-01-13 15:05:14.968,Curadobia,"Qualquer coisa, seguimos aqui💕",instagram_zip,inbox/pamelavaiano_1669719177758582/message_1.json,time,2025-01-13,,False,ca,1.0,"Qualquer coisa, seguimos aqui💕",,0
2025-05-07 10:51:00.000,mariavirginiabatista_1697004351695218,"oi, maria! tudo bem? bom dia! nosso evento é exclusivo para nossas clientes conhecerem o mix de perto e ocorre duas vezes ao ano. o próximo será em novembro, te esperamos!",instagram_csv,Consolidação das mensagens do INSTAGRAM.csv,time,2025-05-07,,False,pt,1.0,"oi, maria! tudo bem? bom dia! nosso evento é exclusivo para nossas clientes conhecerem o mix de perto e ocorre duas vezes ao ano. o próximo será em novembro, te esperamos!",mar bem noss event exclus noss client conhec mix pert ocorr dua vez ano próx ser novembr te esper,19
2025-03-18 11:43:00.000,akarinnesantos_1445923513458484,https://www.curadobia.com.br/d-aura/produto/saia-unica,instagram_csv,Consolidação das mensagens do INSTAGRAM.csv,time,2025-03-18,,False,und,0.0,https://www.curadobia.com.br/d-aura/produto/saia-unica,http www br aur produt sai unic,7
2025-05-06 16:04:00.000,silviapoppovic_1703967330996674,"obrigada pela presença, silvia🤍",instagram_csv,Consolidação das mensagens do INSTAGRAM.csv,time,2025-05-06,,False,pt,1.0,"obrigada pela presença, silvia🤍",presenç silv,2
2024-10-23 12:48:00.000,katiavaccaro_1634617797930218,"estamos entrando em contato porque identificamos que há um tempo você demonstrou interesse nas sandálias da bia, que apareceram em um dos nossos reels! agora eles estão disponíveis no site do curadobia! 😍😍 o link clicável segue na próxima mensagem. obrigada por nos acompanhar, katia! qualquer dúvida, estamos à disposição! equipe curadobia 💕",instagram_csv,Consolidação das mensagens do INSTAGRAM.csv,time,2024-10-23,,False,pt,1.0,"estamos entrando em contato porque identificamos que há um tempo você demonstrou interesse nas sandálias da bia, que apareceram em um dos nossos reels! agora eles estão disponíveis no site do curadobia! 😍😍 o link clicável segue na próxima mensagem. obrigada por nos acompanhar, katia! qualquer dúvida, estamos à disposição! equipe curadobia 💕",entr identific há temp demonstr inter sandál aparec noss reel agor dispon clic seg próx acompanh kat dúv dispos,19
2025-03-28 15:12:00.000,bahia_1665583491503875,"olá! boa tarde, como vai?",instagram_csv,Consolidação das mensagens do INSTAGRAM.csv,time,2025-03-28,,False,pt,1.0,"olá! boa tarde, como vai?",vai,1
2025-04-08 11:12:00.000,adrianacaldas_1576334630421098,sigo aqui para o que você precisar!,instagram_csv,Consolidação das mensagens do INSTAGRAM.csv,time,2025-04-08,,False,pt,1.0,sigo aqui para o que você precisar!,precis,1
2024-10-22 18:58:51.566,Curadobia,Em breve divulgaremos mais a respeito. Se quiser informar seu whats podemos ir te atualizando por lá o que acha?,instagram_zip,inbox/glorianuccicamilo_1473008980754026/message_1.json,time,2024-10-22,,False,pt,1.0,Em breve divulgaremos mais a respeito. Se quiser informar seu whats podemos ir te atualizando por lá o que acha?,brev divulg respeit quis inform seu what pod te atualiz ach,11
2024-10-23 16:05:19.949,Curadobia,"Olá, Rosangela! Boa tarde! Tudo bem? Estamos entrando em contato porque identificamos que há um tempo você demonstrou interesse nas rasteiras da Bia, que apareceram em um dos nossos reels! Agora eles estão disponíveis no site do Curadobia! 😍😍 segue o link: https://www.curadobia.com.br/produtos/buscar?search=Paula+ferber Obrigada por nos acompanhar, Rosangela! Qualquer dúvida, estamos à disposição! Equipe Curadobia 💕",instagram_zip,inbox/rosangeladalmoro_1457852572284281/message_1.json,time,2024-10-23,,False,pt,1.0,"Olá, Rosangela! Boa tarde! Tudo bem? Estamos entrando em contato porque identificamos que há um tempo você demonstrou interesse nas rasteiras da Bia, que apareceram em um dos nossos reels! Agora eles estão disponíveis no site do Curadobia! 😍😍 segue o link: https://www.curadobia.com.br/produtos/buscar?search=Paula+ferber Obrigada por nos acompanhar, Rosangela! Qualquer dúvida, estamos à disposição! Equipe Curadobia 💕",rosangel bem entr identific há temp demonstr inter rast aparec noss reel agor dispon seg http www br produt busc search paul ferb acompanh rosangel dúv dispos,27
2025-03-14 17:16:28.534,Curadobia,https://www.curadobia.com.br/cecillia-echenique/produto/calca-cecilia-echenique,instagram_zip,inbox/patriciadiasfernandes_1574554687269048/message_1.json,time,2025-03-14,,False,und,0.0,https://www.curadobia.com.br/cecillia-echenique/produto/calca-cecilia-echenique,http www br cecill echeniqu produt calc cecil echeniqu,9
2025-03-14 14:15:00.000,patriciadiasfernandes_1574554687269048,"oi patricia! tudo bem? obrigada pela sua mensagem. infelizmente não temos mais essa calça disponível no nosso mix, mas temos diversos produtos únicos e selecionados pela bia paes de barros. o que acha dessas opções:",instagram_csv,Consolidação das mensagens do INSTAGRAM.csv,time,2025-03-14,,False,pt,1.0,"oi patricia! tudo bem? obrigada pela sua mensagem. infelizmente não temos mais essa calça disponível no nosso mix, mas temos diversos produtos únicos e selecionados pela bia paes de barros. o que acha dessas opções:",patric bem infeliz tem calç dispon noss mix tem divers produt únic selecion ach dess opç,16
2024-11-22 08:15:00.000,brendaluchese_1482641736467533,https://www.instagram.com/use_jardin/profilecard/,instagram_csv,Consolidação das mensagens do INSTAGRAM.csv,time,2024-11-22,,False,und,0.0,https://www.instagram.com/use_jardin/profilecard/,http www profilecard,3
2024-07-23 12:10:35.044,Curadobia,"Oi Daniela, que bacana! Muito obrigada por acompanharem e curtirem meu trabalho",instagram_zip,inbox/queensgate_17961981233788437/message_1.json,time,2024-07-23,,False,pt,1.0,"Oi Daniela, que bacana! Muito obrigada por acompanharem e curtirem meu trabalho",daniel bacan muit acompanh curt,5
2025-05-06 20:04:18.982,Curadobia,"Obrigada pela presença, Stella!",instagram_zip,inbox/stellabastos_1459454448789012/message_1.json,time,2025-05-06,,False,ca,1.0,"Obrigada pela presença, Stella!",,0
2024-09-22 19:47:00.000,vansouza_1536417384419543,é simples,instagram_csv,Consolidação das mensagens do INSTAGRAM.csv,time,2024-09-22,,False,fr,1.0,é simples,,0
2025-01-02 11:45:00.000,somimimi_1616993523032137,"ola milene, bom dia! que bacana que se interessou por essa peça. infelizmente ela esta fora de estoque no momento. mas em breve com reposição. avisamos assim que voltar. obrigada e um abraço. equipe curadobia ✨",instagram_csv,Consolidação das mensagens do INSTAGRAM.csv,time,2025-01-02,,False,pt,1.0,"ola milene, bom dia! que bacana que se interessou por essa peça. infelizmente ela esta fora de estoque no momento. mas em breve com reposição. avisamos assim que voltar. obrigada e um abraço. equipe curadobia ✨",ola milen bacan interess peç infeliz for estoqu moment brev repos avis assim volt abraç,15
2025-03-31 20:45:45.289,Curadobia,"Oi Gabriela! Tudo bem? Ana aqui do time do Curadobia. Estávamos passando por algumas instabilidades, mas acredito que agora já está tudo resolvido. Te encaminho aqui o site para ficar mais fácil o acesso:",instagram_zip,inbox/gabrielasalesoncologia_1619954876063287/message_1.json,time,2025-03-31,,False,pt,1.0,"Oi Gabriela! Tudo bem? Ana aqui do time do Curadobia. Estávamos passando por algumas instabilidades, mas acredito que agora já está tudo resolvido. Te encaminho aqui o site para ficar mais fácil o acesso:",gabriel bem tim est pass algum instabil acredit agor resolv te enc fic fácil acess,15
2024-10-16 12:19:58.752,Curadobia,Mas ficamos felizes que conseguiu concluir seu cadastro de qualquer forma,instagram_zip,inbox/amandaoliveira_1472616584131311/message_1.json,time,2024-10-16,,False,pt,1.0,Mas ficamos felizes que conseguiu concluir seu cadastro de qualquer forma,fic feliz consegu conclu seu cadastr form,7
2024-12-03 21:41:02.160,Curadobia,"Obrigada pela presença, Renata! Vai arrasar demais com o conjuntinho mascavo (nosso íntimo terracota) 🥰",instagram_zip,inbox/renatapupo_1139021694325086/message_1.json,time,2024-12-03,,False,pt,1.0,"Obrigada pela presença, Renata! Vai arrasar demais com o conjuntinho mascavo (nosso íntimo terracota) 🥰",presenç renat vai arras demal conjunt mascav noss íntim terracot,10
2025-03-06 16:48:25.456,Curadobia,Pode deixar!,instagram_zip,inbox/suzaneemmerich_1634647511263711/message_1.json,time,2025-03-06,,False,ca,1.0,Pode deixar!,,0
2025-03-10 11:54:00.000,laiscardosoperetto_1642377720491593,qualquer coisa sigo aqui💕,instagram_csv,Consolidação das mensagens do INSTAGRAM.csv,time,2025-03-10,,False,ca,1.0,qualquer coisa sigo aqui💕,,0
2025-03-10 21:38:22.503,Curadobia,"Oi Lais, boa noite! O site esta funcionando normalmente. Esperamos que consiga finalizar seu pedido agora.",instagram_zip,inbox/laiscardosoperetto_1642377720491593/message_1.json,time,2025-03-10,,False,pt,1.0,"Oi Lais, boa noite! O site esta funcionando normalmente. Esperamos que consiga finalizar seu pedido agora.",lal funcion norm esper consig final seu ped agor,9
2024-10-31 16:48:00.000,taniadecarvalho_1099324671584616,agradecemos o seu interesse e qualquer outra questão estamos à disposição! equipe curadobia 💕,instagram_csv,Consolidação das mensagens do INSTAGRAM.csv,time,2024-10-31,,False,pt,1.0,agradecemos o seu interesse e qualquer outra questão estamos à disposição! equipe curadobia 💕,agradec seu inter outr quest dispos,6
2025-05-05 08:35:00.000,juliamolina_1668498281217934,vai super! vai amar essa peça,instagram_csv,Consolidação das mensagens do INSTAGRAM.csv,time,2025-05-05,,False,fi,1.0,vai super! vai amar essa peça,,0
2024-10-23 13:05:00.000,rosangeladalmoro_1457852572284281,"olá, rosangela! boa tarde! tudo bem? estamos entrando em contato porque identificamos que há um tempo você demonstrou interesse nas rasteiras da bia, que apareceram em um dos nossos reels! agora eles estão disponíveis no site do curadobia! 😍😍 segue o link: https://www.curadobia.com.br/produtos/buscar?search=paula+ferber obrigada por nos acompanhar, rosangela! qualquer dúvida, estamos à disposição! equipe curadobia 💕",instagram_csv,Consolidação das mensagens do INSTAGRAM.csv,time,2024-10-23,,False,pt,1.0,"olá, rosangela! boa tarde! tudo bem? estamos entrando em contato porque identificamos que há um tempo você demonstrou interesse nas rasteiras da bia, que apareceram em um dos nossos reels! agora eles estão disponíveis no site do curadobia! 😍😍 segue o link: https://www.curadobia.com.br/produtos/buscar?search=paula+ferber obrigada por nos acompanhar, rosangela! qualquer dúvida, estamos à disposição! equipe curadobia 💕",rosangel bem entr identific há temp demonstr inter rast aparec noss reel agor dispon seg http www br produt busc search paul ferb acompanh rosangel dúv dispos,27
2025-05-04 17:13:00.000,juliamolina_1668498281217934,mas amei a sugestão ju,instagram_csv,Consolidação das mensagens do INSTAGRAM.csv,time,2025-05-04,,False,pt,1.0,mas amei a sugestão ju,ame sugest ju,3
2025-04-10 19:40:35.364,Curadobia,Pode ser 3 tambem,instagram_zip,inbox/lucianunes_1675711197160251/message_1.json,time,2025-04-10,,False,pt,1.0,Pode ser 3 tambem,pod ser tamb,3
2025-04-11 14:01:16.508,Curadobia,"Oi Lucia! Bom dia, tudo bem? Aqui é a Ana do time Curadobia. Você conseguiu dar uma olhada em tudo que te mandamos? Se tiver alguma dúvida sigo aqui",instagram_zip,inbox/lucianunes_1675711197160251/message_1.json,time,2025-04-11,,False,pt,1.0,"Oi Lucia! Bom dia, tudo bem? Aqui é a Ana do time Curadobia. Você conseguiu dar uma olhada em tudo que te mandamos? Se tiver alguma dúvida sigo aqui",luc bem tim consegu dar olh te mand tiv algum dúv,11
2024-10-18 16:53:32.440,Curadobia,"Olá Marta! Claro, com certeza!",instagram_zip,inbox/martahelenaolegario_1528625275199043/message_1.json,time,2024-10-18,,False,pt,1.0,"Olá Marta! Claro, com certeza!",mart clar cert,3
2025-04-10 16:31:00.000,lucianunes_1675711197160251,"ola, somente essa cor. selecionamos sempre uma unica para estar aqui no curadobia",instagram_csv,Consolidação das mensagens do INSTAGRAM.csv,time,2025-04-10,,False,pt,1.0,"ola, somente essa cor. selecionamos sempre uma unica para estar aqui no curadobia",ola soment cor selecion sempr unic est,7
2025-04-16 10:15:00.000,mariaangeladoamaralgurgelvianna_1718960822836073,"aqui é a ana, do time curadobia.",instagram_csv,Consolidação das mensagens do INSTAGRAM.csv,time,2025-04-16,,False,pt,1.0,"aqui é a ana, do time curadobia.",tim,1
2025-05-06 20:05:00.964,Curadobia,Obrigada pela presença!,instagram_zip,inbox/vidafigueiredoneuber_1695983401803079/message_1.json,time,2025-05-06,,False,pt,1.0,Obrigada pela presença!,presenç,1
2024-11-11 10:04:00.000,sheilacourte_1562904038438275,"olá! bom dia, sheila! tudo bem? que bom que gostou do nosso macacão cool! nós temos ele nos tamanhos 36, 38, 40 e 42. vou te encaminhar o link dele para que possa visualizar no nosso site: https://www.curadobia.com.br/olive-you/produto/macacao-cool-olive-you-u7xa",instagram_csv,Consolidação das mensagens do INSTAGRAM.csv,time,2024-11-11,,False,pt,1.0,"olá! bom dia, sheila! tudo bem? que bom que gostou do nosso macacão cool! nós temos ele nos tamanhos 36, 38, 40 e 42. vou te encaminhar o link dele para que possa visualizar no nosso site: https://www.curadobia.com.br/olive-you/produto/macacao-cool-olive-you-u7xa",sheil bem gost noss macacã cool tem tamanh te encaminh poss visual noss http www br oliv you produt macaca cool oliv you,23
2025-04-04 13:58:08.429,Curadobia,"Com relação a calça, nós temos essas duas opções que penso que vc pode gostar",instagram_zip,inbox/drarenatacavalheirooftalmologista_17994685604788437/message_1.json,time,2025-04-04,,False,pt,1.0,"Com relação a calça, nós temos essas duas opções que penso que vc pode gostar",relaç calç tem ess dua opç pens pod gost,9
2024-10-18 16:00:00.000,ineiacunha_17973502382788437,"r$: 630,00",instagram_csv,Consolidação das mensagens do INSTAGRAM.csv,time,2024-10-18,,False,cy,1.0,"r$: 630,00",,0
2025-05-19 13:24:57.307,Curadobia,"Oi, Danuza! Bom dia, tudo bem? Pode nos informar por aqui a dúvida ou se preferir uma comunicação mais ágil pode nos chamar no nosso Whatsapp:",instagram_zip,inbox/danuza_1689401262458058/message_1.json,time,2025-05-19,,False,pt,1.0,"Oi, Danuza! Bom dia, tudo bem? Pode nos informar por aqui a dúvida ou se preferir uma comunicação mais ágil pode nos chamar no nosso Whatsapp:",danuz bem pod inform dúv prefer comunic ágil pod cham noss whatsapp,12
2024-11-11 13:04:59.605,Curadobia,"Olá! Bom dia, Sheila! Tudo bem? Que bom que gostou do nosso MACACÃO COOL! Nós temos ele nos tamanhos 36, 38, 40 e 42. Vou te encaminhar o link dele para que possa visualizar no nosso site: https://www.curadobia.com.br/olive-you/produto/macacao-cool-olive-you-U7XA",instagram_zip,inbox/sheilacourte_1562904038438275/message_1.json,time,2024-11-11,,False,pt,1.0,"Olá! Bom dia, Sheila! Tudo bem? Que bom que gostou do nosso MACACÃO COOL! Nós temos ele nos tamanhos 36, 38, 40 e 42. Vou te encaminhar o link dele para que possa visualizar no nosso site: https://www.curadobia.com.br/olive-you/produto/macacao-cool-olive-you-U7XA",sheil bem gost noss macacã cool tem tamanh te encaminh poss visual noss http www br oliv you produt macaca cool oliv you,23
2024-10-02 16:09:00.000,karynacarvalhoaires_1535575451171487,olá karyna! tudo bem? obrigada por ter entrado em contato conosco 💕,instagram_csv,Consolidação das mensagens do INSTAGRAM.csv,time,2024-10-02,,False,pt,1.0,olá karyna! tudo bem? obrigada por ter entrado em contato conosco 💕,karyn bem entr conosc,4
2024-09-16 20:33:17.061,Curadobia,"Ola Gisela, essa sandalia é da minha collab com a Paula Ferber",instagram_zip,inbox/giselamation_1499999134727227/message_1.json,time,2024-09-16,,False,pt,1.0,"Ola Gisela, essa sandalia é da minha collab com a Paula Ferber",ola gisel sandal collab paul ferb,6
2025-05-07 14:07:15.041,Curadobia,https://www.curadobia.com.br/paula-ferber/produto/gladiadora-organica-preto-cirre-paula-ferber,instagram_zip,inbox/17998336169788437/message_1.json,time,2025-05-07,,False,und,0.0,https://www.curadobia.com.br/paula-ferber/produto/gladiadora-organica-preto-cirre-paula-ferber,http www br paul ferb produt gladi organ pret cirr paul ferb,12
2025-03-28 18:14:02.121,Curadobia,https://www.curadobia.com.br/my-basic/produto/calca-diferentex,instagram_zip,inbox/bahia_1665583491503875/message_1.json,time,2025-03-28,,False,und,0.0,https://www.curadobia.com.br/my-basic/produto/calca-diferentex,http www br my basic produt calc diferentex,8
2025-01-20 15:05:00.000,nuaco_1621343672597934,"olá! como vão? muito prazer, meu nome é ana e trabalho aqui no curadobia. não sei se recordam, porém conversamos no primeiro semestre do ano passado (2024) sobre esse projeto da bia paes de barros. desde lá, evoluímos bastante e estamos concretizados como um marketplace em potencial crescimento. queremos compartilhar com vocês nosso site para darem uma olhada curadobia.com.br ainda temos a nua em foco! o que acham de retomarmos contato? aguardo vocês!",instagram_csv,Consolidação das mensagens do INSTAGRAM.csv,time,2025-01-20,,False,pt,1.0,"olá! como vão? muito prazer, meu nome é ana e trabalho aqui no curadobia. não sei se recordam, porém conversamos no primeiro semestre do ano passado (2024) sobre esse projeto da bia paes de barros. desde lá, evoluímos bastante e estamos concretizados como um marketplace em potencial crescimento. queremos compartilhar com vocês nosso site para darem uma olhada curadobia.com.br ainda temos a nua em foco! o que acham de retomarmos contato? aguardo vocês!",vão muit praz sei record porém convers prim semestr ano pass projet desd evoluím bast concre marketplac potenc cresc quer compartilh noss dar olh br aind tem nua foc ach retom aguard,32
2025-01-14 17:40:59.764,Curadobia,Obaa!💕,instagram_zip,inbox/mariaisabelrodrigueshetschko_1537569067635271/message_1.json,time,2025-01-14,,False,so,1.0,Obaa!💕,,0
2024-09-04 17:55:00.000,julianacardoso_1540901883968951,"podemos falar sim, vou te dar um oi no whats para entendermos melhor",instagram_csv,Consolidação das mensagens do INSTAGRAM.csv,time,2024-09-04,,False,pt,1.0,"podemos falar sim, vou te dar um oi no whats para entendermos melhor",pod fal te dar what entend melhor,7
2025-02-09 22:41:00.000,julieorbergpiovezanni_1542882290435811,oie! td e vc?! fica super vistoso. pode ficar bem. bacana com essa saia tmb,instagram_csv,Consolidação das mensagens do INSTAGRAM.csv,time,2025-02-09,,False,pt,1.0,oie! td e vc?! fica super vistoso. pode ficar bem. bacana com essa saia tmb,oie td fic sup vist pod fic bem bacan sai tmb,11
2024-07-23 17:07:00.000,queensgate_17961981233788437,"ah perfeito, funcionaria as 15h fuso são paulo?",instagram_csv,Consolidação das mensagens do INSTAGRAM.csv,time,2024-07-23,,False,pt,1.0,"ah perfeito, funcionaria as 15h fuso são paulo?",ah perfeit funcion fus são paul,6
2025-04-18 14:39:00.000,raquelmarques_1611721546884162,https://www.curadobia.com.br/nauanin/produto/calca-jeans-new-order,instagram_csv,Consolidação das mensagens do INSTAGRAM.csv,time,2025-04-18,,False,und,0.0,https://www.curadobia.com.br/nauanin/produto/calca-jeans-new-order,http www br nauanin produt calc je new ord,9
2025-03-24 11:17:00.000,alessandracc_1591478398910903,"oi alessandra! bom dia ☀️ como você está? aqui é a ana, da equipe do curadobia. a bia nos passou seu contato para tratar sobre o seu interesse nas nossa peças.",instagram_csv,Consolidação das mensagens do INSTAGRAM.csv,time,2025-03-24,,False,pt,1.0,"oi alessandra! bom dia ☀️ como você está? aqui é a ana, da equipe do curadobia. a bia nos passou seu contato para tratar sobre o seu interesse nas nossa peças.",alessandr pass seu trat seu inter noss peç,8
2025-01-30 13:39:14.357,Curadobia,"Olá, tudo bem? Bom dia! Como funciona o orçamento de studios com vocês, por favor?",instagram_zip,inbox/estudiobuero_1599817664749761/message_1.json,time,2025-01-30,,False,pt,1.0,"Olá, tudo bem? Bom dia! Como funciona o orçamento de studios com vocês, por favor?",bem func orç studi favor,5
2025-02-03 11:45:00.000,novamenteporfatimalomba_1502396167830572,"olá pessoal, como vão? meu nome é ana e trabalho junto com a bia paes de barros no curadobia.com.br o curadobia é um marketplace que nasceu com o propósito de reunir em um só lugar peças que fazem toda a diferença no armário e ao mesmo tempo são fáceis de usar: os chamados neutros com tcharanz. acreditamos que a novamente pode se conectar com essa proposta. com quem poderia conversar para falar mais sobre? aguardo vocês!",instagram_csv,Consolidação das mensagens do INSTAGRAM.csv,time,2025-02-03,,False,pt,1.0,"olá pessoal, como vão? meu nome é ana e trabalho junto com a bia paes de barros no curadobia.com.br o curadobia é um marketplace que nasceu com o propósito de reunir em um só lugar peças que fazem toda a diferença no armário e ao mesmo tempo são fáceis de usar: os chamados neutros com tcharanz. acreditamos que a novamente pode se conectar com essa proposta. com quem poderia conversar para falar mais sobre? aguardo vocês!",pessoal vão br marketplac nasc propósit reun só lug peç faz tod diferenç armári mesm temp são fácel us cham neutr tcharanz acredit nov pod conect propost qu pod convers fal aguard,32
2025-04-07 14:07:00.000,bahia_1665583491503875,oi! boa tarde! ana aqui. você conseguiu dar uma olhada na calça? qualquer coisa sigo aqui para o que você precisar viu? (edited),instagram_csv,Consolidação das mensagens do INSTAGRAM.csv,time,2025-04-07,,False,pt,1.0,oi! boa tarde! ana aqui. você conseguiu dar uma olhada na calça? qualquer coisa sigo aqui para o que você precisar viu? (edited),consegu dar olh calç cois precis viu edited,8
2025-05-07 13:51:20.691,Curadobia,"Oi, Maria! Tudo bem? Bom dia! Nosso evento é exclusivo para nossas clientes conhecerem o mix de perto e ocorre duas vezes ao ano. O próximo será em Novembro, te esperamos!",instagram_zip,inbox/mariavirginiabatista_1697004351695218/message_1.json,time,2025-05-07,,False,pt,1.0,"Oi, Maria! Tudo bem? Bom dia! Nosso evento é exclusivo para nossas clientes conhecerem o mix de perto e ocorre duas vezes ao ano. O próximo será em Novembro, te esperamos!",mar bem noss event exclus noss client conhec mix pert ocorr dua vez ano próx ser novembr te esper,19
2025-01-09 15:43:00.000,fabianasilva_1580074453387368,"olá, fabiana! obrigada pela sua mensagem e carinho conosco! alguns de nossos parceiros ainda estão organizando a volta dos estoques pós recesso de final e inicio de ano. entramos em contato com a lounge 39, produtoras da blusa pah e phyna, e elas nos informaram que provavelmente amanhã mesmo as blusas já estejam de volta em estoque. pode ficar tranquila que a gente te avisa. qualquer coisa, seguimos aqui💕",instagram_csv,Consolidação das mensagens do INSTAGRAM.csv,time,2025-01-09,,False,pt,1.0,"olá, fabiana! obrigada pela sua mensagem e carinho conosco! alguns de nossos parceiros ainda estão organizando a volta dos estoques pós recesso de final e inicio de ano. entramos em contato com a lounge 39, produtoras da blusa pah e phyna, e elas nos informaram que provavelmente amanhã mesmo as blusas já estejam de volta em estoque. pode ficar tranquila que a gente te avisa. qualquer coisa, seguimos aqui💕",fabi car conosc algum noss parc aind organiz volt estoqu pó recess final inici ano entr loung produt blus pah phyn inform prova amanhã mesm blus estej volt estoqu pod fic tranquil gent te avis cois segu,37
2025-01-20 15:38:00.000,rociocanvas_1610195300376488,"olá pessoal, como vão? meu nome é ana e trabalho junto com a bia paes de barros no curadobia.com.br o curadobia é um marketplace que nasceu com o propósito de reunir em um só lugar peças que fazem toda a diferença no armário e ao mesmo tempo são fáceis de usar: os chamados neutros com tcharanz. acreditamos que a rocio canvas super se conecta com essa proposta. com quem poderia conversar para falar mais sobre? aguardo vocês!",instagram_csv,Consolidação das mensagens do INSTAGRAM.csv,time,2025-01-20,,False,pt,1.0,"olá pessoal, como vão? meu nome é ana e trabalho junto com a bia paes de barros no curadobia.com.br o curadobia é um marketplace que nasceu com o propósito de reunir em um só lugar peças que fazem toda a diferença no armário e ao mesmo tempo são fáceis de usar: os chamados neutros com tcharanz. acreditamos que a rocio canvas super se conecta com essa proposta. com quem poderia conversar para falar mais sobre? aguardo vocês!",pessoal vão br marketplac nasc propósit reun só lug peç faz tod diferenç armári mesm temp são fácel us cham neutr tcharanz acredit roci canv sup conect propost qu pod convers fal aguard,33
2024-11-11 10:11:00.000,heloisathomedevasconcellos_1522573379134640,https://www.curadobia.com.br/olive-you/produto/macacao-cool-olive-you-u7xa,instagram_csv,Consolidação das mensagens do INSTAGRAM.csv,time,2024-11-11,,False,und,0.0,https://www.curadobia.com.br/olive-you/produto/macacao-cool-olive-you-u7xa,http www br oliv you produt macaca cool oliv you,10
2024-09-04 20:55:29.182,Curadobia,"Podemos falar sim, vou te dar um oi no whats para entendermos melhor",instagram_zip,inbox/julianacardoso_1540901883968951/message_1.json,time,2024-09-04,,False,pt,1.0,"Podemos falar sim, vou te dar um oi no whats para entendermos melhor",pod fal te dar what entend melhor,7
2025-05-10 11:25:00.000,priscillaburity_1551156166270890,pedimos desculpas pelo transtorno.,instagram_csv,Consolidação das mensagens do INSTAGRAM.csv,time,2025-05-10,,False,es,1.0,pedimos desculpas pelo transtorno.,,0
2025-04-25 13:24:54.113,Curadobia,"Venho com boas notícias, o conjunto que você se interessou acabou de subir no site com pouquíssimas unidades!",instagram_zip,inbox/adrianacarlaramosmartino_1642176510517548/message_1.json,time,2025-04-25,,False,pt,1.0,"Venho com boas notícias, o conjunto que você se interessou acabou de subir no site com pouquíssimas unidades!",venh boa notíc conjunt interess acab sub pouqu unidad,9
2025-05-06 15:20:00.000,jenyfferfreire_1683892206337873,obrigada pela presença ♥️♥️,instagram_csv,Consolidação das mensagens do INSTAGRAM.csv,time,2025-05-06,,False,pt,1.0,obrigada pela presença ♥️♥️,presenç,1
2024-10-18 18:43:36.386,Curadobia,Segue o link da jaqueta: https://www.curadobia.com.br/nauanin/produto/jaqueta-bacanuda,instagram_zip,inbox/martahelenaolegario_1528625275199043/message_1.json,time,2024-10-18,,False,pt,1.0,Segue o link da jaqueta: https://www.curadobia.com.br/nauanin/produto/jaqueta-bacanuda,seg jaquet http www br nauanin produt jaquet bacanud,9
2025-01-14 14:41:00.000,mariaisabelrodrigueshetschko_1537569067635271,"obrigada pelo feedback, maria!",instagram_csv,Consolidação das mensagens do INSTAGRAM.csv,time,2025-01-14,,False,pt,1.0,"obrigada pelo feedback, maria!",feedback mar,2
2024-10-16 18:59:57.391,Curadobia,"Oi Amanda, nossas sinceras desculpas por todo esse ocorrido. Somos um marketplace com operações a todo vapor e infelizmente não estamos livres de erros técnicos e tecnológicos acontecerem☹️. Checamos com a marca e por enquanto estamos com o tamanho 2 e 3 prontos para a venda. Seguimos à disposição para te auxiliar em todas as dúvidas e questões necessárias aqui com a gente! Como seu cadastro está certinho, acredito que não teremos mais essa situação ocorrendo! Obrigada por estar conosco! Equipe Curadobia💕 (edited)",instagram_zip,inbox/amandaoliveira_1472616584131311/message_1.json,time,2024-10-16,,False,pt,1.0,"Oi Amanda, nossas sinceras desculpas por todo esse ocorrido. Somos um marketplace com operações a todo vapor e infelizmente não estamos livres de erros técnicos e tecnológicos acontecerem☹️. Checamos com a marca e por enquanto estamos com o tamanho 2 e 3 prontos para a venda. Seguimos à disposição para te auxiliar em todas as dúvidas e questões necessárias aqui com a gente! Como seu cadastro está certinho, acredito que não teremos mais essa situação ocorrendo! Obrigada por estar conosco! Equipe Curadobia💕 (edited)",amand noss sinc desculp tod ocorr som marketplac oper tod vap infeliz livr err técn tecnológ acontec chec marc enquant tamanh pront vend segu dispos te auxili tod dúv quest necessár gent seu cadastr cert acredit ter situ ocorr est conosc edited,42
2025-04-10 16:35:00.000,lucianunes_1675711197160251,a modelagem é grande pode ser tam 3,instagram_csv,Consolidação das mensagens do INSTAGRAM.csv,time,2025-04-10,,False,pt,1.0,a modelagem é grande pode ser tam 3,model grand pod ser tam,5
2024-11-19 07:15:00.000,silvanabressan_1625316398861909,"olá, bom dia! as medidas estão na descrição de cada peça",instagram_csv,Consolidação das mensagens do INSTAGRAM.csv,time,2024-11-19,,False,pt,1.0,"olá, bom dia! as medidas estão na descrição de cada peça",med descr cad peç,4
2025-03-10 14:53:07.944,Curadobia,"Oi Adriana! Bom dia, como vai? Obrigada pelo seu interesse conosco. Estamos fazendo uma repaginação no site e assim que voltarmos te mando o link do nosso conjunto que você gostou 🥰",instagram_zip,inbox/adrianahfischmann_1512252460162305/message_1.json,time,2025-03-10,,False,pt,1.0,"Oi Adriana! Bom dia, como vai? Obrigada pelo seu interesse conosco. Estamos fazendo uma repaginação no site e assim que voltarmos te mando o link do nosso conjunto que você gostou 🥰",adri vai seu inter conosc faz repagin assim volt te mand noss conjunt gost,14
2025-05-07 09:41:00.000,teresalopes_1706853640715460,infelizmente esse evento acontece um único dia,instagram_csv,Consolidação das mensagens do INSTAGRAM.csv,time,2025-05-07,,False,pt,1.0,infelizmente esse evento acontece um único dia,infeliz event acontec únic,4
2025-03-31 17:45:00.000,gabrielasalesoncologia_1619954876063287,"oi gabriela! tudo bem? ana aqui do time do curadobia. estávamos passando por algumas instabilidades, mas acredito que agora já está tudo resolvido. te encaminho aqui o site para ficar mais fácil o acesso:",instagram_csv,Consolidação das mensagens do INSTAGRAM.csv,time,2025-03-31,,False,pt,1.0,"oi gabriela! tudo bem? ana aqui do time do curadobia. estávamos passando por algumas instabilidades, mas acredito que agora já está tudo resolvido. te encaminho aqui o site para ficar mais fácil o acesso:",gabriel bem tim est pass algum instabil acredit agor resolv te enc fic fácil acess,15
2024-12-03 18:42:00.000,arlindogrund_1418366236214937,obrigada pela presença! foi incrível te receber 🤍🖤,instagram_csv,Consolidação das mensagens do INSTAGRAM.csv,time,2024-12-03,,False,pt,1.0,obrigada pela presença! foi incrível te receber 🤍🖤,presenç incr te receb,4
2025-04-10 18:24:27.001,Curadobia,"Olá, tudo bem? Sobre qual funcionamento deseja saber?",instagram_zip,inbox/martinmedeiros100linho_17995358537788437/message_1.json,time,2025-04-10,,False,pt,1.0,"Olá, tudo bem? Sobre qual funcionamento deseja saber?",bem funcion desej sab,4
2024-12-04 16:25:31.653,Curadobia,Obrigada pelo prestígio! Foi incrível te ter de pertinho ontem🤍🖤,instagram_zip,inbox/saraholiveira_1536205164439316/message_1.json,time,2024-12-04,,False,pt,1.0,Obrigada pelo prestígio! Foi incrível te ter de pertinho ontem🤍🖤,prestígi incr te pert ont,5
2024-07-24 14:10:50.347,Curadobia,"Ola Isabela, somos um marketplace sem loja fisica",instagram_zip,inbox/isabela_1359322958790288/message_1.json,time,2024-07-24,,False,pt,1.0,"Ola Isabela, somos um marketplace sem loja fisica",ola isabel som marketplac loj fisic,6
2025-03-11 17:54:00.000,nataliaguadagnucci_1654861482577353,"oi natalia, td bem? as meninas do enjoei me passaram seu contato. estou buscando uma pessoa para me ajudar em roteiros e conteudo. adoraria bater um papo com vc.",instagram_csv,Consolidação das mensagens do INSTAGRAM.csv,time,2025-03-11,,False,pt,1.0,"oi natalia, td bem? as meninas do enjoei me passaram seu contato. estou buscando uma pessoa para me ajudar em roteiros e conteudo. adoraria bater um papo com vc.",natal td bem menin enjo pass seu busc pesso ajud rot conteud ador bat pap,15
2024-07-19 23:53:00.908,Curadobia,Ok perfeito. Caso mude de ideia seguimos à disposição! Novamente desculpa pelo transtorno e desejo uma ótima viagem! 🙏🏼,instagram_zip,inbox/gabrielacamposcostabarbosa_1468528951212895/message_1.json,time,2024-07-19,,False,pt,1.0,Ok perfeito. Caso mude de ideia seguimos à disposição! Novamente desculpa pelo transtorno e desejo uma ótima viagem! 🙏🏼,ok perfeit cas mud ide segu dispos nov desculp transtorn desej ótim viag,13
2025-01-20 18:35:06.747,Curadobia,"Olá! Como vai? Muito prazer, meu nome é Ana e trabalho aqui no Curadobia. Não sei se recordam, porém conversamos no primeiro semestre do ano passado (2024) sobre esse projeto da Bia Paes de Barros. Desde lá, evoluímos bastante e estamos concretizados como um marketplace em potencial crescimento. Queremos compartilhar com vocês nosso site para darem uma olhada CURADOBIA.COM.BR Ainda temos a PATÚ em foco! O que acham de retomarmos contato? Aguardo vocês!",instagram_zip,inbox/patu_17985844604788437/message_1.json,time,2025-01-20,,False,pt,1.0,"Olá! Como vai? Muito prazer, meu nome é Ana e trabalho aqui no Curadobia. Não sei se recordam, porém conversamos no primeiro semestre do ano passado (2024) sobre esse projeto da Bia Paes de Barros. Desde lá, evoluímos bastante e estamos concretizados como um marketplace em potencial crescimento. Queremos compartilhar com vocês nosso site para darem uma olhada CURADOBIA.COM.BR Ainda temos a PATÚ em foco! O que acham de retomarmos contato? Aguardo vocês!",vai muit praz sei record porém convers prim semestr ano pass projet desd evoluím bast concre marketplac potenc cresc quer compartilh noss dar olh br aind tem patú foc ach retom aguard,32
2024-08-03 02:28:49.062,Bia Pb,Eu estou vendo mesmo que está demorando. Mas super obrigada! Bom final de semana Brenda,instagram_zip,inbox/biapb_1487148742684349/message_1.json,time,2024-08-03,,False,pt,1.0,Eu estou vendo mesmo que está demorando. Mas super obrigada! Bom final de semana Brenda,vend mesm demor sup final seman brend,7
2024-10-21 14:03:00.000,robertaalarcon_1503842897676214,"oi, roberta! bom dia! tudo bem? estamos entrando em contato porque identificamos que há um tempo você demonstrou interesse nos sapatos da bia, que apareceram em um dos nossos reels! agora eles estão disponíveis no site do curadobia! 😍😍 o link clicável segue na próxima mensagem. obrigada por nos acompanhar, roberta! qualquer dúvida, estamos à disposição! equipe curadobia 💕",instagram_csv,Consolidação das mensagens do INSTAGRAM.csv,time,2024-10-21,,False,pt,1.0,"oi, roberta! bom dia! tudo bem? estamos entrando em contato porque identificamos que há um tempo você demonstrou interesse nos sapatos da bia, que apareceram em um dos nossos reels! agora eles estão disponíveis no site do curadobia! 😍😍 o link clicável segue na próxima mensagem. obrigada por nos acompanhar, roberta! qualquer dúvida, estamos à disposição! equipe curadobia 💕",robert bem entr identific há temp demonstr inter sapat aparec noss reel agor dispon clic seg próx acompanh robert dúv dispos,21
2024-09-30 15:33:00.000,lembrancinhaspersonalizadas_1447248269999188,"obrigada por nos mandar e informar sobre essa situação! já passamos para o nosso setor técnico analisar essa situação. caso deseje, podemos tirar dúvidas e disponibilizar mais informações por aqui! só nos solicitar 💕 estamos à disposição para qualquer coisa!",instagram_csv,Consolidação das mensagens do INSTAGRAM.csv,time,2024-09-30,,False,pt,1.0,"obrigada por nos mandar e informar sobre essa situação! já passamos para o nosso setor técnico analisar essa situação. caso deseje, podemos tirar dúvidas e disponibilizar mais informações por aqui! só nos solicitar 💕 estamos à disposição para qualquer coisa!",mand inform situ pass noss set técn analis situ cas desej pod dúv disponibil inform só solic dispos cois,19
2024-10-31 16:48:00.000,taniadecarvalho_1099324671584616,"olá, tania! identificamos o seu comentário interessada nos valores das sandálias da bia! segue o link para que você possa conferir com calma: https://www.curadobia.com.br/categorias/collab",instagram_csv,Consolidação das mensagens do INSTAGRAM.csv,time,2024-10-31,,False,pt,1.0,"olá, tania! identificamos o seu comentário interessada nos valores das sandálias da bia! segue o link para que você possa conferir com calma: https://www.curadobia.com.br/categorias/collab",tan identific seu coment interess val sandál seg poss confer calm http www br categor collab,16
2025-03-12 18:00:59.901,Curadobia,https://www.curadobia.com.br/d-aura/produto/macacao-muderno-preto,instagram_zip,inbox/somimimi_1616993523032137/message_1.json,time,2025-03-12,,False,und,0.0,https://www.curadobia.com.br/d-aura/produto/macacao-muderno-preto,http www br aur produt macaca mudern pret,8
2024-10-23 13:25:00.000,julianacuzzi_1530970808302540,"olá, juliana! boa tarde! tudo bem? estamos entrando em contato porque identificamos que há um tempo você demonstrou interesse nos sapatos da bia, que apareceram em um dos nossos reels! agora eles estão disponíveis no site do curadobia! 😍😍 segue o link: https://www.curadobia.com.br/produtos/buscar?search=paula+ferber obrigada por nos acompanhar, juliana! qualquer dúvida, estamos à disposição! equipe curadobia 💕",instagram_csv,Consolidação das mensagens do INSTAGRAM.csv,time,2024-10-23,,False,pt,1.0,"olá, juliana! boa tarde! tudo bem? estamos entrando em contato porque identificamos que há um tempo você demonstrou interesse nos sapatos da bia, que apareceram em um dos nossos reels! agora eles estão disponíveis no site do curadobia! 😍😍 segue o link: https://www.curadobia.com.br/produtos/buscar?search=paula+ferber obrigada por nos acompanhar, juliana! qualquer dúvida, estamos à disposição! equipe curadobia 💕",juli bem entr identific há temp demonstr inter sapat aparec noss reel agor dispon seg http www br produt busc search paul ferb acompanh juli dúv dispos,27
2024-12-03 21:42:23.084,Curadobia,Obrigada pela presença! Foi incrível atender e receber vocês de pertinho 🖤🤍,instagram_zip,inbox/assinaturadeestilocarolecarlinhaconsultoriadeimagem_1596686181729785/message_1.json,time,2024-12-03,,False,pt,1.0,Obrigada pela presença! Foi incrível atender e receber vocês de pertinho 🖤🤍,presenç incr atend receb pert,5
2025-02-20 14:51:00.000,analepsch_1529949501731576,"ana, vou verificar com eles. você pode me informar qual foi o número do seu pedido, por favor?",instagram_csv,Consolidação das mensagens do INSTAGRAM.csv,time,2025-02-20,,False,pt,1.0,"ana, vou verificar com eles. você pode me informar qual foi o número do seu pedido, por favor?",verific pod inform númer seu ped favor,7
2025-04-03 12:17:00.000,adrianacarlaramosmartino_1642176510517548,"bom dia! tudo bem? que bom receber sua mensagem, adriana! aqui é ana, do time do curadobia. esse conjunto também será um lançamento do curadobia😍 assim que ele estiver disponível no site, pode ficar tranquila que vou te avisar!",instagram_csv,Consolidação das mensagens do INSTAGRAM.csv,time,2025-04-03,,False,pt,1.0,"bom dia! tudo bem? que bom receber sua mensagem, adriana! aqui é ana, do time do curadobia. esse conjunto também será um lançamento do curadobia😍 assim que ele estiver disponível no site, pode ficar tranquila que vou te avisar!",bem receb adri tim conjunt ser lanç assim estiv dispon pod fic tranquil te avis,15
2024-09-29 21:33:47.635,Curadobia,A partir de outubro terà lançamento por aqui,instagram_zip,inbox/cledjaelaysevasconcelosdemoraesfirmino_1560506848681782/message_1.json,time,2024-09-29,,False,pt,1.0,A partir de outubro terà lançamento por aqui,part outubr terà lanç,4
2024-10-21 14:03:00.000,robertaalarcon_1503842897676214,https://www.curadobia.com.br/marcas/paula-ferber,instagram_csv,Consolidação das mensagens do INSTAGRAM.csv,time,2024-10-21,,False,und,0.0,https://www.curadobia.com.br/marcas/paula-ferber,http www br marc paul ferb,6
2025-04-07 17:00:51.783,Curadobia,"Oi, Renata! Boa tarde! Ana aqui. Você conseguiu dar uma olhada nas opções que te mandei? Qualquer coisa sigo aqui para o que você precisar ta?",instagram_zip,inbox/drarenatacavalheirooftalmologista_17994685604788437/message_1.json,time,2025-04-07,,False,pt,1.0,"Oi, Renata! Boa tarde! Ana aqui. Você conseguiu dar uma olhada nas opções que te mandei? Qualquer coisa sigo aqui para o que você precisar ta?",renat consegu dar olh opç te mand cois precis ta,10
2025-05-04 17:13:00.000,juliamolina_1668498281217934,super! ja falei mto com elas mas estao com muitas frentes abertas e nao conseguem fazer mais coisas,instagram_csv,Consolidação das mensagens do INSTAGRAM.csv,time,2025-05-04,,False,pt,1.0,super! ja falei mto com elas mas estao com muitas frentes abertas e nao conseguem fazer mais coisas,sup ja fal mto esta muit frent abert nao conseg cois,11
2025-03-06 16:48:35.356,Curadobia,"Qualquer outra dúvida, sigo a disposição!",instagram_zip,inbox/suzaneemmerich_1634647511263711/message_1.json,time,2025-03-06,,False,pt,1.0,"Qualquer outra dúvida, sigo a disposição!",outr dúv dispos,3
2025-01-15 10:01:00.000,somimimi_1616993523032137,"olá, milene! bom dia. como vai? claro, estamos aqui para ajudar, qual a sua dúvida?",instagram_csv,Consolidação das mensagens do INSTAGRAM.csv,time,2025-01-15,,False,pt,1.0,"olá, milene! bom dia. como vai? claro, estamos aqui para ajudar, qual a sua dúvida?",milen vai clar ajud dúv,5
2024-07-23 09:11:00.000,queensgate_17961981233788437,vamos falar sim super.,instagram_csv,Consolidação das mensagens do INSTAGRAM.csv,time,2024-07-23,,False,ca,1.0,vamos falar sim super.,,0
2024-10-23 15:59:04.621,Curadobia,"Olá, Alessandra! Boa tarde! Tudo bem? Estamos entrando em contato porque identificamos que há um tempo você demonstrou interesse nas sandálias da Bia, que apareceram em um dos nossos reels! Agora eles estão disponíveis no site do Curadobia! 😍😍 segue o link: https://www.curadobia.com.br/produtos/buscar?search=Paula+ferber Obrigada por nos acompanhar, Alessandra! Qualquer dúvida, estamos à disposição! Equipe Curadobia 💕",instagram_zip,inbox/alessandralonghiniterapeuta_17974144679788437/message_1.json,time,2024-10-23,,False,pt,1.0,"Olá, Alessandra! Boa tarde! Tudo bem? Estamos entrando em contato porque identificamos que há um tempo você demonstrou interesse nas sandálias da Bia, que apareceram em um dos nossos reels! Agora eles estão disponíveis no site do Curadobia! 😍😍 segue o link: https://www.curadobia.com.br/produtos/buscar?search=Paula+ferber Obrigada por nos acompanhar, Alessandra! Qualquer dúvida, estamos à disposição! Equipe Curadobia 💕",alessandr bem entr identific há temp demonstr inter sandál aparec noss reel agor dispon seg http www br produt busc search paul ferb acompanh alessandr dúv dispos,27
2024-11-01 10:37:00.000,marialuizasouzapintosoeiro_1553485026047136,"ola maria luiza, td bem? obrigada pelo seu interesse. a sandalia é feita de um material elástico que parece um neoprene. para trazer conforto e se moldar nos pés. 😉",instagram_csv,Consolidação das mensagens do INSTAGRAM.csv,time,2024-11-01,,False,pt,1.0,"ola maria luiza, td bem? obrigada pelo seu interesse. a sandalia é feita de um material elástico que parece um neoprene. para trazer conforto e se moldar nos pés. 😉",ola mar luiz td bem seu inter sandal feit mater elás parec neopren traz confort mold pé,17
2025-04-01 15:12:00.000,liviafogaca_1578166493585832,https://www.curadobia.com.br/nauanin/produto/jaqueta-bacanuda,instagram_csv,Consolidação das mensagens do INSTAGRAM.csv,time,2025-04-01,,False,und,0.0,https://www.curadobia.com.br/nauanin/produto/jaqueta-bacanuda,http www br nauanin produt jaquet bacanud,7
2025-01-20 12:03:00.000,fernandayamamoto_1638347244228915,"olá pessoal, como vão? meu nome é ana e trabalho junto com a bia paes de barros no curadobia.com.br o curadobia é um marketplace que nasceu com o propósito de reunir em um só lugar peças que fazem toda a diferença no armário e ao mesmo tempo são fáceis de usar: os chamados neutros com tcharanz. acreditamos que a fernanda yamamoto super se conecta com essa proposta. com quem poderia conversar para falar mais sobre? aguardo vocês!",instagram_csv,Consolidação das mensagens do INSTAGRAM.csv,time,2025-01-20,,False,pt,1.0,"olá pessoal, como vão? meu nome é ana e trabalho junto com a bia paes de barros no curadobia.com.br o curadobia é um marketplace que nasceu com o propósito de reunir em um só lugar peças que fazem toda a diferença no armário e ao mesmo tempo são fáceis de usar: os chamados neutros com tcharanz. acreditamos que a fernanda yamamoto super se conecta com essa proposta. com quem poderia conversar para falar mais sobre? aguardo vocês!",pessoal vão br marketplac nasc propósit reun só lug peç faz tod diferenç armári mesm temp são fácel us cham neutr tcharanz acredit fernand yamamot sup conect propost qu pod convers fal aguard,33
2025-01-22 11:27:00.000,wendyelborin_1537073684348923,olá! bom dia. como vão? aguardamos a resposta de vocês por lá então. obrigada.,instagram_csv,Consolidação das mensagens do INSTAGRAM.csv,time,2025-01-22,,False,pt,1.0,olá! bom dia. como vão? aguardamos a resposta de vocês por lá então. obrigada.,vão aguard respost,3
2024-09-06 08:53:00.000,danycavalcanti_1481723446558270,oie dany. bom dia! a valéria e a lunna entraram em contato com você correto?,instagram_csv,Consolidação das mensagens do INSTAGRAM.csv,time,2024-09-06,,False,pt,1.0,oie dany. bom dia! a valéria e a lunna entraram em contato com você correto?,oie dany valér lunn entr corret,6
2024-10-04 13:37:01.854,Curadobia,"Bom dia, Karyna! Infelizmente não trabalhamos com cupom para 1ª compra ainda☹️ Mas estamos aqui para te auxiliar no processo inteiro!",instagram_zip,inbox/karynacarvalhoaires_1535575451171487/message_1.json,time,2024-10-04,,False,pt,1.0,"Bom dia, Karyna! Infelizmente não trabalhamos com cupom para 1ª compra ainda☹️ Mas estamos aqui para te auxiliar no processo inteiro!",karyn infeliz trabalh cupom compr aind te auxili process int,10
2025-05-07 11:15:00.000,17998336169788437,"sim!! estoque atualizado especialmente para você, anna. agora ela é a única no estoque",instagram_csv,Consolidação das mensagens do INSTAGRAM.csv,time,2025-05-07,,False,pt,1.0,"sim!! estoque atualizado especialmente para você, anna. agora ela é a única no estoque",estoqu atual espec ann agor únic estoqu,7
2025-04-10 19:31:29.023,Curadobia,"Ola, somente essa cor. Selecionamos sempre uma unica para estar aqui no Curadobia",instagram_zip,inbox/lucianunes_1675711197160251/message_1.json,time,2025-04-10,,False,pt,1.0,"Ola, somente essa cor. Selecionamos sempre uma unica para estar aqui no Curadobia",ola soment cor selecion sempr unic est,7
2024-07-19 18:33:30.158,Curadobia,"Olá Gabriela, boa tarde! Tudo bem?",instagram_zip,inbox/gabrielacamposcostabarbosa_1468528951212895/message_1.json,time,2024-07-19,,False,pt,1.0,"Olá Gabriela, boa tarde! Tudo bem?",gabriel bem,2
2025-01-22 22:12:00.000,gammbar_17986101380788437,"olá pessoal, como vão? meu nome é ana e trabalho junto com a bia paes de barros no curadobia.com.br o curadobia é um marketplace que nasceu com o propósito de reunir em um só lugar peças que fazem toda a diferença no armário e ao mesmo tempo são fáceis de usar: os chamados neutros com tcharanz. acreditamos que a gammba super se conecta com essa proposta. com quem poderia conversar para falar mais sobre? aguardo vocês!",instagram_csv,Consolidação das mensagens do INSTAGRAM.csv,time,2025-01-22,,False,pt,1.0,"olá pessoal, como vão? meu nome é ana e trabalho junto com a bia paes de barros no curadobia.com.br o curadobia é um marketplace que nasceu com o propósito de reunir em um só lugar peças que fazem toda a diferença no armário e ao mesmo tempo são fáceis de usar: os chamados neutros com tcharanz. acreditamos que a gammba super se conecta com essa proposta. com quem poderia conversar para falar mais sobre? aguardo vocês!",pessoal vão br marketplac nasc propósit reun só lug peç faz tod diferenç armári mesm temp são fácel us cham neutr tcharanz acredit gammb sup conect propost qu pod convers fal aguard,32
2024-09-05 12:15:00.000,cristinalanzo_1523788549016871,🥰🥰,instagram_csv,Consolidação das mensagens do INSTAGRAM.csv,time,2024-09-05,,False,und,0.0,🥰🥰,,0
2024-08-05 20:26:46.199,Curadobia,Aqui a tabela certinha mas já estamos com o pessoal técnico corrigindo esse erro,instagram_zip,inbox/mariaangelicamonteiro_1478766313518715/message_1.json,time,2024-08-05,,False,pt,1.0,Aqui a tabela certinha mas já estamos com o pessoal técnico corrigindo esse erro,tabel cert pessoal técn corrig err,6
2025-05-10 14:25:32.549,Curadobia,Pedimos desculpas pelo transtorno.,instagram_zip,inbox/priscillaburity_1551156166270890/message_1.json,time,2025-05-10,,False,es,1.0,Pedimos desculpas pelo transtorno.,,0
2024-11-08 18:47:00.000,brendaluchese_1482641736467533,olha que legal essa ideia,instagram_csv,Consolidação das mensagens do INSTAGRAM.csv,time,2024-11-08,,False,ca,1.0,olha que legal essa ideia,,0
2024-08-04 22:48:48.163,Curadobia,"Ola Vanilda, segue os detalhes aqui",instagram_zip,inbox/vanildamarins_1386993822703811/message_1.json,time,2024-08-04,,False,pt,1.0,"Ola Vanilda, segue os detalhes aqui",ola vanild seg detalh,4
2025-01-31 16:55:02.857,Curadobia,"Olá pessoal, como vão? Meu nome é Ana e trabalho junto com a Bia Paes de Barros no CURADOBIA.COM.BR O Curadobia é um marketplace que nasceu com o propósito de reunir em um só lugar peças que fazem toda a diferença no armário e ao mesmo tempo são fáceis de usar: os chamados neutros com tcharanz. Acreditamos que a L*Dnim super se conecta com essa proposta. Com quem poderia conversar para falar mais sobre? Aguardo vocês!",instagram_zip,inbox/ldnim_1477560640297203/message_1.json,time,2025-01-31,,False,pt,1.0,"Olá pessoal, como vão? Meu nome é Ana e trabalho junto com a Bia Paes de Barros no CURADOBIA.COM.BR O Curadobia é um marketplace que nasceu com o propósito de reunir em um só lugar peças que fazem toda a diferença no armário e ao mesmo tempo são fáceis de usar: os chamados neutros com tcharanz. Acreditamos que a L*Dnim super se conecta com essa proposta. Com quem poderia conversar para falar mais sobre? Aguardo vocês!",pessoal vão br marketplac nasc propósit reun só lug peç faz tod diferenç armári mesm temp são fácel us cham neutr tcharanz acredit dnim sup conect propost qu pod convers fal aguard,32
2025-04-03 15:17:57.981,Curadobia,"Bom dia! Tudo bem? Que bom receber sua mensagem, Adriana! Aqui é Ana, do time do Curadobia. Esse conjunto também será um lançamento do Curadobia😍 Assim que ele estiver disponível no site, pode ficar tranquila que vou te avisar!",instagram_zip,inbox/adrianacarlaramosmartino_1642176510517548/message_1.json,time,2025-04-03,,False,pt,1.0,"Bom dia! Tudo bem? Que bom receber sua mensagem, Adriana! Aqui é Ana, do time do Curadobia. Esse conjunto também será um lançamento do Curadobia😍 Assim que ele estiver disponível no site, pode ficar tranquila que vou te avisar!",bem receb adri tim conjunt ser lanç assim estiv dispon pod fic tranquil te avis,15
2025-04-04 13:58:37.084,Curadobia,https://www.curadobia.com.br/d-aura/produto/calca-tech-d-aura,instagram_zip,inbox/drarenatacavalheirooftalmologista_17994685604788437/message_1.json,time,2025-04-04,,False,und,0.0,https://www.curadobia.com.br/d-aura/produto/calca-tech-d-aura,http www br aur produt calc tech aur,8
2025-03-28 11:20:00.000,juliennebini_1644010466992670,"bom dia, julienne, como vai? conseguiu analisar a seleção que fiz especificamente para você e sua cliente?",instagram_csv,Consolidação das mensagens do INSTAGRAM.csv,time,2025-03-28,,False,pt,1.0,"bom dia, julienne, como vai? conseguiu analisar a seleção que fiz especificamente para você e sua cliente?",julienn vai consegu analis seleç fiz especific client,8
2025-01-20 15:24:36.037,Bia Paes de Barros,https://revistamarieclaire.globo.com/moda/noticia/2024/08/bia-paes-de-barros-usa-expertise-em-consultoria-de-moda-e-lanca-curadoria-de-pecas-em-site-de-garimpo.ghtml?fbclid=PAZXh0bgNhZW0CMTEAAabToOQ7rfT69-14p2vEwWIwwNDqxvDl2MR4HKmRLgelVmjRi66dZ7P8__4_aem_r0oJw7sURovB9xnwNdzvWQ,instagram_zip,inbox/biapaesdebarros_1418872999507501/message_1.json,time,2025-01-20,,False,und,0.0,https://revistamarieclaire.globo.com/moda/noticia/2024/08/bia-paes-de-barros-usa-expertise-em-consultoria-de-moda-e-lanca-curadoria-de-pecas-em-site-de-garimpo.ghtml?fbclid=PAZXh0bgNhZW0CMTEAAabToOQ7rfT69-14p2vEwWIwwNDqxvDl2MR4HKmRLgelVmjRi66dZ7P8__4_aem_r0oJw7sURovB9xnwNdzvWQ,http revistamariecla glob mod notic usa expertis consult mod lanc curad pec garimp ghtml fbclid,15
2025-03-18 11:43:00.000,akarinnesantos_1445923513458484,"oii karinne! tudo bem? aqui quem fala é a ana, do time curadobia. você acredita que estive olhando todos os dias desde que você demonstrou interesse se a nossa saia única voltaria ao estoque e somente hoje isso aconteceu? ela é a queridinha das nossas clientes e tem acabado rápido, então espero que consiga aproveitar essa oportunidade. te encaminho o link para o acesso dela:",instagram_csv,Consolidação das mensagens do INSTAGRAM.csv,time,2025-03-18,,False,pt,1.0,"oii karinne! tudo bem? aqui quem fala é a ana, do time curadobia. você acredita que estive olhando todos os dias desde que você demonstrou interesse se a nossa saia única voltaria ao estoque e somente hoje isso aconteceu? ela é a queridinha das nossas clientes e tem acabado rápido, então espero que consiga aproveitar essa oportunidade. te encaminho o link para o acesso dela:",oii karinn bem qu fal tim acredit estiv olh tod dia desd demonstr inter noss sai únic volt estoqu soment acontec querid noss client acab rápid esper consig aprove oportun te enc acess,33
2024-10-29 13:41:33.138,Curadobia,"Olá, Adriana, tudo bem? Te encaminhamos uma mensagem pelo seu WhatsApp. Obrigada por ter entrado em contato conosco!",instagram_zip,inbox/adrianaleitecarvalho_1482715956452409/message_1.json,time,2024-10-29,,False,pt,1.0,"Olá, Adriana, tudo bem? Te encaminhamos uma mensagem pelo seu WhatsApp. Obrigada por ter entrado em contato conosco!",adri bem te encaminh seu whatsapp entr conosc,8
2024-09-29 21:34:09.000,Curadobia,Elas estarão no Curadobia a partir de outubro 😉,instagram_zip,inbox/serreluzentelilianmazoni_17970941771788437/message_1.json,time,2024-09-29,,False,pt,1.0,Elas estarão no Curadobia a partir de outubro 😉,est part outubr,3
2025-03-28 11:20:00.000,juliennebini_1644010466992670,qualquer coisa me avisa 💕,instagram_csv,Consolidação das mensagens do INSTAGRAM.csv,time,2025-03-28,,False,ca,1.0,qualquer coisa me avisa 💕,,0
2025-05-08 09:48:00.000,monicabotelho_1743659443700174,ah que otimo monica! deve ter ficado incrível com toda a sua bossa,instagram_csv,Consolidação das mensagens do INSTAGRAM.csv,time,2025-05-08,,False,pt,1.0,ah que otimo monica! deve ter ficado incrível com toda a sua bossa,ah otim monic dev fic incr tod boss,8
2024-08-08 17:26:00.000,marifleury_1341040303950108,"oi mari! boa tarde. ah que ótimo, combinado então. fico muito feliz que o conjunto tenha ficado bacana. conta com a gente para o que precisar. grande abraço, aproveite o final de semana! torcendo para baixar um pouco a temperatura 😊",instagram_csv,Consolidação das mensagens do INSTAGRAM.csv,time,2024-08-08,,False,pt,1.0,"oi mari! boa tarde. ah que ótimo, combinado então. fico muito feliz que o conjunto tenha ficado bacana. conta com a gente para o que precisar. grande abraço, aproveite o final de semana! torcendo para baixar um pouco a temperatura 😊",mar ah ótim combin fic muit feliz conjunt tenh fic bacan cont gent precis grand abraç aproveit final seman torc baix pouc temperat,23
2025-04-04 10:58:00.000,drarenatacavalheirooftalmologista_17994685604788437,"com relação a calça, nós temos essas duas opções que penso que vc pode gostar",instagram_csv,Consolidação das mensagens do INSTAGRAM.csv,time,2025-04-04,,False,pt,1.0,"com relação a calça, nós temos essas duas opções que penso que vc pode gostar",relaç calç tem ess dua opç pens pod gost,9
2025-03-14 17:15:46.544,Curadobia,"Oi Patricia! Tudo bem? Obrigada pela sua mensagem. Infelizmente não temos mais essa calça disponível no nosso mix, mas temos diversos produtos únicos e selecionados pela Bia Paes de Barros. O que acha dessas opções:",instagram_zip,inbox/patriciadiasfernandes_1574554687269048/message_1.json,time,2025-03-14,,False,pt,1.0,"Oi Patricia! Tudo bem? Obrigada pela sua mensagem. Infelizmente não temos mais essa calça disponível no nosso mix, mas temos diversos produtos únicos e selecionados pela Bia Paes de Barros. O que acha dessas opções:",patric bem infeliz tem calç dispon noss mix tem divers produt únic selecion ach dess opç,16
2025-05-04 17:13:00.000,juliamolina_1668498281217934,obrigada ❤️,instagram_csv,Consolidação das mensagens do INSTAGRAM.csv,time,2025-05-04,,False,so,1.0,obrigada ❤️,,0
2024-12-01 13:53:28.368,Curadobia,"Ola Adriana, td bem? Pode escolher a P. Atendera sua numeração tranquilamente. Obrigada Time Curadobia ✨",instagram_zip,inbox/adrianabaggio_1548234183236785/message_1.json,time,2024-12-01,,False,pt,1.0,"Ola Adriana, td bem? Pode escolher a P. Atendera sua numeração tranquilamente. Obrigada Time Curadobia ✨",ola adri td bem pod escolh atend numer tranquil tim,10
2025-01-22 22:23:00.000,nayu_1399659314752025,"olá pessoal, como vão? meu nome é ana e trabalho junto com a bia paes de barros no curadobia.com.br o curadobia é um marketplace que nasceu com o propósito de reunir em um só lugar peças que fazem toda a diferença no armário e ao mesmo tempo são fáceis de usar: os chamados neutros com tcharanz. acreditamos que a natu super se conecta com essa proposta. com quem poderia conversar para falar mais sobre? aguardo vocês!",instagram_csv,Consolidação das mensagens do INSTAGRAM.csv,time,2025-01-22,,False,pt,1.0,"olá pessoal, como vão? meu nome é ana e trabalho junto com a bia paes de barros no curadobia.com.br o curadobia é um marketplace que nasceu com o propósito de reunir em um só lugar peças que fazem toda a diferença no armário e ao mesmo tempo são fáceis de usar: os chamados neutros com tcharanz. acreditamos que a natu super se conecta com essa proposta. com quem poderia conversar para falar mais sobre? aguardo vocês!",pessoal vão br marketplac nasc propósit reun só lug peç faz tod diferenç armári mesm temp são fácel us cham neutr tcharanz acredit natu sup conect propost qu pod convers fal aguard,32
2025-04-08 11:12:00.000,adrianacaldas_1576334630421098,https://www.curadobia.com.br/fernanda-yamamoto/produto/macac%c3%83o-pra-frentex%20,instagram_csv,Consolidação das mensagens do INSTAGRAM.csv,time,2025-04-08,,False,ca,1.0,https://www.curadobia.com.br/fernanda-yamamoto/produto/macac%c3%83o-pra-frentex%20,,0
2024-10-18 22:44:29.232,Curadobia,Olá Marilene boa noite! Tudo bem?,instagram_zip,inbox/marileneludwig_1499274198130230/message_1.json,time,2024-10-18,,False,pt,1.0,Olá Marilene boa noite! Tudo bem?,marilen bem,2
2025-02-19 17:51:10.318,Curadobia,"Oi, Ana, tudo bem? Na época o pessoal da D-aura te instruiu que iriam retirar na sua portaria?",instagram_zip,inbox/analepsch_1529949501731576/message_1.json,time,2025-02-19,,False,pt,1.0,"Oi, Ana, tudo bem? Na época o pessoal da D-aura te instruiu que iriam retirar na sua portaria?",bem époc pessoal aur te instru iri retir port,9
2025-01-15 18:20:12.956,Curadobia,"Milene, perguntamos para a Bia e ela te indicou comprar o tamanho 0 dessa jaqueta por você não estar acostumada a roupas oversized. O que acha?🙂",instagram_zip,inbox/somimimi_1616993523032137/message_1.json,time,2025-01-15,,False,pt,1.0,"Milene, perguntamos para a Bia e ela te indicou comprar o tamanho 0 dessa jaqueta por você não estar acostumada a roupas oversized. O que acha?🙂",milen pergunt te indic compr tamanh dess jaquet est acostum roup oversized ach,13
2024-11-25 11:05:00.000,annamariaassafmvmarotta_1563808915012762,"oi, anna!! que bom receber uma mensagem sua! feliz que gostou da sandália, ela é uma das queridinhas aqui no curadobia💕 vou te encaminhar o link dela!",instagram_csv,Consolidação das mensagens do INSTAGRAM.csv,time,2024-11-25,,False,pt,1.0,"oi, anna!! que bom receber uma mensagem sua! feliz que gostou da sandália, ela é uma das queridinhas aqui no curadobia💕 vou te encaminhar o link dela!",ann receb feliz gost sandál querid te encaminh,8
2024-10-04 10:54:00.000,denizefreitas_1447995079924321,"olá! bom dia, denize, tudo bem? estamos repondo o estoque da nossa calça quentinha e por isso ela está temporariamente indisponível no nosso site. assim que ela retornar, te avisamos!! estamos à disposição para qualquer dúvida! obrigada por ter entrado em contato conosco!💕",instagram_csv,Consolidação das mensagens do INSTAGRAM.csv,time,2024-10-04,,False,pt,1.0,"olá! bom dia, denize, tudo bem? estamos repondo o estoque da nossa calça quentinha e por isso ela está temporariamente indisponível no nosso site. assim que ela retornar, te avisamos!! estamos à disposição para qualquer dúvida! obrigada por ter entrado em contato conosco!💕",deniz bem rep estoqu noss calç quent tempor indispon noss assim retorn te avis dispos dúv entr conosc,18
2025-04-07 14:02:00.000,liviafogaca_1578166493585832,"oi, livia! boa tarde! ana aqui. você conseguiu dar uma olhada na jaqueta? qualquer coisa sigo aqui para o que você precisar viu?",instagram_csv,Consolidação das mensagens do INSTAGRAM.csv,time,2025-04-07,,False,pt,1.0,"oi, livia! boa tarde! ana aqui. você conseguiu dar uma olhada na jaqueta? qualquer coisa sigo aqui para o que você precisar viu?",liv consegu dar olh jaquet cois precis viu,8
2024-11-11 15:37:00.000,sheilacourte_1562904038438275,"sheila, essa foi a tabela passada para nós pela marca, estamos em contato com eles para ter exatamente a medida do quadril, inclusive, obrigada pela pergunta, pois com ela vamos atualizar o nosso site. mas podemos te adiantar que ele tem uma estrutura folgada no quadril, então acreditamos que ele vai dar certo para ti no tamanho 42. para te passar outra base, nas fotos do produto no nosso site, a bia está vestindo o tamanho 38.",instagram_csv,Consolidação das mensagens do INSTAGRAM.csv,time,2024-11-11,,False,pt,1.0,"sheila, essa foi a tabela passada para nós pela marca, estamos em contato com eles para ter exatamente a medida do quadril, inclusive, obrigada pela pergunta, pois com ela vamos atualizar o nosso site. mas podemos te adiantar que ele tem uma estrutura folgada no quadril, então acreditamos que ele vai dar certo para ti no tamanho 42. para te passar outra base, nas fotos do produto no nosso site, a bia está vestindo o tamanho 38.",sheil tabel pass marc exat med quadril inclusiv pergunt poi vam atual noss pod te adiant estrut folg quadril acredit vai dar cert ti tamanh te pass outr bas fot produt noss vest tamanh,34
2025-01-27 12:48:03.646,Curadobia,"Olá, obrigada!",instagram_zip,inbox/gammbar_17986101380788437/message_1.json,time,2025-01-27,,False,pt,1.0,"Olá, obrigada!",,0
2025-03-18 14:44:02.119,Curadobia,Sigo aqui pra o que você precisar 💕,instagram_zip,inbox/akarinnesantos_1445923513458484/message_1.json,time,2025-03-18,,False,pt,1.0,Sigo aqui pra o que você precisar 💕,precis,1
2025-03-31 17:45:00.000,gabrielasalesoncologia_1619954876063287,qualquer coisa sigo aqui💕,instagram_csv,Consolidação das mensagens do INSTAGRAM.csv,time,2025-03-31,,False,ca,1.0,qualquer coisa sigo aqui💕,,0
2024-12-01 10:53:00.000,adrianabaggio_1548234183236785,"ola adriana, td bem? pode escolher a p. atendera sua numeração tranquilamente. obrigada time curadobia ✨",instagram_csv,Consolidação das mensagens do INSTAGRAM.csv,time,2024-12-01,,False,pt,1.0,"ola adriana, td bem? pode escolher a p. atendera sua numeração tranquilamente. obrigada time curadobia ✨",ola adri td bem pod escolh atend numer tranquil tim,10
2024-10-15 08:55:00.000,amandaoliveira_1472616584131311,"olá amanda, bom dia! peço desculpas pela demora mas o nosso pessoa técnico ainda não conseguiu simular um erro igual ao que ocorreu com voce. por isso a demora em lhe retornar",instagram_csv,Consolidação das mensagens do INSTAGRAM.csv,time,2024-10-15,,False,pt,1.0,"olá amanda, bom dia! peço desculpas pela demora mas o nosso pessoa técnico ainda não conseguiu simular um erro igual ao que ocorreu com voce. por isso a demora em lhe retornar",amand peç desculp dem noss pesso técn aind consegu simul err igual ocorr voc dem lhe retorn,17
2025-04-10 16:39:00.000,lucianunes_1675711197160251,https://www.curadobia.com.br/d-aura/produto/calca-facinha,instagram_csv,Consolidação das mensagens do INSTAGRAM.csv,time,2025-04-10,,False,und,0.0,https://www.curadobia.com.br/d-aura/produto/calca-facinha,http www br aur produt calc fac,7
2025-04-01 18:12:51.139,Curadobia,https://www.curadobia.com.br/nauanin/produto/jaqueta-bacanuda,instagram_zip,inbox/liviafogaca_1578166493585832/message_1.json,time,2025-04-01,,False,und,0.0,https://www.curadobia.com.br/nauanin/produto/jaqueta-bacanuda,http www br nauanin produt jaquet bacanud,7
2025-03-31 17:45:00.000,gabrielasalesoncologia_1619954876063287,https://www.curadobia.com.br,instagram_csv,Consolidação das mensagens do INSTAGRAM.csv,time,2025-03-31,,False,und,0.0,https://www.curadobia.com.br,http www br,3
2025-01-14 17:58:25.491,Curadobia,"Claudia, pedido confirmado! Foi uma regata nadadora, tamanho M da MyBasic, correto? Esperamos que você adore sua compra💕",instagram_zip,inbox/claudiacacadiniz_1600450594681667/message_1.json,time,2025-01-14,,False,pt,1.0,"Claudia, pedido confirmado! Foi uma regata nadadora, tamanho M da MyBasic, correto? Esperamos que você adore sua compra💕",claud ped confirm regat nad tamanh mybasic corret esper ador compr,11
2025-04-16 13:16:52.554,Curadobia,Obrigada por ser nossa cliente!,instagram_zip,inbox/mariaangeladoamaralgurgelvianna_1718960822836073/message_1.json,time,2025-04-16,,False,pt,1.0,Obrigada por ser nossa cliente!,ser noss client,3
2025-01-10 17:00:48.171,Curadobia,"Qualquer outra dúvida, seguimos aqui💕",instagram_zip,inbox/fabianasilva_1580074453387368/message_1.json,time,2025-01-10,,False,pt,1.0,"Qualquer outra dúvida, seguimos aqui💕",outr dúv segu,3
2024-10-18 14:51:00.000,sandrameiraestrategistavisual_1502413017817296,"segue o link dele! qualquer dúvida ou questão, estamos à disposição! obrigada por nos acompanhar! equipe curadobia 💕",instagram_csv,Consolidação das mensagens do INSTAGRAM.csv,time,2024-10-18,,False,pt,1.0,"segue o link dele! qualquer dúvida ou questão, estamos à disposição! obrigada por nos acompanhar! equipe curadobia 💕",seg dúv quest dispos acompanh,5
2024-11-11 13:07:13.444,Curadobia,É só clicar nessa mensagem com a imagem que lhe mandei! Qualquer outra questão pode nos contatar! Estamos à disposição! Equipe Curadobia💕,instagram_zip,inbox/sheilacourte_1562904038438275/message_1.json,time,2024-11-11,,False,pt,1.0,É só clicar nessa mensagem com a imagem que lhe mandei! Qualquer outra questão pode nos contatar! Estamos à disposição! Equipe Curadobia💕,só clic ness imag lhe mand outr quest pod contat dispos,11
2025-02-14 15:47:48.116,Curadobia,Seguimos a disposição para o que precisar!,instagram_zip,inbox/joanaribeirojoe_1675401250526148/message_1.json,time,2025-02-14,,False,pt,1.0,Seguimos a disposição para o que precisar!,segu dispos precis,3
2025-03-24 11:19:00.000,alessandracc_1591478398910903,https://www.curadobia.com.br/lounge-39/produto/blusa-pah,instagram_csv,Consolidação das mensagens do INSTAGRAM.csv,time,2025-03-24,,False,und,0.0,https://www.curadobia.com.br/lounge-39/produto/blusa-pah,http www br loung produt blus pah,7
2024-10-16 15:59:00.000,amandaoliveira_1472616584131311,"oi amanda, nossas sinceras desculpas por todo esse ocorrido. somos um marketplace com operações a todo vapor e infelizmente não estamos livres de erros técnicos e tecnológicos acontecerem☹️. checamos com a marca e por enquanto estamos com o tamanho 2 e 3 prontos para a venda. seguimos à disposição para te auxiliar em todas as dúvidas e questões necessárias aqui com a gente! como seu cadastro está certinho, acredito que não teremos mais essa situação ocorrendo! obrigada por estar conosco! equipe curadobia💕 (edited)",instagram_csv,Consolidação das mensagens do INSTAGRAM.csv,time,2024-10-16,,False,pt,1.0,"oi amanda, nossas sinceras desculpas por todo esse ocorrido. somos um marketplace com operações a todo vapor e infelizmente não estamos livres de erros técnicos e tecnológicos acontecerem☹️. checamos com a marca e por enquanto estamos com o tamanho 2 e 3 prontos para a venda. seguimos à disposição para te auxiliar em todas as dúvidas e questões necessárias aqui com a gente! como seu cadastro está certinho, acredito que não teremos mais essa situação ocorrendo! obrigada por estar conosco! equipe curadobia💕 (edited)",amand noss sinc desculp tod ocorr som marketplac oper tod vap infeliz livr err técn tecnológ acontec chec marc enquant tamanh pront vend segu dispos te auxili tod dúv quest necessár gent seu cadastr cert acredit ter situ ocorr est conosc edited,42
2025-01-30 10:39:00.000,estudiobuero_1599817664749761,"olá, tudo bem? bom dia! como funciona o orçamento de studios com vocês, por favor?",instagram_csv,Consolidação das mensagens do INSTAGRAM.csv,time,2025-01-30,,False,pt,1.0,"olá, tudo bem? bom dia! como funciona o orçamento de studios com vocês, por favor?",bem func orç studi favor,5
2024-07-23 17:21:00.000,queensgate_17961981233788437,que aí já envio um invite,instagram_csv,Consolidação das mensagens do INSTAGRAM.csv,time,2024-07-23,,False,pt,1.0,que aí já envio um invite,aí envi invit,3
2025-05-09 11:26:00.000,17998336169788437,"olá anna, bom dia! seu produto vou enviado dia 08/05. você consegue acompanhar tudo pelo codigo de rastreio abaixo",instagram_csv,Consolidação das mensagens do INSTAGRAM.csv,time,2025-05-09,,False,pt,1.0,"olá anna, bom dia! seu produto vou enviado dia 08/05. você consegue acompanhar tudo pelo codigo de rastreio abaixo",ann seu produt conseg acompanh codig rastrei abaix,8
2025-04-16 10:15:00.000,mariaangeladoamaralgurgelvianna_1718960822836073,que bom receber mensagem tua!,instagram_csv,Consolidação das mensagens do INSTAGRAM.csv,time,2025-04-16,,False,pt,1.0,que bom receber mensagem tua!,receb tua,2
2025-04-04 10:58:00.000,drarenatacavalheirooftalmologista_17994685604788437,mas temos varias opções! qualquer coisa sigo aqui para te auxiliar💕,instagram_csv,Consolidação das mensagens do INSTAGRAM.csv,time,2025-04-04,,False,pt,1.0,mas temos varias opções! qualquer coisa sigo aqui para te auxiliar💕,tem var opç cois te auxili,6
2024-10-21 17:01:44.920,Curadobia,"Olá, gostaríamos de orçar com vocês o aluguel de algumas peças/objetos de vocês para um dia de evento que vamos fazer. É possível? Obrigada desde já!",instagram_zip,inbox/elitestockbr_1604440824286483/message_1.json,time,2024-10-21,,False,pt,1.0,"Olá, gostaríamos de orçar com vocês o aluguel de algumas peças/objetos de vocês para um dia de evento que vamos fazer. É possível? Obrigada desde já!",gost orç aluguel algum peç objet event vam possível desd,10
2024-08-08 20:26:29.969,Curadobia,"Oi Mari! Boa tarde. Ah que ótimo, combinado então. Fico muito feliz que o conjunto tenha ficado bacana. Conta com a gente para o que precisar. Grande abraço, aproveite o final de semana! Torcendo para baixar um pouco a temperatura 😊",instagram_zip,inbox/marifleury_1341040303950108/message_1.json,time,2024-08-08,,False,pt,1.0,"Oi Mari! Boa tarde. Ah que ótimo, combinado então. Fico muito feliz que o conjunto tenha ficado bacana. Conta com a gente para o que precisar. Grande abraço, aproveite o final de semana! Torcendo para baixar um pouco a temperatura 😊",mar ah ótim combin fic muit feliz conjunt tenh fic bacan cont gent precis grand abraç aproveit final seman torc baix pouc temperat,23
2024-07-19 15:49:00.000,tiagorodrigues_17961513431788437,"claro, pode enviar para nosso e-mail contato.curadobia@gmail.com",instagram_csv,Consolidação das mensagens do INSTAGRAM.csv,time,2024-07-19,,False,pt,1.0,"claro, pode enviar para nosso e-mail contato.curadobia@gmail.com",clar pod envi noss mail gmail,6
2024-09-26 11:30:00.000,mariellacarvalhoaires_1486724989389057,"bom dia mariella, td bem? que tamanho você costuma usar de parte de cima. camisas em especial?",instagram_csv,Consolidação das mensagens do INSTAGRAM.csv,time,2024-09-26,,False,pt,1.0,"bom dia mariella, td bem? que tamanho você costuma usar de parte de cima. camisas em especial?",mariell td bem tamanh costum us part cim camis espec,10
2024-10-20 11:23:00.000,francic_1541909887202294,aqui ou nas lojas da paula ferber,instagram_csv,Consolidação das mensagens do INSTAGRAM.csv,time,2024-10-20,,False,pt,1.0,aqui ou nas lojas da paula ferber,loj paul ferb,3
2024-11-21 10:25:00.000,marianagenta_1552323729495167,https://www.curadobia.com.br/revival-brasil/produto/body-arrumadao,instagram_csv,Consolidação das mensagens do INSTAGRAM.csv,time,2024-11-21,,False,und,0.0,https://www.curadobia.com.br/revival-brasil/produto/body-arrumadao,http www br reviv brasil produt body arrumada,8
2025-05-08 15:13:00.000,monicabotelho_1743659443700174,vamos super! ✨,instagram_csv,Consolidação das mensagens do INSTAGRAM.csv,time,2025-05-08,,False,lt,1.0,vamos super! ✨,,0
2024-10-22 23:34:01.361,Curadobia,Acho melhor sim. Esta um pouco certa demais,instagram_zip,inbox/andreamoraes_1490279695706989/message_1.json,time,2024-10-22,,False,pt,1.0,Acho melhor sim. Esta um pouco certa demais,ach melhor pouc cert demal,5
2025-05-19 13:27:22.437,Curadobia,https://www.curadobia.com.br/nauanin/produto/calca-relax,instagram_zip,inbox/marispoladorconsultoradeimagemeestilo_1674962710572265/message_1.json,time,2025-05-19,,False,und,0.0,https://www.curadobia.com.br/nauanin/produto/calca-relax,http www br nauanin produt calc relax,7
2025-04-08 11:16:00.000,studiodebeleza_1670067261055653,https://www.curadobia.com.br/fernanda-yamamoto/produto/macac%c3%83o-pra-frentex%20 www.curadobia.com.br,instagram_csv,Consolidação das mensagens do INSTAGRAM.csv,time,2025-04-08,,False,pt,1.0,https://www.curadobia.com.br/fernanda-yamamoto/produto/macac%c3%83o-pra-frentex%20 www.curadobia.com.br,http www br fernand yamamot produt macac frentex www br,10
2024-08-08 14:29:00.000,danycavalcanti_1481723446558270,imagina! estamos por aqui qualquer coisa que precisar!,instagram_csv,Consolidação das mensagens do INSTAGRAM.csv,time,2024-08-08,,False,ca,1.0,imagina! estamos por aqui qualquer coisa que precisar!,,0
2024-10-23 16:23:33.413,Curadobia,"Olá, Silvana! Boa tarde! Tudo bem? Estamos entrando em contato porque identificamos que há um tempo você demonstrou interesse nas sapatilhas da Bia, que apareceram em um dos nossos reels! Agora eles estão disponíveis no site do Curadobia! 😍😍 segue o link: https://www.curadobia.com.br/produtos/buscar?search=Paula+ferber Obrigada por nos acompanhar, Silvana! Qualquer dúvida, estamos à disposição! Equipe Curadobia 💕",instagram_zip,inbox/silvanapimenta_1572714660796289/message_1.json,time,2024-10-23,,False,pt,1.0,"Olá, Silvana! Boa tarde! Tudo bem? Estamos entrando em contato porque identificamos que há um tempo você demonstrou interesse nas sapatilhas da Bia, que apareceram em um dos nossos reels! Agora eles estão disponíveis no site do Curadobia! 😍😍 segue o link: https://www.curadobia.com.br/produtos/buscar?search=Paula+ferber Obrigada por nos acompanhar, Silvana! Qualquer dúvida, estamos à disposição! Equipe Curadobia 💕",silv bem entr identific há temp demonstr inter sapatilh aparec noss reel agor dispon seg http www br produt busc search paul ferb acompanh silv dúv dispos,27
2024-07-23 17:08:00.000,stellabastos_1459454448789012,"ah perfeito, 16h poderia ser?",instagram_csv,Consolidação das mensagens do INSTAGRAM.csv,time,2024-07-23,,False,pt,1.0,"ah perfeito, 16h poderia ser?",ah perfeit pod ser,4
2024-08-02 19:23:00.000,biapb_1487148742684349,"bia, eu terminei de subir os produtos porém acho que está com um delay. amanhã vou ver se terminou de atualizar. na plataforma tá tudo certinho (4 categorias que criei) com todo produtos, descrição, vídeos, etc",instagram_csv,Consolidação das mensagens do INSTAGRAM.csv,time,2024-08-02,,False,pt,1.0,"bia, eu terminei de subir os produtos porém acho que está com um delay. amanhã vou ver se terminou de atualizar. na plataforma tá tudo certinho (4 categorias que criei) com todo produtos, descrição, vídeos, etc",termin sub produt porém ach delay amanhã ver termin atual plataform tá cert categor cri tod produt descr víde etc,20
2025-04-07 16:57:54.599,Curadobia,"Oi, Karen! Que bom receber tua mensagem. Aqui é a Ana, faço parte do time Curadobia. Realmente nós ainda não trabalhamos com frete internacional 😭 Mas não deixe de pedir para alguém te levar nossas peças quando for te visitar! Várias clientes internacionais nossas fazem isso🙃",instagram_zip,inbox/karenpentecost_1630992461636325/message_1.json,time,2025-04-07,,False,pt,1.0,"Oi, Karen! Que bom receber tua mensagem. Aqui é a Ana, faço parte do time Curadobia. Realmente nós ainda não trabalhamos com frete internacional 😭 Mas não deixe de pedir para alguém te levar nossas peças quando for te visitar! Várias clientes internacionais nossas fazem isso🙃",karen receb tua faç part tim real aind trabalh fret internac deix ped alguém te lev noss peç for te visit vár client internac noss faz,26
2024-11-11 15:53:00.000,sheilacourte_1562904038438275,beleza! qualquer coisa estamos aqui😉,instagram_csv,Consolidação das mensagens do INSTAGRAM.csv,time,2024-11-11,,False,ca,1.0,beleza! qualquer coisa estamos aqui😉,,0
2025-01-14 17:40:44.226,Curadobia,Oi Claudia! Que mensagem boa! Ficamos felizes de você gostar dos nossos produtos. Vou confirmar sua compra e te aviso!,instagram_zip,inbox/claudiacacadiniz_1600450594681667/message_1.json,time,2025-01-14,,False,pt,1.0,Oi Claudia! Que mensagem boa! Ficamos felizes de você gostar dos nossos produtos. Vou confirmar sua compra e te aviso!,claud fic feliz gost noss produt confirm compr te avis,10
2024-10-31 19:48:39.173,Curadobia,Agradecemos o seu interesse e qualquer outra questão estamos à disposição! Equipe Curadobia 💕,instagram_zip,inbox/taniadecarvalho_1099324671584616/message_1.json,time,2024-10-31,,False,pt,1.0,Agradecemos o seu interesse e qualquer outra questão estamos à disposição! Equipe Curadobia 💕,agradec seu inter outr quest dispos,6
2024-10-15 11:55:14.094,Curadobia,"Olá Amanda, bom dia! Peço desculpas pela demora mas o nosso pessoa técnico ainda não conseguiu simular um erro igual ao que ocorreu com voce. Por isso a demora em lhe retornar",instagram_zip,inbox/amandaoliveira_1472616584131311/message_1.json,time,2024-10-15,,False,pt,1.0,"Olá Amanda, bom dia! Peço desculpas pela demora mas o nosso pessoa técnico ainda não conseguiu simular um erro igual ao que ocorreu com voce. Por isso a demora em lhe retornar",amand peç desculp dem noss pesso técn aind consegu simul err igual ocorr voc dem lhe retorn,17
2024-10-15 09:16:00.000,vansouza_1536417384419543,a bia irá gravar o vídeo e te enviar,instagram_csv,Consolidação das mensagens do INSTAGRAM.csv,time,2024-10-15,,False,pt,1.0,a bia irá gravar o vídeo e te enviar,irá grav víde te envi,5
2025-05-06 17:04:00.000,liviaparanagua_1699531728111784,"obrigada pela presença, livia!",instagram_csv,Consolidação das mensagens do INSTAGRAM.csv,time,2025-05-06,,False,pt,1.0,"obrigada pela presença, livia!",presenç liv,2
2024-10-23 16:13:45.117,Curadobia,"Olá, Sandra! Boa tarde! Tudo bem? Estamos entrando em contato porque identificamos que há um tempo você demonstrou interesse nos sapatos da Bia, que apareceram em um dos nossos reels! Agora eles estão disponíveis no site do Curadobia! 😍😍 segue o link: https://www.curadobia.com.br/produtos/buscar?search=Paula+ferber Obrigada por nos acompanhar, Sandra! Qualquer dúvida, estamos à disposição! Equipe Curadobia 💕",instagram_zip,inbox/sandrajankopsferito_1423596365711746/message_1.json,time,2024-10-23,,False,pt,1.0,"Olá, Sandra! Boa tarde! Tudo bem? Estamos entrando em contato porque identificamos que há um tempo você demonstrou interesse nos sapatos da Bia, que apareceram em um dos nossos reels! Agora eles estão disponíveis no site do Curadobia! 😍😍 segue o link: https://www.curadobia.com.br/produtos/buscar?search=Paula+ferber Obrigada por nos acompanhar, Sandra! Qualquer dúvida, estamos à disposição! Equipe Curadobia 💕",sandr bem entr identific há temp demonstr inter sapat aparec noss reel agor dispon seg http www br produt busc search paul ferb acompanh sandr dúv dispos,27
2025-05-07 14:15:49.231,Curadobia,Esse mesmo que te mandei acima,instagram_zip,inbox/17998336169788437/message_1.json,time,2025-05-07,,False,pt,1.0,Esse mesmo que te mandei acima,mesm te mand acim,4
2024-10-22 18:56:39.647,Curadobia,Ah que ótimo Monica! Esperamos que aproveite muito ela. E se quiser compartilhar com a gente os looks que criar com ela vamos amar ver!,instagram_zip,inbox/monicaximenes_1481934033209385/message_1.json,time,2024-10-22,,False,pt,1.0,Ah que ótimo Monica! Esperamos que aproveite muito ela. E se quiser compartilhar com a gente os looks que criar com ela vamos amar ver!,ah ótim monic esper aproveit muit quis compartilh gent look cri vam am ver,14
2024-07-19 15:34:00.000,gabrielacamposcostabarbosa_1468528951212895,verificamos com a marca responsável pelo envio a revival. o seu pedido sofreu um pequeno atraso que a marca me informou ter lhe comunicado por whatsapp,instagram_csv,Consolidação das mensagens do INSTAGRAM.csv,time,2024-07-19,,False,pt,1.0,verificamos com a marca responsável pelo envio a revival. o seu pedido sofreu um pequeno atraso que a marca me informou ter lhe comunicado por whatsapp,verific marc respons envi reviv seu ped sofr pequen atras marc inform lhe comunic whatsapp,15
2025-04-18 17:37:10.635,Curadobia,Vans 😉,instagram_zip,inbox/julianaandrade_1588946679161269/message_1.json,time,2025-04-18,,False,ca,1.0,Vans 😉,,0
2024-10-23 12:49:00.000,katiavaccaro_1634617797930218,https://www.curadobia.com.br/marcas/paula-ferber,instagram_csv,Consolidação das mensagens do INSTAGRAM.csv,time,2024-10-23,,False,und,0.0,https://www.curadobia.com.br/marcas/paula-ferber,http www br marc paul ferb,6
2025-01-21 17:22:57.111,Curadobia,Essa conta não pode receber sua mensagem porque não aceita novas solicitações de contato de todos.,instagram_zip,inbox/aaurora_1599151801479026/message_1.json,time,2025-01-21,,False,pt,1.0,Essa conta não pode receber sua mensagem porque não aceita novas solicitações de contato de todos.,cont pod receb aceit nov solicit tod,7
2024-08-28 08:43:37.393,Curadobia,"Ola Dany, podemos ajudar sim claro",instagram_zip,inbox/danycavalcanti_1481723446558270/message_1.json,time,2024-08-28,,False,ca,1.0,"Ola Dany, podemos ajudar sim claro",,0
2024-10-20 16:38:36.234,Curadobia,Super normal a forma,instagram_zip,inbox/andreamoraes_1490279695706989/message_1.json,time,2024-10-20,,False,pt,1.0,Super normal a forma,sup norm form,3
2024-10-23 13:23:00.000,silvanapimenta_1572714660796289,"olá, silvana! boa tarde! tudo bem? estamos entrando em contato porque identificamos que há um tempo você demonstrou interesse nas sapatilhas da bia, que apareceram em um dos nossos reels! agora eles estão disponíveis no site do curadobia! 😍😍 segue o link: https://www.curadobia.com.br/produtos/buscar?search=paula+ferber obrigada por nos acompanhar, silvana! qualquer dúvida, estamos à disposição! equipe curadobia 💕",instagram_csv,Consolidação das mensagens do INSTAGRAM.csv,time,2024-10-23,,False,pt,1.0,"olá, silvana! boa tarde! tudo bem? estamos entrando em contato porque identificamos que há um tempo você demonstrou interesse nas sapatilhas da bia, que apareceram em um dos nossos reels! agora eles estão disponíveis no site do curadobia! 😍😍 segue o link: https://www.curadobia.com.br/produtos/buscar?search=paula+ferber obrigada por nos acompanhar, silvana! qualquer dúvida, estamos à disposição! equipe curadobia 💕",silv bem entr identific há temp demonstr inter sapatilh aparec noss reel agor dispon seg http www br produt busc search paul ferb acompanh silv dúv dispos,27
2024-09-29 21:32:41.923,Curadobia,Só entrar no site ou aqui no nosso perfil que tem a seleção completa,instagram_zip,inbox/glaussikoutroularis_1473048937420859/message_1.json,time,2024-09-29,,False,pt,1.0,Só entrar no site ou aqui no nosso perfil que tem a seleção completa,só entr noss perfil seleç complet,6
2024-09-02 16:09:00.000,fabi_1536650081066635,"ola, boa tarde! infelizmente não enviamos para fora do pais. mas aceitamos cartões internacionais com entrega em todo o brasil 😉",instagram_csv,Consolidação das mensagens do INSTAGRAM.csv,time,2024-09-02,,False,pt,1.0,"ola, boa tarde! infelizmente não enviamos para fora do pais. mas aceitamos cartões internacionais com entrega em todo o brasil 😉",ola infeliz envi for pal aceit cart internac entreg tod brasil,11
2024-10-29 10:41:00.000,adrianaleitecarvalho_1482715956452409,"olá, adriana, tudo bem? te encaminhamos uma mensagem pelo seu whatsapp. obrigada por ter entrado em contato conosco!",instagram_csv,Consolidação das mensagens do INSTAGRAM.csv,time,2024-10-29,,False,pt,1.0,"olá, adriana, tudo bem? te encaminhamos uma mensagem pelo seu whatsapp. obrigada por ter entrado em contato conosco!",adri bem te encaminh seu whatsapp entr conosc,8
2025-01-22 15:34:00.000,cristianerochalouresbrenner_1618482332882324,"oi cristiane, tudo bem? obrigada pelo seu contato. pode ficar tranquila, vamos verificar para você.",instagram_csv,Consolidação das mensagens do INSTAGRAM.csv,time,2025-01-22,,False,pt,1.0,"oi cristiane, tudo bem? obrigada pelo seu contato. pode ficar tranquila, vamos verificar para você.",cristian bem seu pod fic tranquil vam verific,8
2025-03-14 06:49:00.000,marialuizasouzapintosoeiro_1553485026047136,https://www.curadobia.com.br/cecillia-echenique/produto/pantalona-pah-pre-venda,instagram_csv,Consolidação das mensagens do INSTAGRAM.csv,time,2025-03-14,,False,und,0.0,https://www.curadobia.com.br/cecillia-echenique/produto/pantalona-pah-pre-venda,http www br cecill echeniqu produt pant pah pre vend,10
2024-10-23 13:08:00.000,driguilhermino_1551938026204835,"olá, dri! boa tarde! tudo bem? estamos entrando em contato porque identificamos que há um tempo você demonstrou interesse nas sandálias da bia, que apareceram em um dos nossos reels! agora eles estão disponíveis no site do curadobia! 😍😍 segue o link: https://www.curadobia.com.br/produtos/buscar?search=paula+ferber obrigada por nos acompanhar, dri! qualquer dúvida, estamos à disposição! equipe curadobia 💕",instagram_csv,Consolidação das mensagens do INSTAGRAM.csv,time,2024-10-23,,False,pt,1.0,"olá, dri! boa tarde! tudo bem? estamos entrando em contato porque identificamos que há um tempo você demonstrou interesse nas sandálias da bia, que apareceram em um dos nossos reels! agora eles estão disponíveis no site do curadobia! 😍😍 segue o link: https://www.curadobia.com.br/produtos/buscar?search=paula+ferber obrigada por nos acompanhar, dri! qualquer dúvida, estamos à disposição! equipe curadobia 💕",dri bem entr identific há temp demonstr inter sandál aparec noss reel agor dispon seg http www br produt busc search paul ferb acompanh dri dúv dispos,27
2024-07-19 18:40:59.751,Curadobia,"Gabriela entendo sua frustração e é completamente justificada. De fato a marca informou ter tido um pequeno problema de produção que não deverá mais ocorrer e por isso acabou enviando atrasado seu pedido. Sobre o meio de contato, estamos providenciando um número para atendimento WhatsApp, por hora estamos apenas com o e-mail mas muito em breve já deixaremos essa opção mais fácil para solução de qualquer problema",instagram_zip,inbox/gabrielacamposcostabarbosa_1468528951212895/message_1.json,time,2024-07-19,,False,pt,1.0,"Gabriela entendo sua frustração e é completamente justificada. De fato a marca informou ter tido um pequeno problema de produção que não deverá mais ocorrer e por isso acabou enviando atrasado seu pedido. Sobre o meio de contato, estamos providenciando um número para atendimento WhatsApp, por hora estamos apenas com o e-mail mas muito em breve já deixaremos essa opção mais fácil para solução de qualquer problema",gabriel ent frustr complet justific fat marc inform tid pequen problem produç dev ocorr acab envi atras seu ped mei providenci númer atend whatsapp hor apen mail muit brev deix opç fácil soluç problem,34
2025-01-27 09:48:00.000,gammbar_17986101380788437,"olá, obrigada!",instagram_csv,Consolidação das mensagens do INSTAGRAM.csv,time,2025-01-27,,False,pt,1.0,"olá, obrigada!",,0
2024-09-23 13:10:00.000,juliaodonnell_1522940142436774,"ola julia, isso mesmo. qualquer duvida nos avise por aqui ou pelo nosso whatsapp 😉",instagram_csv,Consolidação das mensagens do INSTAGRAM.csv,time,2024-09-23,,False,pt,1.0,"ola julia, isso mesmo. qualquer duvida nos avise por aqui ou pelo nosso whatsapp 😉",ola jul mesm duvid avis noss whatsapp,7
2024-08-05 20:20:31.464,Curadobia,"Olá, boa tarde! Tudo bem?",instagram_zip,inbox/mariaangelicamonteiro_1478766313518715/message_1.json,time,2024-08-05,,False,pt,1.0,"Olá, boa tarde! Tudo bem?",bem,1
2025-02-20 17:53:54.384,Curadobia,"Oi, Pri! Estão entrando muitas marcas incríveis novas no Curadobia. Porém, a Oysho não é uma delas😊",instagram_zip,inbox/prilima_1627775998620834/message_1.json,time,2025-02-20,,False,pt,1.0,"Oi, Pri! Estão entrando muitas marcas incríveis novas no Curadobia. Porém, a Oysho não é uma delas😊",pri entr muit marc incr nov porém oysh,8
2025-03-26 10:49:00.000,juliennebini_1644010466992670,"com certeza você irá encontrar peças ideais para o seu objetivo nesses links que te mandei, julienne! qualquer coisa eu sigo aqui para o que você precisar!💕",instagram_csv,Consolidação das mensagens do INSTAGRAM.csv,time,2025-03-26,,False,pt,1.0,"com certeza você irá encontrar peças ideais para o seu objetivo nesses links que te mandei, julienne! qualquer coisa eu sigo aqui para o que você precisar!💕",cert irá encontr peç ideal seu obje ness link te mand julienn cois precis,14
2025-04-16 10:16:00.000,mariaangeladoamaralgurgelvianna_1718960822836073,obrigada por ser nossa cliente!,instagram_csv,Consolidação das mensagens do INSTAGRAM.csv,time,2025-04-16,,False,pt,1.0,obrigada por ser nossa cliente!,ser noss client,3
2024-10-03 13:51:00.956,Curadobia,"Karyna, bom dia! Tudo bem? Desculpe a demora para o esclarecimento da dúvida! Como somos um marketolace, trabalhamos com marcas únicas e diferentes. Como cada uma tem a sua produção, optamos por entrar em contato com a marca parceira da calça ontem para confirmar sua dúvida e te responder da melhor maneira possível! A marca nos confirmou que as medidas do tamanho 1 estão corretas com a cintura e o quadril com a mesma medida mesmo. Isso ocorre pois como é uma peça produzida com elástico na cintura, ele acaba ficando na mesma medida do quadril se adequando ao formato do corpo que a usa. A única correção que já aproveitamos para fazer que a marca também nos informou foi que o tamanho 3 fa calça também deveria estar com a mesma medida na cintura e no quadril (110cm) pelo mesmo motivo. Já vamos corrigir isso no site! Qualquer outra questão estamos à disposição, Karyna! 💕",instagram_zip,inbox/karynacarvalhoaires_1535575451171487/message_1.json,time,2024-10-03,,False,pt,1.0,"Karyna, bom dia! Tudo bem? Desculpe a demora para o esclarecimento da dúvida! Como somos um marketolace, trabalhamos com marcas únicas e diferentes. Como cada uma tem a sua produção, optamos por entrar em contato com a marca parceira da calça ontem para confirmar sua dúvida e te responder da melhor maneira possível! A marca nos confirmou que as medidas do tamanho 1 estão corretas com a cintura e o quadril com a mesma medida mesmo. Isso ocorre pois como é uma peça produzida com elástico na cintura, ele acaba ficando na mesma medida do quadril se adequando ao formato do corpo que a usa. A única correção que já aproveitamos para fazer que a marca também nos informou foi que o tamanho 3 fa calça também deveria estar com a mesma medida na cintura e no quadril (110cm) pelo mesmo motivo. Já vamos corrigir isso no site! Qualquer outra questão estamos à disposição, Karyna! 💕",karyn bem desculp dem esclarec dúv som marketolac trabalh marc únic difer cad produç opt entr marc parc calç ont confirm dúv te respond melhor man possível marc confirm med tamanh corret cint quadril mesm med mesm ocorr poi peç produz elás cint acab fic mesm med quadril adequ format corp usa únic correç aproveit marc inform tamanh fa calç dev est mesm med cint quadril mesm motiv vam corrig outr quest dispos karyn,74
2024-08-05 17:22:00.000,mariaangelicamonteiro_1478766313518715,"claro envio sim, mas até para nós entendermos o que está ocorrendo com essa visualização. você está acessando pelo celular? que aí já direcionamos pra equipe técnica corrigir",instagram_csv,Consolidação das mensagens do INSTAGRAM.csv,time,2024-08-05,,False,pt,1.0,"claro envio sim, mas até para nós entendermos o que está ocorrendo com essa visualização. você está acessando pelo celular? que aí já direcionamos pra equipe técnica corrigir",clar envi entend ocorr visual acess celul aí direcion técn corrig,11
2024-12-09 10:51:00.000,alessandrafaro_1540136927381425,"bom dia, alessandra! acredito que te respondemos pelo whatsapp! mas aproveito para confirmar que, por enquanto, ela está disponível apenas no tamanho 2, que equivale a um tamanho m",instagram_csv,Consolidação das mensagens do INSTAGRAM.csv,time,2024-12-09,,False,pt,1.0,"bom dia, alessandra! acredito que te respondemos pelo whatsapp! mas aproveito para confirmar que, por enquanto, ela está disponível apenas no tamanho 2, que equivale a um tamanho m",alessandr acredit te respond whatsapp aproveit confirm enquant dispon apen tamanh equival tamanh,13
2024-09-04 20:55:09.470,Curadobia,"Olá Juliana, boa tarde! Tudo bem?",instagram_zip,inbox/julianacardoso_1540901883968951/message_1.json,time,2024-09-04,,False,pt,1.0,"Olá Juliana, boa tarde! Tudo bem?",juli bem,2
2025-05-07 13:52:28.517,Curadobia,"Oi, Paola! Como vai? Temos ela disponível do tamanho 38 ao 46!",instagram_zip,inbox/ooi_1676154893785804/message_1.json,time,2025-05-07,,False,pt,1.0,"Oi, Paola! Como vai? Temos ela disponível do tamanho 38 ao 46!",paol vai tem dispon tamanh,5
2025-01-09 17:59:28.597,Fabiana Silva,"Olá! Primeiramente quero dizer que a CuradoBia está fantástica! Vi que vários produtos estão indisponíveis no site, como a blusa pah e phyna por exemplo Tem alguma previsão de retorno ao estoque?",instagram_zip,inbox/fabianasilva_1580074453387368/message_1.json,time,2025-01-09,,False,pt,1.0,"Olá! Primeiramente quero dizer que a CuradoBia está fantástica! Vi que vários produtos estão indisponíveis no site, como a blusa pah e phyna por exemplo Tem alguma previsão de retorno ao estoque?",prime quer diz fant vi vári produt indispon blus pah phyn exempl algum previs retorn estoqu,16
2024-10-15 14:09:54.145,Curadobia,Amanda nosso pessoal técnico pediu (se possível) se cadastrar através desse link,instagram_zip,inbox/amandaoliveira_1472616584131311/message_1.json,time,2024-10-15,,False,pt,1.0,Amanda nosso pessoal técnico pediu (se possível) se cadastrar através desse link,amand noss pessoal técn ped possível cadastr através dess,9
2024-10-23 16:27:58.958,Curadobia,"Olá, Halanna! Boa tarde! Tudo bem? Estamos entrando em contato porque identificamos que há um tempo você demonstrou interesse nas sandálias da Bia, que apareceram em um dos nossos reels! Agora elas estão disponíveis no site do Curadobia! 😍😍 segue o link: https://www.curadobia.com.br/produtos/buscar?search=Paula+ferber Obrigada por nos acompanhar, Halanna! Qualquer dúvida, estamos à disposição! Equipe Curadobia 💕",instagram_zip,inbox/halannamarquesmamae_17974148750788437/message_1.json,time,2024-10-23,,False,pt,1.0,"Olá, Halanna! Boa tarde! Tudo bem? Estamos entrando em contato porque identificamos que há um tempo você demonstrou interesse nas sandálias da Bia, que apareceram em um dos nossos reels! Agora elas estão disponíveis no site do Curadobia! 😍😍 segue o link: https://www.curadobia.com.br/produtos/buscar?search=Paula+ferber Obrigada por nos acompanhar, Halanna! Qualquer dúvida, estamos à disposição! Equipe Curadobia 💕",halann bem entr identific há temp demonstr inter sandál aparec noss reel agor dispon seg http www br produt busc search paul ferb acompanh halann dúv dispos,27
2025-03-26 10:29:00.000,juliennebini_1644010466992670,claro! vou separar nossas opções disponíveis em tamanhos maiores e te mando aqui 💕,instagram_csv,Consolidação das mensagens do INSTAGRAM.csv,time,2025-03-26,,False,pt,1.0,claro! vou separar nossas opções disponíveis em tamanhos maiores e te mando aqui 💕,clar separ noss opç dispon tamanh mai te mand,9
2024-10-23 16:12:00.182,Curadobia,"Olá, Karyna! Boa tarde! Tudo bem? Estamos entrando em contato porque identificamos que há um tempo você demonstrou interesse nos sapatos da Bia, que apareceram em um dos nossos reels! Agora eles estão disponíveis no site do Curadobia! 😍😍 segue o link: https://www.curadobia.com.br/produtos/buscar?search=Paula+ferber Obrigada por nos acompanhar, Karyna! Qualquer dúvida, estamos à disposição! Equipe Curadobia 💕",instagram_zip,inbox/karynacarvalhoaires_1535575451171487/message_1.json,time,2024-10-23,,False,pt,1.0,"Olá, Karyna! Boa tarde! Tudo bem? Estamos entrando em contato porque identificamos que há um tempo você demonstrou interesse nos sapatos da Bia, que apareceram em um dos nossos reels! Agora eles estão disponíveis no site do Curadobia! 😍😍 segue o link: https://www.curadobia.com.br/produtos/buscar?search=Paula+ferber Obrigada por nos acompanhar, Karyna! Qualquer dúvida, estamos à disposição! Equipe Curadobia 💕",karyn bem entr identific há temp demonstr inter sapat aparec noss reel agor dispon seg http www br produt busc search paul ferb acompanh karyn dúv dispos,27
2025-05-05 11:35:39.490,Curadobia,Vai super! Vai amar essa peça,instagram_zip,inbox/juliamolina_1668498281217934/message_1.json,time,2025-05-05,,False,ca,1.0,Vai super! Vai amar essa peça,,0
2025-04-07 14:06:00.000,bahia_1665583491503875,"oi, livia! boa tarde! ana aqui. você conseguiu dar uma olhada na calça? qualquer coisa sigo aqui para o que você precisar viu?",instagram_csv,Consolidação das mensagens do INSTAGRAM.csv,time,2025-04-07,,False,pt,1.0,"oi, livia! boa tarde! ana aqui. você conseguiu dar uma olhada na calça? qualquer coisa sigo aqui para o que você precisar viu?",liv consegu dar olh calç cois precis viu,8
2024-09-22 22:47:27.361,Curadobia,É simples,instagram_zip,inbox/vansouza_1536417384419543/message_1.json,time,2024-09-22,,False,fr,1.0,É simples,,0
2024-08-05 18:07:00.000,mariaangelicamonteiro_1478766313518715,imagina!,instagram_csv,Consolidação das mensagens do INSTAGRAM.csv,time,2024-08-05,,False,tl,1.0,imagina!,,0
2024-10-18 19:00:29.399,Curadobia,"R$: 630,00",instagram_zip,inbox/ineiacunha_17973502382788437/message_1.json,time,2024-10-18,,False,ro,1.0,"R$: 630,00",,0
2025-03-06 13:48:00.000,suzaneemmerich_1634647511263711,"qualquer outra dúvida, sigo a disposição!",instagram_csv,Consolidação das mensagens do INSTAGRAM.csv,time,2025-03-06,,False,pt,1.0,"qualquer outra dúvida, sigo a disposição!",outr dúv dispos,3
2024-07-23 09:10:00.000,queensgate_17961981233788437,adorei as bolsas de vcs.,instagram_csv,Consolidação das mensagens do INSTAGRAM.csv,time,2024-07-23,,False,pt,1.0,adorei as bolsas de vcs.,ador bols vc,3
2024-10-29 17:21:37.375,Curadobia,Você não recebeu essa mensagem?,instagram_zip,inbox/adrianaleitecarvalho_1482715956452409/message_1.json,time,2024-10-29,,False,pt,1.0,Você não recebeu essa mensagem?,receb,1
2025-04-15 18:30:04.008,Curadobia,"Oi Adriana! Isso, ainda não está disponível pois ele é um modelo exclusivo de São Paulo Fashion Week. Inclusive fomos semana passada prestigiar a marca, Reptilia. Nossa previsão é que esteja disponível na proxima semana.",instagram_zip,inbox/adrianacarlaramosmartino_1642176510517548/message_1.json,time,2025-04-15,,False,pt,1.0,"Oi Adriana! Isso, ainda não está disponível pois ele é um modelo exclusivo de São Paulo Fashion Week. Inclusive fomos semana passada prestigiar a marca, Reptilia. Nossa previsão é que esteja disponível na proxima semana.",adri aind dispon poi model exclus são paul fashion week inclusiv seman pass prestigi marc reptil noss previs estej dispon prox seman,22
2024-10-22 18:57:30.944,Curadobia,"Olá Gloria, não temos, apenas vendas on-line no site www.curadobia.com.br",instagram_zip,inbox/glorianuccicamilo_1473008980754026/message_1.json,time,2024-10-22,,False,pt,1.0,"Olá Gloria, não temos, apenas vendas on-line no site www.curadobia.com.br",glor tem apen vend on lin www br,8
2024-09-26 17:50:00.725,Curadobia,http://wa.me/message/JN5HVDOBNZ2WK1,instagram_zip,inbox/mariellacarvalhoaires_1486724989389057/message_1.json,time,2024-09-26,,False,und,0.0,http://wa.me/message/JN5HVDOBNZ2WK1,http wa,2
2025-04-10 15:24:00.000,martinmedeiros100linho_17995358537788437,"olá, tudo bem? sobre qual funcionamento deseja saber?",instagram_csv,Consolidação das mensagens do INSTAGRAM.csv,time,2025-04-10,,False,pt,1.0,"olá, tudo bem? sobre qual funcionamento deseja saber?",bem funcion desej sab,4
2024-11-21 13:25:02.144,Curadobia,"Oi, Mariana! Bom dia😍 O que acha desse modelo que temos no Curadobia?",instagram_zip,inbox/marianagenta_1552323729495167/message_1.json,time,2024-11-21,,False,pt,1.0,"Oi, Mariana! Bom dia😍 O que acha desse modelo que temos no Curadobia?",mari ach dess model tem,5
2024-08-19 10:35:00.000,veraafonso_1480388266695788,"ola, td e vc?",instagram_csv,Consolidação das mensagens do INSTAGRAM.csv,time,2024-08-19,,False,it,1.0,"ola, td e vc?",,0
2025-01-15 18:12:56.027,Curadobia,Temos o vídeo nos nossos stories de hoje com a Bia usando ela! De uma olhada 😍,instagram_zip,inbox/somimimi_1616993523032137/message_1.json,time,2025-01-15,,False,pt,1.0,Temos o vídeo nos nossos stories de hoje com a Bia usando ela! De uma olhada 😍,tem víde noss stori us olh,6
2025-03-26 10:44:00.000,juliennebini_1644010466992670,todas as peças da mybasic e da lounge 39 possuem uma ampla grade: https://www.curadobia.com.br/categorias/mybasic https://www.curadobia.com.br/categorias/lounge-39 os produtos da cecilia possuem uma modelagem mais ampla: https://www.curadobia.com.br/produtos/buscar?search=cecilia alguns dos produtos da nauanin chegam até a numeração xxgg equivalendo a um 48: https://www.curadobia.com.br/categorias/nauanin,instagram_csv,Consolidação das mensagens do INSTAGRAM.csv,time,2025-03-26,,False,pt,1.0,todas as peças da mybasic e da lounge 39 possuem uma ampla grade: https://www.curadobia.com.br/categorias/mybasic https://www.curadobia.com.br/categorias/lounge-39 os produtos da cecilia possuem uma modelagem mais ampla: https://www.curadobia.com.br/produtos/buscar?search=cecilia alguns dos produtos da nauanin chegam até a numeração xxgg equivalendo a um 48: https://www.curadobia.com.br/categorias/nauanin,tod peç mybasic loung possu ampl grad http www br categor mybasic http www br categor loung produt cecil possu model ampl http www br produt busc search cecil algum produt nauanin cheg numer xxgg equival http www br categor nauanin,41
2024-10-22 15:58:00.000,glorianuccicamilo_1473008980754026,em breve divulgaremos mais a respeito. se quiser informar seu whats podemos ir te atualizando por lá o que acha?,instagram_csv,Consolidação das mensagens do INSTAGRAM.csv,time,2024-10-22,,False,pt,1.0,em breve divulgaremos mais a respeito. se quiser informar seu whats podemos ir te atualizando por lá o que acha?,brev divulg respeit quis inform seu what pod te atualiz ach,11
2024-09-23 11:23:00.000,juliahauck_1530657911661886,olá júlia bom dia! tudo bem?,instagram_csv,Consolidação das mensagens do INSTAGRAM.csv,time,2024-09-23,,False,sk,1.0,olá júlia bom dia! tudo bem?,,0
2024-12-03 21:42:51.225,Curadobia,Obrigada pela presença! Foi incrível te receber 🤍🖤,instagram_zip,inbox/arlindogrund_1418366236214937/message_1.json,time,2024-12-03,,False,pt,1.0,Obrigada pela presença! Foi incrível te receber 🤍🖤,presenç incr te receb,4
2025-04-25 10:25:00.000,adrianacarlaramosmartino_1642176510517548,https://www.curadobia.com.br/reptilia/produto/jaqueta-levissima,instagram_csv,Consolidação das mensagens do INSTAGRAM.csv,time,2025-04-25,,False,und,0.0,https://www.curadobia.com.br/reptilia/produto/jaqueta-levissima,http www br reptil produt jaquet leviss,7
2024-08-20 13:51:00.000,veraafonso_1480388266695788,ahhh entendi… muito obrigada 😊,instagram_csv,Consolidação das mensagens do INSTAGRAM.csv,time,2024-08-20,,False,pt,1.0,ahhh entendi… muito obrigada 😊,ahhh entend muit,3
2025-03-11 20:54:42.015,Curadobia,Bjs,instagram_zip,inbox/nataliaguadagnucci_1654861482577353/message_1.json,time,2025-03-11,,False,sl,1.0,Bjs,,0
2024-09-22 22:47:23.195,Curadobia,"Ola Van, td bem? Farei um video para vc",instagram_zip,inbox/vansouza_1536417384419543/message_1.json,time,2024-09-22,,False,pt,1.0,"Ola Van, td bem? Farei um video para vc",ola van td bem far,5
2025-02-21 10:44:00.000,analepsch_1529949501731576,logo mais te passo novas informações,instagram_csv,Consolidação das mensagens do INSTAGRAM.csv,time,2025-02-21,,False,pt,1.0,logo mais te passo novas informações,te pass nov inform,4
2024-10-15 08:56:00.000,amandaoliveira_1472616584131311,pensamos que poderia ser a senha criada mas quando ocorre algum ponto nesse aspecto surge uma mensagem abaixo. você se importaria em tentar novamente apenas para checarmos se continua ocorrendo o mesmo erro?,instagram_csv,Consolidação das mensagens do INSTAGRAM.csv,time,2024-10-15,,False,pt,1.0,pensamos que poderia ser a senha criada mas quando ocorre algum ponto nesse aspecto surge uma mensagem abaixo. você se importaria em tentar novamente apenas para checarmos se continua ocorrendo o mesmo erro?,pens pod ser senh cri ocorr algum pont ness aspect surg abaix import tent nov apen chec continu ocorr mesm err,21
2025-04-08 14:11:39.722,Curadobia,"Oi, Adriana! Tudo bem? Bom dia. Aqui é a Ana da equipe do Curadobia. Vimos que você se interessou pelo macacão no video da Bia mas ná época ele ainda estava em lançamento. Boa notícia, agora está disponível!😍 Segue o link abaixo para que você possa dar uma olhada:",instagram_zip,inbox/adrianacaldas_1576334630421098/message_1.json,time,2025-04-08,,False,pt,1.0,"Oi, Adriana! Tudo bem? Bom dia. Aqui é a Ana da equipe do Curadobia. Vimos que você se interessou pelo macacão no video da Bia mas ná época ele ainda estava em lançamento. Boa notícia, agora está disponível!😍 Segue o link abaixo para que você possa dar uma olhada:",adri bem vim interess macacã ná époc aind est lanç notíc agor dispon seg abaix poss dar olh,18
2025-01-10 14:00:00.000,fabianasilva_1580074453387368,"boa tarde, fabiana! como vai? passando para avisar que as blusas acabaram de ser repostas no site/estoque.",instagram_csv,Consolidação das mensagens do INSTAGRAM.csv,time,2025-01-10,,False,pt,1.0,"boa tarde, fabiana! como vai? passando para avisar que as blusas acabaram de ser repostas no site/estoque.",fabi vai pass avis blus acab ser repost estoqu,9
2024-12-01 13:42:08.489,Curadobia,Rua Peixoto Gomite 1781,instagram_zip,inbox/bibshoffmann_1609359433796383/message_1.json,time,2024-12-01,,False,pt,1.0,Rua Peixoto Gomite 1781,rua peixot gomit,3
2024-11-17 22:19:00.000,joycepascowitch_1514729786585527,são bem bacanas as coisas dela mesmo! super obrigada joyce ✨,instagram_csv,Consolidação das mensagens do INSTAGRAM.csv,time,2024-11-17,,False,pt,1.0,são bem bacanas as coisas dela mesmo! super obrigada joyce ✨,são bem bacan cois mesm sup joyc,7
2024-10-16 09:19:00.000,amandaoliveira_1472616584131311,ahhh qual era a peça? podemos checar se haverá reposição,instagram_csv,Consolidação das mensagens do INSTAGRAM.csv,time,2024-10-16,,False,pt,1.0,ahhh qual era a peça? podemos checar se haverá reposição,ahhh peç pod chec hav repos,6
2024-09-16 21:21:02.419,Curadobia,"Mas tmb lancarei um ""programa online de estilo pessoal"" que poderá ser baixado por aqui tmb",instagram_zip,inbox/giselamation_1499999134727227/message_1.json,time,2024-09-16,,False,pt,1.0,"Mas tmb lancarei um ""programa online de estilo pessoal"" que poderá ser baixado por aqui tmb",tmb lanc program onlin estil pessoal pod ser baix tmb,10
2024-09-06 11:53:31.440,Curadobia,Oie Dany. Bom dia! A Valéria e a Lunna entraram em contato com você correto?,instagram_zip,inbox/danycavalcanti_1481723446558270/message_1.json,time,2024-09-06,,False,pt,1.0,Oie Dany. Bom dia! A Valéria e a Lunna entraram em contato com você correto?,oie dany valér lunn entr corret,6
2024-08-07 16:00:00.000,danycavalcanti_1481723446558270,agradeço o feedback,instagram_csv,Consolidação das mensagens do INSTAGRAM.csv,time,2024-08-07,,False,pt,1.0,agradeço o feedback,agradeç feedback,2
2025-04-10 16:35:00.000,lucianunes_1675711197160251,tem sim a calça,instagram_csv,Consolidação das mensagens do INSTAGRAM.csv,time,2025-04-10,,False,pt,1.0,tem sim a calça,calç,1
2024-11-22 11:14:30.534,Curadobia,Oi Isabella! Tudo bem? Bom dia! Que bom receber uma mensagem sua! O Curadobia está se preparando para muitas novidades no ano que vem e com certeza estará no radar novos modelos de sapatos. Espero que goste 💕 Qualquer coisa pode sempre entrar em contato conosco.,instagram_zip,inbox/isabellaianelli_1550110789721968/message_1.json,time,2024-11-22,,False,pt,1.0,Oi Isabella! Tudo bem? Bom dia! Que bom receber uma mensagem sua! O Curadobia está se preparando para muitas novidades no ano que vem e com certeza estará no radar novos modelos de sapatos. Espero que goste 💕 Qualquer coisa pode sempre entrar em contato conosco.,isabell bem receb prepar muit novidad ano vem cert est rad nov model sapat esper gost cois pod sempr entr conosc,21
2025-02-18 15:17:00.000,maiazequi_1620252699369355,"olá pessoal, como vão? meu nome é ana e trabalho junto com a bia paes de barros no curadobia.com.br o curadobia é um marketplace que nasceu com o propósito de reunir em um só lugar peças que fazem toda a diferença no armário e ao mesmo tempo são fáceis de usar: os chamados neutros com tcharanz. acreditamos que a marca de vocês pode se conectar com essa proposta. com quem poderia conversar para falar mais sobre? aguardo vocês!",instagram_csv,Consolidação das mensagens do INSTAGRAM.csv,time,2025-02-18,,False,pt,1.0,"olá pessoal, como vão? meu nome é ana e trabalho junto com a bia paes de barros no curadobia.com.br o curadobia é um marketplace que nasceu com o propósito de reunir em um só lugar peças que fazem toda a diferença no armário e ao mesmo tempo são fáceis de usar: os chamados neutros com tcharanz. acreditamos que a marca de vocês pode se conectar com essa proposta. com quem poderia conversar para falar mais sobre? aguardo vocês!",pessoal vão br marketplac nasc propósit reun só lug peç faz tod diferenç armári mesm temp são fácel us cham neutr tcharanz acredit marc pod conect propost qu pod convers fal aguard,32
2025-04-04 13:58:56.108,Curadobia,Mas temos varias opções! Qualquer coisa sigo aqui para te auxiliar💕,instagram_zip,inbox/drarenatacavalheirooftalmologista_17994685604788437/message_1.json,time,2025-04-04,,False,pt,1.0,Mas temos varias opções! Qualquer coisa sigo aqui para te auxiliar💕,tem var opç cois te auxili,6
2025-01-23 01:06:32.944,Curadobia,"Olá pessoal, como vão? Meu nome é Ana e trabalho junto com a Bia Paes de Barros no CURADOBIA.COM.BR O Curadobia é um marketplace que nasceu com o propósito de reunir em um só lugar peças que fazem toda a diferença no armário e ao mesmo tempo são fáceis de usar: os chamados neutros com tcharanz. Acreditamos que a Escudero & Co super se conecta com essa proposta. Com quem poderia conversar para falar mais sobre? Aguardo vocês!",instagram_zip,inbox/escuderoco_1605323484195905/message_1.json,time,2025-01-23,,False,pt,1.0,"Olá pessoal, como vão? Meu nome é Ana e trabalho junto com a Bia Paes de Barros no CURADOBIA.COM.BR O Curadobia é um marketplace que nasceu com o propósito de reunir em um só lugar peças que fazem toda a diferença no armário e ao mesmo tempo são fáceis de usar: os chamados neutros com tcharanz. Acreditamos que a Escudero & Co super se conecta com essa proposta. Com quem poderia conversar para falar mais sobre? Aguardo vocês!",pessoal vão br marketplac nasc propósit reun só lug peç faz tod diferenç armári mesm temp são fácel us cham neutr tcharanz acredit escuder co sup conect propost qu pod convers fal aguard,33
2025-04-01 15:14:00.000,liviafogaca_1578166493585832,praticamos sempre o mesmo valor das marcas. o que entrará de extra será o valor do frete que é calculado automaticamente. se tiver mais alguma dúvida nos avise ok?,instagram_csv,Consolidação das mensagens do INSTAGRAM.csv,time,2025-04-01,,False,pt,1.0,praticamos sempre o mesmo valor das marcas. o que entrará de extra será o valor do frete que é calculado automaticamente. se tiver mais alguma dúvida nos avise ok?,pratic sempr mesm val marc entr extr ser val fret calcul automatic tiv algum dúv avis ok,17
2025-03-12 19:51:51.915,Curadobia,https://www.curadobia.com.br/lounge-39/produto/blusa-pah,instagram_zip,inbox/camilaalveslconsultoriadeestilo_1680276910034288/message_1.json,time,2025-03-12,,False,und,0.0,https://www.curadobia.com.br/lounge-39/produto/blusa-pah,http www br loung produt blus pah,7
2024-11-19 10:15:26.220,Curadobia,"Olá, bom dia! As medidas estão na descrição de cada peça",instagram_zip,inbox/silvanabressan_1625316398861909/message_1.json,time,2024-11-19,,False,pt,1.0,"Olá, bom dia! As medidas estão na descrição de cada peça",med descr cad peç,4
2024-09-29 18:34:00.000,serreluzentelilianmazoni_17970941771788437,elas estarão no curadobia a partir de outubro 😉,instagram_csv,Consolidação das mensagens do INSTAGRAM.csv,time,2024-09-29,,False,pt,1.0,elas estarão no curadobia a partir de outubro 😉,est part outubr,3
2025-04-07 13:57:00.000,karenpentecost_1630992461636325,"oi, karen! que bom receber tua mensagem. aqui é a ana, faço parte do time curadobia. realmente nós ainda não trabalhamos com frete internacional 😭 mas não deixe de pedir para alguém te levar nossas peças quando for te visitar! várias clientes internacionais nossas fazem isso🙃",instagram_csv,Consolidação das mensagens do INSTAGRAM.csv,time,2025-04-07,,False,pt,1.0,"oi, karen! que bom receber tua mensagem. aqui é a ana, faço parte do time curadobia. realmente nós ainda não trabalhamos com frete internacional 😭 mas não deixe de pedir para alguém te levar nossas peças quando for te visitar! várias clientes internacionais nossas fazem isso🙃",karen receb tua faç part tim real aind trabalh fret internac deix ped alguém te lev noss peç for te visit vár client internac noss faz,26
2024-11-11 15:32:00.000,cristinaheesbarroso_1426122582109112,"oi, cris, tudo bem? estamos nos comunicando pelo whatsapp. podemos continuar por lá? aproveito para te atualizar que já reforcei seu pedido com a marca mybasic nesta tarde. peço apenas sua compreensão em relação aos prazos que as marcas precisam para responder e resolver essas questões. já solicitei um adiantamento para o seu pedido, e pode ficar tranquila: você entrou em contato dentro do prazo de 7 dias corridos para solicitação de devolução, então seu pedido será atendido sem problemas. qualquer novidade, te aviso por lá!",instagram_csv,Consolidação das mensagens do INSTAGRAM.csv,time,2024-11-11,,False,pt,1.0,"oi, cris, tudo bem? estamos nos comunicando pelo whatsapp. podemos continuar por lá? aproveito para te atualizar que já reforcei seu pedido com a marca mybasic nesta tarde. peço apenas sua compreensão em relação aos prazos que as marcas precisam para responder e resolver essas questões. já solicitei um adiantamento para o seu pedido, e pode ficar tranquila: você entrou em contato dentro do prazo de 7 dias corridos para solicitação de devolução, então seu pedido será atendido sem problemas. qualquer novidade, te aviso por lá!",cril bem comunic whatsapp pod continu aproveit te atual reforc seu ped marc mybasic nest peç apen compreens relaç praz marc precis respond resolv ess quest solicit adiant seu ped pod fic tranquil entr dentr praz dia corr solicit devoluç seu ped ser atend problem novidad te avis,48
2025-05-07 14:15:16.149,Curadobia,"Sim!! Estoque atualizado especialmente para você, Anna. Agora ela é a única no estoque",instagram_zip,inbox/17998336169788437/message_1.json,time,2025-05-07,,False,pt,1.0,"Sim!! Estoque atualizado especialmente para você, Anna. Agora ela é a única no estoque",estoqu atual espec ann agor únic estoqu,7
2024-09-16 12:42:00.230,Curadobia,Oie! Muito obrigada! Feliz que esta curtindo Curadobia,instagram_zip,inbox/patifisch_1530674161664561/message_1.json,time,2024-09-16,,False,es,1.0,Oie! Muito obrigada! Feliz que esta curtindo Curadobia,,0
2025-03-10 14:54:07.867,Curadobia,"Oi Lais! Bom dia, como vai? Ana aqui, da equipe do Curadobia. Obrigada pelo seu interesse conosco. Estamos fazendo uma repaginação no site e assim que voltarmos te aviso, tudo bem? 🥰",instagram_zip,inbox/laiscardosoperetto_1642377720491593/message_1.json,time,2025-03-10,,False,pt,1.0,"Oi Lais! Bom dia, como vai? Ana aqui, da equipe do Curadobia. Obrigada pelo seu interesse conosco. Estamos fazendo uma repaginação no site e assim que voltarmos te aviso, tudo bem? 🥰",lal vai seu inter conosc faz repagin assim volt te avis bem,12
2025-03-24 11:20:00.000,alessandracc_1591478398910903,"com relação a outra blusa que você gostou, ela está em processo de lançamento e ainda não está a venda no nosso site. mas independente desse fator, não seria possível unificar o frete nesse caso pois o frete só fica unificado para as peças da mesma marca.",instagram_csv,Consolidação das mensagens do INSTAGRAM.csv,time,2025-03-24,,False,pt,1.0,"com relação a outra blusa que você gostou, ela está em processo de lançamento e ainda não está a venda no nosso site. mas independente desse fator, não seria possível unificar o frete nesse caso pois o frete só fica unificado para as peças da mesma marca.",relaç outr blus gost process lanç aind vend noss independ dess fat ser possível unific fret ness cas poi fret só fic unific peç mesm marc,26
2025-04-07 14:06:00.000,thaisduqueestrada_1681913196536395,"ola thais!! tudo bem? deu tudo certo com a chegada das peças faltantes? qualquer coisa sigo aqui para te ajudar, viu?",instagram_csv,Consolidação das mensagens do INSTAGRAM.csv,time,2025-04-07,,False,pt,1.0,"ola thais!! tudo bem? deu tudo certo com a chegada das peças faltantes? qualquer coisa sigo aqui para te ajudar, viu?",ola thal bem deu cert cheg peç falt cois te ajud viu,12
2025-02-14 12:47:00.000,joanaribeirojoe_1675401250526148,"olá! que bom que você se interessou por nós!! muito bom receber tua mensagem, joana. infelizmente essa calça não está no curadobia e é acervo pessoal da bia mesmo😊 esse video tem a finalidade de apresentar as nossas camisas 💕 esperamos que goste!!",instagram_csv,Consolidação das mensagens do INSTAGRAM.csv,time,2025-02-14,,False,pt,1.0,"olá! que bom que você se interessou por nós!! muito bom receber tua mensagem, joana. infelizmente essa calça não está no curadobia e é acervo pessoal da bia mesmo😊 esse video tem a finalidade de apresentar as nossas camisas 💕 esperamos que goste!!",interess muit receb tua joan infeliz calç acerv pessoal mesm final apresent noss camis esper gost,16
2025-01-24 14:52:31.894,Curadobia,"Oi, Cristiane, bom dia! Obrigada pela sua mensagem. Na verdade, todos os nossos pedidos são enviados o email de confirmação imediatamente, porém, realmente identificamos um erro no nosso sistema que os últimos pedidos não estão recebendo a confirmação. Já estamos em contato com o nosso técnico para resolver. Obrigada por ter nos informado!",instagram_zip,inbox/cristianerochalouresbrenner_1618482332882324/message_1.json,time,2025-01-24,,False,pt,1.0,"Oi, Cristiane, bom dia! Obrigada pela sua mensagem. Na verdade, todos os nossos pedidos são enviados o email de confirmação imediatamente, porém, realmente identificamos um erro no nosso sistema que os últimos pedidos não estão recebendo a confirmação. Já estamos em contato com o nosso técnico para resolver. Obrigada por ter nos informado!",cristian verdad tod noss ped são envi email confirm imediat porém real identific err noss sistem últ ped receb confirm noss técn resolv inform,24
2025-05-04 20:13:20.373,Curadobia,Obrigada ❤️,instagram_zip,inbox/juliamolina_1668498281217934/message_1.json,time,2025-05-04,,False,so,1.0,Obrigada ❤️,,0
2025-05-07 14:14:32.687,Curadobia,"Paola, nossas vendas são realizadas pelo nosso site, te encaminho abaixo o link para que você possa acessar e fechar seu pedido:",instagram_zip,inbox/ooi_1676154893785804/message_1.json,time,2025-05-07,,False,pt,1.0,"Paola, nossas vendas são realizadas pelo nosso site, te encaminho abaixo o link para que você possa acessar e fechar seu pedido:",paol noss vend são realiz noss te enc abaix poss acess fech seu ped,14
2024-07-29 18:05:23.252,Curadobia,"Opa, acho que caiu",instagram_zip,inbox/queensgate_17961981233788437/message_1.json,time,2024-07-29,,False,es,1.0,"Opa, acho que caiu",,0
2025-05-07 09:41:00.000,17998336169788437,"olá anna, tem sim tamanho 37",instagram_csv,Consolidação das mensagens do INSTAGRAM.csv,time,2025-05-07,,False,pt,1.0,"olá anna, tem sim tamanho 37",ann tamanh,2
2024-09-23 11:28:00.000,juliahauck_1530657911661886,"porém, é interessante frisar que a modelagem da calça é uma cintura no lugar. nem cintura baixa e nem cintura alta.",instagram_csv,Consolidação das mensagens do INSTAGRAM.csv,time,2024-09-23,,False,pt,1.0,"porém, é interessante frisar que a modelagem da calça é uma cintura no lugar. nem cintura baixa e nem cintura alta.",porém interess fris model calç cint lug nem cint baix nem cint alt,13
2024-10-22 22:31:34.247,Curadobia,Um tiquinho por conta do bico fino mesmo,instagram_zip,inbox/andreamoraes_1490279695706989/message_1.json,time,2024-10-22,,False,pt,1.0,Um tiquinho por conta do bico fino mesmo,tiqu cont bic fin mesm,5
2025-02-19 14:48:00.000,cristinabrito_1608499703876811,oi cristina! que bom que gostou! ela está disponível no nosso site se quiser dar uma olhada: https://www.curadobia.com.br/paula-ferber/produto/gladiadora-elos-castanhoonix-paula-ferber,instagram_csv,Consolidação das mensagens do INSTAGRAM.csv,time,2025-02-19,,False,pt,1.0,oi cristina! que bom que gostou! ela está disponível no nosso site se quiser dar uma olhada: https://www.curadobia.com.br/paula-ferber/produto/gladiadora-elos-castanhoonix-paula-ferber,cristin gost dispon noss quis dar olh http www br paul ferb produt gladi elo castanhoonix paul ferb,18
2025-01-21 14:26:00.000,elisaatheniense_1476154400438210,muito obrigada!,instagram_csv,Consolidação das mensagens do INSTAGRAM.csv,time,2025-01-21,,False,pt,1.0,muito obrigada!,muit,1
2025-02-27 17:36:00.000,adrianasoderi_1618411369552708,ficamos felizes que tenha curtido. ela é muito especial mesmo. segue aqui mais detalhes.,instagram_csv,Consolidação das mensagens do INSTAGRAM.csv,time,2025-02-27,,False,pt,1.0,ficamos felizes que tenha curtido. ela é muito especial mesmo. segue aqui mais detalhes.,fic feliz tenh curt muit espec mesm seg detalh,9
2024-10-20 14:22:49.166,Curadobia,😉😉,instagram_zip,inbox/francic_1541909887202294/message_1.json,time,2024-10-20,,False,und,0.0,😉😉,,0
2025-03-06 14:15:33.143,Curadobia,Solicitamos a reposição para a Paula Ferber. Logo mais te atualizaremos sobre o estoque 🥰,instagram_zip,inbox/suzaneemmerich_1634647511263711/message_1.json,time,2025-03-06,,False,pt,1.0,Solicitamos a reposição para a Paula Ferber. Logo mais te atualizaremos sobre o estoque 🥰,solicit repos paul ferb te atualiz estoqu,7
2024-09-02 09:02:00.000,karikotake_1545434526851760,não temos cupom de desconto no momento,instagram_csv,Consolidação das mensagens do INSTAGRAM.csv,time,2024-09-02,,False,pt,1.0,não temos cupom de desconto no momento,tem cupom descont moment,4
2024-10-15 12:16:01.508,Curadobia,"Olá Van, bom dia! Te enviaremos ainda hoje",instagram_zip,inbox/vansouza_1536417384419543/message_1.json,time,2024-10-15,,False,pt,1.0,"Olá Van, bom dia! Te enviaremos ainda hoje",van te envi aind,4
2025-03-24 14:20:49.724,Curadobia,"Com relação a outra blusa que você gostou, ela está em processo de lançamento e ainda não está a venda no nosso site. Mas independente desse fator, não seria possível unificar o frete nesse caso pois o frete só fica unificado para as peças da mesma marca.",instagram_zip,inbox/alessandracc_1591478398910903/message_1.json,time,2025-03-24,,False,pt,1.0,"Com relação a outra blusa que você gostou, ela está em processo de lançamento e ainda não está a venda no nosso site. Mas independente desse fator, não seria possível unificar o frete nesse caso pois o frete só fica unificado para as peças da mesma marca.",relaç outr blus gost process lanç aind vend noss independ dess fat ser possível unific fret ness cas poi fret só fic unific peç mesm marc,26
2025-02-21 13:44:59.646,Curadobia,Obrigada ☺️,instagram_zip,inbox/analepsch_1529949501731576/message_1.json,time,2025-02-21,,False,so,1.0,Obrigada ☺️,,0
2025-01-15 18:37:14.670,Curadobia,claro!,instagram_zip,inbox/somimimi_1616993523032137/message_1.json,time,2025-01-15,,False,es,1.0,claro!,,0
2025-05-07 14:14:45.318,Curadobia,"Qualquer coisa, sigo aqui! Me chamo Ana",instagram_zip,inbox/ooi_1676154893785804/message_1.json,time,2025-05-07,,False,pt,1.0,"Qualquer coisa, sigo aqui! Me chamo Ana",cois ch,2
2025-03-06 16:45:31.370,Curadobia,"Elaine, para o tamanho 42, nós indicamos o tamanho 3 da saia",instagram_zip,inbox/elainelustosamadalozzo_1594009335323357/message_1.json,time,2025-03-06,,False,pt,1.0,"Elaine, para o tamanho 42, nós indicamos o tamanho 3 da saia",elain tamanh indic tamanh sai,5
2025-01-20 18:05:11.676,Curadobia,"Olá! Como vão? Muito prazer, meu nome é Ana e trabalho aqui no Curadobia. Não sei se recordam, porém conversamos no primeiro semestre do ano passado (2024) sobre esse projeto da Bia Paes de Barros. Desde lá, evoluímos bastante e estamos concretizados como um marketplace em potencial crescimento. Queremos compartilhar com vocês nosso site para darem uma olhada CURADOBIA.COM.BR Ainda temos a NUA em foco! O que acham de retomarmos contato? Aguardo vocês!",instagram_zip,inbox/nuaco_1621343672597934/message_1.json,time,2025-01-20,,False,pt,1.0,"Olá! Como vão? Muito prazer, meu nome é Ana e trabalho aqui no Curadobia. Não sei se recordam, porém conversamos no primeiro semestre do ano passado (2024) sobre esse projeto da Bia Paes de Barros. Desde lá, evoluímos bastante e estamos concretizados como um marketplace em potencial crescimento. Queremos compartilhar com vocês nosso site para darem uma olhada CURADOBIA.COM.BR Ainda temos a NUA em foco! O que acham de retomarmos contato? Aguardo vocês!",vão muit praz sei record porém convers prim semestr ano pass projet desd evoluím bast concre marketplac potenc cresc quer compartilh noss dar olh br aind tem nua foc ach retom aguard,32
2025-01-11 18:39:37.278,Curadobia,"Ola Pamela, td bem? Obrigada pela mensagem. Sentimos muito que esteja com esses problemas para conseguir efetuar as suas compras com a gente. De fato o sistema passou por algumas instabilidades. Poderia nos dizer quais peças se interessou para tentarmos solucionar por aqui?",instagram_zip,inbox/pamelavaiano_1669719177758582/message_1.json,time,2025-01-11,,False,pt,1.0,"Ola Pamela, td bem? Obrigada pela mensagem. Sentimos muito que esteja com esses problemas para conseguir efetuar as suas compras com a gente. De fato o sistema passou por algumas instabilidades. Poderia nos dizer quais peças se interessou para tentarmos solucionar por aqui?",ola pamel td bem sent muit estej ess problem consegu efetu compr gent fat sistem pass algum instabil pod diz qual peç interess tent soluc,25
2024-07-19 15:35:00.000,gabrielacamposcostabarbosa_1468528951212895,ele foi postando dia 16 com o código de rastreio aa186736680br,instagram_csv,Consolidação das mensagens do INSTAGRAM.csv,time,2024-07-19,,False,pt,1.0,ele foi postando dia 16 com o código de rastreio aa186736680br,post códig rastrei,3
2024-10-16 18:56:53.485,Curadobia,"Oi Amanda, nossas sinceras desculpas por todo esse ocorrido. Somos um marketplace com operações a todo vapor e infelizmente não estamos livres de erros técnicos e tecnológicos acontecerem☹️. Checamos com a marca e por enquanto estamos com o tamanho 2 e 3 prontos para a venda. Seguimos à disposição para te auxiliar em todas as dúvidas e questões necessárias aqui com à gente! Como seu cadastro está certinho, acredito que não teremos mais essa situação ocorrendo! Obrigada por estar conosco! Equipe Curadobia💕",instagram_zip,inbox/amandaoliveira_1472616584131311/message_1.json,time,2024-10-16,,False,pt,1.0,"Oi Amanda, nossas sinceras desculpas por todo esse ocorrido. Somos um marketplace com operações a todo vapor e infelizmente não estamos livres de erros técnicos e tecnológicos acontecerem☹️. Checamos com a marca e por enquanto estamos com o tamanho 2 e 3 prontos para a venda. Seguimos à disposição para te auxiliar em todas as dúvidas e questões necessárias aqui com à gente! Como seu cadastro está certinho, acredito que não teremos mais essa situação ocorrendo! Obrigada por estar conosco! Equipe Curadobia💕",amand noss sinc desculp tod ocorr som marketplac oper tod vap infeliz livr err técn tecnológ acontec chec marc enquant tamanh pront vend segu dispos te auxili tod dúv quest necessár gent seu cadastr cert acredit ter situ ocorr est conosc,41
2025-03-18 14:43:43.395,Curadobia,"Oii Karinne! Tudo bem? Aqui quem fala é a Ana, do time Curadobia. Você acredita que estive olhando todos os dias desde que você demonstrou interesse se a nossa SAIA ÚNICA voltaria ao estoque e somente hoje isso aconteceu? Ela é a queridinha das nossas clientes e tem acabado rápido, então espero que consiga aproveitar essa oportunidade. Te encaminho o link para o acesso dela:",instagram_zip,inbox/akarinnesantos_1445923513458484/message_1.json,time,2025-03-18,,False,pt,1.0,"Oii Karinne! Tudo bem? Aqui quem fala é a Ana, do time Curadobia. Você acredita que estive olhando todos os dias desde que você demonstrou interesse se a nossa SAIA ÚNICA voltaria ao estoque e somente hoje isso aconteceu? Ela é a queridinha das nossas clientes e tem acabado rápido, então espero que consiga aproveitar essa oportunidade. Te encaminho o link para o acesso dela:",oii karinn bem qu fal tim acredit estiv olh tod dia desd demonstr inter noss sai únic volt estoqu soment acontec querid noss client acab rápid esper consig aprove oportun te enc acess,33
2024-11-11 13:13:46.308,Curadobia,Basta clicar nas imagens e link que te enviei que você será redirecionada para os produtos! Qualquer coisa estamos aqui!,instagram_zip,inbox/heloisathomedevasconcellos_1522573379134640/message_1.json,time,2024-11-11,,False,pt,1.0,Basta clicar nas imagens e link que te enviei que você será redirecionada para os produtos! Qualquer coisa estamos aqui!,bast clic imag te envi ser redirecion produt cois,9
2024-08-05 18:07:00.000,mariaangelicamonteiro_1478766313518715,"perfeito, já passei pro pessoal realizar a correção. obrigada pelo feedback!",instagram_csv,Consolidação das mensagens do INSTAGRAM.csv,time,2024-08-05,,False,pt,1.0,"perfeito, já passei pro pessoal realizar a correção. obrigada pelo feedback!",perfeit pass pro pessoal realiz correç feedback,7
2024-09-05 18:11:34.788,Curadobia,"Olá Dany, boa tarde! Tudo bem sim e com você? Peço desculpas por essa demora estou verificando sobre porque ainda não foi dada sequência na troca. O processo interno nosso já foi encaminhado com a troca para o tamanho P",instagram_zip,inbox/danycavalcanti_1481723446558270/message_1.json,time,2024-09-05,,False,pt,1.0,"Olá Dany, boa tarde! Tudo bem sim e com você? Peço desculpas por essa demora estou verificando sobre porque ainda não foi dada sequência na troca. O processo interno nosso já foi encaminhado com a troca para o tamanho P",dany bem peç desculp dem verific aind dad sequ troc process intern noss encaminh troc tamanh,16
2024-09-29 21:33:10.965,Curadobia,Aqui o link com todos os acessórios,instagram_zip,inbox/glaussikoutroularis_1473048937420859/message_1.json,time,2024-09-29,,False,pt,1.0,Aqui o link com todos os acessórios,tod acessóri,2
2025-05-07 14:07:16.265,Curadobia,é essa?,instagram_zip,inbox/17998336169788437/message_1.json,time,2025-05-07,,False,pt,1.0,é essa?,,0
2025-03-28 17:52:00.000,carandai25_1701578921238603,"ola carol, td bem e vc?! pode nos enviar para contato.curadobia@gmail.com",instagram_csv,Consolidação das mensagens do INSTAGRAM.csv,time,2025-03-28,,False,pt,1.0,"ola carol, td bem e vc?! pode nos enviar para contato.curadobia@gmail.com",ola carol td bem pod envi gmail,7
2024-12-03 21:41:47.205,Curadobia,Obrigada pela presença Ju!! Amamos te receber e te atender 🤍🖤,instagram_zip,inbox/jufishestiloperfumaria_1359733472076688/message_1.json,time,2024-12-03,,False,pt,1.0,Obrigada pela presença Ju!! Amamos te receber e te atender 🤍🖤,presenç ju am te receb te atend,7
2024-11-25 11:02:00.000,monti_17856762546297917,"olá alice, bom dia! tudo bem? aqui somos da parte de atendimento do curadobia. vou te pedir para encaminhar um e-mail para contato.curadobia@gmail.com",instagram_csv,Consolidação das mensagens do INSTAGRAM.csv,time,2024-11-25,,False,pt,1.0,"olá alice, bom dia! tudo bem? aqui somos da parte de atendimento do curadobia. vou te pedir para encaminhar um e-mail para contato.curadobia@gmail.com",alic bem som part atend te ped encaminh mail gmail,10
2025-03-24 14:22:37.041,Curadobia,"Mas pode ficar tranquila que assim que lançarmos a terceira peça que você gostou vou te mandar por aqui, tudo bem? Não deixe de garantir suas peças da Lounge a tempo💖",instagram_zip,inbox/alessandracc_1591478398910903/message_1.json,time,2025-03-24,,False,pt,1.0,"Mas pode ficar tranquila que assim que lançarmos a terceira peça que você gostou vou te mandar por aqui, tudo bem? Não deixe de garantir suas peças da Lounge a tempo💖",pod fic tranquil assim lanç terc peç gost te mand bem deix garant peç loung temp,16
2024-11-11 10:12:00.000,heloisathomedevasconcellos_1522573379134640,https://www.curadobia.com.br/d-aura/produto/macacao-tudo-d-aura,instagram_csv,Consolidação das mensagens do INSTAGRAM.csv,time,2024-11-11,,False,und,0.0,https://www.curadobia.com.br/d-aura/produto/macacao-tudo-d-aura,http www br aur produt macaca aur,7
2025-04-01 15:12:00.000,liviafogaca_1578166493585832,"meu nome é ana, sigo aqui para o que precisar!",instagram_csv,Consolidação das mensagens do INSTAGRAM.csv,time,2025-04-01,,False,pt,1.0,"meu nome é ana, sigo aqui para o que precisar!",precis,1
2025-05-07 11:34:00.000,17998336169788437,"oi, anna! sua compra foi realizada com sucesso, pode ficar tranquila, já conferimos aqui direitinho para você",instagram_csv,Consolidação das mensagens do INSTAGRAM.csv,time,2025-05-07,,False,pt,1.0,"oi, anna! sua compra foi realizada com sucesso, pode ficar tranquila, já conferimos aqui direitinho para você",ann compr realiz sucess pod fic tranquil confer direit,9
2025-01-15 19:00:48.832,Curadobia,O tom certo é o que esta no site. Os stories que a Bia postou hoje modificaram um pouco o tom.,instagram_zip,inbox/somimimi_1616993523032137/message_1.json,time,2025-01-15,,False,pt,1.0,O tom certo é o que esta no site. Os stories que a Bia postou hoje modificaram um pouco o tom.,tom cert stori post modific pouc tom,7
2025-04-18 17:39:32.424,Curadobia,https://www.curadobia.com.br/nauanin/produto/calca-jeans-new-order,instagram_zip,inbox/raquelmarques_1611721546884162/message_1.json,time,2025-04-18,,False,und,0.0,https://www.curadobia.com.br/nauanin/produto/calca-jeans-new-order,http www br nauanin produt calc je new ord,9
2025-01-22 14:54:47.484,Curadobia,"Oi, Karyna! Bom dia, tudo bem? Vamos verificar!",instagram_zip,inbox/karynacarvalhoaires_1535575451171487/message_1.json,time,2025-01-22,,False,pt,1.0,"Oi, Karyna! Bom dia, tudo bem? Vamos verificar!",karyn bem vam verific,4
2025-01-15 18:12:19.921,Curadobia,"Entendi. Esse modelo ele é oversized, ou seja, possui uma estrutura mais larga. Você já chegou a usar modelos assim?🙂",instagram_zip,inbox/somimimi_1616993523032137/message_1.json,time,2025-01-15,,False,pt,1.0,"Entendi. Esse modelo ele é oversized, ou seja, possui uma estrutura mais larga. Você já chegou a usar modelos assim?🙂",entend model oversized sej possu estrut larg cheg us model assim,11
2024-10-23 12:59:00.000,alessandralonghiniterapeuta_17974144679788437,"olá, alessandra! boa tarde! tudo bem? estamos entrando em contato porque identificamos que há um tempo você demonstrou interesse nas sandálias da bia, que apareceram em um dos nossos reels! agora eles estão disponíveis no site do curadobia! 😍😍 segue o link: https://www.curadobia.com.br/produtos/buscar?search=paula+ferber obrigada por nos acompanhar, alessandra! qualquer dúvida, estamos à disposição! equipe curadobia 💕",instagram_csv,Consolidação das mensagens do INSTAGRAM.csv,time,2024-10-23,,False,pt,1.0,"olá, alessandra! boa tarde! tudo bem? estamos entrando em contato porque identificamos que há um tempo você demonstrou interesse nas sandálias da bia, que apareceram em um dos nossos reels! agora eles estão disponíveis no site do curadobia! 😍😍 segue o link: https://www.curadobia.com.br/produtos/buscar?search=paula+ferber obrigada por nos acompanhar, alessandra! qualquer dúvida, estamos à disposição! equipe curadobia 💕",alessandr bem entr identific há temp demonstr inter sandál aparec noss reel agor dispon seg http www br produt busc search paul ferb acompanh alessandr dúv dispos,27
2025-03-10 21:40:38.480,Curadobia,https://www.curadobia.com.br/nauanin/produto/regata-podrinha,instagram_zip,inbox/laiscardosoperetto_1642377720491593/message_1.json,time,2025-03-10,,False,und,0.0,https://www.curadobia.com.br/nauanin/produto/regata-podrinha,http www br nauanin produt regat podr,7
2025-03-14 14:16:00.000,patriciadiasfernandes_1574554687269048,https://www.curadobia.com.br/cecillia-echenique/produto/calca-cecilia-echenique,instagram_csv,Consolidação das mensagens do INSTAGRAM.csv,time,2025-03-14,,False,und,0.0,https://www.curadobia.com.br/cecillia-echenique/produto/calca-cecilia-echenique,http www br cecill echeniqu produt calc cecil echeniqu,9
2025-03-11 17:56:00.000,nataliaguadagnucci_1654861482577353,quem te escrever aqui é a bia paes de barros,instagram_csv,Consolidação das mensagens do INSTAGRAM.csv,time,2025-03-11,,False,pt,1.0,quem te escrever aqui é a bia paes de barros,qu te escrev,3
2025-01-21 11:24:00.000,elisaatheniense_1476154400438210,"olá pessoal, como vão? meu nome é ana e trabalho junto com a bia paes de barros no curadobia.com.br o curadobia é um marketplace que nasceu com o propósito de reunir em um só lugar peças que fazem toda a diferença no armário e ao mesmo tempo são fáceis de usar: os chamados neutros com tcharanz. acreditamos que a elisa atheniense super se conecta com essa proposta. com quem poderia conversar para falar mais sobre? aguardo vocês!",instagram_csv,Consolidação das mensagens do INSTAGRAM.csv,time,2025-01-21,,False,pt,1.0,"olá pessoal, como vão? meu nome é ana e trabalho junto com a bia paes de barros no curadobia.com.br o curadobia é um marketplace que nasceu com o propósito de reunir em um só lugar peças que fazem toda a diferença no armário e ao mesmo tempo são fáceis de usar: os chamados neutros com tcharanz. acreditamos que a elisa atheniense super se conecta com essa proposta. com quem poderia conversar para falar mais sobre? aguardo vocês!",pessoal vão br marketplac nasc propósit reun só lug peç faz tod diferenç armári mesm temp são fácel us cham neutr tcharanz acredit elis atheni sup conect propost qu pod convers fal aguard,33
2024-08-05 17:20:00.000,mariaangelicamonteiro_1478766313518715,"olá, boa tarde! tudo bem?",instagram_csv,Consolidação das mensagens do INSTAGRAM.csv,time,2024-08-05,,False,pt,1.0,"olá, boa tarde! tudo bem?",bem,1
2025-04-08 14:16:06.959,Curadobia,"Oi, Clau! Tudo bem? Bom dia. Aqui é a Ana da equipe do Curadobia. Vimos que você se interessou pelo macacão no video da Bia mas na época ele ainda estava em lançamento. Boa notícia, agora está disponível!😍 Segue o link abaixo para que você possa dar uma olhada:",instagram_zip,inbox/studiodebeleza_1670067261055653/message_1.json,time,2025-04-08,,False,pt,1.0,"Oi, Clau! Tudo bem? Bom dia. Aqui é a Ana da equipe do Curadobia. Vimos que você se interessou pelo macacão no video da Bia mas na época ele ainda estava em lançamento. Boa notícia, agora está disponível!😍 Segue o link abaixo para que você possa dar uma olhada:",clau bem vim interess macacã époc aind est lanç notíc agor dispon seg abaix poss dar olh,17
2024-09-23 14:28:12.173,Curadobia,"Porém, é interessante frisar que a modelagem da calça é uma cintura no lugar. Nem cintura baixa e nem cintura alta.",instagram_zip,inbox/juliahauck_1530657911661886/message_1.json,time,2024-09-23,,False,pt,1.0,"Porém, é interessante frisar que a modelagem da calça é uma cintura no lugar. Nem cintura baixa e nem cintura alta.",porém interess fris model calç cint lug nem cint baix nem cint alt,13
2025-02-19 14:07:07.389,Curadobia,"Oi Fátima, tudo bem? Bom dia😄 Obrigada pela sua mensagem e feedback, é muito importante para nós! Estamos conversando por WhatsApp, podemos continuar nossa comunicação por lá?",instagram_zip,inbox/fatimamodenese_1335639497889990/message_1.json,time,2025-02-19,,False,pt,1.0,"Oi Fátima, tudo bem? Bom dia😄 Obrigada pela sua mensagem e feedback, é muito importante para nós! Estamos conversando por WhatsApp, podemos continuar nossa comunicação por lá?",fát bem feedback muit import convers whatsapp pod continu noss comunic,11
2024-08-07 15:59:00.000,danycavalcanti_1481723446558270,"olá dany! boa tarde, tudo bem?",instagram_csv,Consolidação das mensagens do INSTAGRAM.csv,time,2024-08-07,,False,pt,1.0,"olá dany! boa tarde, tudo bem?",dany bem,2
2025-01-14 14:40:00.000,mariaisabelrodrigueshetschko_1537569067635271,obaa!💕,instagram_csv,Consolidação das mensagens do INSTAGRAM.csv,time,2025-01-14,,False,so,1.0,obaa!💕,,0
2025-03-10 21:38:51.401,Curadobia,Qualquer duvida nos avise ok?,instagram_zip,inbox/laiscardosoperetto_1642377720491593/message_1.json,time,2025-03-10,,False,pt,1.0,Qualquer duvida nos avise ok?,duvid avis ok,3
2024-10-23 13:03:00.000,apazinvadiumeuser_17974145144788437,"olá! boa tarde! tudo bem? estamos entrando em contato porque identificamos que há um tempo você demonstrou interesse nas sandálias da bia, que apareceram em um dos nossos reels! agora eles estão disponíveis no site do curadobia! 😍😍 segue o link: https://www.curadobia.com.br/produtos/buscar?search=paula+ferber obrigada por nos acompanhar! qualquer dúvida, estamos à disposição! equipe curadobia 💕",instagram_csv,Consolidação das mensagens do INSTAGRAM.csv,time,2024-10-23,,False,pt,1.0,"olá! boa tarde! tudo bem? estamos entrando em contato porque identificamos que há um tempo você demonstrou interesse nas sandálias da bia, que apareceram em um dos nossos reels! agora eles estão disponíveis no site do curadobia! 😍😍 segue o link: https://www.curadobia.com.br/produtos/buscar?search=paula+ferber obrigada por nos acompanhar! qualquer dúvida, estamos à disposição! equipe curadobia 💕",bem entr identific há temp demonstr inter sandál aparec noss reel agor dispon seg http www br produt busc search paul ferb acompanh dúv dispos,25
2024-10-03 14:00:17.910,Curadobia,Estamos aqui para o que precisar!,instagram_zip,inbox/karynacarvalhoaires_1535575451171487/message_1.json,time,2024-10-03,,False,pt,1.0,Estamos aqui para o que precisar!,precis,1
2025-03-11 20:56:46.327,Curadobia,Quem te escrever aqui é a Bia Paes de Barros,instagram_zip,inbox/nataliaguadagnucci_1654861482577353/message_1.json,time,2025-03-11,,False,pt,1.0,Quem te escrever aqui é a Bia Paes de Barros,qu te escrev,3
2025-02-21 13:44:49.031,Curadobia,"Ana, já entrei em contato com o pessoal da D-aura para entendermos o que aconteceu",instagram_zip,inbox/analepsch_1529949501731576/message_1.json,time,2025-02-21,,False,pt,1.0,"Ana, já entrei em contato com o pessoal da D-aura para entendermos o que aconteceu",entr pessoal aur entend acontec,5
2024-07-02 15:29:44.882,Bia Paes de Barros,😍,instagram_zip,inbox/biapaesdebarros_1418872999507501/message_1.json,time,2024-07-02,,False,und,0.0,😍,,0
2025-04-02 13:49:38.031,Curadobia,"Olá! Tudo bem? Que bom receber sua mensagem! Meu nome é Ana e sou do time Curadobia. Com relação a sua dúvida, conversei com a própria Bia e ela nos informou que volumes também podem funcionar para quem esta um pouco acima desde que tenha um pouco de pele de fora para trazer leveza😊",instagram_zip,inbox/lerparasermelhor_1752937509439991/message_1.json,time,2025-04-02,,False,pt,1.0,"Olá! Tudo bem? Que bom receber sua mensagem! Meu nome é Ana e sou do time Curadobia. Com relação a sua dúvida, conversei com a própria Bia e ela nos informou que volumes também podem funcionar para quem esta um pouco acima desde que tenha um pouco de pele de fora para trazer leveza😊",bem receb sou tim relaç dúv convers própr inform volum pod funcion qu pouc acim desd tenh pouc pel for traz lev,22
2025-05-04 20:13:08.954,Curadobia,Super! Ja falei mto com elas mas estao com muitas frentes abertas e nao conseguem fazer mais coisas,instagram_zip,inbox/juliamolina_1668498281217934/message_1.json,time,2025-05-04,,False,pt,1.0,Super! Ja falei mto com elas mas estao com muitas frentes abertas e nao conseguem fazer mais coisas,sup ja fal mto esta muit frent abert nao conseg cois,11
2025-04-07 14:00:00.000,drarenatacavalheirooftalmologista_17994685604788437,"oi, renata! boa tarde! ana aqui. você conseguiu dar uma olhada nas opções que te mandei? qualquer coisa sigo aqui para o que você precisar ta?",instagram_csv,Consolidação das mensagens do INSTAGRAM.csv,time,2025-04-07,,False,pt,1.0,"oi, renata! boa tarde! ana aqui. você conseguiu dar uma olhada nas opções que te mandei? qualquer coisa sigo aqui para o que você precisar ta?",renat consegu dar olh opç te mand cois precis ta,10
2024-11-21 09:19:00.000,fernandamacielgarcezmehler_1578322970228899,"oie, td bem e vc?! ainda nao. mas em breve terá",instagram_csv,Consolidação das mensagens do INSTAGRAM.csv,time,2024-11-21,,False,pt,1.0,"oie, td bem e vc?! ainda nao. mas em breve terá",oie td bem aind nao brev ter,7
2025-02-13 13:35:00.000,lounge39_1491672462231015,amamos!,instagram_csv,Consolidação das mensagens do INSTAGRAM.csv,time,2025-02-13,,False,lt,1.0,amamos!,,0
2025-05-12 14:11:00.000,tatianaleite_1698020868258668,"oi, tatiana! tudo bem? infelizmente não temos o cupom",instagram_csv,Consolidação das mensagens do INSTAGRAM.csv,time,2025-05-12,,False,pt,1.0,"oi, tatiana! tudo bem? infelizmente não temos o cupom",tati bem infeliz tem cupom,5
2025-05-06 17:05:00.000,vidafigueiredoneuber_1695983401803079,obrigada pela presença!,instagram_csv,Consolidação das mensagens do INSTAGRAM.csv,time,2025-05-06,,False,pt,1.0,obrigada pela presença!,presenç,1
2025-02-11 14:34:36.915,Curadobia,Quando ela estiver disponível nós vamos te avisar!,instagram_zip,inbox/akarinnesantos_1445923513458484/message_1.json,time,2025-02-11,,False,es,1.0,Quando ela estiver disponível nós vamos te avisar!,,0
2024-10-29 14:21:00.000,adrianaleitecarvalho_1482715956452409,você não recebeu essa mensagem?,instagram_csv,Consolidação das mensagens do INSTAGRAM.csv,time,2024-10-29,,False,pt,1.0,você não recebeu essa mensagem?,receb,1
2025-02-14 12:47:00.000,joanaribeirojoe_1675401250526148,seguimos a disposição para o que precisar!,instagram_csv,Consolidação das mensagens do INSTAGRAM.csv,time,2025-02-14,,False,pt,1.0,seguimos a disposição para o que precisar!,segu dispos precis,3
2025-04-15 15:30:00.000,adrianacarlaramosmartino_1642176510517548,pode ficar tranquila que irei te avisar!,instagram_csv,Consolidação das mensagens do INSTAGRAM.csv,time,2025-04-15,,False,ca,1.0,pode ficar tranquila que irei te avisar!,,0
2024-09-23 16:10:05.698,Curadobia,"Ola Julia, isso mesmo. Qualquer duvida nos avise por aqui ou pelo nosso WhatsApp 😉",instagram_zip,inbox/juliaodonnell_1522940142436774/message_1.json,time,2024-09-23,,False,pt,1.0,"Ola Julia, isso mesmo. Qualquer duvida nos avise por aqui ou pelo nosso WhatsApp 😉",ola jul mesm duvid avis noss whatsapp,7
2024-09-30 11:53:00.000,lembrancinhaspersonalizadas_1447248269999188,https://www.curadobia.com.br,instagram_csv,Consolidação das mensagens do INSTAGRAM.csv,time,2024-09-30,,False,und,0.0,https://www.curadobia.com.br,http www br,3
2024-11-22 11:15:12.386,Curadobia,https://www.instagram.com/use_jardin/profilecard/,instagram_zip,inbox/brendaluchese_1482641736467533/message_1.json,time,2024-11-22,,False,und,0.0,https://www.instagram.com/use_jardin/profilecard/,http www profilecard,3
2024-09-16 17:33:00.000,giselamation_1499999134727227,"ola gisela, essa sandalia é da minha collab com a paula ferber",instagram_csv,Consolidação das mensagens do INSTAGRAM.csv,time,2024-09-16,,False,pt,1.0,"ola gisela, essa sandalia é da minha collab com a paula ferber",ola gisel sandal collab paul ferb,6
2024-11-11 18:32:21.349,Curadobia,"Oi, Cris, tudo bem? Estamos nos comunicando pelo WhatsApp. Podemos continuar por lá? Aproveito para te atualizar que já reforcei seu pedido com a marca MyBasic nesta tarde. Peço apenas sua compreensão em relação aos prazos que as marcas precisam para responder e resolver essas questões. Já solicitei um adiantamento para o seu pedido, e pode ficar tranquila: você entrou em contato dentro do prazo de 7 dias corridos para solicitação de devolução, então seu pedido será atendido sem problemas. Qualquer novidade, te aviso por lá!",instagram_zip,inbox/cristinaheesbarroso_1426122582109112/message_1.json,time,2024-11-11,,False,pt,1.0,"Oi, Cris, tudo bem? Estamos nos comunicando pelo WhatsApp. Podemos continuar por lá? Aproveito para te atualizar que já reforcei seu pedido com a marca MyBasic nesta tarde. Peço apenas sua compreensão em relação aos prazos que as marcas precisam para responder e resolver essas questões. Já solicitei um adiantamento para o seu pedido, e pode ficar tranquila: você entrou em contato dentro do prazo de 7 dias corridos para solicitação de devolução, então seu pedido será atendido sem problemas. Qualquer novidade, te aviso por lá!",cril bem comunic whatsapp pod continu aproveit te atual reforc seu ped marc mybasic nest peç apen compreens relaç praz marc precis respond resolv ess quest solicit adiant seu ped pod fic tranquil entr dentr praz dia corr solicit devoluç seu ped ser atend problem novidad te avis,48
2025-03-28 15:14:00.000,bahia_1665583491503875,https://www.curadobia.com.br/my-basic/produto/calca-diferentex,instagram_csv,Consolidação das mensagens do INSTAGRAM.csv,time,2025-03-28,,False,und,0.0,https://www.curadobia.com.br/my-basic/produto/calca-diferentex,http www br my basic produt calc diferentex,8
2024-10-25 17:45:42.535,Curadobia,"Olá, Maria! Tudo bem? Obrigada por ter entrado em contato conosco! Te aconselhamos comprar o seu numero mesmo. No caso, o tamanho 36! Qualquer outra dúvida pode sempre entrar em contato conosco! Equipe Curadobia 💕",instagram_zip,inbox/marialuizasouzapintosoeiro_1553485026047136/message_1.json,time,2024-10-25,,False,pt,1.0,"Olá, Maria! Tudo bem? Obrigada por ter entrado em contato conosco! Te aconselhamos comprar o seu numero mesmo. No caso, o tamanho 36! Qualquer outra dúvida pode sempre entrar em contato conosco! Equipe Curadobia 💕",mar bem entr conosc te aconselh compr seu numer mesm cas tamanh outr dúv pod sempr entr conosc,18
2024-09-29 21:33:24.244,Curadobia,Qualquer dúvida estamos a disposição,instagram_zip,inbox/glaussikoutroularis_1473048937420859/message_1.json,time,2024-09-29,,False,pt,1.0,Qualquer dúvida estamos a disposição,dúv dispos,2
2024-10-04 14:32:00.000,carolinesilva_1563830415015603,"olá, caroline! tudo bem? obrigada pelo seu interesse em trabalhar conosco! no momento não estamos trabalhando com o contrato de novas pessoas no nosso time, mas já salvamos seus dados para futuras oportunidades! caso tenha mais alguma dúvida estamos à disposição! equipe curadobia 💕",instagram_csv,Consolidação das mensagens do INSTAGRAM.csv,time,2024-10-04,,False,pt,1.0,"olá, caroline! tudo bem? obrigada pelo seu interesse em trabalhar conosco! no momento não estamos trabalhando com o contrato de novas pessoas no nosso time, mas já salvamos seus dados para futuras oportunidades! caso tenha mais alguma dúvida estamos à disposição! equipe curadobia 💕",carolin bem seu inter trabalh conosc moment trabalh contrat nov pesso noss tim salv seu dad futur oportun cas tenh algum dúv dispos,23
2024-10-18 17:51:01.366,Curadobia,"Oi, Sandra! Tudo bem? Passando aqui para te avisar que o jeans preto que você se interessou no nosso reels um tempinho atrás está disponível!😍",instagram_zip,inbox/sandrameiraestrategistavisual_1502413017817296/message_1.json,time,2024-10-18,,False,pt,1.0,"Oi, Sandra! Tudo bem? Passando aqui para te avisar que o jeans preto que você se interessou no nosso reels um tempinho atrás está disponível!😍",sandr bem pass te avis je pret interess noss reel temp atrás dispon,13
2024-08-09 08:56:00.000,marifleury_1341040303950108,"ahhh bom 😂. entendi errado então, achei que estava na serra. espero que abra o tempo e fiquei um lindo final de semana!",instagram_csv,Consolidação das mensagens do INSTAGRAM.csv,time,2024-08-09,,False,pt,1.0,"ahhh bom 😂. entendi errado então, achei que estava na serra. espero que abra o tempo e fiquei um lindo final de semana!",ahhh entend err ach est serr esper abr temp fiq lind final seman,13
2024-12-09 10:52:00.000,alessandrafaro_1540136927381425,"qualquer coisa, seguimos à disposição!",instagram_csv,Consolidação das mensagens do INSTAGRAM.csv,time,2024-12-09,,False,pt,1.0,"qualquer coisa, seguimos à disposição!",cois segu dispos,3
2024-07-23 15:29:00.000,stellabastos_1459454448789012,como estaria sua agenda para segunda à tarde?,instagram_csv,Consolidação das mensagens do INSTAGRAM.csv,time,2024-07-23,,False,pt,1.0,como estaria sua agenda para segunda à tarde?,est agend segund,3
2025-01-31 16:51:49.667,Curadobia,"Olá pessoal, como vão? Meu nome é Ana e trabalho junto com a Bia Paes de Barros no CURADOBIA.COM.BR O Curadobia é um marketplace que nasceu com o propósito de reunir em um só lugar peças que fazem toda a diferença no armário e ao mesmo tempo são fáceis de usar: os chamados neutros com tcharanz. Acreditamos que a IARA WISNIK super se conecta com essa proposta. Com quem poderia conversar para falar mais sobre? Aguardo vocês!",instagram_zip,inbox/iarawisnik_1470501791003484/message_1.json,time,2025-01-31,,False,pt,1.0,"Olá pessoal, como vão? Meu nome é Ana e trabalho junto com a Bia Paes de Barros no CURADOBIA.COM.BR O Curadobia é um marketplace que nasceu com o propósito de reunir em um só lugar peças que fazem toda a diferença no armário e ao mesmo tempo são fáceis de usar: os chamados neutros com tcharanz. Acreditamos que a IARA WISNIK super se conecta com essa proposta. Com quem poderia conversar para falar mais sobre? Aguardo vocês!",pessoal vão br marketplac nasc propósit reun só lug peç faz tod diferenç armári mesm temp são fácel us cham neutr tcharanz acredit iar wisnik sup conect propost qu pod convers fal aguard,33
2025-05-19 13:27:14.557,Curadobia,https://www.curadobia.com.br/nauanin/produto/calca-terno-fresquinho,instagram_zip,inbox/marispoladorconsultoradeimagemeestilo_1674962710572265/message_1.json,time,2025-05-19,,False,und,0.0,https://www.curadobia.com.br/nauanin/produto/calca-terno-fresquinho,http www br nauanin produt calc tern fresc,8
2024-10-11 19:12:26.491,Curadobia,"Oi, Julia! Tudo bem? Essa é da Egrey, mais antiga… Estamos a poucos dias de lançar novos modelos de jeans de uma nova marca que entrará no Curadobia! Assim que lançarmos, te mandamos aqui😄",instagram_zip,inbox/juliahauck_1530657911661886/message_1.json,time,2024-10-11,,False,pt,1.0,"Oi, Julia! Tudo bem? Essa é da Egrey, mais antiga… Estamos a poucos dias de lançar novos modelos de jeans de uma nova marca que entrará no Curadobia! Assim que lançarmos, te mandamos aqui😄",jul bem egrey antig pouc dia lanç nov model je nov marc entr assim lanç te mand,17
2024-08-02 20:45:11.078,Bia Pb,"Toque em ""Continuar"" para aceitar ou recusar o pedido.",instagram_zip,inbox/biapb_1487148742684349/message_1.json,time,2024-08-02,,False,pt,1.0,"Toque em ""Continuar"" para aceitar ou recusar o pedido.",toqu continu aceit recus ped,5
2025-01-16 13:46:55.484,Curadobia,"Oi, Patricia! Bom dia. Caraca, que legal receber essa mensagem sua💕 Ficamos muito felizes com isso! Nos avise quando estiver por aqui que fazemos uma entrega especial🥰",instagram_zip,inbox/patriciademellofranco_1511585526896738/message_1.json,time,2025-01-16,,False,pt,1.0,"Oi, Patricia! Bom dia. Caraca, que legal receber essa mensagem sua💕 Ficamos muito felizes com isso! Nos avise quando estiver por aqui que fazemos uma entrega especial🥰",patric carac legal receb fic muit feliz avis estiv faz entreg espec,12
2024-07-23 17:58:00.000,stellabastos_1459454448789012,enviado,instagram_csv,Consolidação das mensagens do INSTAGRAM.csv,time,2024-07-23,,False,pt,1.0,enviado,,0
2025-04-07 17:06:08.360,Curadobia,"Ola Thais!! Tudo bem? Deu tudo certo com a chegada das peças faltantes? Qualquer coisa sigo aqui para te ajudar, viu?",instagram_zip,inbox/thaisduqueestrada_1681913196536395/message_1.json,time,2025-04-07,,False,pt,1.0,"Ola Thais!! Tudo bem? Deu tudo certo com a chegada das peças faltantes? Qualquer coisa sigo aqui para te ajudar, viu?",ola thal bem deu cert cheg peç falt cois te ajud viu,12
2024-07-23 20:07:45.368,Curadobia,"Ah perfeito, funcionaria as 15h fuso São Paulo?",instagram_zip,inbox/queensgate_17961981233788437/message_1.json,time,2024-07-23,,False,pt,1.0,"Ah perfeito, funcionaria as 15h fuso São Paulo?",ah perfeit funcion fus são paul,6
2024-12-20 17:08:07.598,Curadobia,"Oi, Karyna, tudo bem? Estamos passando algumas instabilidades com o site mas acredito que logo mais isso vai se resolver. Você precisa de suporte com algo? Estamos aqui para o que precisar💕",instagram_zip,inbox/karynacarvalhoaires_1535575451171487/message_1.json,time,2024-12-20,,False,pt,1.0,"Oi, Karyna, tudo bem? Estamos passando algumas instabilidades com o site mas acredito que logo mais isso vai se resolver. Você precisa de suporte com algo? Estamos aqui para o que precisar💕",karyn bem pass algum instabil acredit vai resolv precis suport alg precis,12
2024-08-07 19:00:35.454,Curadobia,Agradeço o feedback,instagram_zip,inbox/danycavalcanti_1481723446558270/message_1.json,time,2024-08-07,,False,pt,1.0,Agradeço o feedback,agradeç feedback,2
2025-03-28 14:20:09.385,Curadobia,Qualquer coisa me avisa 💕,instagram_zip,inbox/juliennebini_1644010466992670/message_1.json,time,2025-03-28,,False,ca,1.0,Qualquer coisa me avisa 💕,,0
2025-03-26 13:29:59.745,Curadobia,Claro! Vou separar nossas opções disponíveis em tamanhos maiores e te mando aqui 💕,instagram_zip,inbox/juliennebini_1644010466992670/message_1.json,time,2025-03-26,,False,pt,1.0,Claro! Vou separar nossas opções disponíveis em tamanhos maiores e te mando aqui 💕,clar separ noss opç dispon tamanh mai te mand,9
2024-08-04 19:46:00.000,marifleury_1341040303950108,claro! pode trocar super,instagram_csv,Consolidação das mensagens do INSTAGRAM.csv,time,2024-08-04,,False,es,1.0,claro! pode trocar super,,0
2025-03-28 14:20:03.083,Curadobia,"Bom dia, Julienne, como vai? Conseguiu analisar a seleção que fiz especificamente para você e sua cliente?",instagram_zip,inbox/juliennebini_1644010466992670/message_1.json,time,2025-03-28,,False,pt,1.0,"Bom dia, Julienne, como vai? Conseguiu analisar a seleção que fiz especificamente para você e sua cliente?",julienn vai consegu analis seleç fiz especific client,8
2024-07-23 15:28:00.000,queensgate_17961981233788437,"claro, vamos conversar sim. o que acha de fazermos uma reunião on-line?",instagram_csv,Consolidação das mensagens do INSTAGRAM.csv,time,2024-07-23,,False,pt,1.0,"claro, vamos conversar sim. o que acha de fazermos uma reunião on-line?",clar vam convers ach faz reun on lin,8
2024-10-16 15:56:00.000,amandaoliveira_1472616584131311,"oi amanda, nossas sinceras desculpas por todo esse ocorrido. somos um marketplace com operações a todo vapor e infelizmente não estamos livres de erros técnicos e tecnológicos acontecerem☹️. checamos com a marca e por enquanto estamos com o tamanho 2 e 3 prontos para a venda. seguimos à disposição para te auxiliar em todas as dúvidas e questões necessárias aqui com à gente! como seu cadastro está certinho, acredito que não teremos mais essa situação ocorrendo! obrigada por estar conosco! equipe curadobia💕",instagram_csv,Consolidação das mensagens do INSTAGRAM.csv,time,2024-10-16,,False,pt,1.0,"oi amanda, nossas sinceras desculpas por todo esse ocorrido. somos um marketplace com operações a todo vapor e infelizmente não estamos livres de erros técnicos e tecnológicos acontecerem☹️. checamos com a marca e por enquanto estamos com o tamanho 2 e 3 prontos para a venda. seguimos à disposição para te auxiliar em todas as dúvidas e questões necessárias aqui com à gente! como seu cadastro está certinho, acredito que não teremos mais essa situação ocorrendo! obrigada por estar conosco! equipe curadobia💕",amand noss sinc desculp tod ocorr som marketplac oper tod vap infeliz livr err técn tecnológ acontec chec marc enquant tamanh pront vend segu dispos te auxili tod dúv quest necessár gent seu cadastr cert acredit ter situ ocorr est conosc,41
2024-11-25 14:05:15.529,Curadobia,"Oi, Anna!! Que bom receber uma mensagem sua! Feliz que gostou da sandália, ela é uma das queridinhas aqui no Curadobia💕 Vou te encaminhar o link dela!",instagram_zip,inbox/annamariaassafmvmarotta_1563808915012762/message_1.json,time,2024-11-25,,False,pt,1.0,"Oi, Anna!! Que bom receber uma mensagem sua! Feliz que gostou da sandália, ela é uma das queridinhas aqui no Curadobia💕 Vou te encaminhar o link dela!",ann receb feliz gost sandál querid te encaminh,8
2024-10-18 19:45:00.000,marileneludwig_1499274198130230,para adquirir essa peça basta clicar no link da jaqueta e finalizar a compra pelo site: https://www.curadobia.com.br/nauanin/produto/jaqueta-bacanuda,instagram_csv,Consolidação das mensagens do INSTAGRAM.csv,time,2024-10-18,,False,pt,1.0,para adquirir essa peça basta clicar no link da jaqueta e finalizar a compra pelo site: https://www.curadobia.com.br/nauanin/produto/jaqueta-bacanuda,adquir peç bast clic jaquet final compr http www br nauanin produt jaquet bacanud,14
2024-08-28 05:43:00.000,danycavalcanti_1481723446558270,"ola dany, podemos ajudar sim claro",instagram_csv,Consolidação das mensagens do INSTAGRAM.csv,time,2024-08-28,,False,ca,1.0,"ola dany, podemos ajudar sim claro",,0
2024-07-19 15:40:00.000,gabrielacamposcostabarbosa_1468528951212895,"gabriela entendo sua frustração e é completamente justificada. de fato a marca informou ter tido um pequeno problema de produção que não deverá mais ocorrer e por isso acabou enviando atrasado seu pedido. sobre o meio de contato, estamos providenciando um número para atendimento whatsapp, por hora estamos apenas com o e-mail mas muito em breve já deixaremos essa opção mais fácil para solução de qualquer problema",instagram_csv,Consolidação das mensagens do INSTAGRAM.csv,time,2024-07-19,,False,pt,1.0,"gabriela entendo sua frustração e é completamente justificada. de fato a marca informou ter tido um pequeno problema de produção que não deverá mais ocorrer e por isso acabou enviando atrasado seu pedido. sobre o meio de contato, estamos providenciando um número para atendimento whatsapp, por hora estamos apenas com o e-mail mas muito em breve já deixaremos essa opção mais fácil para solução de qualquer problema",gabriel ent frustr complet justific fat marc inform tid pequen problem produç dev ocorr acab envi atras seu ped mei providenci númer atend whatsapp hor apen mail muit brev deix opç fácil soluç problem,34
2025-04-10 16:40:00.000,lucianunes_1675711197160251,pode ser 3 tambem,instagram_csv,Consolidação das mensagens do INSTAGRAM.csv,time,2025-04-10,,False,ca,1.0,pode ser 3 tambem,,0
2024-12-01 10:38:00.000,bibshoffmann_1609359433796383,sera um dia de vendas presenciais de todas as peças do mix 😉,instagram_csv,Consolidação das mensagens do INSTAGRAM.csv,time,2024-12-01,,False,pt,1.0,sera um dia de vendas presenciais de todas as peças do mix 😉,ser vend presenc tod peç mix,6
2025-03-11 20:54:39.078,Curadobia,11 98115-2332,instagram_zip,inbox/nataliaguadagnucci_1654861482577353/message_1.json,time,2025-03-11,,False,und,0.0,11 98115-2332,,0
2024-11-11 10:11:00.000,heloisathomedevasconcellos_1522573379134640,"olá, heloisa! bom dia, tudo bem? que bom que você gostou das peças da bia! vou te mandar os links das peças que você informou para que possa visualizar com mais calma e clareza todas as peças. qualquer outra duvida ou questão, estamos à disposição! equipe curadobia 💕",instagram_csv,Consolidação das mensagens do INSTAGRAM.csv,time,2024-11-11,,False,pt,1.0,"olá, heloisa! bom dia, tudo bem? que bom que você gostou das peças da bia! vou te mandar os links das peças que você informou para que possa visualizar com mais calma e clareza todas as peças. qualquer outra duvida ou questão, estamos à disposição! equipe curadobia 💕",helois bem gost peç te mand link peç inform poss visual calm clar tod peç outr duvid quest dispos,19
2024-08-08 12:32:06.036,Curadobia,Nós seguimos acompanhando todo o processo até sua finalização,instagram_zip,inbox/danycavalcanti_1481723446558270/message_1.json,time,2024-08-08,,False,pt,1.0,Nós seguimos acompanhando todo o processo até sua finalização,segu acompanh tod process final,5
2024-09-16 21:20:25.061,Curadobia,Infelizmente nao atuo mais nessa area de consultoria pessoal,instagram_zip,inbox/giselamation_1499999134727227/message_1.json,time,2024-09-16,,False,pt,1.0,Infelizmente nao atuo mais nessa area de consultoria pessoal,infeliz nao atu ness are consult pessoal,7
2024-07-23 15:28:00.000,queensgate_17961981233788437,"olá daniela, boa tarde! tudo bem?",instagram_csv,Consolidação das mensagens do INSTAGRAM.csv,time,2024-07-23,,False,pt,1.0,"olá daniela, boa tarde! tudo bem?",daniel bem,2
2025-03-11 17:54:00.000,nataliaguadagnucci_1654861482577353,11 98115-2332,instagram_csv,Consolidação das mensagens do INSTAGRAM.csv,time,2025-03-11,,False,und,0.0,11 98115-2332,,0
2025-03-12 17:58:52.003,Curadobia,"Boa tarde Milene, td bem e vc?! Esse macacão nesse tom infelizmente não terá reposição. Mas lançamos ontem o mesmo modelo em preto",instagram_zip,inbox/somimimi_1616993523032137/message_1.json,time,2025-03-12,,False,pt,1.0,"Boa tarde Milene, td bem e vc?! Esse macacão nesse tom infelizmente não terá reposição. Mas lançamos ontem o mesmo modelo em preto",milen td bem macacã ness tom infeliz ter repos lanç ont mesm model pret,14
2025-05-05 19:40:09.208,Curadobia,❤️,instagram_zip,inbox/anelisacavalcantesoares_1554428265945243/message_1.json,time,2025-05-05,,False,und,0.0,❤️,,0
2024-09-16 18:21:00.000,giselamation_1499999134727227,"mas tmb lancarei um ""programa online de estilo pessoal"" que poderá ser baixado por aqui tmb",instagram_csv,Consolidação das mensagens do INSTAGRAM.csv,time,2024-09-16,,False,pt,1.0,"mas tmb lancarei um ""programa online de estilo pessoal"" que poderá ser baixado por aqui tmb",tmb lanc program onlin estil pessoal pod ser baix tmb,10
2024-10-21 17:03:03.569,Curadobia,"Oi, Roberta! Bom dia! Tudo bem? Estamos entrando em contato porque identificamos que há um tempo você demonstrou interesse nos sapatos da Bia, que apareceram em um dos nossos reels! Agora eles estão disponíveis no site do Curadobia! 😍😍 O link clicável segue na próxima mensagem. Obrigada por nos acompanhar, Roberta! Qualquer dúvida, estamos à disposição! Equipe Curadobia 💕",instagram_zip,inbox/robertaalarcon_1503842897676214/message_1.json,time,2024-10-21,,False,pt,1.0,"Oi, Roberta! Bom dia! Tudo bem? Estamos entrando em contato porque identificamos que há um tempo você demonstrou interesse nos sapatos da Bia, que apareceram em um dos nossos reels! Agora eles estão disponíveis no site do Curadobia! 😍😍 O link clicável segue na próxima mensagem. Obrigada por nos acompanhar, Roberta! Qualquer dúvida, estamos à disposição! Equipe Curadobia 💕",robert bem entr identific há temp demonstr inter sapat aparec noss reel agor dispon clic seg próx acompanh robert dúv dispos,21
2024-07-23 09:10:00.000,queensgate_17961981233788437,"oi daniela, que bacana! muito obrigada por acompanharem e curtirem meu trabalho",instagram_csv,Consolidação das mensagens do INSTAGRAM.csv,time,2024-07-23,,False,pt,1.0,"oi daniela, que bacana! muito obrigada por acompanharem e curtirem meu trabalho",daniel bacan muit acompanh curt,5
2025-01-02 14:45:00.480,Curadobia,"Ola Milene, bom dia! Que bacana que se interessou por essa peça. Infelizmente ela esta fora de estoque no momento. Mas em breve com reposição. Avisamos assim que voltar. Obrigada e um abraço. Equipe Curadobia ✨",instagram_zip,inbox/somimimi_1616993523032137/message_1.json,time,2025-01-02,,False,pt,1.0,"Ola Milene, bom dia! Que bacana que se interessou por essa peça. Infelizmente ela esta fora de estoque no momento. Mas em breve com reposição. Avisamos assim que voltar. Obrigada e um abraço. Equipe Curadobia ✨",ola milen bacan interess peç infeliz for estoqu moment brev repos avis assim volt abraç,15
2025-02-10 01:41:20.346,Curadobia,Oie! Td e vc?! Fica super vistoso. Pode ficar bem. Bacana com essa saia tmb,instagram_zip,inbox/julieorbergpiovezanni_1542882290435811/message_1.json,time,2025-02-10,,False,pt,1.0,Oie! Td e vc?! Fica super vistoso. Pode ficar bem. Bacana com essa saia tmb,oie td fic sup vist pod fic bem bacan sai tmb,11
2025-04-07 17:02:46.106,Curadobia,"Oi, Livia! Boa tarde! Ana aqui. Você conseguiu dar uma olhada na jaqueta? Qualquer coisa sigo aqui para o que você precisar viu?",instagram_zip,inbox/liviafogaca_1578166493585832/message_1.json,time,2025-04-07,,False,pt,1.0,"Oi, Livia! Boa tarde! Ana aqui. Você conseguiu dar uma olhada na jaqueta? Qualquer coisa sigo aqui para o que você precisar viu?",liv consegu dar olh jaquet cois precis viu,8
2025-05-07 14:16:00.018,Curadobia,"Qualquer coisa, sigo aqui! Me chamo Ana também🥰",instagram_zip,inbox/17998336169788437/message_1.json,time,2025-05-07,,False,pt,1.0,"Qualquer coisa, sigo aqui! Me chamo Ana também🥰",cois ch,2
2024-09-30 14:53:06.908,Curadobia,"Olá! Bom dia, tudo bem? Obrigada pela mensagem, conferimos aqui e aparentou estar tudo certo 😊 Aproveito para mandar o link por aqui:",instagram_zip,inbox/lembrancinhaspersonalizadas_1447248269999188/message_1.json,time,2024-09-30,,False,pt,1.0,"Olá! Bom dia, tudo bem? Obrigada pela mensagem, conferimos aqui e aparentou estar tudo certo 😊 Aproveito para mandar o link por aqui:",bem confer aparent est cert aproveit mand,7
2024-07-19 20:08:47.315,Curadobia,Igualmente!,instagram_zip,inbox/tiagorodrigues_17961513431788437/message_1.json,time,2024-07-19,,False,it,1.0,Igualmente!,,0
2024-10-08 10:52:00.000,gabrielalotta_1399235268131019,😍,instagram_csv,Consolidação das mensagens do INSTAGRAM.csv,time,2024-10-08,,False,und,0.0,😍,,0
2024-10-23 16:25:36.692,Curadobia,"Olá, Juliana! Boa tarde! Tudo bem? Estamos entrando em contato porque identificamos que há um tempo você demonstrou interesse nos sapatos da Bia, que apareceram em um dos nossos reels! Agora eles estão disponíveis no site do Curadobia! 😍😍 segue o link: https://www.curadobia.com.br/produtos/buscar?search=Paula+ferber Obrigada por nos acompanhar, Juliana! Qualquer dúvida, estamos à disposição! Equipe Curadobia 💕",instagram_zip,inbox/julianacuzzi_1530970808302540/message_1.json,time,2024-10-23,,False,pt,1.0,"Olá, Juliana! Boa tarde! Tudo bem? Estamos entrando em contato porque identificamos que há um tempo você demonstrou interesse nos sapatos da Bia, que apareceram em um dos nossos reels! Agora eles estão disponíveis no site do Curadobia! 😍😍 segue o link: https://www.curadobia.com.br/produtos/buscar?search=Paula+ferber Obrigada por nos acompanhar, Juliana! Qualquer dúvida, estamos à disposição! Equipe Curadobia 💕",juli bem entr identific há temp demonstr inter sapat aparec noss reel agor dispon seg http www br produt busc search paul ferb acompanh juli dúv dispos,27
2025-04-16 10:16:00.000,mariaangeladoamaralgurgelvianna_1718960822836073,"identificamos sua tentativa de compra! estavamos realizando uns ajustes no site e acabou tendo esse erro, já estamos verificando com a equipe de tecnologia se foi corrigido e assim que estiver tudo ok voltamos para lhe comunicar, tudo bem?",instagram_csv,Consolidação das mensagens do INSTAGRAM.csv,time,2025-04-16,,False,pt,1.0,"identificamos sua tentativa de compra! estavamos realizando uns ajustes no site e acabou tendo esse erro, já estamos verificando com a equipe de tecnologia se foi corrigido e assim que estiver tudo ok voltamos para lhe comunicar, tudo bem?",identific tent compr estav realiz ajust acab tend err verific tecnolog corrig assim estiv ok volt lhe comunic bem,19
2025-05-07 12:41:03.776,Curadobia,Infelizmente esse evento acontece um único dia,instagram_zip,inbox/teresalopes_1706853640715460/message_1.json,time,2025-05-07,,False,pt,1.0,Infelizmente esse evento acontece um único dia,infeliz event acontec únic,4
2024-07-19 15:33:00.000,gabrielacamposcostabarbosa_1468528951212895,peço desculpa pela demora em lhe retornar,instagram_csv,Consolidação das mensagens do INSTAGRAM.csv,time,2024-07-19,,False,pt,1.0,peço desculpa pela demora em lhe retornar,peç desculp dem lhe retorn,5
2025-01-13 12:05:00.000,pamelavaiano_1669719177758582,"bom dia, pamela! tudo bem? revisamos aqui o nosso sistema e fizemos testes e tudo parece funcionar bem. esperamos que você tenha uma boa experiência agora. o que aconselhamos também é entrar no site pelo google chrome caso você ainda não tenha acessado por lá ☺️ vou te encaminhar os links dos produtos que você nos encaminhou: https://www.curadobia.com.br/helena-pontes/produto/camisa-arquitetonica https://www.curadobia.com.br/stella-bastos/produto/camisa-diferentona https://www.curadobia.com.br/revival-brasil/produto/body-modernoso https://www.curadobia.com.br/valeria-mansur/produto/pantalona-casual https://www.curadobia.com.br/paula-marques/produto/a-corrente",instagram_csv,Consolidação das mensagens do INSTAGRAM.csv,time,2025-01-13,,False,pt,1.0,"bom dia, pamela! tudo bem? revisamos aqui o nosso sistema e fizemos testes e tudo parece funcionar bem. esperamos que você tenha uma boa experiência agora. o que aconselhamos também é entrar no site pelo google chrome caso você ainda não tenha acessado por lá ☺️ vou te encaminhar os links dos produtos que você nos encaminhou: https://www.curadobia.com.br/helena-pontes/produto/camisa-arquitetonica https://www.curadobia.com.br/stella-bastos/produto/camisa-diferentona https://www.curadobia.com.br/revival-brasil/produto/body-modernoso https://www.curadobia.com.br/valeria-mansur/produto/pantalona-casual https://www.curadobia.com.br/paula-marques/produto/a-corrente",pamel bem revis noss sistem fiz test parec funcion bem esper tenh experi agor aconselh entr googl chrom cas aind tenh acess te encaminh link produt encaminh http www br helen pont produt camis arquiteton http www br stell bast produt camis diferent http www br reviv brasil produt body modern http www br val mansur produt pant cas http www br paul marqu produt corr,66
2025-01-22 11:54:00.000,karynacarvalhoaires_1535575451171487,"oi, karyna! bom dia, tudo bem? vamos verificar!",instagram_csv,Consolidação das mensagens do INSTAGRAM.csv,time,2025-01-22,,False,pt,1.0,"oi, karyna! bom dia, tudo bem? vamos verificar!",karyn bem vam verific,4
2024-12-20 14:08:00.000,karynacarvalhoaires_1535575451171487,"oi, karyna, tudo bem? estamos passando algumas instabilidades com o site mas acredito que logo mais isso vai se resolver. você precisa de suporte com algo? estamos aqui para o que precisar💕",instagram_csv,Consolidação das mensagens do INSTAGRAM.csv,time,2024-12-20,,False,pt,1.0,"oi, karyna, tudo bem? estamos passando algumas instabilidades com o site mas acredito que logo mais isso vai se resolver. você precisa de suporte com algo? estamos aqui para o que precisar💕",karyn bem pass algum instabil acredit vai resolv precis suport alg precis,12
2025-01-16 15:20:00.000,wendyelborin_1537073684348923,"olá pessoal, como vão? meu nome é ana e trabalho junto com a bia paes de barros no curadobia.com.br (insta: @curadobia.oficial). o curadobia é um marketplace que nasceu com o propósito de reunir em um só lugar peças que fazem toda a diferença no armário e ao mesmo tempo são fáceis de usar: os chamados neutros com tcharanz. acreditamos que a wendyel borin super se conecta com essa proposta. com quem poderia conversar para falar mais sobre? aguardo vocês💕",instagram_csv,Consolidação das mensagens do INSTAGRAM.csv,time,2025-01-16,,False,pt,1.0,"olá pessoal, como vão? meu nome é ana e trabalho junto com a bia paes de barros no curadobia.com.br (insta: @curadobia.oficial). o curadobia é um marketplace que nasceu com o propósito de reunir em um só lugar peças que fazem toda a diferença no armário e ao mesmo tempo são fáceis de usar: os chamados neutros com tcharanz. acreditamos que a wendyel borin super se conecta com essa proposta. com quem poderia conversar para falar mais sobre? aguardo vocês💕",pessoal vão br inst ofic marketplac nasc propósit reun só lug peç faz tod diferenç armári mesm temp são fácel us cham neutr tcharanz acredit wendyel borin sup conect propost qu pod convers fal aguard,35
2024-08-07 19:00:26.985,Curadobia,Estaremos atualizando no site para conter essa tabela que realmente estava faltando,instagram_zip,inbox/danycavalcanti_1481723446558270/message_1.json,time,2024-08-07,,False,pt,1.0,Estaremos atualizando no site para conter essa tabela que realmente estava faltando,est atualiz cont tabel real est falt,7
2024-10-18 17:51:55.232,Curadobia,"Segue o link dele! Qualquer dúvida ou questão, estamos à disposição! Obrigada por nos acompanhar! Equipe Curadobia 💕",instagram_zip,inbox/sandrameiraestrategistavisual_1502413017817296/message_1.json,time,2024-10-18,,False,pt,1.0,"Segue o link dele! Qualquer dúvida ou questão, estamos à disposição! Obrigada por nos acompanhar! Equipe Curadobia 💕",seg dúv quest dispos acompanh,5
2025-03-26 10:48:00.000,juliennebini_1644010466992670,"os bodys da revival são excelentes peças neutras e básicas para ter no armário e possuem uma ampla grade de tamanhos: https://www.curadobia.com.br/categorias/revival-brasil além disso, temos nossos acessórios: https://www.curadobia.com.br/categorias/acessorio bolsas: https://www.curadobia.com.br/categorias/bolsas e sapatos: https://www.curadobia.com.br/categorias/sapatos",instagram_csv,Consolidação das mensagens do INSTAGRAM.csv,time,2025-03-26,,False,pt,1.0,"os bodys da revival são excelentes peças neutras e básicas para ter no armário e possuem uma ampla grade de tamanhos: https://www.curadobia.com.br/categorias/revival-brasil além disso, temos nossos acessórios: https://www.curadobia.com.br/categorias/acessorio bolsas: https://www.curadobia.com.br/categorias/bolsas e sapatos: https://www.curadobia.com.br/categorias/sapatos",body reviv são excel peç neutr básic armári possu ampl grad tamanh http www br categor reviv brasil além diss tem noss acessóri http www br categor acessori bols http www br categor bols sapat http www br categor sapat,40
2025-03-10 14:54:13.809,Curadobia,Qualquer coisa sigo aqui💕,instagram_zip,inbox/laiscardosoperetto_1642377720491593/message_1.json,time,2025-03-10,,False,ca,1.0,Qualquer coisa sigo aqui💕,,0
2025-04-16 13:15:44.673,Curadobia,Que bom receber mensagem tua!,instagram_zip,inbox/mariaangeladoamaralgurgelvianna_1718960822836073/message_1.json,time,2025-04-16,,False,pt,1.0,Que bom receber mensagem tua!,receb tua,2
