text,label
oi bia tudo bem adorei a <user> o nome ficou demais e claro ja fui olhar as pea as na o localizei tabela de medidas porem pelo tamanho das pea as que vc veste o g provavelmente na o vai caber em mim uso <num> <num> a depender da confeca a o pense com carinho em fazer uma curadoria para tamanhos normais desejo muito sucesso nessa nova empreitada que deus te abena oe bjos,saudacao
sem conteudo detectavel,nao_entendi
d r,nao_entendi
boa tarde na pa gina da regata podrinha cinza eu na o consigo ver as medidas dos tamanhos acima do g que sa o justamente o que visto poderia me enviar essas medidas dos tamanhos gg e xgg por favor,saudacao
bia sent an attachment,nao_entendi
oi,saudacao
link compartilhado,como_comprar
estamos entrando em contato porque identificamos que ha um tempo voce demonstrou interesse nas sandalias da bia que apareceram em um dos nossos reels agora eles estao disponiveis no site do curadobia o link clicavel segue na proxima mensagem obrigada por nos acompanhar katia qualquer duvida estamos a disposicao equipe curadobia,agradecimento
bia sent an attachment,nao_entendi
bom dia julienne como vai conseguiu analisar a selea a o que fiz especificamente para vocaa e sua cliente,saudacao
bom dia marcia tudo bem obrigada pela sua mensagem ficamos muito felizes que gostou da nossa pantalona jeans d infelizmente ela esta esgotada no momento mas assim que tivermos a reposia a o te avisamos,saudacao
nao nao oferecemos cupom de desconto nas compras,nao_entendi
joga,nao_entendi
curtiu uma mensagem,nao_entendi
<num>,nao_entendi
obrigada pelo retorno,agradecimento
d,nao_entendi
sim obrigada,agradecimento
link compartilhado,como_comprar
tudo bem,nao_entendi
pergunta a saia acinturante e oversized ou normal resposta tamanho e medidas,tamanho_modelagem
bia sent an attachment,nao_entendi
ola anna tem sim tamanho <num>,saudacao
falando,nao_entendi
pergunta a saia tech fica justa no quadril resposta tamanho e medidas,tamanho_modelagem
pergunta aceitam pix pra trench facil resposta preco estoque e pagamento,formas_pagamento
link compartilhado,como_comprar
pergunta a camisa de responsa marca muito o corpo resposta modelagem e tecido,tamanho_modelagem
estrutura,nao_entendi
bia td bom nao estou conseguindo finalizar a compra da regata podrinha coloquei os dados do cartao e no campo cvv eu ponho os numeros mas o sistema ignora que eu coloquei tentei varias vezes acho que esta com problema,formas_pagamento
segue o link da jaqueta <url>,como_comprar
segredo,nao_entendi
ola priscila td bem e vc acabamos de fazer alguns testes e esta funcionando normalmente poderia testar novamente para ver se da certo,saudacao
a,nao_entendi
link compartilhado,como_comprar
oi anna que bom receber uma mensagem sua feliz que gostou da sandalia ela e uma das queridinhas aqui no curadobia vou te encaminhar o link dela,saudacao
ola sandra boa tarde tudo bem estamos entrando em contato porque identificamos que ha um tempo voce demonstrou interesse nos sapatos da bia que apareceram em um dos nossos reels agora eles estao disponiveis no site do curadobia segue o link <url> obrigada por nos acompanhar sandra qualquer duvida estamos a disposicao equipe curadobia,saudacao
que,nao_entendi
ola,saudacao
oi tatiana tudo bem infelizmente nao temos o cupom,saudacao
amassar,nao_entendi
link compartilhado,como_comprar
vou olhar aqui meu anti virus pq ele bloqueia o curadobia veja,nao_entendi
<url>,nao_entendi
ola tudo bem entre em contato com nosso comercial <num>,saudacao
oi dany bom dia desculpa ontem nao ter te dado um retorno a marca havia informado que estaria chegando ontem mesmo,saudacao
bia sent an attachment,nao_entendi
oi daniela que bacana muito obrigada por acompanharem e curtirem meu trabalho,saudacao
<url>,nao_entendi
oi talita muito bom receber sua mensagem agradecemos demais o contato e que bacana vocaas terem pensado na gente pora c m nesse momento na <num> s na o estamos trabalhando com produa a o de qualquer forma salvamos o teu contato para futuras oportunidades atenciosamente equipe curadobiad,saudacao
look,pedir_sugestao_produto
como proceder p troca,troca_devolucao_politica
sem conteudo detectavel,nao_entendi
link compartilhado,como_comprar
ola kari bom dia tudo bem,saudacao
ne,nao_entendi
pergunta a calca cool fica justa no quadril resposta tamanho e medidas,tamanho_modelagem
bom dia consegue me mandar o vadeo,saudacao
da,nao_entendi
sem problemas mari apenas encaminha pra gente um e mail solicitando que iremos dar sequaancia com a troca e mail contato curadobia <user> com,troca_devolucao_politica
vou amanha obrigada,agradecimento
pergunta a regata pregas jersey tem desconto a vista resposta preco estoque e pagamento,formas_pagamento
ficar,nao_entendi
medida,nao_entendi
link compartilhado,como_comprar
link compartilhado,como_comprar
link compartilhado,como_comprar
pergunta a blusa molona ta em promocao resposta preco estoque e pagamento,formas_pagamento
alguem poderia entrar em contato comigo por e mail ou whatsapp o site de vcs parece que esta com problemas nao funciona direito nao,erros_plataforma
meio,nao_entendi
ola pessoal como vao meu nome e ana e trabalho junto com a bia paes de barros no curadobia com br o curadobia e um marketplace que nasceu com o proposito de reunir em um so lugar pecas que fazem toda a diferenca no armario e ao mesmo tempo sao faceis de usar os chamados neutros com tcharanz acreditamos que a marca de voces pode se conectar com essa proposta com quem poderia conversar para falar mais sobre aguardo voces,saudacao
horrores,nao_entendi
porque,nao_entendi
ola td bem fiz uma compra com vc e recebi apenas o tricot vc pode me ajudar muito obrigada desde ja,saudacao
ola pessoal como vao meu nome e ana e trabalho junto com a bia paes de barros no curadobia com br o curadobia e um marketplace que nasceu com o proposito de reunir em um so lugar pecas que fazem toda a diferenca no armario e ao mesmo tempo sao faceis de usar os chamados neutros com tcharanz acreditamos que a novamente pode se conectar com essa proposta com quem poderia conversar para falar mais sobre aguardo voces,saudacao
ola livia td e vc ficamos felizes que gostou dessa jaqueta acredito que tenha sido um erro da lojinha do instagram o valor correto r <num>,saudacao
grandao,nao_entendi
evento,nao_entendi
d,nao_entendi
que tamanho costuma usar,tamanho_modelagem
link compartilhado,como_comprar
ola juliana boa tarde tudo bem,saudacao
bom dia gostaria de adquirir essa calca mas nao esta mais disponivel podem me ajudar obrigada,saudacao
tira,nao_entendi
ola bom dia tudo bem obrigada pela mensagem conferimos aqui e aparentou estar tudo certo aproveito para mandar o link por aqui,saudacao
ne,nao_entendi
oii o site curadobia esta fora do ar fui visitar atrava c s dos link da bio e na o funcionou bjs,erros_plataforma
para,nao_entendi
link compartilhado,como_comprar
link compartilhado,como_comprar
coisa,nao_entendi
oi esse conjunto marrom e vendido tambem,saudacao
dura,nao_entendi
e,nao_entendi
como a c o processo da troca,troca_devolucao_politica
pergunta tenho <num> cm de busto qual regata pregas jersey comprar resposta tamanho e medidas,tamanho_modelagem
oie tudo bem elaine obrigada pela sua mensagem vocaa consegue nos confirmar suas medidas para que possamos verificar com mais precisa o d,agradecimento
oii o site curadobia esta fora do ar fui visitar atrava c s dos link da bio e na o funcionou bjs,erros_plataforma
pergunta da pra parcelar a saia tech sem juros resposta preco estoque e pagamento,formas_pagamento
imagem enviada,nao_entendi
oii o site curadobia esta fora do ar fui visitar atrava c s dos link da bio e na o funcionou bjs,erros_plataforma
uma,nao_entendi
meu,nao_entendi
pergunta a camisa de responsa marca muito o corpo resposta modelagem e tecido,tamanho_modelagem
o site esta passando por problemas,erros_plataforma
pergunta da pra trocar a calca saruel silvia por outro tamanho resposta frete prazos e trocas,frete_prazo
preta,nao_entendi
ola milene bom dia que bacana que se interessou por essa peca infelizmente ela esta fora de estoque no momento mas em breve com reposicao avisamos assim que voltar obrigada e um abraco equipe curadobia,saudacao
<url>,nao_entendi
sem conteudo detectavel,nao_entendi
ahhh maravilha,nao_entendi
look,pedir_sugestao_produto
pergunta da pra parcelar a saia tech sem juros resposta preco estoque e pagamento,formas_pagamento
bia sent an attachment,nao_entendi
pedimos desculpas pelo ocorrido e pode ter certeza que isso servira para aprimorarmos nosso atendimento e nao deixar que situacoes como essa ocorram novamente agradeco sua compreensao e nos disponibilizamos para auxiliar da melhor forma possivel sobre ter ficado um pouco grande o body nos informe se desejar efetuar troca que ja posso agilizar junto a marca essa solicitacao,troca_devolucao_politica
curtiu uma mensagem,nao_entendi
<url>,nao_entendi
link compartilhado,como_comprar
oii o site curadobia esta fora do ar fui visitar atraves dos link da bio e nao funcionou bjs,erros_plataforma
e,nao_entendi
link compartilhado,como_comprar
deste,nao_entendi
pergunta a camisa de responsa marca muito o corpo resposta modelagem e tecido,tamanho_modelagem
link compartilhado,como_comprar
look,pedir_sugestao_produto
oi adriana isso ainda na o esta disponavel pois ele a c um modelo exclusivo de sa o paulo fashion week inclusive fomos semana passada prestigiar a marca reptilia nossa previsa o a c que esteja disponavel na proxima semana,saudacao
d,nao_entendi
oi karen que bom receber tua mensagem aqui e a ana faco parte do time curadobia realmente nos ainda nao trabalhamos com frete internacional mas nao deixe de pedir para alguem te levar nossas pecas quando for te visitar varias clientes internacionais nossas fazem isso,saudacao
da,nao_entendi
link compartilhado,como_comprar
solicitamos a reposia a o para a paula ferber logo mais te atualizaremos sobre o estoque d deg,nao_entendi
oieee obrigada de verdade,agradecimento
sem conteudo detectavel,nao_entendi
opa acho que caiu,nao_entendi
oi karyna tudo bem estamos passando algumas instabilidades com o site mas acredito que logo mais isso vai se resolver vocaa precisa de suporte com algo estamos aqui para o que precisard,saudacao
link compartilhado,como_comprar
ola priscila td bem e vc acabamos de fazer alguns testes e esta funcionando normalmente poderia testar novamente para ver se da certo,saudacao
look,pedir_sugestao_produto
adorei as bolsas de vcs,nao_entendi
oi amanda nossas sinceras desculpas por todo esse ocorrido somos um marketplace com operacoes a todo vapor e infelizmente nao estamos livres de erros tecnicos e tecnologicos acontecerem checamos com a marca e por enquanto estamos com o tamanho <num> e <num> prontos para a venda seguimos a disposicao para te auxiliar em todas as duvidas e questoes necessarias aqui com a gente como seu cadastro esta certinho acredito que nao teremos mais essa situacao ocorrendo obrigada por estar conosco equipe curadobia edited,saudacao
ola como va o muito prazer meu nome a c ana e trabalho aqui no curadobia na o sei se recordam pora c m conversamos no primeiro semestre do ano passado <num> sobre esse projeto da bia paes de barros desde la evoluamos bastante e estamos concretizados como um marketplace em potencial crescimento queremos compartilhar com vocaas nosso site para darem uma olhada curadobia com br ainda temos a nua em foco o que acham de retomarmos contato aguardo vocaas,saudacao
vou querer a <num> qual a c sua chave pix,formas_pagamento
oi renata boa tarde ana aqui vocaa conseguiu dar uma olhada nas opa aues que te mandei qualquer coisa sigo aqui para o que vocaa precisar ta,saudacao
link compartilhado,como_comprar
eu,nao_entendi
salva,nao_entendi
sem conteudo detectavel,nao_entendi
ferias,nao_entendi
muito estilo,nao_entendi
comprar,como_comprar
somos uma produtora de a udio visual e achamos que seria interessante apresentar o nosso trabalho e portifa <num> lio,nao_entendi
d,nao_entendi
obrigada eu aviso sim gostei bastante vou levar para a cliente,agradecimento
pergunta o tecido da camisa viajante esquenta resposta modelagem e tecido,tamanho_modelagem
pergunta tenho duvida no tamanho da camisa viajante qual voce recomenda resposta tamanho e medidas,tamanho_modelagem
qualquer duvida sigo a disposicao,nao_entendi
link compartilhado,como_comprar
ola stella boa tarde tudo bem,saudacao
obrigada,agradecimento
link compartilhado,como_comprar
bia sent an attachment,nao_entendi
ta joia,nao_entendi
ola heloisa bom dia tudo bem que bom que voce gostou das pecas da bia vou te mandar os links das pecas que voce informou para que possa visualizar com mais calma e clareza todas as pecas qualquer outra duvida ou questao estamos a disposicao equipe curadobia,saudacao
outra duvida e sobre o tom certinho dessa jaqueta no site achei que estava num tom diferente dos stories,erros_plataforma
link compartilhado,como_comprar
bia sent an attachment,nao_entendi
pergunta a calca cool tem frete gratis resposta frete prazos e trocas,frete_prazo
mas amei a sugestao ju,pedir_sugestao_produto
descolado,nao_entendi
you sent an attachment,nao_entendi
look,pedir_sugestao_produto
agradea o o feedback,nao_entendi
ola andrea boa tarde tudo bem estamos entrando em contato porque identificamos que ha um tempo vocaa demonstrou interesse nas sanda lias da bia que apareceram em um dos nossos reels agora eles esta o disponaveis no site do curadobia dd segue o link <url> obrigada por nos acompanhar andrea qualquer daovida estamos a disposia a o equipe curadobia d,saudacao
<url>,nao_entendi
outra duvida e sobre o tom certinho dessa jaqueta no site achei que estava num tom diferente dos stories,erros_plataforma
oi danuza bom dia tudo bem pode nos informar por aqui a daovida ou se preferir uma comunicaa a o mais a gil pode nos chamar no nosso whatsapp,saudacao
bia sent an attachment,nao_entendi
bia gosto muito das suas bolsas poderia passar umas dicas nao encontrei no seu site,erros_plataforma
gostei do conjunto mas nao vi no site,erros_plataforma
mas a experiencia de compra nao foi legal,nao_entendi
look,pedir_sugestao_produto
tamanho,tamanho_modelagem
preto,nao_entendi
oi pessoal tudo bem estou com duvida sobre numeracao de uma peca de voces aguardo retorno obrigada milene,saudacao
reagiu com d a sua mensagem,nao_entendi
bia sent an attachment,nao_entendi
gostei do conjunto mas nao vi no site,erros_plataforma
dizer,nao_entendi
link compartilhado,como_comprar
e,nao_entendi
ola tudo bem tem cupom para <num> a compra,saudacao
bia sent an attachment,nao_entendi
como proceder p troca,troca_devolucao_politica
bia sent an attachment,nao_entendi
link compartilhado,como_comprar
aquele,nao_entendi
ola van td bem farei um video para vc,saudacao
nao tem um link de comunicacao no whatsapp,como_comprar
pergunta se eu sou baixa a trench facil fica muito comprida resposta tamanho e medidas,tamanho_modelagem
nao estou conseguindo entrar no site para fazer compra,erros_plataforma
construcao,nao_entendi
<num>,nao_entendi
pergunta a regata pregas jersey tem desconto a vista resposta preco estoque e pagamento,formas_pagamento
ola somente essa cor selecionamos sempre uma unica para estar aqui no curadobia,saudacao
oi tudo bem esta com algum problema no site para pagar com cartao de credito o codigo cvv some,saudacao
pergunta se eu sou baixa a trench facil fica muito comprida resposta tamanho e medidas,tamanho_modelagem
pergunta aceitam pix pra calca saruel silvia resposta preco estoque e pagamento,formas_pagamento
entrega devolucao,frete_prazo
experimentei essa jaqueta maravilhosa,nao_entendi
pergunta da pra parcelar a calca cool sem juros resposta preco estoque e pagamento,formas_pagamento
obrigada pelo prestigio foi incrivel te ter de pertinho ontem,agradecimento
boa tarde pessoal tudo bem estava namorando um macaca o verde no site da marca d aura pora c m na o localizei mais d saiu de colea a o na o tera reposia a o aguardo obrigada milene,saudacao
ola boa tarde silvana tudo bem obrigada pela sua mensagem a nossa pantalona jeans esta saindo por r <num> <num> qualquer coisa estamos aqui,saudacao
vai ter reposicao dessa calca,nao_entendi
ok obrigada,agradecimento
ola silvana boa tarde tudo bem estamos entrando em contato porque identificamos que ha um tempo voce demonstrou interesse nas sapatilhas da bia que apareceram em um dos nossos reels agora eles estao disponiveis no site do curadobia segue o link <url> obrigada por nos acompanhar silvana qualquer duvida estamos a disposicao equipe curadobia,saudacao
ola algum cupom de desconto na primeira compra,saudacao
vira,nao_entendi
por favor me interessei por este macaca o quais tamanhos e como comprar,como_comprar
a,nao_entendi
ola tudo bem que bom receber sua mensagem meu nome a c ana e sou do time curadobia com relaa a o a sua daovida conversei com a pra <num> pria bia e ela nos informou que volumes tamba c m podem funcionar para quem esta um pouco acima desde que tenha um pouco de pele de fora para trazer levezad,saudacao
brenda sent an attachment,nao_entendi
lucia shared a product,nao_entendi
ola tudo bem sim e com vocaa,saudacao
mas amei a sugestao ju,pedir_sugestao_produto
bia sent an attachment,nao_entendi
sem conteudo detectavel,nao_entendi
ola boa tarde tudo bem tenho uma confeca a o trabalho com tecido plano e malha faa o todo desenvolvimento da pea a comea ando da pea a piloto e entrego a produa a o passada e embalada caso tenha interesse meu naomero a c <num> obrigada,saudacao
sem problemas mari apenas encaminha pra gente um e mail solicitando que iremos dar sequencia com a troca e mail contato curadobia <user> com,troca_devolucao_politica
qual tamanho,tamanho_modelagem
acabei de comprar um conjunto se na o servir posso trocar pelo seu cep deve ser perto da minha casa o meu <num> <num>,como_comprar
so mimimi sent an attachment,nao_entendi
oi livia boa tarde ana aqui vocaa conseguiu dar uma olhada na jaqueta qualquer coisa sigo aqui para o que vocaa precisar viu,saudacao
link compartilhado,como_comprar
oi adriana tudo bem bom dia aqui e a ana da equipe do curadobia vimos que voce se interessou pelo macacao no video da bia mas na epoca ele ainda estava em lancamento boa noticia agora esta disponivel segue o link abaixo para que voce possa dar uma olhada,saudacao
pergunta tenho <num> cm de busto qual bolsa anda sozinha comprar resposta tamanho e medidas,tamanho_modelagem
ta,nao_entendi
oi,saudacao
qual tamanho,tamanho_modelagem
resposta,nao_entendi
oi julia tudo bem essa e da egrey mais antiga estamos a poucos dias de lancar novos modelos de jeans de uma nova marca que entrara no curadobia assim que lancarmos te mandamos aqui,saudacao
ola fiz uma compra com voces tudo certo,saudacao
bia sent an attachment,nao_entendi
substituta,nao_entendi
iremos relanca la em outubro aqui no curadobia,nao_entendi
sem conteudo detectavel,nao_entendi
sem,nao_entendi
sobre a troca da calca que comprei quero trocar por um tamanho menor recebi um e mail de vcs no dia <num> <num> <num> respondi mas dps disso nao tive mais retorno,troca_devolucao_politica
ola tudo bem sim e com voce,saudacao
pergunta se eu sou baixa a calca saruel silvia fica muito comprida resposta tamanho e medidas,tamanho_modelagem
link compartilhado,como_comprar
pergunta a saia tech fica justa no quadril resposta tamanho e medidas,tamanho_modelagem
link compartilhado,como_comprar
respostas,nao_entendi
<url>,nao_entendi
muito obrigada,agradecimento
boa tarde milene td bem e vc esse macaca o nesse tom infelizmente na o tera reposia a o mas lana amos ontem o mesmo modelo em preto,saudacao
pergunta a blusa molona e feita no brasil resposta extras e institucional,nao_entendi
muito obrigada elas entraram em contato comigo realmente a sanda lia a c linda mas infelizmente fico um pouco fora pra mim,agradecimento
oi patricia tudo bem obrigada pela sua mensagem infelizmente nao temos mais essa calca disponivel no nosso mix mas temos diversos produtos unicos e selecionados pela bia paes de barros o que acha dessas opcoes,saudacao
bia gosto muito das suas bolsas poderia passar umas dicas na o encontrei no seu site a,erros_plataforma
oii o site curadobia esta fora do ar fui visitar atraves dos link da bio e nao funcionou bjs,erros_plataforma
oi karyna bom dia vimos que voce mandou as mesmas mensagens pelo nosso whatsapp vamos dar seguimento por la entao tudo bem obrigada,saudacao
algua c m poderia entrar em contato comigo por e mail ou whatsapp o site de vcs parece que esta com problemas na o funciona direito na o,erros_plataforma
ola bia te vi no post da teti gio amei o seu perfil eu tenho uma marca de joias autorais com design minimalista e ouro sustentavel adoraria te apresentar <user> tambem gostaria de conversar sobre divulgacao se houver interesse claro muito obrigada um abraco evelyn,saudacao
legal mto obrigada d,agradecimento
bia sent an attachment,nao_entendi
ola amanda bom dia tudo bem,saudacao
uma,nao_entendi
essa sanda lia cala a certo cala o <num> sera que preciso comprar <num>,como_comprar
d,nao_entendi
clientes,nao_entendi
<url>,nao_entendi
obrigada pelo prestigio foi incrivel te ter de pertinho ontem,agradecimento
sem conteudo detectavel,nao_entendi
eu sugiro q vcs verifiquem melhor as parcerias de fornecedores pois nao comprarei mais nesta curadoria infelizmente gosto mto do trabalho da bia mas assim inviabiliza,nao_entendi
<url> www curadobia com br,nao_entendi
sugestao,pedir_sugestao_produto
oi amanda nossas sinceras desculpas por todo esse ocorrido somos um marketplace com operacoes a todo vapor e infelizmente nao estamos livres de erros tecnicos e tecnologicos acontecerem checamos com a marca e por enquanto estamos com o tamanho <num> e <num> prontos para a venda seguimos a disposicao para te auxiliar em todas as duvidas e questoes necessarias aqui com a gente como seu cadastro esta certinho acredito que nao teremos mais essa situacao ocorrendo obrigada por estar conosco equipe curadobia,saudacao
pergunta o tecido da blusa molona esquenta resposta modelagem e tecido,tamanho_modelagem
link compartilhado,como_comprar
curtiu uma mensagem,nao_entendi
tirar,nao_entendi
sem problemas mari apenas encaminha pra gente um e mail solicitando que iremos dar sequaancia com a troca e mail contato curadobia <user> com,troca_devolucao_politica
d deg,nao_entendi
d,nao_entendi
ela,nao_entendi
com,nao_entendi
bia sent an attachment,nao_entendi
eu queria usar nas fotos que irei fazer amanha,nao_entendi
link compartilhado,como_comprar
oi maria angela bom dia como voce esta,saudacao
ola tudo bem bom dia como funciona o ora amento de studios com vocaas por favor,saudacao
com certeza sera um sucesso obrigada ana,agradecimento
oi as compras sao direto no site,saudacao
ola vera na verdade a curadoria de pecas que seleciono ja faz parte dessa ajuda,saudacao
obrigada pelo retorno as pea as sa o incraveis a que me apaixonei por essa cala a enta o foi ela que me prendeu o olhar daoi,agradecimento
ola meninas tudo bem comprei a saia preta da d aura em outubro precisei trocar foram rapidassimos mas sa <num> hoje eu soube que na o levaram a sacola com a pea a a ser trocada ficou este tempo todo na minha portaria como faa o,saudacao
code,nao_entendi
link compartilhado,como_comprar
que aa ja envio um invite,nao_entendi
pergunta tem estoque da saia acinturante no tamanho m resposta preco estoque e pagamento,formas_pagamento
vou querer a <num> qual a c sua chave pix,formas_pagamento
qual o endereco,nao_entendi
link compartilhado,como_comprar
pergunta a saia acinturante e oversized ou normal resposta tamanho e medidas,tamanho_modelagem
bia sent an attachment,nao_entendi
link compartilhado,como_comprar
ola pessoal como vao meu nome e ana e trabalho junto com a bia paes de barros no curadobia com br o curadobia e um marketplace que nasceu com o proposito de reunir em um so lugar pecas que fazem toda a diferenca no armario e ao mesmo tempo sao faceis de usar os chamados neutros com tcharanz acreditamos que a l dnim super se conecta com essa proposta com quem poderia conversar para falar mais sobre aguardo voces,saudacao
ola milene bom dia como vai claro estamos aqui para ajudar qual a sua daovida,saudacao
algua c m poderia entrar em contato comigo por e mail ou whatsapp o site de vcs parece que esta com problemas na o funciona direito na o,erros_plataforma
oi ana tudo e voce beleza obrigada,saudacao
sem,nao_entendi
obrigada a i,agradecimento
comprei um body e paguei frete de <num> dias aoteis pra levar pra uma viagem agora na sexta,frete_prazo
curtiu uma mensagem,nao_entendi
curtiu uma mensagem,nao_entendi
look,pedir_sugestao_produto
nao rsrs,nao_entendi
obrigada pelo feedback maria,agradecimento
pergunta a saia tech amassa facil resposta modelagem e tecido,tamanho_modelagem
imagem enviada,nao_entendi
ola pessoal como va o meu nome a c ana e trabalho junto com a bia paes de barros no curadobia com br o curadobia a c um marketplace que nasceu com o propa <num> sito de reunir em um sa <num> lugar pea as que fazem toda a diferena a no arma rio e ao mesmo tempo sa o fa ceis de usar os chamados neutros com tcharanz acreditamos que a elisa atheniense super se conecta com essa proposta com quem poderia conversar para falar mais sobre aguardo vocaas,saudacao
diferente,nao_entendi
ola pessoal como va o meu nome a c ana e trabalho junto com a bia paes de barros no curadobia com br insta <user> oficial o curadobia a c um marketplace que nasceu com o propa <num> sito de reunir em um sa <num> lugar pea as que fazem toda a diferena a no arma rio e ao mesmo tempo sa o fa ceis de usar os chamados neutros com tcharanz acreditamos que a aim super se conecta com essa proposta com quem poderia conversar para falar mais sobre aguardo vocaas,saudacao
obrigada pelo prestigio foi incrivel te ter de pertinho hoje,agradecimento
link compartilhado,como_comprar
ola tudo bem podemos falar pelo nosso whatsapp <num> <num> <num> <num>,saudacao
pergunta a saia tech amassa facil resposta modelagem e tecido,tamanho_modelagem
toque,nao_entendi
link compartilhado,como_comprar
qualquer outra duvida seguimos aqui,nao_entendi
ola pessoal como vao meu nome e ana e trabalho junto com a bia paes de barros no curadobia com br o curadobia e um marketplace que nasceu com o proposito de reunir em um so lugar pecas que fazem toda a diferenca no armario e ao mesmo tempo sao faceis de usar os chamados neutros com tcharanz acreditamos que a a aurora super se conecta com essa proposta com quem poderia conversar para falar mais sobre aguardo voces,saudacao
link compartilhado,como_comprar
ola isabela somos um marketplace sem loja fisica,saudacao
<num>,nao_entendi
da,nao_entendi
pergunta da pra parcelar a saia tech sem juros resposta preco estoque e pagamento,formas_pagamento
oi,saudacao
fazer,nao_entendi
imagem enviada,nao_entendi
for,nao_entendi
oi patricia bom dia caraca que legal receber essa mensagem sua ficamos muito felizes com isso nos avise quando estiver por aqui que fazemos uma entrega especial,saudacao
eu quero comprar esses acessa <num> rios como faa o,como_comprar
bia sent an attachment,nao_entendi
muito obrigada,agradecimento
obrigada pela presena a foi incravel atender e receber vocaas de pertinho d d,agradecimento
ola pessoal como va o meu nome a c ana e trabalho junto com a bia paes de barros no curadobia com br o curadobia a c um marketplace que nasceu com o propa <num> sito de reunir em um sa <num> lugar pea as que fazem toda a diferena a no arma rio e ao mesmo tempo sa o fa ceis de usar os chamados neutros com tcharanz acreditamos que a projeto zero um super se conecta com essa proposta com quem poderia conversar para falar mais sobre aguardo vocaas,saudacao
pergunta a saia tech fica justa no quadril resposta tamanho e medidas,tamanho_modelagem
ola pessoal tudo bem sou a lala cunha <user> e vim contar um pouco sobre o <user> estamos em sp e fazemos fotografia videos em formato reels direcao de arte e styling para marcas de acordo com a sua necessidade fazemos trabalhos exclusivos para as marcas e em breve final de marco tambem faremos o nosso proximo shooting collab uma diaria criada para incluir varias marcas que tem produtos a serem fotografados necessitam de um material de qualidade mas que nao querem ter um alto valor de investimento nisso o proximo collab sera em uma locacao linda e as modelos foram escolhidas a dedo e acho que combina muito com a marca de voces abaixo mando mais infos vamos conversar sobre essas possibilidades fico aqui a disposicao abracos lala <num> <num>,saudacao
sem,nao_entendi
vocabulario,nao_entendi
link compartilhado,como_comprar
link compartilhado,como_comprar
oi,saudacao
ola gente bom dia acabei de ver o post da bia sobre camisas somos uma pequena alfaiataria e camisaria e o core da nossa criacao gostaria muito de apresentar nosso produto pra voces se voces acharem conveniente por favor indiquem a melhor forma de contato abraco stella,saudacao
boa tarde a jaqueta off da nauanim voltou,saudacao
pergunta a camisa viajante ta em promocao resposta preco estoque e pagamento,formas_pagamento
pergunta a saia tech fica justa no quadril resposta tamanho e medidas,tamanho_modelagem
nao consigo deixa la deste jeito,erros_plataforma
perfeito ana obrigada pelo retorno d,agradecimento
ola bom dia as medidas esta o na descria a o de cada pea a,saudacao
pergunta tem estoque da camisa de responsa no tamanho m resposta preco estoque e pagamento,formas_pagamento
link compartilhado,como_comprar
mas amei a sugestao ju,pedir_sugestao_produto
link compartilhado,como_comprar
oi livia boa tarde ana aqui vocaa conseguiu dar uma olhada na cala a qualquer coisa sigo aqui para o que vocaa precisar viu,saudacao
surpresa,nao_entendi
joia,nao_entendi
pergunta a saia acinturante e oversized ou normal resposta tamanho e medidas,tamanho_modelagem
pergunta a regata pregas jersey precisa passar resposta modelagem e tecido,tamanho_modelagem
link compartilhado,como_comprar
adorei como funciona d c,nao_entendi
ola meninas seguem meus contatos <num> <num> <num> <num> daniela masson <user> com muito bom falar com vcs ontem obrigada falamos na sequencia por whatsapp,saudacao
oi cristiane tudo bem obrigada pelo seu contato pode ficar tranquila vamos verificar para vocaa,saudacao
link compartilhado,como_comprar
ola heloisa bom dia tudo bem que bom que vocaa gostou das pea as da bia vou te mandar os links das pea as que vocaa informou para que possa visualizar com mais calma e clareza todas as pea as qualquer outra duvida ou questa o estamos a disposia a o equipe curadobia d,saudacao
consegue me informar de onde a c essa sanda lia,nao_entendi
essa,nao_entendi
qualquer coisa sigo aquid,nao_entendi
link compartilhado,como_comprar
blusa,nao_entendi
bom dia,saudacao
e a regata arrumadona,nao_entendi
ola alice bom dia tudo bem aqui somos da parte de atendimento do curadobia vou te pedir para encaminhar um e mail para contato curadobia <user> com,saudacao
you sent an attachment,nao_entendi
curtiu uma mensagem,nao_entendi
<num>,nao_entendi
link compartilhado,como_comprar
bia sent an attachment,nao_entendi
alfaiataria,nao_entendi
um tiquinho por conta do bico fino mesmo,nao_entendi
bia sent an attachment,nao_entendi
como proceder p troca,troca_devolucao_politica
oi mari bom dia tudo bem infelizmente essa cala a na o teremos mais reposia a o no curadobia mas estamos com diversas novidades no site qualquer coisa sigo aqui para o que vocaa precisar,saudacao
muito obrigada pelo retorno,agradecimento
resolvedor,nao_entendi
curtiu uma mensagem,nao_entendi
pergunta a regata pregas jersey tem desconto a vista resposta preco estoque e pagamento,formas_pagamento
gostaria de saber qual a altura e medidas da bia pra entender melhor o tamanho de referencia,tamanho_modelagem
ola bom dia sou muito fa da bia mas nunca comprei no curadoria uma duvida como faco para escolher um tamanho com mais seguranca tem uma tabela de medidas para servir de referencia obrigada,saudacao
pergunta tem rastreio pra camisa de responsa resposta frete prazos e trocas,frete_prazo
sa <num> entrar no site ou aqui no nosso perfil que tem a selea a o completa,erros_plataforma
tenho interesse nessa jaqueta,nao_entendi
pergunta a saia acinturante e oversized ou normal resposta tamanho e medidas,tamanho_modelagem
bia,nao_entendi
sem conteudo detectavel,nao_entendi
mas amei a sugestao ju,pedir_sugestao_produto
oi livia boa tarde ana aqui voce conseguiu dar uma olhada na calca qualquer coisa sigo aqui para o que voce precisar viu,saudacao
link compartilhado,como_comprar
guarda sent an attachment,nao_entendi
qualquer daovida sigo a disposia a o,nao_entendi
pergunta da pra usar a camisa viajante em festa de dia resposta combinacoes e ocasioes,nao_entendi
pergunta da pra usar a blusa molona em festa de dia resposta combinacoes e ocasioes,nao_entendi
sobre a questa o do frete a c possavel unificar ele nas blusas da lounge que vocaa gostouaoi vou te mandar o link das duas,frete_prazo
oi cristiane foi confirmado seu pedido,saudacao
link compartilhado,como_comprar
link compartilhado,como_comprar
curtiu uma mensagem,nao_entendi
inclusive muito obrigada pela solicitaa a o pois em funa a o dela estamos criando esse maas um destaque aqui no insta trazendo e salvando vadeos mostrando essa a c mais outras pea as que podem gerar daovidas,agradecimento
amanda nosso pessoal ta c cnico pediu se possavel se cadastrar atrava c s desse link,como_comprar
sem conteudo detectavel,nao_entendi
branca,nao_entendi
independente disso sigo aqui para o que voce precisar,nao_entendi
gostoso,nao_entendi
ela,nao_entendi
bom dia ontem tive o prazer de conhecer vc ao vivo eu estava no mil plantas vc e lindissima,saudacao
link compartilhado,como_comprar
dos,nao_entendi
look,pedir_sugestao_produto
link compartilhado,como_comprar
com certeza nao exatamente por isso que pensamos nesse material que se molda nos pes d,nao_entendi
bia sent an attachment,nao_entendi
o,nao_entendi
pergunta tem estoque da saia acinturante no tamanho m resposta preco estoque e pagamento,formas_pagamento
ola onde encontro os sapatos este e as gladiadoras especialmente,saudacao
look,pedir_sugestao_produto
stella sent an attachment,nao_entendi
ola julienne bom dia tudo bem que bom receber sua mensagem eu me chamo ana e sou do time curadobia,saudacao
tudo,nao_entendi
sem conteudo detectavel,nao_entendi
link compartilhado,como_comprar
sem conteudo detectavel,nao_entendi
link compartilhado,como_comprar
pergunta tenho <num> cm de busto qual bolsa anda sozinha comprar resposta tamanho e medidas,tamanho_modelagem
adorei obrigada vcs,agradecimento
sem problemas mari apenas encaminha pra gente um e mail solicitando que iremos dar sequencia com a troca e mail contato curadobia <user> com,troca_devolucao_politica
pensamos que poderia ser a senha criada mas quando ocorre algum ponto nesse aspecto surge uma mensagem abaixo vocaa se importaria em tentar novamente apenas para checarmos se continua ocorrendo o mesmo erro,erros_plataforma
am <num> br,nao_entendi
sem conteudo detectavel,nao_entendi
ola bom dia,saudacao
gostaria de saber o tamanho da cintura dessa calca no tamanho m,tamanho_modelagem
caso na o fique com como funciona a troca,troca_devolucao_politica
um,nao_entendi
pergunta tenho <num> cm de busto qual bolsa anda sozinha comprar resposta tamanho e medidas,tamanho_modelagem
sem conteudo detectavel,nao_entendi
como proceder p troca,troca_devolucao_politica
ola bom dia me chamo anelisa e gostaria de confirmar se meu pedido foi realizado nao sei se esse e o canal mais adequado para essa solicitacao mas como nao achei no site um campo para falar com voces decidi vir aqui fiz essa compra ontem pelo site e logo depois de finalizar apareceu uma mensagem dizendo que o pagamento nao estava confirmado no entanto no site diz que o pagamento foi efetuado e nao recebi nenhuma mensagem do banco dizendo que o pagamento foi negado alem disso tambem nao recebi um e mail com os dados do pedido muito obrigada desde ja,saudacao
pergunta tenho duvida no tamanho da camisa viajante qual voce recomenda resposta tamanho e medidas,tamanho_modelagem
quem te escrever aqui a c a bia paes de barros,nao_entendi
link compartilhado,como_comprar
reagiu com d a sua mensagem,nao_entendi
roupa,nao_entendi
que bom receber mensagem tua,nao_entendi
daniela masson <user> com,nao_entendi
pergunta com que sapato usar a bolsa anda sozinha resposta combinacoes e ocasioes,nao_entendi
ola como va o muito prazer meu nome a c ana e trabalho aqui no curadobia na o sei se recordam pora c m conversamos no primeiro semestre do ano passado <num> sobre esse projeto da bia paes de barros desde la evoluamos bastante e estamos concretizados como um marketplace em potencial crescimento queremos compartilhar com vocaas nosso site para darem uma olhada curadobia com br ainda temos a tempo em foco o que acham de retomarmos contato aguardo vocaas,saudacao
bia sent an attachment,nao_entendi
link compartilhado,como_comprar
que,nao_entendi
link compartilhado,como_comprar
imagem enviada,nao_entendi
pra,nao_entendi
boa tarde milene td bem e vc esse macacao nesse tom infelizmente nao tera reposicao mas lancamos ontem o mesmo modelo em preto,saudacao
pergunta da pra usar a camisa viajante em festa de dia resposta combinacoes e ocasioes,nao_entendi
link compartilhado,como_comprar
ola boa tarde tudo bem,saudacao
link compartilhado,como_comprar
ahhh entendi muito obrigada,agradecimento
e,nao_entendi
link compartilhado,como_comprar
oii karinne tudo bem aqui quem fala e a ana do time curadobia voce acredita que estive olhando todos os dias desde que voce demonstrou interesse se a nossa saia unica voltaria ao estoque e somente hoje isso aconteceu ela e a queridinha das nossas clientes e tem acabado rapido entao espero que consiga aproveitar essa oportunidade te encaminho o link para o acesso dela,como_comprar
seu pedido saiu para entrega hoje e esta constando aqui como entregue,frete_prazo
studio sent an attachment,nao_entendi
faz,nao_entendi
bia sent an attachment,nao_entendi
oi natalia td bem as meninas do enjoei me passaram seu contato estou buscando uma pessoa para me ajudar em roteiros e conteudo adoraria bater um papo com vc,saudacao
pedimos desculpas pelo ocorrido e pode ter certeza que isso servira para aprimorarmos nosso atendimento e na o deixar que situaa aues como essa ocorram novamente agradea o sua compreensa o e nos disponibilizamos para auxiliar da melhor forma possavel sobre ter ficado um pouco grande o body nos informe se desejar efetuar troca que ja posso agilizar junto a marca essa solicitaa a o,troca_devolucao_politica
deixa,nao_entendi
<url>,nao_entendi
oie sa o lindas pora c m aquele modelo foi o que mais me agradou mas tranquilo super obrigada pela atena a o,agradecimento
ola karyna boa tarde tudo bem estamos entrando em contato porque identificamos que ha um tempo voce demonstrou interesse nos sapatos da bia que apareceram em um dos nossos reels agora eles estao disponiveis no site do curadobia segue o link <url> obrigada por nos acompanhar karyna qualquer duvida estamos a disposicao equipe curadobia,saudacao
link compartilhado,como_comprar
ola curadobia tudo bem agradecemos o interesse pela marca para garantir que voce receba a atencao e cuidado adequados pedimos a gentileza de encaminhar mais informacoes como contatos rede social e portfolio para mkt conteudo <user> com br nossa equipe de marketing e especializada nesse assunto dessa forma tenho certeza de que eles avaliarao e se houver interesse entrarao em contato prontamente fique a vontade para entrar em contato caso tenha alguma duvida estamos aqui para ajudar,saudacao
curtiu uma mensagem,nao_entendi
qual a marca do tenis,nao_entendi
oi quanto custa a blusa modernosa tem gg,saudacao
ola pamela td bem obrigada pela mensagem sentimos muito que esteja com esses problemas para conseguir efetuar as suas compras com a gente de fato o sistema passou por algumas instabilidades poderia nos dizer quais pecas se interessou para tentarmos solucionar por aqui,saudacao
bom dia,saudacao
saia,nao_entendi
e,nao_entendi
tranquilo obrigada,agradecimento
ahhhh que pena que nao nos falamos,nao_entendi
link compartilhado,como_comprar
<url>,nao_entendi
com,nao_entendi
essas,nao_entendi
look,pedir_sugestao_produto
tem,nao_entendi
roles,nao_entendi
aqui a c a ana do time curadobia,nao_entendi
obrigada,agradecimento
acinturante,nao_entendi
o,nao_entendi
mais,nao_entendi
ola pessoal como va o meu nome a c ana e trabalho junto com a bia paes de barros no curadobia com br o curadobia a c um marketplace que nasceu com o propa <num> sito de reunir em um sa <num> lugar pea as que fazem toda a diferena a no arma rio e ao mesmo tempo sa o fa ceis de usar os chamados neutros com tcharanz acreditamos que a fernanda yamamoto super se conecta com essa proposta com quem poderia conversar para falar mais sobre aguardo vocaas,saudacao
pergunta se eu sou baixa a calca saruel silvia fica muito comprida resposta tamanho e medidas,tamanho_modelagem
obrigada pelo convite adorei a minha sandalia nova hearts,agradecimento
sugestao,pedir_sugestao_produto
com relaa a o a cala a na <num> s temos essas duas opa aues que penso que vc pode gostar,nao_entendi
olha que legal essa ideia,nao_entendi
pergunta tenho <num> cm de busto qual regata pregas jersey comprar resposta tamanho e medidas,tamanho_modelagem
armadura,nao_entendi
ola emilia boa noite tudo bem agradecemos demais o feedback e pode ter certeza que uma das preocupaa aues que estamos tendo a c seguir na busca por marcas que tragam opa aues e grades que representam o maior naomero de corpos possavel sobre a tabela de medida estamos buscando ajustar obrigada por nos informar e seguiremos aprimorando cada vez mais bjos d,saudacao
oi karen que bom receber tua mensagem aqui a c a ana faa o parte do time curadobia realmente na <num> s ainda na o trabalhamos com frete internacional d mas na o deixe de pedir para algua c m te levar nossas pea as quando for te visitar va rias clientes internacionais nossas fazem issod,saudacao
transforma,nao_entendi
link compartilhado,como_comprar
link compartilhado,como_comprar
link compartilhado,como_comprar
coletinho,nao_entendi
ola pamela td bem obrigada pela mensagem sentimos muito que esteja com esses problemas para conseguir efetuar as suas compras com a gente de fato o sistema passou por algumas instabilidades poderia nos dizer quais pea as se interessou para tentarmos solucionar por aqui,saudacao
uhuu,nao_entendi
bom dia julienne o que achou da nossa selea a o edited,saudacao
bia sent an attachment,nao_entendi
pergunta o tecido da blusa molona esquenta resposta modelagem e tecido,tamanho_modelagem
do,nao_entendi
pergunta tenho duvida no tamanho da blusa molona qual voce recomenda resposta tamanho e medidas,tamanho_modelagem
look,pedir_sugestao_produto
stella depois pea o apenas que compartilhe seu naomero de telefone que aa fica mais fa cil nossa comunicaa a o,nao_entendi
obrigada enviarei,agradecimento
bia sent an attachment,nao_entendi
vou querer a <num> qual a c sua chave pix,formas_pagamento
link compartilhado,como_comprar
cintura,nao_entendi
ola bom dia tudo bem obrigada pela mensagem conferimos aqui e aparentou estar tudo certo d aproveito para mandar o link por aqui,saudacao
look,pedir_sugestao_produto
bia sent an attachment,nao_entendi
pergunta a calca cool tem frete gratis resposta frete prazos e trocas,frete_prazo
sair,nao_entendi
me,nao_entendi
link compartilhado,como_comprar
reagiu com a sua mensagem,nao_entendi
ola tudo bem que bom receber sua mensagem meu nome e ana e sou do time curadobia com relacao a sua duvida conversei com a propria bia e ela nos informou que volumes tambem podem funcionar para quem esta um pouco acima desde que tenha um pouco de pele de fora para trazer leveza,saudacao
pergunta da pra trocar a calca saruel silvia por outro tamanho resposta frete prazos e trocas,frete_prazo
sem conteudo detectavel,nao_entendi
gigante,nao_entendi
oi alessandra bom dia como voce esta aqui e a ana da equipe do curadobia a bia nos passou seu contato para tratar sobre o seu interesse nas nossa pecas,saudacao
ola onde encontro os sapatos este e as gladiadoras especialmente,saudacao
temos ela ainda no tamanho <num> e <num>,tamanho_modelagem
a,nao_entendi
arrasar,nao_entendi
atemporal,nao_entendi
sem conteudo detectavel,nao_entendi
obrigada pelo prestigio,agradecimento
compro,como_comprar
sem problemas mari apenas encaminha pra gente um e mail solicitando que iremos dar sequaancia com a troca e mail contato curadobia <user> com,troca_devolucao_politica
o tom certo e o que esta no site os stories que a bia postou hoje modificaram um pouco o tom,erros_plataforma
com certeza sera um sucesso obrigada ana d,agradecimento
perto,nao_entendi
muito obrigada legal que sou do mesmo tamanho que ela,agradecimento
cm,nao_entendi
d,nao_entendi
tamanho,tamanho_modelagem
uma,nao_entendi
muito obrigada legal que sou do mesmo tamanho que ela,agradecimento
laocia shared a product,nao_entendi
pergunta tenho <num> cm de busto qual bolsa anda sozinha comprar resposta tamanho e medidas,tamanho_modelagem
sem conteudo detectavel,nao_entendi
qual seu e mail que aa envio um invite,nao_entendi
mas amei a sugestao ju,pedir_sugestao_produto
se,nao_entendi
tipo,nao_entendi
qualquer coisa sigo aqui,nao_entendi
bia,nao_entendi
pergunta quanto tempo pra entregar a blusa molona em sp resposta frete prazos e trocas,frete_prazo
obrigada,agradecimento
a,nao_entendi
tamanho,tamanho_modelagem
bia sent an attachment,nao_entendi
qualquer daovida estamos a disposia a o,nao_entendi
por onde posso acompanhar o envio da minha compra,nao_entendi
stellathomazbastos <user> com,nao_entendi
pergunta quanto tempo pra entregar a blusa molona em sp resposta frete prazos e trocas,frete_prazo
maravilha,nao_entendi
pergunta da pra parcelar a saia tech sem juros resposta preco estoque e pagamento,formas_pagamento
oiee bom dia,saudacao
pergunta a camisa de responsa e oversized ou normal resposta tamanho e medidas,tamanho_modelagem
ola susanna bom dia estaremos te esperando na rua venceslau flexa <num> jardim paulistano das <num> h as <num> h ah e teremos manobrista no local para maior tranquilidade,saudacao
ola maria tudo bem obrigada por ter entrado em contato conosco te aconselhamos comprar o seu numero mesmo no caso o tamanho <num> qualquer outra daovida pode sempre entrar em contato conosco equipe curadobia d,saudacao
mto obrigada msm,agradecimento
oiii tudo bem me chamo caroline sou formada em marketing e trabalho como social media tem um tempinho estou a procura de uma nova oportunidade no mercado de trabalho gostaria de saber se tem um espacinho no time de vocaas vou deixar o meu naomero e mail e portfa <num> lio caso queria marcar uma call para falarmos mais estou por aqui cel <num> <num> <num> e mail cspereiramkt <user> com portfa <num> lio <url> obrigada desde ja d,agradecimento
sobre a troca da cala a que comprei quero trocar por um tamanho menor recebi um e mail de vcs no dia <num> <num> <num> respondi mas dps disso na o tive mais retorno,troca_devolucao_politica
boa noite,saudacao
senha,nao_entendi
bom dia beatriz tudo bem obrigada por ter entrado em contato conosco vamos entrar em contato com vocaa pelo nosso whatsapp oficial,saudacao
ficou enorme,nao_entendi
pergunta a bolsa anda sozinha tem desconto a vista resposta preco estoque e pagamento,formas_pagamento
o que acha dessas opcoes,nao_entendi
aiiiin que pena,nao_entendi
ola muito obrigada vou ver em breve,saudacao
sem conteudo detectavel,nao_entendi
link compartilhado,como_comprar
qualquer coisa sigo aqui,nao_entendi
como eu poderia rastrear minha compra,nao_entendi
bia voce acaba comigo com tantas coisas lindas do curadobia queria muito que tivesse frete internacional canada eu fico aqui babando,frete_prazo
link compartilhado,como_comprar
praticamos sempre o mesmo valor das marcas o que entrara de extra sera o valor do frete que e calculado automaticamente se tiver mais alguma duvida nos avise ok,frete_prazo
bia sent an attachment,nao_entendi
ola pessoal como va o meu nome a c ana e trabalho junto com a bia paes de barros no curadobia com br o curadobia a c um marketplace que nasceu com o propa <num> sito de reunir em um sa <num> lugar pea as que fazem toda a diferena a no arma rio e ao mesmo tempo sa o fa ceis de usar os chamados neutros com tcharanz acreditamos que a mareu nitschke super se conecta com essa proposta com quem poderia conversar para falar mais sobre aguardo vocaas,saudacao
link compartilhado,como_comprar
pergunta tem rastreio pra saia acinturante resposta frete prazos e trocas,frete_prazo
saia,nao_entendi
pergunta consigo devolver a regata pregas jersey se nao servir resposta frete prazos e trocas,frete_prazo
pergunta a regata pregas jersey tem desconto a vista resposta preco estoque e pagamento,formas_pagamento
link compartilhado,como_comprar
ola sou o gerente de vendas da pg game platform quero falar com vocaa sobre parcerias nossa plataforma foi licenciada conjuntamente pelo governo federal brasileiro e pelo governo de curaa ao em outubro vocaa pode se juntar a na <num> s e lhe daremos altas comissaues entre em contato comigo pelo whatsapp <num>,saudacao
ola boa noite,saudacao
obrigada enviarei,agradecimento
efeito,nao_entendi
oi fa tima tudo bem bom diad obrigada pela sua mensagem e feedback a c muito importante para na <num> s estamos conversando por whatsapp podemos continuar nossa comunicaa a o por la,saudacao
link compartilhado,como_comprar
ola boa tarde o <num> e equivalente ao p <num> m e <num> g,saudacao
ola isabela somos um marketplace sem loja fisica,saudacao
a modelagem e grande pode ser tam <num>,tamanho_modelagem
obrigada pelo retorno,agradecimento
presenca,nao_entendi
porem e interessante frisar que a modelagem da calca e uma cintura no lugar nem cintura baixa e nem cintura alta,tamanho_modelagem
ola fabiana obrigada pela sua mensagem e carinho conosco alguns de nossos parceiros ainda esta o organizando a volta dos estoques pa <num> s recesso de final e inicio de ano entramos em contato com a lounge <num> produtoras da blusa pah e phyna e elas nos informaram que provavelmente amanha mesmo as blusas ja estejam de volta em estoque pode ficar tranquila que a gente te avisa qualquer coisa seguimos aquid,saudacao
link compartilhado,como_comprar
pergunta aceitam pix pra trench facil resposta preco estoque e pagamento,formas_pagamento
bom dia julienne o que achou da nossa selea a o,saudacao
oi lais boa noite o site esta funcionando normalmente esperamos que consiga finalizar seu pedido agora,saudacao
no,nao_entendi
sem conteudo detectavel,nao_entendi
bia esse seu curadobia esta um arraso muito tentador parabens pelo projeto uma duvida qual a sua altura estou interessadissima nessa calca mas sou baixa <num> cm e geralmente tenho que fazer a barras das calcas o que nao e muito facil com essa obrigada,agradecimento
no,nao_entendi
e em outras <num>,nao_entendi
link compartilhado,como_comprar
pergunta quanto tempo pra entregar a blusa molona em sp resposta frete prazos e trocas,frete_prazo
com,nao_entendi
ola como vao muito prazer meu nome e ana e trabalho aqui no curadobia nao sei se recordam porem conversamos no primeiro semestre do ano passado <num> sobre esse projeto da bia paes de barros desde la evoluimos bastante e estamos concretizados como um marketplace em potencial crescimento queremos compartilhar com voces nosso site para darem uma olhada curadobia com br ainda temos a jorg em foco o que acham de retomarmos contato aguardo voces,saudacao
sim obrigada,agradecimento
reagiu com dd a sua mensagem,nao_entendi
de,nao_entendi
sem conteudo detectavel,nao_entendi
link compartilhado,como_comprar
oi mariana bom dia o que acha desse modelo que temos no curadobia,saudacao
ola,saudacao
sem conteudo detectavel,nao_entendi
<num> <num>,nao_entendi
milene perguntamos para a bia e ela te indicou comprar o tamanho <num> dessa jaqueta por vocaa na o estar acostumada a roupas oversized o que acha d,tamanho_modelagem
reels,nao_entendi
sa <num> entrar no site ou aqui no nosso perfil que tem a selea a o completa,erros_plataforma
gostaria a camisa branca tamanho m e possivel,tamanho_modelagem
oi ana tudo bem na a c poca o pessoal da d aura te instruiu que iriam retirar na sua portaria,saudacao
ola anna bom dia seu produto vou enviado dia <num> <num> vocaa consegue acompanhar tudo pelo codigo de rastreio abaixo,saudacao
na verdade eu ja assisti ao vadeo do casaco no site curadobia va rias vezes para tentar chegar a essa conclusa o mas na o consegui,erros_plataforma
que pena dri entendemos espero que outras pecas no site te encontrem estamos aqui qualquer coisa obrigada pela mensagem,agradecimento
ola luana bom dia tudo bem hoje ainda na o temos sapatos dentro do curadobia estamos olhando para adicionar essa categoria em breve,saudacao
obrigada,agradecimento
curtiu uma mensagem,nao_entendi
ola daniela boa tarde tudo bem,saudacao
ola por favor vcs tem desconto para a primeira compra obrigada,saudacao
link compartilhado,como_comprar
link compartilhado,como_comprar
pergunta tenho duvida no tamanho da camisa viajante qual voce recomenda resposta tamanho e medidas,tamanho_modelagem
oi,saudacao
link compartilhado,como_comprar
a jaqueta branca uma pena eu nao conseguir comprar por problemas tecnicos uma experiencia de consumidor mto ruim,como_comprar
bia sent an attachment,nao_entendi
bia sent an attachment,nao_entendi
pedimos desculpas pelo ocorrido e pode ter certeza que isso servira para aprimorarmos nosso atendimento e nao deixar que situacoes como essa ocorram novamente agradeco sua compreensao e nos disponibilizamos para auxiliar da melhor forma possivel sobre ter ficado um pouco grande o body nos informe se desejar efetuar troca que ja posso agilizar junto a marca essa solicitacao,troca_devolucao_politica
lindaaaa,nao_entendi
outra,nao_entendi
pergunta a calca cool fica justa no quadril resposta tamanho e medidas,tamanho_modelagem
oi tatiane tudo bem obrigada pela sua mensagem vamos nos planejar para outros momentos offline com certeza postaremos por aqui,saudacao
persuasao,nao_entendi
pedimos desculpas pelo ocorrido e pode ter certeza que isso servira para aprimorarmos nosso atendimento e nao deixar que situacoes como essa ocorram novamente agradeco sua compreensao e nos disponibilizamos para auxiliar da melhor forma possivel sobre ter ficado um pouco grande o body nos informe se desejar efetuar troca que ja posso agilizar junto a marca essa solicitacao,troca_devolucao_politica
pergunta a bolsa anda sozinha tem desconto a vista resposta preco estoque e pagamento,formas_pagamento
bia sent an attachment,nao_entendi
link compartilhado,como_comprar
bia sent an attachment,nao_entendi
link compartilhado,como_comprar
bia sent an attachment,nao_entendi
seu pedido saiu para entrega hoje e esta constando aqui como entregue,frete_prazo
link compartilhado,como_comprar
sem conteudo detectavel,nao_entendi
ola susanna bom dia estaremos te esperando na rua venceslau flexa <num> jardim paulistano das <num> h a s <num> h ah e teremos manobrista no local para maior tranquilidade,saudacao
pergunta tem rastreio pra saia acinturante resposta frete prazos e trocas,frete_prazo
aquele,nao_entendi
flo,nao_entendi
como a c o processo da troca,troca_devolucao_politica
bom dia marcia tudo bem obrigada pela sua mensagem ficamos muito felizes que gostou da nossa pantalona jeans infelizmente ela esta esgotada no momento mas assim que tivermos a reposicao te avisamos,saudacao
sem conteudo detectavel,nao_entendi
silvana sent an attachment,nao_entendi
outra daovida a c sobre o tom certinho dessa jaqueta no site achei que estava num tom diferente dos stories,erros_plataforma
mesmo,nao_entendi
<num> <num> <num>,nao_entendi
pergunta tenho <num> cm de busto qual bolsa anda sozinha comprar resposta tamanho e medidas,tamanho_modelagem
no,nao_entendi
e,nao_entendi
bia sent an attachment,nao_entendi
sheila segue resposta das meninas da olive you marca do macacao <num> cm circunferencia total mas explique a ela por favor que esta peca tem uma modelagem ampla ao corpo ok entao acredito que se encaixa no que conversamos mesmo o que voce acha qualquer coisa seguimos a disposicao,tamanho_modelagem
obrigada pela presena a foi incravel te receber d d,agradecimento
oi anelisa tudo bem eu sou a ana faco parte do time curadobia,saudacao
brenda sent an attachment,nao_entendi
link compartilhado,como_comprar
saia,nao_entendi
pergunta quanto tempo pra entregar a blusa molona em sp resposta frete prazos e trocas,frete_prazo
ola por favor algum retorno,saudacao
ola tudo bem e com vcs vi que vcs enviaram um e mail para na <num> s vou responder vcs por la ok um beijo e muito obrigada pelo contato < <num>,saudacao
ola pessoal como vao meu nome e ana e trabalho junto com a bia paes de barros no curadobia com br o curadobia e um marketplace que nasceu com o proposito de reunir em um so lugar pecas que fazem toda a diferenca no armario e ao mesmo tempo sao faceis de usar os chamados neutros com tcharanz acreditamos que a fernanda yamamoto super se conecta com essa proposta com quem poderia conversar para falar mais sobre aguardo voces,saudacao
gola,nao_entendi
ola tudo bem sobre qual funcionamento deseja saber,saudacao
pergunta o tecido da blusa molona esquenta resposta modelagem e tecido,tamanho_modelagem
aqui a tabela certinha mas ja estamos com o pessoal ta c cnico corrigindo esse erro,erros_plataforma
bia sent an attachment,nao_entendi
ola tentei fazer uma compra e apa <num> s entrar com os dados do carta o e senha vem a seguinte tela,saudacao
link compartilhado,como_comprar
oi dany bom dia desculpa ontem na o ter te dado um retorno a marca havia informado que estaria chegando ontem mesmo,saudacao
pergunta aceitam pix pra trench facil resposta preco estoque e pagamento,formas_pagamento
ok muito obrigada,agradecimento
ola pessoal como va o meu nome a c ana e trabalho junto com a bia paes de barros no curadobia com br o curadobia a c um marketplace que nasceu com o propa <num> sito de reunir em um sa <num> lugar pea as que fazem toda a diferena a no arma rio e ao mesmo tempo sa o fa ceis de usar os chamados neutros com tcharanz acreditamos que a novamente pode se conectar com essa proposta com quem poderia conversar para falar mais sobre aguardo vocaas,saudacao
oie td bem e vc ainda nao mas em breve tera,nao_entendi
que,nao_entendi
bom dia,saudacao
e,nao_entendi
o,nao_entendi
oi anne bom dia tudo bem aqui e a ana do time curadobia a bia nos informou que voce se interessou pela nossa bolsa molona mas que infelizmente ela esta indisponivel no site,saudacao
sem conteudo detectavel,nao_entendi
bia sent an attachment,nao_entendi
essa da bia e da luiza perea,nao_entendi
link compartilhado,como_comprar
pergunta a saia tech tem frete gratis resposta frete prazos e trocas,frete_prazo
meu tel <num> <num> <num>,nao_entendi
no,nao_entendi
oi bia tudo bem me chamo alice sou socia da monti uma marca de moda que preza por estilo atemporal e pecas de qualidade estamos buscando consultoras de imagem parceiras para recomendar nossas pecas aos seus clientes e pensei que poderiamos criar algo bem legal juntas o que acha de agendarmos um papo para te contar mais sobre a nossa historia e a ideia de parceria fico no aguardo,saudacao
de,nao_entendi
link compartilhado,como_comprar
adorei obrigada vcs,agradecimento
ola bom dia infelizmente essa cala a tamba c m saiu do nosso mix estamos com novos produtos e novas marcas entrando no curadobia esperamos que goste qualquer coisa sigo aquid,saudacao
ola tania identificamos o seu comentario interessada nos valores das sandalias da bia segue o link para que voce possa conferir com calma <url>,saudacao
pergunta a camisa de responsa combina com jeans resposta combinacoes e ocasioes,nao_entendi
bia sent an attachment,nao_entendi
comprar,como_comprar
com,nao_entendi
ela,nao_entendi
sem conteudo detectavel,nao_entendi
boa,nao_entendi
pergunta tem rastreio pra saia acinturante resposta frete prazos e trocas,frete_prazo
mas amei a sugestao ju,pedir_sugestao_produto
oi ineia tudo bem segue o valor do casaco que voce se interessou,saudacao
ola marta claro com certeza,saudacao
gostaria de saber o tamanho da cintura dessa cala a no tamanho m,tamanho_modelagem
maleavel,nao_entendi
look,pedir_sugestao_produto
link compartilhado,como_comprar
ola pessoal como va o meu nome a c ana e trabalho junto com a bia paes de barros no curadobia com br o curadobia a c um marketplace que nasceu com o propa <num> sito de reunir em um sa <num> lugar pea as que fazem toda a diferena a no arma rio e ao mesmo tempo sa o fa ceis de usar os chamados neutros com tcharanz acreditamos que a marca de vocaas pode se conectar com essa proposta com quem poderia conversar para falar mais sobre aguardo vocaas,saudacao
ola fabiana obrigada pela sua mensagem e carinho conosco alguns de nossos parceiros ainda estao organizando a volta dos estoques pos recesso de final e inicio de ano entramos em contato com a lounge <num> produtoras da blusa pah e phyna e elas nos informaram que provavelmente amanha mesmo as blusas ja estejam de volta em estoque pode ficar tranquila que a gente te avisa qualquer coisa seguimos aqui,saudacao
ola bia tudo bem,saudacao
scorro shared a product,nao_entendi
link compartilhado,como_comprar
bom dia,saudacao
aqui a tabela certinha mas ja estamos com o pessoal tecnico corrigindo esse erro,erros_plataforma
de,nao_entendi
link compartilhado,como_comprar
da,nao_entendi
tudo,nao_entendi
obrigada pela presenca foi incrivel te receber,agradecimento
obrigada por nos mandar e informar sobre essa situaa a o ja passamos para o nosso setor ta c cnico analisar essa situaa a o caso deseje podemos tirar daovidas e disponibilizar mais informaa aues por aqui sa <num> nos solicitar d estamos a disposia a o para qualquer coisa,agradecimento
oi tudo bem esta com algum problema no site para pagar com carta o de cra c dito o ca <num> digo cvv some,saudacao
essa sandalia calca certo calco <num> sera que preciso comprar <num>,como_comprar
ola,saudacao
oii,nao_entendi
bem e vc ana muito obrigada,agradecimento
venho com boas notacias o conjunto que vocaa se interessou acabou de subir no site com pouquassimas unidades,erros_plataforma
d,nao_entendi
bia sent an attachment,nao_entendi
link compartilhado,como_comprar
estranho,nao_entendi
link compartilhado,como_comprar
pergunta a camisa de responsa marca muito o corpo resposta modelagem e tecido,tamanho_modelagem
pergunta a camisa de responsa e oversized ou normal resposta tamanho e medidas,tamanho_modelagem
sem,nao_entendi
link compartilhado,como_comprar
boa tarde fiz um pedido de uma blusa brilhei no dia <num> <num> na o recebi nenhum e mail de confirmaa a o sera que esta tudo certo meu nome a c cristiane rocha loures brenner,saudacao
quero comprar mas preciso saber se ela calca certinho o numero do calco o numero <num> devo comprar o mesmo,como_comprar
temos ela ainda no tamanho <num> e <num>,tamanho_modelagem
oi sandra tudo bem passando aqui para te avisar que o jeans preto que voce se interessou no nosso reels um tempinho atras esta disponivel,saudacao
pergunta quanto tempo pra entregar a camisa viajante em sp resposta frete prazos e trocas,frete_prazo
gostaria,nao_entendi
bia sent an attachment,nao_entendi
ola renata bom dia que bom receber mensagem tua me chamo ana e faa o parte do time curadobia nesse lindo look da bia na <num> s temos somente a blusa disponavel no curadobia aoi,saudacao
mesmice,nao_entendi
oi amanda nossas sinceras desculpas por todo esse ocorrido somos um marketplace com operaa aues a todo vapor e infelizmente na o estamos livres de erros ta c cnicos e tecnola <num> gicos acontecerema <num> i checamos com a marca e por enquanto estamos com o tamanho <num> e <num> prontos para a venda seguimos a disposia a o para te auxiliar em todas as daovidas e questaues necessa rias aqui com a gente como seu cadastro esta certinho acredito que na o teremos mais essa situaa a o ocorrendo obrigada por estar conosco equipe curadobiad edited,saudacao
ola boa tarde tudo bem estamos entrando em contato porque identificamos que ha um tempo voce demonstrou interesse nas sandalias da bia que apareceram em um dos nossos reels agora eles estao disponiveis no site do curadobia segue o link <url> obrigada por nos acompanhar qualquer duvida estamos a disposicao equipe curadobia,saudacao
vestido,nao_entendi
pergunta tenho <num> cm de busto qual regata pregas jersey comprar resposta tamanho e medidas,tamanho_modelagem
bem,nao_entendi
sem conteudo detectavel,nao_entendi
ola como vai muito prazer meu nome e ana e trabalho aqui no curadobia nao sei se recordam porem conversamos no primeiro semestre do ano passado <num> sobre esse projeto da bia paes de barros desde la evoluimos bastante e estamos concretizados como um marketplace em potencial crescimento queremos compartilhar com voces nosso site para darem uma olhada curadobia com br ainda temos a toruss em foco o que acham de retomarmos contato aguardo voces,saudacao
pergunta tenho <num> cm de busto qual bolsa anda sozinha comprar resposta tamanho e medidas,tamanho_modelagem
sem conteudo detectavel,nao_entendi
com relacao a outra blusa que voce gostou ela esta em processo de lancamento e ainda nao esta a venda no nosso site mas independente desse fator nao seria possivel unificar o frete nesse caso pois o frete so fica unificado para as pecas da mesma marca,frete_prazo
oi renata boa tarde aqui e a ana acredito que te respondi por whatsapp certo qualquer coisa estou por aqui,saudacao
bom dia,saudacao
pergunta a trench facil tem forro interno resposta modelagem e tecido,tamanho_modelagem
bia sent an attachment,nao_entendi
ou,nao_entendi
ola rosangela boa tarde tudo bem estamos entrando em contato porque identificamos que ha um tempo vocaa demonstrou interesse nas rasteiras da bia que apareceram em um dos nossos reels agora eles esta o disponaveis no site do curadobia dd segue o link <url> obrigada por nos acompanhar rosangela qualquer daovida estamos a disposia a o equipe curadobia d,saudacao
tudo,nao_entendi
obrigada pela presenca renata vai arrasar demais com o conjuntinho mascavo nosso intimo terracota,agradecimento
a,nao_entendi
ola tudo bem ana e vc que bacanaa vou passar o whatsapp da maia pode falar com ela por gentileza <num> <num>,saudacao
ola boa tarde infelizmente na o enviamos para fora do pais mas aceitamos cartaues internacionais com entrega em todo o brasil d,saudacao
fiz uma compra de um casaco com vcs e nao vestiu bem gostaria de trocar por uma calca fresquinha tamanho m,tamanho_modelagem
pergunta tem estoque da camisa de responsa no tamanho m resposta preco estoque e pagamento,formas_pagamento
sem conteudo detectavel,nao_entendi
vamos super a,nao_entendi
oi,saudacao
de nada,nao_entendi
vamos falar sim super,nao_entendi
sem problemas mari apenas encaminha pra gente um e mail solicitando que iremos dar sequencia com a troca e mail contato curadobia <user> com,troca_devolucao_politica
link compartilhado,como_comprar
bom dia adriana como vocaa esta,saudacao
facil,nao_entendi
link compartilhado,como_comprar
bom dia pamela tudo bem revisamos aqui o nosso sistema e fizemos testes e tudo parece funcionar bem esperamos que vocaa tenha uma boa experiaancia agora o que aconselhamos tamba c m a c entrar no site pelo google chrome caso vocaa ainda na o tenha acessado por la aoi vou te encaminhar os links dos produtos que vocaa nos encaminhou <url> <url> <url> <url> <url>,saudacao
pergunta a saia acinturante marca muito o corpo resposta modelagem e tecido,tamanho_modelagem
pergunta tem rastreio pra camisa de responsa resposta frete prazos e trocas,frete_prazo
ola pessoal como vao meu nome e ana e trabalho junto com a bia paes de barros no curadobia com br o curadobia e um marketplace que nasceu com o proposito de reunir em um so lugar pecas que fazem toda a diferenca no armario e ao mesmo tempo sao faceis de usar os chamados neutros com tcharanz acreditamos que a argi super se conecta com essa proposta com quem poderia conversar para falar mais sobre aguardo voces,saudacao
bia sent an attachment,nao_entendi
modelagem,tamanho_modelagem
eu quero sim mas vc poderia me enviar a foto do modelo sa <num> pra eu confirmar,nao_entendi
obrigada,agradecimento
boa tarde tudo a <num> timo segunda a tarde em qualquer hora rio,saudacao
claro vou separar nossas opcoes disponiveis em tamanhos maiores e te mando aqui,nao_entendi
bom dia beatriz tudo bem obrigada por ter entrado em contato conosco vamos te encaminhar uma mensagem pelo nosso whatsapp oficial edited,saudacao
jogo,nao_entendi
ola fiz uma compra com vocaas tudo certo,saudacao
extraidas,nao_entendi
link compartilhado,como_comprar
ola pessoal como va o meu nome a c ana e trabalho junto com a bia paes de barros no curadobia com br o curadobia a c um marketplace que nasceu com o propa <num> sito de reunir em um sa <num> lugar pea as que fazem toda a diferena a no arma rio e ao mesmo tempo sa o fa ceis de usar os chamados neutros com tcharanz acreditamos que a a aurora super se conecta com essa proposta com quem poderia conversar para falar mais sobre aguardo vocaas,saudacao
meu nome a c ana sigo aqui para o que vocaa precisar,nao_entendi
sem conteudo detectavel,nao_entendi
ola luana bom dia tudo bem hoje ainda nao temos sapatos dentro do curadobia estamos olhando para adicionar essa categoria em breve,saudacao
pena,nao_entendi
pergunta posso indicar a bolsa anda sozinha pra alguem resposta extras e institucional,nao_entendi
stella sent an attachment,nao_entendi
ola maria luiza td bem obrigada pelo seu interesse a sandalia a c feita de um material ela stico que parece um neoprene para trazer conforto e se moldar nos pa c s d,saudacao
quero comprar mas preciso saber se ela cala a certinho o naomero do cala o o naomero <num> devo comprar o mesmo,como_comprar
em,nao_entendi
link compartilhado,como_comprar
bia voce acaba comigo com tantas coisas lindas do curadobia queria muito que tivesse frete internacional canada eu fico aqui babando,frete_prazo
conforto,nao_entendi
oi lais boa noite o site esta funcionando normalmente esperamos que consiga finalizar seu pedido agora,saudacao
presencial,nao_entendi
link compartilhado,como_comprar
boa tarde fabiana como vai passando para avisar que as blusas acabaram de ser repostas no site estoque,saudacao
praia,nao_entendi
foto,nao_entendi
bia sent an attachment,nao_entendi
obrigada pela presenca silvia,agradecimento
que,nao_entendi
segue o link dele qualquer duvida ou questao estamos a disposicao obrigada por nos acompanhar equipe curadobia,agradecimento
sem conteudo detectavel,nao_entendi
pergunta tem rastreio pra camisa de responsa resposta frete prazos e trocas,frete_prazo
amando heartsheartshearts,nao_entendi
link compartilhado,como_comprar
link compartilhado,como_comprar
link compartilhado,como_comprar
link compartilhado,como_comprar
clientes,nao_entendi
oi fatima bom dia tudo bem pode ficar tranquila que iremos dar seguimento com a sua solicitacao,saudacao
gostei do conjunto mas na o vi no site,erros_plataforma
link compartilhado,como_comprar
oie bom dia tudo bem obrigada pela sua mensagem entramos em contato com a marca d aura que produz a saia e eles nos informaram que em <num> dias ira o receber novos estoques da nossa saia anica,saudacao
sem conteudo detectavel,nao_entendi
link compartilhado,como_comprar
e ainda nao chegou,nao_entendi
<url>,nao_entendi
ola tudo bem seriam essas pecas,saudacao
ola thais tudo bem deu tudo certo com a chegada das pecas faltantes qualquer coisa sigo aqui para te ajudar viu,saudacao
independente disso sigo aqui para o que vocaa precisar d,nao_entendi
boa tarde me interessei pelos macacaues com zaper mostrados pela bia,saudacao
alguma,nao_entendi
sem conteudo detectavel,nao_entendi
identificamos sua tentativa de compra estavamos realizando uns ajustes no site e acabou tendo esse erro ja estamos verificando com a equipe de tecnologia se foi corrigido e assim que estiver tudo ok voltamos para lhe comunicar tudo bem,erros_plataforma
link compartilhado,como_comprar
o,nao_entendi
grafico,nao_entendi
bia sent an attachment,nao_entendi
link compartilhado,como_comprar
link compartilhado,como_comprar
de,nao_entendi
ola boa tarde como vai,saudacao
como proceder p troca,troca_devolucao_politica
link compartilhado,como_comprar
ola gloria na o temos apenas vendas on line no site www curadobia com br,saudacao
curtiu uma mensagem,nao_entendi
oi suzane bom dia como vocaa esta,saudacao
pensamos que poderia ser a senha criada mas quando ocorre algum ponto nesse aspecto surge uma mensagem abaixo voce se importaria em tentar novamente apenas para checarmos se continua ocorrendo o mesmo erro,erros_plataforma
tamanho,tamanho_modelagem
sem conteudo detectavel,nao_entendi
ola bom dia roupas lindas aqui mas na o encontrei muitas opa aues de tamanhos maiores a isso mesmo tenho uma cliente que se enquadraria perfeita nesse estilo mais contempora neo mas a c um tamanho g gg <num> <num> poderiam me sugerir algumas opa aues,saudacao
vc poderia checar se houve algum problema com os correios de sao paulo pois nem chegou no correio de curitiba,nao_entendi
oi claudia que mensagem boa ficamos felizes de voce gostar dos nossos produtos vou confirmar sua compra e te aviso,saudacao
link compartilhado,como_comprar
sem conteudo detectavel,nao_entendi
sem conteudo detectavel,nao_entendi
verificamos com a marca responsa vel pelo envio a revival o seu pedido sofreu um pequeno atraso que a marca me informou ter lhe comunicado por whatsapp,nao_entendi
pergunta a blusa molona ta em promocao resposta preco estoque e pagamento,formas_pagamento
curtiu uma mensagem,nao_entendi
vou te encaminhar o link <url>,como_comprar
link compartilhado,como_comprar
obrigada pelo interesse aguardamos voces,agradecimento
mesma,nao_entendi
ola caroline tudo bem obrigada pelo seu interesse em trabalhar conosco no momento na o estamos trabalhando com o contrato de novas pessoas no nosso time mas ja salvamos seus dados para futuras oportunidades caso tenha mais alguma daovida estamos a disposia a o equipe curadobia d,saudacao
bia sent an attachment,nao_entendi
sem conteudo detectavel,nao_entendi
link compartilhado,como_comprar
ja respondi sim no wzap,nao_entendi
muito obrigada,agradecimento
oie obrigada pela resposta conversamos com a bia e temos interesse em marcar uma reuniao ja por esses dias pois o curadobia esta com uma nova metodologia e com novidades e mesmo a producao de voces para marco seria interessante conversar com voces agora o que acham te aguardo,agradecimento
jeans,nao_entendi
link compartilhado,como_comprar
para,nao_entendi
pergunta a blusa molona ta em promocao resposta preco estoque e pagamento,formas_pagamento
ta,nao_entendi
bia sent an attachment,nao_entendi
oi roberta bom dia tudo bem estamos entrando em contato porque identificamos que ha um tempo voce demonstrou interesse nos sapatos da bia que apareceram em um dos nossos reels agora eles estao disponiveis no site do curadobia o link clicavel segue na proxima mensagem obrigada por nos acompanhar roberta qualquer duvida estamos a disposicao equipe curadobia,saudacao
link compartilhado,como_comprar
link compartilhado,como_comprar
pergunta consigo devolver a bolsa anda sozinha se nao servir resposta frete prazos e trocas,frete_prazo
pergunta a camisa viajante ta em promocao resposta preco estoque e pagamento,formas_pagamento
por,nao_entendi
look,pedir_sugestao_produto
bom dia gostei da calca vai ter no site obrigada,saudacao
tem,nao_entendi
de onde a c a sanda lia linda,nao_entendi
oie td e vc fica super vistoso pode ficar bem bacana com essa saia tmb,nao_entendi
mto obrigada msm,agradecimento
bia td bom nao estou conseguindo finalizar a compra da regata podrinha coloquei os dados do cartao e no campo cvv eu ponho os numeros mas o sistema ignora que eu coloquei tentei varias vezes acho que esta com problema,formas_pagamento
de,nao_entendi
link compartilhado,como_comprar
<num>,nao_entendi
curtiu uma mensagem,nao_entendi
esse,nao_entendi
era pra ter chegado ontem,nao_entendi
pergunta a camisa de responsa e oversized ou normal resposta tamanho e medidas,tamanho_modelagem
ola boa tarde tudo bem estamos entrando em contato porque identificamos que ha um tempo vocaa demonstrou interesse nas sanda lias da bia que apareceram em um dos nossos reels agora eles esta o disponaveis no site do curadobia dd segue o link <url> obrigada por nos acompanhar qualquer daovida estamos a disposia a o equipe curadobia d,saudacao
e ainda na o chegou,nao_entendi
que maximo marca a gente nos seus looks muito feliz que esta curtindo a selecao de pecas logo mais teremos muitas novidades bacanas,nao_entendi
estamos entrando em contato porque identificamos que ha um tempo vocaa demonstrou interesse nas sanda lias da bia que apareceram em um dos nossos reels agora eles esta o disponaveis no site do curadobia dd o link clica vel segue na pra <num> xima mensagem obrigada por nos acompanhar katia qualquer daovida estamos a disposia a o equipe curadobia d,agradecimento
<num> na o creio,nao_entendi
link compartilhado,como_comprar
look,pedir_sugestao_produto
ola maria tudo bem obrigada por ter entrado em contato conosco te aconselhamos comprar o seu numero mesmo no caso o tamanho <num> qualquer outra duvida pode sempre entrar em contato conosco equipe curadobia,saudacao
deixa la,nao_entendi
fiz uma compra de um casaco com vcs e na o vestiu bem gostaria de trocar por uma cala a fresquinha tamanho m,tamanho_modelagem
de,nao_entendi
pergunta quanto tempo pra entregar a blusa molona em sp resposta frete prazos e trocas,frete_prazo
obvio,nao_entendi
meu nome a c ana sigo aqui para o que precisar,nao_entendi
bia sent an attachment,nao_entendi
outra daovida a c sobre o tom certinho dessa jaqueta no site achei que estava num tom diferente dos stories,erros_plataforma
todas as pea as da mybasic e da lounge <num> possuem uma ampla grade <url> <url> os produtos da cecilia possuem uma modelagem mais ampla <url> alguns dos produtos da nauanin chegam ata c a numeraa a o xxgg equivalendo a um <num> <url>,tamanho_modelagem
link compartilhado,como_comprar
chama,nao_entendi
caso na o fique com como funciona a troca,troca_devolucao_politica
look,pedir_sugestao_produto
qualquer outra duvida sigo a disposicao,nao_entendi
fui olhar para comprar o tamanho <num> dessa cala a pora c m a largura da cintura e do quadril eh a mesma <num>,tamanho_modelagem
ola por favor vcs tem desconto para a primeira compra obrigada,saudacao
ola gostaraamos de ora ar com vocaas o aluguel de algumas pea as objetos de vocaas para um dia de evento que vamos fazer a possavel obrigada desde ja,saudacao
pergunta tenho <num> cm de busto qual regata pregas jersey comprar resposta tamanho e medidas,tamanho_modelagem
ola obrigada qual a previsao de entrega,saudacao
caso na o fique com como funciona a troca,troca_devolucao_politica
pergunta consigo devolver a regata pregas jersey se nao servir resposta frete prazos e trocas,frete_prazo
mari sent an attachment,nao_entendi
ola como vao muito prazer meu nome e ana e trabalho aqui no curadobia nao sei se recordam porem conversamos no primeiro semestre do ano passado <num> sobre esse projeto da bia paes de barros desde la evoluimos bastante e estamos concretizados como um marketplace em potencial crescimento queremos compartilhar com voces nosso site para darem uma olhada curadobia com br ainda temos a nua em foco o que acham de retomarmos contato aguardo voces,saudacao
que,nao_entendi
ola pessoal como vao muito prazer meu nome e ana e trabalho junto com a bia paes de barros no curadobia com br o curadobia e um marketplace que nasceu com o proposito de reunir em um so lugar pecas que fazem toda a diferenca no armario e ao mesmo tempo sao faceis de usar os chamados neutros com tcharanz acreditamos que a lourie super se conecta com essa proposta com quem poderia conversar para falar mais sobre aguardo voces,saudacao
pergunta a trench facil e versatil pra viagem resposta combinacoes e ocasioes,nao_entendi
ola gisela essa sandalia a c da minha collab com a paula ferber,saudacao
oi tatiana tudo bem infelizmente na o temos o cupom,saudacao
assim,nao_entendi
oi,saudacao
prontissima,nao_entendi
bem,nao_entendi
ok entendi obrigada pelo retorno um abraa o,agradecimento
pergunta a trench facil tem forro interno resposta modelagem e tecido,tamanho_modelagem
link compartilhado,como_comprar
o,nao_entendi
mas a experiaancia de compra na o foi legal,nao_entendi
enviado obrigada ate segunda,agradecimento
posso,nao_entendi
oi bia sou erika dos <user> gostaria de saber como voce trabalha em relacao a promocao de produtos meus brincos sao autorais e os fabrico a <num> anos a producao e <num> nacional fabricamos desde a liga do metal ate o banho de ouro <num> k nossos brincos sao todos bordados a mao com um finissimo arame de cobre e depois banhado a ouro espero seu contato obrigada,saudacao
magica,nao_entendi
obrigada pelo retorno vou acompanhar entao beijo beijo,agradecimento
reagiu com a sua mensagem,nao_entendi
pergunta da pra parcelar a calca cool sem juros resposta preco estoque e pagamento,formas_pagamento
sem problemas mari apenas encaminha pra gente um e mail solicitando que iremos dar sequencia com a troca e mail contato curadobia <user> com,troca_devolucao_politica
mas,nao_entendi
ola gabriela boa tarde tudo bem,saudacao
pergunta a trench facil e versatil pra viagem resposta combinacoes e ocasioes,nao_entendi
tecido,nao_entendi
sem conteudo detectavel,nao_entendi
<url>,nao_entendi
mas paguei por uma coisa que nao recebi,nao_entendi
bom dia gostei muito de uma cala a mais gostaria de ter informaa aues dos tamanhos se te tabela de medidas como faa o para saber poderiam me ajudar no aguardo grata adriana baggio,saudacao
pergunta tenho duvida no tamanho da camisa viajante qual voce recomenda resposta tamanho e medidas,tamanho_modelagem
oi mari bom dia tudo bem infelizmente essa calca nao teremos mais reposicao no curadobia mas estamos com diversas novidades no site qualquer coisa sigo aqui para o que voce precisar,saudacao
curtiu uma mensagem,nao_entendi
como estaria sua agenda para segunda a tarde,nao_entendi
ok obrigada vi que foi lana ado no meu carta o de cra c dito,agradecimento
sem conteudo detectavel,nao_entendi
pergunta a trench facil tem forro interno resposta modelagem e tecido,tamanho_modelagem
pergunta aceitam pix pra calca saruel silvia resposta preco estoque e pagamento,formas_pagamento
<url>,nao_entendi
look,pedir_sugestao_produto
ola td e vc,saudacao
pergunta quem faz a trench facil resposta extras e institucional,nao_entendi
link compartilhado,como_comprar
qualquer duvida estamos a disposicao,nao_entendi
com,nao_entendi
bia sent an attachment,nao_entendi
olivve sent an attachment,nao_entendi
conseguem me ajudar por aqui,nao_entendi
bia sent an attachment,nao_entendi
entendi esse modelo ele e oversized ou seja possui uma estrutura mais larga voce ja chegou a usar modelos assim,nao_entendi
milene perguntamos para a bia e ela te indicou comprar o tamanho <num> dessa jaqueta por voce nao estar acostumada a roupas oversized o que acha,tamanho_modelagem
oi talita muito bom receber sua mensagem agradecemos demais o contato e que bacana voces terem pensado na gente porem nesse momento nos nao estamos trabalhando com producao de qualquer forma salvamos o teu contato para futuras oportunidades atenciosamente equipe curadobia,saudacao
ola tudo bem teria um contato do responsa vel da marca ou comercial para falarmos obrigada carol d,saudacao
precisei sair correndo por um problema com minha filha que ja esta bem mas nem consegui me despedir obrigada queridas pelo convite,agradecimento
unico,nao_entendi
e tem ela preta,nao_entendi
sem conteudo detectavel,nao_entendi
alguma,nao_entendi
voce,nao_entendi
bia sent an attachment,nao_entendi
ola alessandra boa tarde tudo bem estamos entrando em contato porque identificamos que ha um tempo vocaa demonstrou interesse nas sanda lias da bia que apareceram em um dos nossos reels agora eles esta o disponaveis no site do curadobia dd segue o link <url> obrigada por nos acompanhar alessandra qualquer daovida estamos a disposia a o equipe curadobia d,saudacao
um,nao_entendi
ola estou tentando finalizar uma compra mas aparece o seguinte erro,saudacao
qualquer coisa seguimos a disposicao por aqui ok,nao_entendi
queria,nao_entendi
pergunta se eu sou baixa a trench facil fica muito comprida resposta tamanho e medidas,tamanho_modelagem
ola,saudacao
pergunta se eu sou baixa a calca saruel silvia fica muito comprida resposta tamanho e medidas,tamanho_modelagem
pergunta a bolsa anda sozinha precisa passar resposta modelagem e tecido,tamanho_modelagem
obrigada pelo convite adorei a minha sandalia nova a i,agradecimento
e simples,nao_entendi
peso,nao_entendi
deu certo sim obrigada,agradecimento
sem conteudo detectavel,nao_entendi
erros,nao_entendi
sem conteudo detectavel,nao_entendi
sem conteudo detectavel,nao_entendi
sem conteudo detectavel,nao_entendi
bom dia sheila tudo bem voce conseguiu ver direitinho os tamanhos qualquer coisa estamos aqui,saudacao
oi gabriela tudo bem vi que vocaa conseguiu acessar o nosso site e realizou seu pedido certo eles ja esta o em separaa a o e logo mais estara o contigod qualquer coisa sigo aqui para te ajudar,saudacao
obrigada,agradecimento
oi pessoal tudo bem mariele da icon aqui adoraria apresentar a agencia e os talentos que representamos para voces acredito que temos uma super sinergia e que seria lindo colaborarmos futuramente qual o melhor contato para falarmos disso por favor muito obrigada,saudacao
bia sent an attachment,nao_entendi
oi lucia bom dia tudo bem aqui e a ana do time curadobia voce conseguiu dar uma olhada em tudo que te mandamos se tiver alguma duvida sigo aqui,saudacao
ola primeiramente quero dizer que a curadobia esta fanta stica vi que va rios produtos esta o indisponaveis no site como a blusa pah e phyna por exemplo tem alguma previsa o de retorno ao estoque,saudacao
contrario,nao_entendi
ola alessandra boa tarde tudo bem estamos entrando em contato porque identificamos que ha um tempo voce demonstrou interesse nas sandalias da bia que apareceram em um dos nossos reels agora eles estao disponiveis no site do curadobia segue o link <url> obrigada por nos acompanhar alessandra qualquer duvida estamos a disposicao equipe curadobia,saudacao
ola pessoal como va o meu nome a c ana e trabalho junto com a bia paes de barros no curadobia com br o curadobia a c um marketplace que nasceu com o propa <num> sito de reunir em um sa <num> lugar pea as que fazem toda a diferena a no arma rio e ao mesmo tempo sa o fa ceis de usar os chamados neutros com tcharanz acreditamos que a giomei super se conecta com essa proposta com quem poderia conversar para falar mais sobre aguardo vocaas,saudacao
ela e reta e certa acredito que o tamanho m funcione bem para voce o tecido da base e mais maleavel que da parte de cima,tamanho_modelagem
me,nao_entendi
pergunta tem estoque da camisa de responsa no tamanho m resposta preco estoque e pagamento,formas_pagamento
link compartilhado,como_comprar
pergunta tem rastreio pra camisa de responsa resposta frete prazos e trocas,frete_prazo
pergunta da pra parcelar a calca cool sem juros resposta preco estoque e pagamento,formas_pagamento
do,nao_entendi
faco,nao_entendi
ola sua curadoria projeto editorial e grafico sao incriveis parabens mas sua plataforma de e commerce nao funciona bem estou desde ontem tentando fazer compras mas paginas nao carregam carrinhos esvaziam muito dificil,saudacao
oi karyna bom dia vimos que vocaa mandou as mesmas mensagens pelo nosso whatsapp vamos dar seguimento por la enta o tudo bem obrigada,saudacao
bia esse seu curadobia esta um arraso muito tentador paraba c ns pelo projeto uma daovida qual a sua altura estou interessadassima nessa cala a mas sou baixa <num> cm e geralmente tenho que fazer a barras das cala as o que na o a c muito fa cil com essaa d obrigada,agradecimento
bom,nao_entendi
sem conteudo detectavel,nao_entendi
pergunta a saia tech tem frete gratis resposta frete prazos e trocas,frete_prazo
ola bom dia sou muito fa da bia mas nunca comprei no curadoria uma daovida como faa o para escolher um tamanho com mais segurana a tem uma tabela de medidas para servir de referaancia obrigada,saudacao
pede,nao_entendi
ola dany bom dia,saudacao
de,nao_entendi
ola bom dia,saudacao
pergunta a bolsa anda sozinha precisa passar resposta modelagem e tecido,tamanho_modelagem
ola meninas tudo bem comprei a saia preta da d aura em outubro precisei trocar foram rapidissimos mas so hoje eu soube que nao levaram a sacola com a peca a ser trocada ficou este tempo todo na minha portaria como faco,saudacao
ola,saudacao
ola emilia boa noite tudo bem agradecemos demais o feedback e pode ter certeza que uma das preocupacoes que estamos tendo e seguir na busca por marcas que tragam opcoes e grades que representam o maior numero de corpos possivel sobre a tabela de medida estamos buscando ajustar obrigada por nos informar e seguiremos aprimorando cada vez mais bjos,saudacao
e,nao_entendi
grafica,nao_entendi
que,nao_entendi
look,pedir_sugestao_produto
junho,nao_entendi
pergunta a blusa molona ta em promocao resposta preco estoque e pagamento,formas_pagamento
obrigada,agradecimento
ola dany boa tarde tudo bem,saudacao
d,nao_entendi
pergunta tenho duvida no tamanho da blusa molona qual voce recomenda resposta tamanho e medidas,tamanho_modelagem
ta joia,nao_entendi
obrigada no aguardo que seja disponibilizado o envio,agradecimento
aquele,nao_entendi
link compartilhado,como_comprar
eu estou vendo mesmo que esta demorando mas super obrigada bom final de semana brenda,agradecimento
manga,nao_entendi
indo,nao_entendi
ola esse conjunto ainda nao esta disponvel no site de vcs ne poderia me dizer se onde e,saudacao
inventadas,nao_entendi
gostei do conjunto mas na o vi no site,erros_plataforma
como uma critica construtiva vcs deveriam mandar um e mail para confirmar o pedido compro bastante on line e sempre vem o e mail do status do pedido o cliente fica mais seguro da compra,como_comprar
perfeito ja passei pro pessoal realizar a correcao obrigada pelo feedback,agradecimento
oii o site curadobia esta fora do ar fui visitar atraves dos link da bio e nao funcionou bjs,erros_plataforma
pergunta a bolsa anda sozinha tem desconto a vista resposta preco estoque e pagamento,formas_pagamento
sempre,nao_entendi
como a c o processo da troca,troca_devolucao_politica
sem,nao_entendi
ola alice bom dia tudo bem aqui somos da parte de atendimento do curadobia vou te pedir para encaminhar um e mail para contato curadobia <user> com,saudacao
resolve,nao_entendi
bom dia comprei esta blusa mas a parte que passa encima do ombro esta solta a assim mesmo podemos falar para eu entender melhor obrigada meu cel <num>,saudacao
ne,nao_entendi
a,nao_entendi
tudo bem tamba c m que pena d eu queria exatamente o verde d c,nao_entendi
link compartilhado,como_comprar
na o estou conseguindo entrar no site para fazer compra,erros_plataforma
passando,nao_entendi
nesse,nao_entendi
bia sent an attachment,nao_entendi
oi silvana tudo bem bom dia quem fala com vocaa a c a ana do time curadobia posso confirmar com vocaa se seria essa camisa que te interessou segue,saudacao
qualquer coisa seguimos a disposia a o por aqui ok,nao_entendi
com relaa a o a previsa o de entrega por conta dessa questa o na plataforma as marcas tamba c m na o receberam a notificaa a o do pedido e por isso ira acabar atrasando um pouco a sua compra mas na <num> s tamba c m ja entramos em contato com a stella bastos sobre a sua compra e logo mais ela estara com vocaa desculpa pelo ocorrido qualquer coisa nos avise obrigada por ser nossa cliente equipe curadobiad,agradecimento
sem problemas mari apenas encaminha pra gente um e mail solicitando que iremos dar sequaancia com a troca e mail contato curadobia <user> com,troca_devolucao_politica
de,nao_entendi
pergunta a calca cool amassa facil resposta modelagem e tecido,tamanho_modelagem
muito obrigada pelo retorno,agradecimento
look,pedir_sugestao_produto
bia sent an attachment,nao_entendi
ola ana boa tarde tudo bem estamos entrando em contato porque identificamos que ha um tempo vocaa demonstrou interesse nos sapatos da bia que apareceram em um dos nossos reels agora eles esta o disponaveis no site do curadobia dd segue o link <url> obrigada por nos acompanhar ana qualquer daovida estamos a disposia a o equipe curadobia d,saudacao
mto obrigada pelo retorno,agradecimento
pergunta a calca saruel silvia tem forro interno resposta modelagem e tecido,tamanho_modelagem
avisar,nao_entendi
look,pedir_sugestao_produto
look,pedir_sugestao_produto
no,nao_entendi
pergunta a calca cool tem frete gratis resposta frete prazos e trocas,frete_prazo
oi suzane bom dia como voce esta,saudacao
obrigada beijinhos,agradecimento
ola como vai muito prazer meu nome a c ana e trabalho aqui no curadobia na o sei se recordam pora c m conversamos no primeiro semestre do ano passado <num> sobre esse projeto da bia paes de barros desde la evoluamos bastante e estamos concretizados como um marketplace em potencial crescimento queremos compartilhar com vocaas nosso site para darem uma olhada curadobia com br ainda temos a pata em foco o que acham de retomarmos contato aguardo vocaas,saudacao
link compartilhado,como_comprar
o tom certo a c o que esta no site os stories que a bia postou hoje modificaram um pouco o tom,erros_plataforma
toque,nao_entendi
ambos,nao_entendi
obrigada pela presena a stella,agradecimento
curtiu uma mensagem,nao_entendi
bia sent an attachment,nao_entendi
ah que otimo monica deve ter ficado incravel com toda a sua bossa,nao_entendi
link compartilhado,como_comprar
essa,nao_entendi
voces irao vender oysho,nao_entendi
link compartilhado,como_comprar
pergunta a calca cool tem frete gratis resposta frete prazos e trocas,frete_prazo
ela,nao_entendi
look,pedir_sugestao_produto
link compartilhado,como_comprar
muito obrigada tenham um bom fim de semana,agradecimento
look,pedir_sugestao_produto
endereco,nao_entendi
ola cris bom dia tudo bem,saudacao
sem conteudo detectavel,nao_entendi
isso a c curadobia hein,nao_entendi
vou amanha obrigada,agradecimento
oi anna sua compra foi realizada com sucesso pode ficar tranquila ja conferimos aqui direitinho para voce,saudacao
ana,nao_entendi
ola como vai funcionar onde vai ser obrigada,saudacao
sugestao,pedir_sugestao_produto
oi karyna bom dia tudo bem vamos verificar,saudacao
look,pedir_sugestao_produto
ola td e vc,saudacao
pergunta a camisa de responsa e oversized ou normal resposta tamanho e medidas,tamanho_modelagem
usar,nao_entendi
pergunta se eu sou baixa a trench facil fica muito comprida resposta tamanho e medidas,tamanho_modelagem
sem conteudo detectavel,nao_entendi
oi suzane infelizmente na o estamos com previsa o de reposia a o do tamanho <num> da nossa gladiadorad o,saudacao
bom dia alessandra acredito que te respondemos pelo whatsapp mas aproveito para confirmar que por enquanto ela esta disponavel apenas no tamanho <num> que equivale a um tamanho m,saudacao
sigo aqui para qualquer duvida,nao_entendi
ola muito obrigada vou ver em breve,saudacao
mas gostaria de experimentar antes de comprar e possivel meu cel <num> <num> <num>,como_comprar
bom dia gostaria de adquirir essa cala a mas na o esta mais disponavel podem me ajudar obrigada,saudacao
como proceder p troca,troca_devolucao_politica
link compartilhado,como_comprar
curtiu uma mensagem,nao_entendi
pedimos desculpas pelo ocorrido e pode ter certeza que isso servira para aprimorarmos nosso atendimento e nao deixar que situacoes como essa ocorram novamente agradeco sua compreensao e nos disponibilizamos para auxiliar da melhor forma possivel sobre ter ficado um pouco grande o body nos informe se desejar efetuar troca que ja posso agilizar junto a marca essa solicitacao,troca_devolucao_politica
link compartilhado,como_comprar
precisar,nao_entendi
o,nao_entendi
ola gloria nao temos apenas vendas on line no site www curadobia com br,saudacao
link compartilhado,como_comprar
pedimos desculpas pelo ocorrido e pode ter certeza que isso servira para aprimorarmos nosso atendimento e nao deixar que situacoes como essa ocorram novamente agradeco sua compreensao e nos disponibilizamos para auxiliar da melhor forma possivel sobre ter ficado um pouco grande o body nos informe se desejar efetuar troca que ja posso agilizar junto a marca essa solicitacao,troca_devolucao_politica
d,nao_entendi
sem conteudo detectavel,nao_entendi
bia sent an attachment,nao_entendi
ola jaolia bom dia tudo bem,saudacao
link compartilhado,como_comprar
pergunta da pra trocar a trench facil por outro tamanho resposta frete prazos e trocas,frete_prazo
pergunta tenho <num> cm de busto qual bolsa anda sozinha comprar resposta tamanho e medidas,tamanho_modelagem
vira,nao_entendi
sem conteudo detectavel,nao_entendi
bom dia,saudacao
mas a pea a ainda na o chegou,nao_entendi
pra,nao_entendi
sem conteudo detectavel,nao_entendi
e,nao_entendi
oiee bom dia,saudacao
bia sent an attachment,nao_entendi
<num> cm,nao_entendi
ola pessoal como va o meu nome a c ana e trabalho junto com a bia paes de barros no curadobia com br insta <user> oficial o curadobia a c um marketplace que nasceu com o propa <num> sito de reunir em um sa <num> lugar pea as que fazem toda a diferena a no arma rio e ao mesmo tempo sa o fa ceis de usar os chamados neutros com tcharanz acreditamos que a wendyel borin super se conecta com essa proposta com quem poderia conversar para falar mais sobre aguardo vocaasd,saudacao
dd,nao_entendi
muito obrigada pela atencao,agradecimento
maria shared a product,nao_entendi
ola tudo bem ana e vc que bacana vou passar o whatsapp da maia pode falar com ela por gentileza <num> <num>,saudacao
brinca,nao_entendi
link compartilhado,como_comprar
ola por favor algum retorno,saudacao
esperado,nao_entendi
elegante,nao_entendi
alegre,nao_entendi
e quadril,nao_entendi
code,nao_entendi
oi ana tudo bem na epoca o pessoal da d aura te instruiu que iriam retirar na sua portaria,saudacao
obrigada,agradecimento
oi amanda nossas sinceras desculpas por todo esse ocorrido somos um marketplace com operaa aues a todo vapor e infelizmente na o estamos livres de erros ta c cnicos e tecnola <num> gicos acontecerema <num> i checamos com a marca e por enquanto estamos com o tamanho <num> e <num> prontos para a venda seguimos a disposia a o para te auxiliar em todas as daovidas e questaues necessa rias aqui com a gente como seu cadastro esta certinho acredito que na o teremos mais essa situaa a o ocorrendo obrigada por estar conosco equipe curadobiad,saudacao
oie bom dia tudo bem obrigada pela sua mensagem entramos em contato com a marca d aura que produz a saia e eles nos informaram que em <num> dias irao receber novos estoques da nossa saia unica,saudacao
curtiu uma mensagem,nao_entendi
ola como tirar daovidas de tamanho da pea a,saudacao
gostaria a camisa branca tamanho m a possavel,tamanho_modelagem
e,nao_entendi
ola pessoal como vao meu nome e ana e trabalho junto com a bia paes de barros no curadobia com br o curadobia e um marketplace que nasceu com o proposito de reunir em um so lugar pecas que fazem toda a diferenca no armario e ao mesmo tempo sao faceis de usar os chamados neutros com tcharanz acreditamos que a natu super se conecta com essa proposta com quem poderia conversar para falar mais sobre aguardo voces,saudacao
bia sent an attachment,nao_entendi
grifin,nao_entendi
you sent an attachment,nao_entendi
cm,nao_entendi
obrigada,agradecimento
<num>,nao_entendi
pergunta a saia acinturante e slow fashion resposta extras e institucional,nao_entendi
tenho,nao_entendi
brincar,nao_entendi
mantem,nao_entendi
obrigada,agradecimento
e em outras <num>,nao_entendi
link compartilhado,como_comprar
como proceder p troca,troca_devolucao_politica
real,nao_entendi
pergunta a calca cool fica justa no quadril resposta tamanho e medidas,tamanho_modelagem
obrigada pelo retorno namoro o modelo gladiador me lembro dele mas quando fui procurar ja nao tinha mais,agradecimento
oi ana tudo e vocaa beleza obrigada,saudacao
link compartilhado,como_comprar
ola vcs tem uma tabela de medidas para essa cala a amei e gostaria de escolher o tamanho certo visto <num> e tenho <num> <num> de quadril enta o na o tenho certeza do p ou m poderiam me ajudar no aguardo grata adriana baggio,saudacao
oi anna sua compra foi realizada com sucesso pode ficar tranquila ja conferimos aqui direitinho para vocaa,saudacao
nao gosto de nada apertado mas essa blusa tem um shane mais ajustado dai fiquei na duvida,nao_entendi
elaine para o tamanho <num> na <num> s indicamos o tamanho <num> da saia,tamanho_modelagem
cecilia sent an attachment,nao_entendi
eu sugiro q vcs verifiquem melhor as parcerias de fornecedores pois na o comprarei mais nesta curadoria infelizmente gosto mto do trabalho da biaa mas assim inviabiliza,nao_entendi
pergunta da pra parcelar a calca cool sem juros resposta preco estoque e pagamento,formas_pagamento
casa,nao_entendi
link compartilhado,como_comprar
ola,saudacao
link compartilhado,como_comprar
sem conteudo detectavel,nao_entendi
sem problemas mari apenas encaminha pra gente um e mail solicitando que iremos dar sequencia com a troca e mail contato curadobia <user> com,troca_devolucao_politica
ola tudo bem meu nome e leonardo trabalho na importadora <user> <user> vi o instagram da marca e voces tem o perfil lulitex muito sofisticacao e bom gosto trabalhamos com pronta entrega e importacao de tecidos exclusivos de acordo com a demanda do cliente nosso showroom tem um acervo enorme sera um prazer recebe los em uma visita poderia me passar o contato do estilo ou compras desde ja agradeco a atencao att leonardo jose e mail leonardo <user> com br pabx <num> <num> <num> <num> whatsapp <num> <num> <num> <num> www lulitex com br,saudacao
cecilia sent an attachment,nao_entendi
pergunta quanto tempo pra entregar a camisa viajante em sp resposta frete prazos e trocas,frete_prazo
mto obrigada msm,agradecimento
paola nossas vendas sao realizadas pelo nosso site te encaminho abaixo o link para que voce possa acessar e fechar seu pedido,erros_plataforma
daniela depois me passa seu numero de telefone que ai seguimos a comunicacao por la e pelo e mail,nao_entendi
<num>,nao_entendi
pergunta tem estoque da saia acinturante no tamanho m resposta preco estoque e pagamento,formas_pagamento
tirar,nao_entendi
pergunta tem rastreio pra camisa de responsa resposta frete prazos e trocas,frete_prazo
curtiu uma mensagem,nao_entendi
link compartilhado,como_comprar
pergunta da pra trocar a calca saruel silvia por outro tamanho resposta frete prazos e trocas,frete_prazo
pergunta a saia tech fica justa no quadril resposta tamanho e medidas,tamanho_modelagem
boa tarde na pagina da regata podrinha cinza eu nao consigo ver as medidas dos tamanhos acima do g que sao justamente o que visto poderia me enviar essas medidas dos tamanhos gg e xgg por favor,saudacao
pergunta tenho duvida no tamanho da blusa molona qual voce recomenda resposta tamanho e medidas,tamanho_modelagem
o,nao_entendi
sobre a troca da calca que comprei quero trocar por um tamanho menor recebi um e mail de vcs no dia <num> <num> <num> respondi mas dps disso nao tive mais retorno,troca_devolucao_politica
juliana sent an attachment,nao_entendi
julia sent an attachment,nao_entendi
bom dia mariella td bem que tamanho vocaa costuma usar de parte de cima camisas em especial,saudacao
tudo bem e voces,nao_entendi
oi quanto custa a blusa modernosa tem gg,saudacao
obrigada pelo prestagio foi incravel te ter de pertinho hojed d,agradecimento
ola marilene boa noite tudo bem,saudacao
look,pedir_sugestao_produto
outra duvida e sobre o tom certinho dessa jaqueta no site achei que estava num tom diferente dos stories,erros_plataforma
facilitadora,nao_entendi
sem conteudo detectavel,nao_entendi
link compartilhado,como_comprar
link da cala a por gentileza,como_comprar
ok obrigada,agradecimento
pergunta a calca cool fica justa no quadril resposta tamanho e medidas,tamanho_modelagem
sobre a troca da calca que comprei quero trocar por um tamanho menor recebi um e mail de vcs no dia <num> <num> <num> respondi mas dps disso nao tive mais retorno,troca_devolucao_politica
obrigada eu aviso sim gostei bastante vou levar para a cliente,agradecimento
e fato perguntei pois esta a procurando uma peca e nao encontrava,nao_entendi
sigo aqui para qualquer daovida,nao_entendi
ola tudo bem bom dia como funciona o orcamento de studios com voces por favor,saudacao
ola camila td bem segue aqui o link da blusa que vocaa gostou qualquer duvida estamos a disposia a o ok a,saudacao
ola andrea boa tarde tudo bem estamos entrando em contato porque identificamos que ha um tempo voce demonstrou interesse nas sandalias da bia que apareceram em um dos nossos reels agora eles estao disponiveis no site do curadobia segue o link <url> obrigada por nos acompanhar andrea qualquer duvida estamos a disposicao equipe curadobia,saudacao
curtiu uma mensagem,nao_entendi
de,nao_entendi
sentir,nao_entendi
link compartilhado,como_comprar
bia sent an attachment,nao_entendi
ola ana boa tarde tudo bem estamos entrando em contato porque identificamos que ha um tempo voce demonstrou interesse nos sapatos da bia que apareceram em um dos nossos reels agora eles estao disponiveis no site do curadobia segue o link <url> obrigada por nos acompanhar ana qualquer duvida estamos a disposicao equipe curadobia,saudacao
sem conteudo detectavel,nao_entendi
tenho,nao_entendi
pergunta tenho duvida no tamanho da blusa molona qual voce recomenda resposta tamanho e medidas,tamanho_modelagem
oi tudo certinho por ai somos a ecru e trabalhamos com embalagens sustentaveis e personalizaveis feitas em algodao cru nossos principais produtos sao necessaire saquinhos ecobags nos identificamos muito com a sua empresa e adorariamos te apresentar nosso catalogo posso te enviar mais informacoes pelo e mail ou whatsapp ah tambem aceitamos propostas de orcamento ou cobrimos valores de outros fornecedores,saudacao
fa tima te respondemos no whatsapp mas na o recebemos seu retorno esta tudo bem qualquer coisa sigo aqui a disposia a od,nao_entendi
link compartilhado,como_comprar
link compartilhado,como_comprar
pergunta tenho duvida no tamanho da camisa viajante qual voce recomenda resposta tamanho e medidas,tamanho_modelagem
pergunta tenho <num> cm de busto qual regata pregas jersey comprar resposta tamanho e medidas,tamanho_modelagem
visual,nao_entendi
<url>,nao_entendi
reagiu com a sua mensagem,nao_entendi
bia sent an attachment,nao_entendi
link compartilhado,como_comprar
link compartilhado,como_comprar
ola vcs tem uma tabela de medidas para essa calca amei e gostaria de escolher o tamanho certo visto <num> e tenho <num> <num> de quadril entao nao tenho certeza do p ou m poderiam me ajudar no aguardo grata adriana baggio,saudacao
obrigada pelo retorno,agradecimento
camisas,nao_entendi
mto obrigada msm,agradecimento
link compartilhado,como_comprar
ola obrigada qual a previsa o de entrega,saudacao
bom dia julienne o que achou da nossa selecao,saudacao
ate agora nada,nao_entendi
aqui o link com todos os acessa <num> rios,como_comprar
adoroa,nao_entendi
com relacao a previsao de entrega por conta dessa questao na plataforma as marcas tambem nao receberam a notificacao do pedido e por isso ira acabar atrasando um pouco a sua compra mas nos tambem ja entramos em contato com a stella bastos sobre a sua compra e logo mais ela estara com voce desculpa pelo ocorrido qualquer coisa nos avise obrigada por ser nossa cliente equipe curadobia,agradecimento
link compartilhado,como_comprar
essa,nao_entendi
pergunta a camisa de responsa e oversized ou normal resposta tamanho e medidas,tamanho_modelagem
segundos,nao_entendi
pergunta consigo devolver a regata pregas jersey se nao servir resposta frete prazos e trocas,frete_prazo
que pena dri entendemos espero que outras pea as no site te encontremd estamos aqui qualquer coisa obrigada pela mensagem,agradecimento
obrigada pela presenca,agradecimento
pergunta aceitam pix pra trench facil resposta preco estoque e pagamento,formas_pagamento
link compartilhado,como_comprar
que,nao_entendi
pergunta tenho duvida no tamanho da blusa molona qual voce recomenda resposta tamanho e medidas,tamanho_modelagem
pergunta a saia acinturante marca muito o corpo resposta modelagem e tecido,tamanho_modelagem
link compartilhado,como_comprar
d,nao_entendi
pergunta a calca saruel silvia tem forro interno resposta modelagem e tecido,tamanho_modelagem
se,nao_entendi
um,nao_entendi
bia sent an attachment,nao_entendi
link compartilhado,como_comprar
pergunta a calca cool tem frete gratis resposta frete prazos e trocas,frete_prazo
contextualizar,nao_entendi
pergunta da pra parcelar a calca cool sem juros resposta preco estoque e pagamento,formas_pagamento
exagero,nao_entendi
continuo,nao_entendi
bia sent an attachment,nao_entendi
obrigada pelo retorno as pecas sao incriveis e que me apaixonei por essa calca entao foi ela que me prendeu o olhar,agradecimento
ola tudo bem e com vcs vi que vcs enviaram um e mail para nos vou responder vcs por la ok um beijo e muito obrigada pelo contato < <num>,saudacao
aqui a tabela certinha mas ja estamos com o pessoal ta c cnico corrigindo esse erro,erros_plataforma
grandao,nao_entendi
obrigada pelo prestagio d d,agradecimento
ola carol td bem e vc pode nos enviar para contato curadobia <user> com,saudacao
oi cris tudo bem estamos nos comunicando pelo whatsapp podemos continuar por la aproveito para te atualizar que ja reforcei seu pedido com a marca mybasic nesta tarde peco apenas sua compreensao em relacao aos prazos que as marcas precisam para responder e resolver essas questoes ja solicitei um adiantamento para o seu pedido e pode ficar tranquila voce entrou em contato dentro do prazo de <num> dias corridos para solicitacao de devolucao entao seu pedido sera atendido sem problemas qualquer novidade te aviso por la,saudacao
pergunta consigo devolver a bolsa anda sozinha se nao servir resposta frete prazos e trocas,frete_prazo
comprar,como_comprar
sem conteudo detectavel,nao_entendi
pergunta consigo devolver a bolsa anda sozinha se nao servir resposta frete prazos e trocas,frete_prazo
link compartilhado,como_comprar
na o tem mais numeraa a o <num>,nao_entendi
na <num> s seguimos acompanhando todo o processo ata c sua finalizaa a o,nao_entendi
<num>,nao_entendi
look,pedir_sugestao_produto
sem conteudo detectavel,nao_entendi
a,nao_entendi
bom dia beatriz tudo bem obrigada por ter entrado em contato conosco vamos entrar em contato com voce pelo nosso whatsapp oficial,saudacao
ola que bom que vocaa se interessou por na <num> s muito bom receber tua mensagem joana infelizmente essa cala a na o esta no curadobia e a c acervo pessoal da bia mesmod esse video tem a finalidade de apresentar as nossas camisas d esperamos que goste,saudacao
curtiu uma mensagem,nao_entendi
link compartilhado,como_comprar
dia <num> <num> das <num> hs as <num> hs,nao_entendi
boa tarde pessoal tudo bem estava namorando um macacao verde no site da marca d aura porem nao localizei mais saiu de colecao nao tera reposicao aguardo obrigada milene,saudacao
pergunta a calca saruel silvia tem forro interno resposta modelagem e tecido,tamanho_modelagem
ola bom dia,saudacao
link compartilhado,como_comprar
para,nao_entendi
mas amei a sugestao ju,pedir_sugestao_produto
informacoes,nao_entendi
ola karyna boa tarde tudo bem estamos entrando em contato porque identificamos que ha um tempo vocaa demonstrou interesse nos sapatos da bia que apareceram em um dos nossos reels agora eles esta o disponaveis no site do curadobia dd segue o link <url> obrigada por nos acompanhar karyna qualquer daovida estamos a disposia a o equipe curadobia d,saudacao
o site esta passando por problemas,erros_plataforma
pergunta consigo devolver a regata pregas jersey se nao servir resposta frete prazos e trocas,frete_prazo
sobre a troca da cala a que comprei quero trocar por um tamanho menor recebi um e mail de vcs no dia <num> <num> <num> respondi mas dps disso na o tive mais retorno,troca_devolucao_politica
ola pessoal como va o muito prazer meu nome a c ana e trabalho junto com a bia paes de barros no curadobia com br o curadobia a c um marketplace que nasceu com o propa <num> sito de reunir em um sa <num> lugar pea as que fazem toda a diferena a no arma rio e ao mesmo tempo sa o fa ceis de usar os chamados neutros com tcharanz acreditamos que a lourie super se conecta com essa proposta com quem poderia conversar para falar mais sobre aguardo vocaas,saudacao
eba,nao_entendi
segura,nao_entendi
<url>,nao_entendi
link compartilhado,como_comprar
<url>,nao_entendi
estilo,nao_entendi
pergunta se eu sou baixa a calca saruel silvia fica muito comprida resposta tamanho e medidas,tamanho_modelagem
eu comprei a cala a pantalona branca no dia <num> <num>,nao_entendi
obrigada pelo retorno,agradecimento
oi bia tudo bem me chamo alice sou sa <num> cia da monti uma marca de moda que preza por estilo atemporal e pea as de qualidade estamos buscando consultoras de imagem parceiras para recomendar nossas pea as aos seus clientes e pensei que poderaamos criar algo bem legal juntas o que acha de agendarmos um papo para te contar mais sobre a nossa hista <num> ria e a ideia de parceria fico no aguardo,saudacao
legal obrigada,agradecimento
a i,nao_entendi
ok obrigada,agradecimento
pergunta consigo devolver a bolsa anda sozinha se nao servir resposta frete prazos e trocas,frete_prazo
amassa,nao_entendi
oi anelisa tudo bem eu sou a ana faa o parte do time curadobia,saudacao
obrigada pelo prestagio foi incravel te ter de pertinho ontemd d,agradecimento
imagina ju ainda bem que sua filha esta bema i dd <num> <num>,nao_entendi
oi cristiane tudo bem obrigada pelo seu contato pode ficar tranquila vamos verificar para voce,saudacao
ola bom dia me chamo anelisa e gostaria de confirmar se meu pedido foi realizado na o sei se esse a c o canal mais adequado para essa solicitaa a o mas como na o achei no site um campo para falar com vocaas decidi vir aqui fiz essa compra ontem pelo site e logo depois de finalizar apareceu uma mensagem dizendo que o pagamento na o estava confirmado no entanto no site diz que o pagamento foi efetuado e na o recebi nenhuma mensagem do banco dizendo que o pagamento foi negado ala c m disso tamba c m na o recebi um e mail com os dados do pedido muito obrigada desde ja,saudacao
pergunta tenho <num> cm de busto qual regata pregas jersey comprar resposta tamanho e medidas,tamanho_modelagem
voce nao recebeu essa mensagem,nao_entendi
pergunta a camisa viajante ta em promocao resposta preco estoque e pagamento,formas_pagamento
oiii boa tarde me chamo talita e sou figurinista na emissora cnbc <user> licenciada pela <user> uma emissora nova que transmite jornalismo de nega <num> cios e a c lider mundial no seu segmento temos no nosso elenco grandes nomes do jornalismo incluido carol barcellos rita wu erica reis christiane pelajo zeca camargo natalia ariade estou apenas dando um exemplo do time de peso que faz parte da emissora as meninas sa o a cara da marca elas postam marcam o tem o manequim otimo e sao mega fotogaanicas podemos alinhar a produa a o me ajudem rs vai ser uma parceria incrivel um beijo e aguardo retorno,saudacao
pergunta a regata pregas jersey precisa passar resposta modelagem e tecido,tamanho_modelagem
ola juliana boa tarde tudo bem,saudacao
oi livia boa tarde ana aqui voce conseguiu dar uma olhada na jaqueta qualquer coisa sigo aqui para o que voce precisar viu,saudacao
sobre a troca da cala a que comprei quero trocar por um tamanho menor recebi um e mail de vcs no dia <num> <num> <num> respondi mas dps disso na o tive mais retorno,troca_devolucao_politica
link da calca por gentileza,como_comprar
camisa,nao_entendi
obaaaa,nao_entendi
mas acho que esta processando para subir tudo,nao_entendi
com,nao_entendi
look,pedir_sugestao_produto
papel,nao_entendi
ola anna tem sim tamanho <num>,saudacao
to,nao_entendi
o,nao_entendi
amanda nosso pessoal tecnico pediu se possivel se cadastrar atraves desse link,como_comprar
ola katia tudo bem,saudacao
de,nao_entendi
obrigada pela presena a renata vai arrasar demais com o conjuntinho mascavo nosso antimo terracota d deg,agradecimento
evelyn obrigada pelo interesse para parcerias com o curadobia pea o que envie apresentaa aues para o nosso email contato curadobia <user> com e seguimos com as tratativas por la que fica mais fa cil d e para interesses de parcerias diretamente com a bia a c preciso entrar em contato diretamente com ela pelo email biapaesdebarros <user> com,agradecimento
ola bom dia como va o aguardamos a resposta de vocaas por la enta o obrigada,saudacao
pergunta a regata pregas jersey tem desconto a vista resposta preco estoque e pagamento,formas_pagamento
por,nao_entendi
oii bia tudo bem por favor de onde a c essa cala a yes i am procurei aqui no feed e na o encontreia obrigada,agradecimento
d,nao_entendi
comprar,como_comprar
usavel,nao_entendi
look,pedir_sugestao_produto
do,nao_entendi
evelyn obrigada pelo interesse para parcerias com o curadobia peco que envie apresentacoes para o nosso email contato curadobia <user> com e seguimos com as tratativas por la que fica mais facil e para interesses de parcerias diretamente com a bia e preciso entrar em contato diretamente com ela pelo email biapaesdebarros <user> com,agradecimento
mas,nao_entendi
consegue,nao_entendi
isabela sent an attachment,nao_entendi
link compartilhado,como_comprar
mto obrigada,agradecimento
oi daniela que bacana muito obrigada por acompanharem e curtirem meu trabalho,saudacao
obrigada,agradecimento
na o tem um link de comunicaa a o no whatsapp,como_comprar
mas que bom que achou confortavel,nao_entendi
link compartilhado,como_comprar
link compartilhado,como_comprar
no,nao_entendi
ola bom dia denize tudo bem estamos repondo o estoque da nossa calca quentinha e por isso ela esta temporariamente indisponivel no nosso site assim que ela retornar te avisamos estamos a disposicao para qualquer duvida obrigada por ter entrado em contato conosco,saudacao
ola amanda bom dia tudo bem,saudacao
sem conteudo detectavel,nao_entendi
maria shared a product,nao_entendi
amamos,nao_entendi
claudia pedido confirmado foi uma regata nadadora tamanho m da mybasic correto esperamos que vocaa adore sua comprad,tamanho_modelagem
boa tarde tudo otimo segunda a tarde em qualquer horario,saudacao
link compartilhado,como_comprar
pergunta aceitam pix pra trench facil resposta preco estoque e pagamento,formas_pagamento
link compartilhado,como_comprar
bia sent an attachment,nao_entendi
pora c m na daovida do melhor tamanho,tamanho_modelagem
agradecemos o seu interesse e qualquer outra questao estamos a disposicao equipe curadobia,nao_entendi
pergunta a bolsa anda sozinha tem desconto a vista resposta preco estoque e pagamento,formas_pagamento
ola muitissimo obrigada,saudacao
ele foi postando dia <num> com o codigo de rastreio aa <num> br,nao_entendi
curtiu uma mensagem,nao_entendi
look,pedir_sugestao_produto
oiee,nao_entendi
salao sent an attachment,nao_entendi
ola julia isso mesmo qualquer duvida nos avise por aqui ou pelo nosso whatsapp,saudacao
obrigada por ser nossa cliente,agradecimento
sem problemas mari apenas encaminha pra gente um e mail solicitando que iremos dar sequaancia com a troca e mail contato curadobia <user> com,troca_devolucao_politica
qualquer duvida ou questao estamos a disposicao obrigada por nos acompanhar equipe curadobia,agradecimento
ainda nao super correria,nao_entendi
imagem enviada,nao_entendi
ola como vai funcionar onde vai ser obrigada,saudacao
link compartilhado,como_comprar
qualquer coisa sigo aqui,nao_entendi
link compartilhado,como_comprar
sobre a troca da calca que comprei quero trocar por um tamanho menor recebi um e mail de vcs no dia <num> <num> <num> respondi mas dps disso nao tive mais retorno,troca_devolucao_politica
expressoes,nao_entendi
d r,nao_entendi
decote,nao_entendi
nas,nao_entendi
ola gabriela boa tarde tudo bem,saudacao
obrigada pela presena a livia,agradecimento
obrigada aoi,agradecimento
muito obrigada pelos esclarecimentos,agradecimento
link compartilhado,como_comprar
<url>,nao_entendi
eu amei a que tem a ponta duvida tem que ter tornozelo fino obrigada,agradecimento
pergunta tem rastreio pra saia acinturante resposta frete prazos e trocas,frete_prazo
obrigada ata c la,agradecimento
bia sent an attachment,nao_entendi
ola bia tudo bem,saudacao
boa tarde fiz um pedido de uma blusa brilhei no dia <num> <num> nao recebi nenhum e mail de confirmacao sera que esta tudo certo meu nome e cristiane rocha loures brenner,saudacao
<num>,nao_entendi
como comprar,como_comprar
oie muito obrigada feliz que esta curtindo curadobia,agradecimento
<url>,nao_entendi
ouvir,nao_entendi
segue o link dele qualquer daovida ou questa o estamos a disposia a o obrigada por nos acompanhar equipe curadobia d,agradecimento
muito obrigada,agradecimento
ola esse conjunto ainda na o esta disponvel no site de vcs na c poderia me dizer se onde a c,saudacao
linda,nao_entendi
pergunta quanto tempo pra entregar a camisa viajante em sp resposta frete prazos e trocas,frete_prazo
vibe,nao_entendi
sem conteudo detectavel,nao_entendi
esperto,nao_entendi
ola eu encontro as medidas no site,saudacao
obrigada pelo prestagio foi incravel te ter de pertinho ontemd d,agradecimento
link compartilhado,como_comprar
pra,nao_entendi
para adquirir essa pea a basta clicar no link da jaqueta e finalizar a compra pelo site <url>,erros_plataforma
ola dany podemos ajudar sim claro,saudacao
<url>,nao_entendi
e a regata arrumadona,nao_entendi
look,pedir_sugestao_produto
otimo me avise por favor um abraco e obrigada,agradecimento
ola evelyn bom dia tudo bem aqui somos do curadobia vocaa teria interesse em apresentar a sua marca pensando em participar do curadobia ou seria referente a parceria de divulgaa a o com a bia,saudacao
sigo aqui para o que voce precisar,nao_entendi
maria shared a product,nao_entendi
ola julia bom dia tudo bem,saudacao
podemos falar sim vou te dar um oi no whats para entendermos melhor,saudacao
obrigada,agradecimento
site,erros_plataforma
oii bia tudo bem por favor de onde e essa calca yes i am procurei aqui no feed e nao encontrei obrigada,agradecimento
pergunta a calca cool tem frete gratis resposta frete prazos e trocas,frete_prazo
look,pedir_sugestao_produto
pergunta se eu sou baixa a trench facil fica muito comprida resposta tamanho e medidas,tamanho_modelagem
d,nao_entendi
camisa,nao_entendi
bia sent an attachment,nao_entendi
pergunta a calca cool fica justa no quadril resposta tamanho e medidas,tamanho_modelagem
pergunta a camisa de responsa e oversized ou normal resposta tamanho e medidas,tamanho_modelagem
bom dia estou interessada na blusa pah mas estou em duvida quanto ao tamanho minhas medidas busto <num> cm e cintura <num> cm,saudacao
povo,nao_entendi
com certeza vocaa ira encontrar pea as ideais para o seu objetivo nesses links que te mandei julienne qualquer coisa eu sigo aqui para o que vocaa precisar d,nao_entendi
link compartilhado,como_comprar
link compartilhado,como_comprar
ola camila td bem segue aqui o link da blusa que voce gostou qualquer duvida estamos a disposicao ok,saudacao
link compartilhado,como_comprar
bia sent an attachment,nao_entendi
ola adriana td bem pode escolher a p atendera sua numeracao tranquilamente obrigada time curadobia,saudacao
muito obrigada,agradecimento
aqui a tabela certinha mas ja estamos com o pessoal tecnico corrigindo esse erro,erros_plataforma
adorei ddd,nao_entendi
link compartilhado,como_comprar
oi adriana isso ainda nao esta disponivel pois ele e um modelo exclusivo de sao paulo fashion week inclusive fomos semana passada prestigiar a marca reptilia nossa previsao e que esteja disponivel na proxima semana,saudacao
pergunta com que sapato usar a regata pregas jersey resposta combinacoes e ocasioes,nao_entendi
sem problemas mari apenas encaminha pra gente um e mail solicitando que iremos dar sequencia com a troca e mail contato curadobia <user> com,troca_devolucao_politica
obrigada ate la,agradecimento
bom dia maria luiza que bacana que se interessou por essa calca ela e muito especial mesmo o valor r <num> <num> caso tenha mais alguma duvida nao deixe de nos constatar equipe curadobia,saudacao
ta a <num> timo obrigada,agradecimento
bom dia julienne o que achou da nossa selecao edited,saudacao
veste,tamanho_modelagem
paola nossas vendas sa o realizadas pelo nosso site te encaminho abaixo o link para que vocaa possa acessar e fechar seu pedido,erros_plataforma
deixa eu tirar outra duvida vc faz consultoria de imagem estilo tb se sim como funciona,nao_entendi
ficar,nao_entendi
ola boa tarde,saudacao
pergunta a calca cool fica justa no quadril resposta tamanho e medidas,tamanho_modelagem
obrigada pelo retorno vou acompanhar enta o beijo beijo d d,agradecimento
oi boa tarde,saudacao
voa,nao_entendi
mas temos varias opa aues qualquer coisa sigo aqui para te auxiliard,nao_entendi
mas amei a sugestao ju,pedir_sugestao_produto
obrigada pelo retorno,agradecimento
mundo,nao_entendi
ola bom dia,saudacao
mas super entendi e aproveito pra agradecer e elogiar seu trabalho,nao_entendi
ola anna bom dia seu produto vou enviado dia <num> <num> voce consegue acompanhar tudo pelo codigo de rastreio abaixo,saudacao
ola tentei fazer uma compra e apos entrar com os dados do cartao e senha vem a seguinte tela,saudacao
ah perfeito <num> h poderia ser,nao_entendi
bia sent an attachment,nao_entendi
d,nao_entendi
sugestao,pedir_sugestao_produto
boa tarde fabiana como vai passando para avisar que as blusas acabaram de ser repostas no site estoque,saudacao
bia td bom nao estou conseguindo finalizar a compra da regata podrinha coloquei os dados do cartao e no campo cvv eu ponho os numeros mas o sistema ignora que eu coloquei tentei varias vezes acho que esta com problema,formas_pagamento
ola sou o gerente de vendas da pg game platform quero falar com voce sobre parcerias nossa plataforma foi licenciada conjuntamente pelo governo federal brasileiro e pelo governo de curacao em outubro voce pode se juntar a nos e lhe daremos altas comissoes entre em contato comigo pelo whatsapp <num>,saudacao
link compartilhado,como_comprar
link compartilhado,como_comprar
ola eu encontro as medidas no site,saudacao
ola adriana td bem pode escolher a p atendera sua numeraa a o tranquilamente obrigada time curadobia a,saudacao
perfeito ja passei pro pessoal realizar a correa a o obrigada pelo feedback,agradecimento
pergunta tenho duvida no tamanho da camisa viajante qual voce recomenda resposta tamanho e medidas,tamanho_modelagem
do,nao_entendi
ola adriana tudo bem te encaminhamos uma mensagem pelo seu whatsapp obrigada por ter entrado em contato conosco,saudacao
daniela depois me passa seu naomero de telefone que aa seguimos a comunicaa a o por la e pelo e mail,nao_entendi
muito,nao_entendi
oie tudo bem elaine obrigada pela sua mensagem voce consegue nos confirmar suas medidas para que possamos verificar com mais precisao,agradecimento
ser,nao_entendi
<num>,nao_entendi
oi as compras sa o direto no site,saudacao
descomplicado,nao_entendi
link compartilhado,como_comprar
obrigada,agradecimento
quadril,nao_entendi
link compartilhado,como_comprar
pergunta a camisa de responsa marca muito o corpo resposta modelagem e tecido,tamanho_modelagem
curtiu uma mensagem,nao_entendi
pergunta a calca cool fica justa no quadril resposta tamanho e medidas,tamanho_modelagem
oi lais bom dia como vai ana aqui da equipe do curadobia obrigada pelo seu interesse conosco estamos fazendo uma repaginacao no site e assim que voltarmos te aviso tudo bem,saudacao
curtiu uma mensagem,nao_entendi
qualquer coisa meu nome e ana e sigo aqui para o que voce precisar,nao_entendi
ola,saudacao
bom dia,saudacao
oiii tudo bem me chamo caroline sou formada em marketing e trabalho como social media tem um tempinho estou a procura de uma nova oportunidade no mercado de trabalho gostaria de saber se tem um espacinho no time de voces vou deixar o meu numero e mail e portfolio caso queria marcar uma call para falarmos mais estou por aqui cel <num> <num> <num> e mail cspereiramkt <user> com portfolio <url> obrigada desde ja,agradecimento
sa <num> entrar no site ou aqui no nosso perfil que tem a selea a o completa,erros_plataforma
bia sent an attachment,nao_entendi
link compartilhado,como_comprar
alem,nao_entendi
sugestao,pedir_sugestao_produto
link compartilhado,como_comprar
oi,saudacao
tamanho,tamanho_modelagem
pergunta a camisa de responsa combina com jeans resposta combinacoes e ocasioes,nao_entendi
sem conteudo detectavel,nao_entendi
curadobia,nao_entendi
estamos aqui para o que precisar,nao_entendi
ola renata bom dia que bom receber mensagem tua me chamo ana e faco parte do time curadobia nesse lindo look da bia nos temos somente a blusa disponivel no curadobia,saudacao
outra duvida e sobre o tom certinho dessa jaqueta no site achei que estava num tom diferente dos stories,erros_plataforma
oi renata boa tarde aqui a c a ana acredito que te respondi por whatsapp certo qualquer coisa estou por aqui,saudacao
ser,nao_entendi
vista,nao_entendi
algum,nao_entendi
pergunta a bolsa anda sozinha tem desconto a vista resposta preco estoque e pagamento,formas_pagamento
curtiu uma mensagem,nao_entendi
obrigada,agradecimento
mas,nao_entendi
stella sent an attachment,nao_entendi
pergunta tem rastreio pra saia acinturante resposta frete prazos e trocas,frete_prazo
na o na o oferecemos cupom de desconto nas compras,nao_entendi
somos uma produtora de audio visual e achamos que seria interessante apresentar o nosso trabalho e portifolio,nao_entendi
ah que otimo monica deve ter ficado incrivel com toda a sua bossa,nao_entendi
ola como va o muito prazer meu nome a c ana e trabalho aqui no curadobia na o sei se recordam pora c m conversamos no primeiro semestre do ano passado <num> sobre esse projeto da bia paes de barros desde la evoluamos bastante e estamos concretizados como um marketplace em potencial crescimento queremos compartilhar com vocaas nosso site para darem uma olhada curadobia com br ainda temos a ja rg em foco o que acham de retomarmos contato aguardo vocaas,saudacao
bom dia estou interessada na blusa pah mas estou em daovida quanto ao tamanho minhas medidas busto <num> cm e cintura <num> cm,saudacao
d,nao_entendi
<url>,nao_entendi
tem,nao_entendi
link compartilhado,como_comprar
nao,nao_entendi
sem conteudo detectavel,nao_entendi
oi maria angela bom dia como vocaa esta,saudacao
link compartilhado,como_comprar
e,nao_entendi
estou tentando contato para devolucao de mercadoria e ninguem me atende nem por whatsapp e nem e mail comprei um vestido que quero devolver como devo proceder cristina hees <num> <num>,nao_entendi
tom,nao_entendi
bracelete,nao_entendi
ahh reptilia adoro,nao_entendi
a,nao_entendi
na o estou conseguindo entrar no site para fazer compra,erros_plataforma
ola sua curadoria projeto editorial e gra fico sa o incraveis paraba c ns mas sua plataforma de e commerce na o funciona bem estou desde ontem tentando fazer compras mas pa ginas na o carregam carrinhos esvaziam muito difacil,saudacao
sheila segue resposta das meninas da olive you marca do macaca o <num> cm circunferaancia total mas explique a ela por favor que esta pea a tem uma modelagem ampla ao corpo ok enta o acredito que se encaixa no que conversamos mesmod o que vocaa acha qualquer coisa seguimos a disposia a o,tamanho_modelagem
pergunta a bolsa anda sozinha precisa passar resposta modelagem e tecido,tamanho_modelagem
bia sera que a tshirt angela motta branca com uma manga bafa nica vai ter amanha preciso dela,nao_entendi
ou,nao_entendi
bom dia sheila tudo bem vocaa conseguiu ver direitinho os tamanhos qualquer coisa estamos aqui,saudacao
ola pessoal tudo bem sou a lala cunha <user> e vim contar um pouco sobre o <user> estamos em sp e fazemos fotografia vadeos em formato reels direa a o de arte e styling para marcas de acordo com a sua necessidade fazemos trabalhos exclusivos para as marcas e em breve final de mara o tamba c m faremos o nosso pra <num> ximo shooting collab uma dia ria criada para incluir va rias marcas que taam produtos a serem fotografados necessitam de um material de qualidade mas que na o querem ter um alto valor de investimento nisso o proximo collab sera em uma locaa a o linda e as modelos foram escolhidas a dedo e acho que combina muito com a marca de voces abaixo mando mais infos vamos conversar sobre essas possibilidades fico aqui a disposia a o abraa os lala <num> <num>,saudacao
<url>,nao_entendi
ana ja entrei em contato com o pessoal da d aura para entendermos o que aconteceu,nao_entendi
oi julia tudo bem essa a c da egrey mais antigaa estamos a poucos dias de lana ar novos modelos de jeans de uma nova marca que entrara no curadobia assim que lana armos te mandamos aquid,saudacao
oi boa tarde ana aqui voce conseguiu dar uma olhada na calca qualquer coisa sigo aqui para o que voce precisar viu edited,saudacao
bia sent an attachment,nao_entendi
a nossa calaa diferentex esta saindo por r <num> <num>,nao_entendi
de onde e a sandalia linda,nao_entendi
bom dia tudo bem que bom receber sua mensagem adriana aqui a c ana do time do curadobia esse conjunto tamba c m sera um lana amento do curadobiad assim que ele estiver disponavel no site pode ficar tranquila que vou te avisar,saudacao
you sent an attachment,nao_entendi
preso,nao_entendi
pergunta a bolsa anda sozinha precisa passar resposta modelagem e tecido,tamanho_modelagem
pergunta a calca cool fica justa no quadril resposta tamanho e medidas,tamanho_modelagem
que,nao_entendi
traz,nao_entendi
muito obrigada pelos esclarecimentos,agradecimento
de,nao_entendi
<url>,nao_entendi
pergunta a regata pregas jersey precisa passar resposta modelagem e tecido,tamanho_modelagem
curtiu uma mensagem,nao_entendi
boa tarde gostaria de saber se vocaas enviam para fora do brasil obrigada,saudacao
oi,saudacao
obrigada,agradecimento
obrigada pelo feedback maria,agradecimento
bia sent an attachment,nao_entendi
tem,nao_entendi
quadril,nao_entendi
<num> <num> <num>,nao_entendi
reagiu com d a sua mensagem,nao_entendi
ola rosangela boa tarde tudo bem estamos entrando em contato porque identificamos que ha um tempo voce demonstrou interesse nas rasteiras da bia que apareceram em um dos nossos reels agora eles estao disponiveis no site do curadobia segue o link <url> obrigada por nos acompanhar rosangela qualquer duvida estamos a disposicao equipe curadobia,saudacao
camisa,nao_entendi
como,nao_entendi
pergunta a blusa molona ta em promocao resposta preco estoque e pagamento,formas_pagamento
pedimos desculpas pelo ocorrido e pode ter certeza que isso servira para aprimorarmos nosso atendimento e na o deixar que situaa aues como essa ocorram novamente agradea o sua compreensa o e nos disponibilizamos para auxiliar da melhor forma possavel sobre ter ficado um pouco grande o body nos informe se desejar efetuar troca que ja posso agilizar junto a marca essa solicitaa a o,troca_devolucao_politica
link compartilhado,como_comprar
link compartilhado,como_comprar
chico neto cd mare mar whatsapp <num> <url>,nao_entendi
uma,nao_entendi
pode ser,nao_entendi
bia sent an attachment,nao_entendi
tenho <num> <num> essa cala a esta mais curta para mim mesmo te aconselho a comprar um tamanho pequeno,tamanho_modelagem
ja vi e amei esperando a virada do cartao pra perder os juizo,formas_pagamento
ola curadobia tudo bem agradecemos o interesse pela marca para garantir que vocaa receba a atena a o e cuidado adequados pedimos a gentileza de encaminhar mais informaa aues como contatos rede social e portfa <num> lio para mkt conteudo <user> com br nossa equipe de marketing a c especializada nesse assunto dessa forma tenho certeza de que eles avaliara o e se houver interesse entrara o em contato prontamente fique a vontade para entrar em contato caso tenha alguma daovida estamos aqui para ajudar,saudacao
ola pessoal como vao meu nome e ana e trabalho junto com a bia paes de barros no curadobia com br insta <user> oficial o curadobia e um marketplace que nasceu com o proposito de reunir em um so lugar pecas que fazem toda a diferenca no armario e ao mesmo tempo sao faceis de usar os chamados neutros com tcharanz acreditamos que a aim super se conecta com essa proposta com quem poderia conversar para falar mais sobre aguardo voces,saudacao
bom dia gil infelizmente nao trabalhamos com cupom para <num> a compra ainda mas estamos a disposicao para sanar qualquer duvida,saudacao
ola tudo bem seriam essas pea as,saudacao
ola pessoal como va o meu nome a c ana e trabalho junto com a bia paes de barros no curadobia com br o curadobia a c um marketplace que nasceu com o propa <num> sito de reunir em um sa <num> lugar pea as que fazem toda a diferena a no arma rio e ao mesmo tempo sa o fa ceis de usar os chamados neutros com tcharanz acreditamos que a natu super se conecta com essa proposta com quem poderia conversar para falar mais sobre aguardo vocaas,saudacao
a,nao_entendi
tranquilo obrigada,agradecimento
traz,nao_entendi
muito,nao_entendi
inclusive muito obrigada pela solicitacao pois em funcao dela estamos criando esse mes um destaque aqui no insta trazendo e salvando videos mostrando essa e mais outras pecas que podem gerar duvidas,agradecimento
funciona,nao_entendi
sem conteudo detectavel,nao_entendi
obrigada por nos acompanhar d sigo aqui para o que vocaa precisar,agradecimento
ok muito obrigada d,agradecimento
foi sa <num> hoje ou vai ficar mais tempo,nao_entendi
dura,nao_entendi
ola vanilda segue os detalhes aqui,saudacao
pergunta a regata pregas jersey precisa passar resposta modelagem e tecido,tamanho_modelagem
elaine para o tamanho <num> nos indicamos o tamanho <num> da saia,tamanho_modelagem
sem conteudo detectavel,nao_entendi
despojadas,nao_entendi
blazer,nao_entendi
bom dia tudo bem que bom receber sua mensagem adriana aqui e ana do time do curadobia esse conjunto tambem sera um lancamento do curadobia assim que ele estiver disponivel no site pode ficar tranquila que vou te avisar,saudacao
saia,nao_entendi
pergunta da pra parcelar a calca cool sem juros resposta preco estoque e pagamento,formas_pagamento
ola pessoal como va o meu nome a c ana e trabalho junto com a bia paes de barros no curadobia com br o curadobia a c um marketplace que nasceu com o propa <num> sito de reunir em um sa <num> lugar pea as que fazem toda a diferena a no arma rio e ao mesmo tempo sa o fa ceis de usar os chamados neutros com tcharanz acreditamos que a rocio canvas super se conecta com essa proposta com quem poderia conversar para falar mais sobre aguardo vocaas,saudacao
pergunta da pra parcelar a saia tech sem juros resposta preco estoque e pagamento,formas_pagamento
ola gisela essa sandalia e da minha collab com a paula ferber,saudacao
curtiu uma mensagem,nao_entendi
na,nao_entendi
boa noite,saudacao
link compartilhado,como_comprar
pergunta o tecido da blusa molona esquenta resposta modelagem e tecido,tamanho_modelagem
de onde a c esse macaca o maravilhoso amo a i,nao_entendi
mto obrigada,agradecimento
bia sent an attachment,nao_entendi
pergunta a calca saruel silvia e versatil pra viagem resposta combinacoes e ocasioes,nao_entendi
boa tarde pamela deu tudo certo com a sua experiaancia no site se precisar estamos aqui,saudacao
tambem,nao_entendi
bia sent an attachment,nao_entendi
ola boa tarde silvana tudo bem obrigada pela sua mensagem a nossa pantalona jeans esta saindo por r <num> <num> qualquer coisa estamos aquid,saudacao
obrigada pela presenca heartshearts,agradecimento
oi roberta bom dia tudo bem estamos entrando em contato porque identificamos que ha um tempo vocaa demonstrou interesse nos sapatos da bia que apareceram em um dos nossos reels agora eles esta o disponaveis no site do curadobia dd o link clica vel segue na pra <num> xima mensagem obrigada por nos acompanhar roberta qualquer daovida estamos a disposia a o equipe curadobia d,saudacao
ola como vai muito prazer meu nome e ana e trabalho aqui no curadobia nao sei se recordam porem conversamos no primeiro semestre do ano passado <num> sobre esse projeto da bia paes de barros desde la evoluimos bastante e estamos concretizados como um marketplace em potencial crescimento queremos compartilhar com voces nosso site para darem uma olhada curadobia com br ainda temos a patu em foco o que acham de retomarmos contato aguardo voces,saudacao
de,nao_entendi
infelizmente nao atuo mais nessa area de consultoria pessoal,nao_entendi
pergunta a trench facil e versatil pra viagem resposta combinacoes e ocasioes,nao_entendi
oi bia sou erika dos <user> gostaria de saber como vocaa trabalha em relaa a o a promoa a o de produtos meus brincos sa o autorais e os fabrico a <num> anos a produa a o a c <num> nacional fabricamos desde a liga do metal ata c o banho de ouro <num> k nossos brincos sa o todos bordados a ma o com um finassimo arame de cobre e depois banhado a ouro espero seu contato obrigada,saudacao
stella sent an attachment,nao_entendi
vou querer a <num> qual e sua chave pix,formas_pagamento
sem conteudo detectavel,nao_entendi
sem conteudo detectavel,nao_entendi
curtiu uma mensagem,nao_entendi
pergunta consigo devolver a regata pregas jersey se nao servir resposta frete prazos e trocas,frete_prazo
maravilha,nao_entendi
aqui,nao_entendi
link compartilhado,como_comprar
bia sent an attachment,nao_entendi
como proceder p troca,troca_devolucao_politica
bia sent an attachment,nao_entendi
curadobia,nao_entendi
ola bom dia tudo bem vocaas tem um pdf com o portifolio de produtos que trabalham,saudacao
ola juliana boa tarde tudo bem estamos entrando em contato porque identificamos que ha um tempo voce demonstrou interesse nos sapatos da bia que apareceram em um dos nossos reels agora eles estao disponiveis no site do curadobia segue o link <url> obrigada por nos acompanhar juliana qualquer duvida estamos a disposicao equipe curadobia,saudacao
ola pode comprar o numero certinho mesmo,saudacao
<num>,nao_entendi
vocaas irao vender oysho,nao_entendi
curtiu uma mensagem,nao_entendi
oi time da curadobia tudo bem sou joana sigo o perfil e amo tem uma cala a que vi numa propaganda que me apaixonei mas na o encontrei no site queria saber de onde ela a c por favor se puderem vocaas me contam super obrigada bj,saudacao
obrigada,agradecimento
me,nao_entendi
pergunta a saia tech tem frete gratis resposta frete prazos e trocas,frete_prazo
sem conteudo detectavel,nao_entendi
email adrianaleitecarvalho <user> com,nao_entendi
brenda sent an attachment,nao_entendi
na o perca essa oportunidade qualquer coisa sigo aqui para o que vocaa precisar d,nao_entendi
em,nao_entendi
credibilidade,nao_entendi
sem conteudo detectavel,nao_entendi
sem conteudo detectavel,nao_entendi
boa tarde comprei a blusa pah mas na o consigo deixa la parecida como da fotoa acho que estou usando de forma erradaa tem alguma tutorial de como vesti la rs,saudacao
oi bia tudo bem adorei a <user> o nome ficou demais e claro ja fui olhar as pecas nao localizei tabela de medidas porem pelo tamanho das pecas que vc veste o g provavelmente nao vai caber em mim uso <num> <num> a depender da confeccao pense com carinho em fazer uma curadoria para tamanhos normais desejo muito sucesso nessa nova empreitada que deus te abencoe bjos,saudacao
oi cristiane foi confirmado seu pedido,saudacao
bia sent an attachment,nao_entendi
precisei sair correndo por um problema com minha filha que ja esta bem mas nem consegui me despedir obrigada queridas pelo convite,agradecimento
sobre a troca da cala a que comprei quero trocar por um tamanho menor recebi um e mail de vcs no dia <num> <num> <num> respondi mas dps disso na o tive mais retorno,troca_devolucao_politica
pergunta se eu sou baixa a calca saruel silvia fica muito comprida resposta tamanho e medidas,tamanho_modelagem
pode deixar,nao_entendi
hahaha,nao_entendi
sem conteudo detectavel,nao_entendi
qual foi a mensagem,nao_entendi
chat,nao_entendi
pensamos que poderia ser a senha criada mas quando ocorre algum ponto nesse aspecto surge uma mensagem abaixo voce se importaria em tentar novamente apenas para checarmos se continua ocorrendo o mesmo erro,erros_plataforma
link compartilhado,como_comprar
obrigada pelo prestigio foi incrivel te ter de pertinho hoje,agradecimento
blusa,nao_entendi
venho com boas notacias o conjunto que vocaa se interessou acabou de subir no site com pouquassimas unidades,erros_plataforma
link compartilhado,como_comprar
bom dia pamela tudo bem revisamos aqui o nosso sistema e fizemos testes e tudo parece funcionar bem esperamos que voce tenha uma boa experiencia agora o que aconselhamos tambem e entrar no site pelo google chrome caso voce ainda nao tenha acessado por la vou te encaminhar os links dos produtos que voce nos encaminhou <url> <url> <url> <url> <url>,saudacao
link compartilhado,como_comprar
que,nao_entendi
pergunta a saia tech amassa facil resposta modelagem e tecido,tamanho_modelagem
ola dri boa tarde tudo bem estamos entrando em contato porque identificamos que ha um tempo vocaa demonstrou interesse nas sanda lias da bia que apareceram em um dos nossos reels agora eles esta o disponaveis no site do curadobia dd segue o link <url> obrigada por nos acompanhar dri qualquer daovida estamos a disposia a o equipe curadobia d,saudacao
ola pessoal como vao meu nome e ana e trabalho junto com a bia paes de barros no curadobia com br o curadobia e um marketplace que nasceu com o proposito de reunir em um so lugar pecas que fazem toda a diferenca no armario e ao mesmo tempo sao faceis de usar os chamados neutros com tcharanz acreditamos que a iara wisnik super se conecta com essa proposta com quem poderia conversar para falar mais sobre aguardo voces,saudacao
bom dia,saudacao
acessorios,nao_entendi
obrigada pelo retorno,agradecimento
fechado,nao_entendi
ola pessoal como vao meu nome e ana e trabalho junto com a bia paes de barros no curadobia com br o curadobia e um marketplace que nasceu com o proposito de reunir em um so lugar pecas que fazem toda a diferenca no armario e ao mesmo tempo sao faceis de usar os chamados neutros com tcharanz acreditamos que a aylla super se conecta com essa proposta com quem poderia conversar para falar mais sobre aguardo voces,saudacao
proporcao,nao_entendi
ola como tirar duvidas de tamanho da peca,saudacao
link compartilhado,como_comprar
link compartilhado,como_comprar
beleza qualquer coisa estamos aqui,nao_entendi
ola juliana boa tarde tudo bem estamos entrando em contato porque identificamos que ha um tempo vocaa demonstrou interesse nos sapatos da bia que apareceram em um dos nossos reels agora eles esta o disponaveis no site do curadobia dd segue o link <url> obrigada por nos acompanhar juliana qualquer daovida estamos a disposia a o equipe curadobia d,saudacao
funciona,nao_entendi
oi esse conjunto marrom a c vendido tamba c m,saudacao
obrigada pela presena a silviad,agradecimento
pergunta tenho duvida no tamanho da camisa viajante qual voce recomenda resposta tamanho e medidas,tamanho_modelagem
como a c o processo da troca,troca_devolucao_politica
procurando,nao_entendi
ola quanto custa a pantalona,saudacao
porem na duvida do melhor tamanho,tamanho_modelagem
pergunta a saia acinturante e oversized ou normal resposta tamanho e medidas,tamanho_modelagem
em,nao_entendi
mas ficou grande,nao_entendi
com,nao_entendi
ola amanda bom dia pea o desculpas pela demora mas o nosso pessoa ta c cnico ainda na o conseguiu simular um erro igual ao que ocorreu com voce por isso a demora em lhe retornar,saudacao
brincar,nao_entendi
link compartilhado,como_comprar
karyna estoque atualizado,nao_entendi
oii o site curadobia esta fora do ar fui visitar atrava c s dos link da bio e na o funcionou bjs,erros_plataforma
curtiu uma mensagem,nao_entendi
enta o era pra ter pago menos a meu ver,nao_entendi
que,nao_entendi
pergunta tenho duvida no tamanho da blusa molona qual voce recomenda resposta tamanho e medidas,tamanho_modelagem
ola julia isso mesmo qualquer duvida nos avise por aqui ou pelo nosso whatsapp d,saudacao
sem conteudo detectavel,nao_entendi
como proceder p troca,troca_devolucao_politica
na o se preocupe vamos resolver essa questa od que bom que vocaa identificou isso,nao_entendi
link compartilhado,como_comprar
que,nao_entendi
<url>,nao_entendi
look,pedir_sugestao_produto
branco,nao_entendi
qualquer coisa sigo aquid,nao_entendi
oi gabriela tudo bem ana aqui do time do curadobia estavamos passando por algumas instabilidades mas acredito que agora ja esta tudo resolvido te encaminho aqui o site para ficar mais facil o acesso,saudacao
<num>,nao_entendi
perfeito ana obrigada pelo retorno,agradecimento
na verdade eu ja assisti ao vadeo do casaco no site curadobia va rias vezes para tentar chegar a essa conclusa o mas na o consegui,erros_plataforma
como proceder p troca,troca_devolucao_politica
sugestao,pedir_sugestao_produto
praia,nao_entendi
stella sent an attachment,nao_entendi
como proceder p troca,troca_devolucao_politica
obrigada no aguardo que seja disponibilizado o envio,agradecimento
sensual,nao_entendi
lindassima,nao_entendi
sem problemas mari apenas encaminha pra gente um e mail solicitando que iremos dar sequaancia com a troca e mail contato curadobia <user> com,troca_devolucao_politica
qual o enderea o,nao_entendi
pergunta a regata pregas jersey tem desconto a vista resposta preco estoque e pagamento,formas_pagamento
vou seguir,nao_entendi
sem conteudo detectavel,nao_entendi
look,pedir_sugestao_produto
obrigada,agradecimento
link compartilhado,como_comprar
link compartilhado,como_comprar
caso na o fique com como funciona a troca,troca_devolucao_politica
d,nao_entendi
boa tarde estava previsto pra chegar hoje minha encomenda porem nada foi entregue,saudacao
uma,nao_entendi
responsa,nao_entendi
sugestao,pedir_sugestao_produto
ola pessoal como vao meu nome e ana e trabalho junto com a bia paes de barros no curadobia com br o curadobia e um marketplace que nasceu com o proposito de reunir em um so lugar pecas que fazem toda a diferenca no armario e ao mesmo tempo sao faceis de usar os chamados neutros com tcharanz acreditamos que a escudero co super se conecta com essa proposta com quem poderia conversar para falar mais sobre aguardo voces,saudacao
claro nossas medidas do tamanho <num> para o macacao cool sa o ombro <num> cm cintura total <num> cm comprimento <num> cm qualquer outra questa o estamos a disposia a o,tamanho_modelagem
pergunta a saia tech fica justa no quadril resposta tamanho e medidas,tamanho_modelagem
tem,nao_entendi
no,nao_entendi
pergunta a saia acinturante marca muito o corpo resposta modelagem e tecido,tamanho_modelagem
da,nao_entendi
pergunta a calca cool fica justa no quadril resposta tamanho e medidas,tamanho_modelagem
pergunta a saia acinturante e oversized ou normal resposta tamanho e medidas,tamanho_modelagem
todas,nao_entendi
ola pessoal como va o meu nome a c ana e trabalho junto com a bia paes de barros no curadobia com br o curadobia a c um marketplace que nasceu com o propa <num> sito de reunir em um sa <num> lugar pea as que fazem toda a diferena a no arma rio e ao mesmo tempo sa o fa ceis de usar os chamados neutros com tcharanz acreditamos que a escudero co super se conecta com essa proposta com quem poderia conversar para falar mais sobre aguardo vocaas,saudacao
obvio,nao_entendi
expressoes,nao_entendi
qualquer daovida ou questa o estamos a disposia a o obrigada por nos acompanhar equipe curadobia d,agradecimento
continuidade,nao_entendi
pergunta aceitam pix pra trench facil resposta preco estoque e pagamento,formas_pagamento
link compartilhado,como_comprar
ola tudo bem meu nome a c gisela acabei de fazer um pedido,saudacao
link compartilhado,como_comprar
pergunta tenho <num> cm de busto qual bolsa anda sozinha comprar resposta tamanho e medidas,tamanho_modelagem
comprei,nao_entendi
pergunta tem estoque da camisa de responsa no tamanho m resposta preco estoque e pagamento,formas_pagamento
qualquer coisa sigo aqui,nao_entendi
que bom receber mensagem tua,nao_entendi
email,nao_entendi
pergunta tenho duvida no tamanho da camisa viajante qual voce recomenda resposta tamanho e medidas,tamanho_modelagem
um dos meus modelos favoritos do site todinh,erros_plataforma
oi sandra tudo bem passando aqui para te avisar que o jeans preto que vocaa se interessou no nosso reels um tempinho atra s esta disponavel d,saudacao
bia sent an attachment,nao_entendi
sem conteudo detectavel,nao_entendi
e,nao_entendi
bom dia julienne como vai conseguiu analisar a selecao que fiz especificamente para voce e sua cliente,saudacao
ok,nao_entendi
ola boa tarde,saudacao
oi lais bom dia como vai ana aqui da equipe do curadobia obrigada pelo seu interesse conosco estamos fazendo uma repaginaa a o no site e assim que voltarmos te aviso tudo bem d deg,saudacao
pergunta a regata pregas jersey tem desconto a vista resposta preco estoque e pagamento,formas_pagamento
oi cristiane bom dia obrigada pela sua mensagem na verdade todos os nossos pedidos sa o enviados o email de confirmaa a o imediatamente pora c m realmente identificamos um erro no nosso sistema que os aoltimos pedidos na o esta o recebendo a confirmaa a o ja estamos em contato com o nosso ta c cnico para resolver obrigada por ter nos informado,saudacao
obrigada,agradecimento
link compartilhado,como_comprar
pergunta a saia tech amassa facil resposta modelagem e tecido,tamanho_modelagem
de,nao_entendi
ok perfeito caso mude de ideia seguimos a disposia a o novamente desculpa pelo transtorno e desejo uma a <num> tima viagem dd <num> <num>,nao_entendi
sugestao,pedir_sugestao_produto
com relaa a o a outra blusa que vocaa gostou ela esta em processo de lana amento e ainda na o esta a venda no nosso site mas independente desse fator na o seria possavel unificar o frete nesse caso pois o frete sa <num> fica unificado para as pea as da mesma marca,frete_prazo
eu quero comprar esses acessorios como faco,como_comprar
estaremos atualizando no site para conter essa tabela que realmente estava faltando,erros_plataforma
na verdade eu ja assisti ao vadeo do casaco no site curadobia va rias vezes para tentar chegar a essa conclusa o mas na o consegui,erros_plataforma
link compartilhado,como_comprar
chama no mkt <user> com,nao_entendi
a,nao_entendi
ola halanna boa tarde tudo bem estamos entrando em contato porque identificamos que ha um tempo vocaa demonstrou interesse nas sanda lias da bia que apareceram em um dos nossos reels agora elas esta o disponaveis no site do curadobia dd segue o link <url> obrigada por nos acompanhar halanna qualquer daovida estamos a disposia a o equipe curadobia d,saudacao
de,nao_entendi
pra,nao_entendi
ola meninas seguem meus contatos <num> <num> <num> <num> daniela masson <user> com muito bom falar com vcs ontem obrigada falamos na sequaancia por whatsapp d,saudacao
obrigada por nos mandar e informar sobre essa situacao ja passamos para o nosso setor tecnico analisar essa situacao caso deseje podemos tirar duvidas e disponibilizar mais informacoes por aqui so nos solicitar estamos a disposicao para qualquer coisa,agradecimento
estamos estudando trazer essa categoria para o curadobia porem nada de imediato ainda mas muito legal saber do interesse assim que tivermos iremos te manter avisada,nao_entendi
eu,nao_entendi
bia sent an attachment,nao_entendi
ola bom dia denize tudo bem estamos repondo o estoque da nossa calaa quentinha e por isso ela esta temporariamente indisponavel no nosso site assim que ela retornar te avisamos estamos a disposia a o para qualquer daovida obrigada por ter entrado em contato conosco d,saudacao
joga,nao_entendi
tecido,nao_entendi
e,nao_entendi
<url>,nao_entendi
macacao precisa ser mais soltinho,nao_entendi
ola karyna tudo bem obrigada por ter entrado em contato conosco,saudacao
oie obrigada pela resposta conversamos com a bia e temos interesse em marcar uma reunia o ja por esses dias pois o curadobia esta com uma nova metodologia e com novidades e mesmo a produa a o de vocaas para mara o seria interessante conversar com vocaas agora o que acham te aguardo,agradecimento
por muito pouco a minha frustraa a o seria ainda maior,nao_entendi
link compartilhado,como_comprar
sobre a troca da calca que comprei quero trocar por um tamanho menor recebi um e mail de vcs no dia <num> <num> <num> respondi mas dps disso nao tive mais retorno,troca_devolucao_politica
bracelete,nao_entendi
pergunta consigo devolver a bolsa anda sozinha se nao servir resposta frete prazos e trocas,frete_prazo
ja comprei e acabou de chegar,nao_entendi
curtiu uma mensagem,nao_entendi
facil,nao_entendi
sem conteudo detectavel,nao_entendi
encaixadora,nao_entendi
ola obrigada,saudacao
sem conteudo detectavel,nao_entendi
pergunta a camisa viajante ta em promocao resposta preco estoque e pagamento,formas_pagamento
mas amei a sugestao ju,pedir_sugestao_produto
pergunta consigo devolver a bolsa anda sozinha se nao servir resposta frete prazos e trocas,frete_prazo
proporcao,nao_entendi
pergunta a saia tech fica justa no quadril resposta tamanho e medidas,tamanho_modelagem
as,nao_entendi
bia sent an attachment,nao_entendi
ola bom dia,saudacao
pergunta a blusa molona ta em promocao resposta preco estoque e pagamento,formas_pagamento
sem conteudo detectavel,nao_entendi
oi tatiane tudo bem obrigada pela sua mensagem vamos nos planejar para outros momentos offline com certeza d postaremos por aqui,saudacao
ola daniela boa tarde tudo bem,saudacao
roupa,nao_entendi
ola amanda bom dia peco desculpas pela demora mas o nosso pessoa tecnico ainda nao conseguiu simular um erro igual ao que ocorreu com voce por isso a demora em lhe retornar,saudacao
stella depois peco apenas que compartilhe seu numero de telefone que ai fica mais facil nossa comunicacao,nao_entendi
sem conteudo detectavel,nao_entendi
um,nao_entendi
ja tentei tres vezes sera que pode ser o tamanho,tamanho_modelagem
obrigada por nos acompanhar sigo aqui para o que voce precisar,agradecimento
tecido,nao_entendi
ana vou verificar com eles voce pode me informar qual foi o numero do seu pedido por favor,nao_entendi
pergunta a trench facil tem forro interno resposta modelagem e tecido,tamanho_modelagem
ola tudo bem sobre qual funcionamento deseja saber,saudacao
ai me ajuda com o video ainda nao usei a blusa,nao_entendi
look,pedir_sugestao_produto
oi anna bom dia tudo bem nos desculpe a falta de resposta vou te mandar mensagem via whatsapp para ficar melhor a nossa comunicaa a o tudo bem mas pode ficar tranquila pois realmente nosso atendimento funciona prioritariamente durante a semana e na o vamos te deixar desamparada,saudacao
sem conteudo detectavel,nao_entendi
obrigada beijinhos,agradecimento
curtiu uma mensagem,nao_entendi
pergunta a calca cool amassa facil resposta modelagem e tecido,tamanho_modelagem
oi claudia que mensagem boa ficamos felizes de vocaa gostar dos nossos produtos vou confirmar sua compra e te aviso,saudacao
como a c o processo da troca,troca_devolucao_politica
qual seu e mail,nao_entendi
link compartilhado,como_comprar
link compartilhado,como_comprar
voce,nao_entendi
pergunta tenho <num> cm de busto qual bolsa anda sozinha comprar resposta tamanho e medidas,tamanho_modelagem
diferenca,nao_entendi
da,nao_entendi
sem conteudo detectavel,nao_entendi
obrigada,agradecimento
sem conteudo detectavel,nao_entendi
da,nao_entendi
sim,nao_entendi
estilo,nao_entendi
bia sent an attachment,nao_entendi
imagina qualquer coisa estamos por aqui so chamar abracos,nao_entendi
pela,nao_entendi
legal obrigada,agradecimento
pergunta a calca cool amassa facil resposta modelagem e tecido,tamanho_modelagem
grafico,nao_entendi
look,pedir_sugestao_produto
pergunta se eu sou baixa a calca saruel silvia fica muito comprida resposta tamanho e medidas,tamanho_modelagem
link compartilhado,como_comprar
pergunta se eu sou baixa a trench facil fica muito comprida resposta tamanho e medidas,tamanho_modelagem
sem conteudo detectavel,nao_entendi
paola nossas vendas sa o realizadas pelo nosso site te encaminho abaixo o link para que vocaa possa acessar e fechar seu pedido,erros_plataforma
<url>,nao_entendi
grecia,nao_entendi
como proceder p troca,troca_devolucao_politica
obaaa a i a i a i,nao_entendi
reagiu com d a sua mensagem,nao_entendi
oi anna bom dia tudo bem nos desculpe a falta de resposta vou te mandar mensagem via whatsapp para ficar melhor a nossa comunicacao tudo bem mas pode ficar tranquila pois realmente nosso atendimento funciona prioritariamente durante a semana e nao vamos te deixar desamparada,saudacao
comprar,como_comprar
saias,nao_entendi
ola bia te vi no post da teti gio amei o seu perfil eu tenho uma marca de joias autorais com design minimalista e ouro sustenta vel adoraria te apresentar <user> tamba c m gostaria de conversar sobre divulgacao se houver interesse claro muito obrigada um abraa o evelyn,saudacao
link compartilhado,como_comprar
obrigada,agradecimento
ver,nao_entendi
m,nao_entendi
pergunta a calca cool tem frete gratis resposta frete prazos e trocas,frete_prazo
obrigada,agradecimento
sem conteudo detectavel,nao_entendi
ola tudo bem teria um contato do responsavel da marca ou comercial para falarmos obrigada carol,saudacao
boa tarde a jaqueta off da nauanim voltou,saudacao
curtiu uma mensagem,nao_entendi
curtiu uma mensagem,nao_entendi
qualquer duvida estamos a disposicao,nao_entendi
oi boa tarde ana aqui vocaa conseguiu dar uma olhada na cala a qualquer coisa sigo aqui para o que vocaa precisar viu edited,saudacao
com,nao_entendi
onde posso comprar,como_comprar
atimo me avise por favor um abraa o e obrigada,agradecimento
saia,nao_entendi
obrigada pela presena a ju amamos te receber e te atender d d,agradecimento
estou com duvidas sobre o tamanho da saia unica visto <num> mas as medidas no quadro de tamanhos parecem grandes mas existe a informaa a o de que o tamanho <num> corresponde ao <num> a,tamanho_modelagem
pergunta a camisa viajante ta em promocao resposta preco estoque e pagamento,formas_pagamento
vou,nao_entendi
oi time da curadobia tudo bem sou joana sigo o perfil e amo tem uma calca que vi numa propaganda que me apaixonei mas nao encontrei no site queria saber de onde ela e por favor se puderem voces me contam super obrigada bj,saudacao
ola sandra boa tarde tudo bem estamos entrando em contato porque identificamos que ha um tempo vocaa demonstrou interesse nos sapatos da bia que apareceram em um dos nossos reels agora eles esta o disponaveis no site do curadobia dd segue o link <url> obrigada por nos acompanhar sandra qualquer daovida estamos a disposia a o equipe curadobia d,saudacao
pergunta consigo devolver a regata pregas jersey se nao servir resposta frete prazos e trocas,frete_prazo
oi paola como vai temos ela disponavel do tamanho <num> ao <num>,saudacao
sobre a troca da calca que comprei quero trocar por um tamanho menor recebi um e mail de vcs no dia <num> <num> <num> respondi mas dps disso nao tive mais retorno,troca_devolucao_politica
link compartilhado,como_comprar
com,nao_entendi
sem conteudo detectavel,nao_entendi
mto obrigada pelo retorno,agradecimento
ola van bom dia te enviaremos ainda hoje,saudacao
curtiu uma mensagem,nao_entendi
pergunta a camisa de responsa e oversized ou normal resposta tamanho e medidas,tamanho_modelagem
fazer,nao_entendi
sobre a questao do frete e possivel unificar ele nas blusas da lounge que voce gostou vou te mandar o link das duas,frete_prazo
oi pessoal tudo bem estou com daovida sobre numeraa a o de uma pea a de vocaas aguardo retorno obrigada milene,saudacao
oi,saudacao
oi ana obrigada pela resposta bom eu vou continuar na torcida pra esse frete internacional se materializar um dia desses pq a gente quer comprar essas coisas lindas e usar logo na c a infelizmente com o prea o do da <num> lar na o tenho recebido as amigas aqui ta o frequentemente mas a c uma boa ideia tamba c m obrigada,saudacao
eu estou vendo mesmo que esta demorando mas super obrigada bom final de semana brenda,agradecimento
sobre a troca da cala a que comprei quero trocar por um tamanho menor recebi um e mail de vcs no dia <num> <num> <num> respondi mas dps disso na o tive mais retorno,troca_devolucao_politica
ola bom dia infelizmente essa calca tambem saiu do nosso mix estamos com novos produtos e novas marcas entrando no curadobia esperamos que goste qualquer coisa sigo aqui,saudacao
viajante,nao_entendi
link compartilhado,como_comprar
molinho,nao_entendi
teletransporta,nao_entendi
bia sent an attachment,nao_entendi
bia sent an attachment,nao_entendi
link compartilhado,como_comprar
segue o link da jaqueta <url>,como_comprar
bota,nao_entendi
pergunta a saia acinturante marca muito o corpo resposta modelagem e tecido,tamanho_modelagem
saia,nao_entendi
nao,nao_entendi
obrigada pela presenca livia,agradecimento
como proceder p troca,troca_devolucao_politica
pergunta da pra trocar a calca saruel silvia por outro tamanho resposta frete prazos e trocas,frete_prazo
bia sent an attachment,nao_entendi
ola livia td e vc ficamos felizes que gostou dessa jaqueta acredito que tenha sido um erro da lojinha do instagram o valor correto r <num>,saudacao
todas as pecas da mybasic e da lounge <num> possuem uma ampla grade <url> <url> os produtos da cecilia possuem uma modelagem mais ampla <url> alguns dos produtos da nauanin chegam ate a numeracao xxgg equivalendo a um <num> <url>,tamanho_modelagem
esse,nao_entendi
you shared a product,nao_entendi
perfeito,nao_entendi
link compartilhado,como_comprar
boa tarde estava previsto pra chegar hoje minha encomenda pora c m nada foi entregue,saudacao
ola pode comprar o numero certinho mesmo,saudacao
sem problemas mari apenas encaminha pra gente um e mail solicitando que iremos dar sequaancia com a troca e mail contato curadobia <user> com,troca_devolucao_politica
oi karyna tudo bem estamos passando algumas instabilidades com o site mas acredito que logo mais isso vai se resolver voce precisa de suporte com algo estamos aqui para o que precisar,saudacao
oi anna que bom receber uma mensagem sua feliz que gostou da sanda lia ela a c uma das queridinhas aqui no curadobiad vou te encaminhar o link dela,saudacao
<url>,nao_entendi
um dos meus modelos favoritos do site todinh,erros_plataforma
bia sent an attachment,nao_entendi
como a c o processo da troca,troca_devolucao_politica
pesado,nao_entendi
pergunta se eu sou baixa a trench facil fica muito comprida resposta tamanho e medidas,tamanho_modelagem
sofisticacao,nao_entendi
e,nao_entendi
pode,nao_entendi
pergunta a regata pregas jersey precisa passar resposta modelagem e tecido,tamanho_modelagem
sem conteudo detectavel,nao_entendi
pedimos desculpas pelo ocorrido e pode ter certeza que isso servira para aprimorarmos nosso atendimento e na o deixar que situaa aues como essa ocorram novamente agradea o sua compreensa o e nos disponibilizamos para auxiliar da melhor forma possavel sobre ter ficado um pouco grande o body nos informe se desejar efetuar troca que ja posso agilizar junto a marca essa solicitaa a o,troca_devolucao_politica
uhuu,nao_entendi
pergunta a saia acinturante e oversized ou normal resposta tamanho e medidas,tamanho_modelagem
look,pedir_sugestao_produto
obrigada pelo interesse d aguardamos vocaas,agradecimento
oi danuza bom dia tudo bem pode nos informar por aqui a duvida ou se preferir uma comunicacao mais agil pode nos chamar no nosso whatsapp,saudacao
sem conteudo detectavel,nao_entendi
pergunta tenho duvida no tamanho da blusa molona qual voce recomenda resposta tamanho e medidas,tamanho_modelagem
sem conteudo detectavel,nao_entendi
ola milene bom dia que bacana que se interessou por essa pea a infelizmente ela esta fora de estoque no momento mas em breve com reposia a o avisamos assim que voltar obrigada e um abraa o equipe curadobia a,saudacao
ola carol td bem e vc pode nos enviar para contato curadobia <user> com,saudacao
obrigada,agradecimento
pergunta tenho duvida no tamanho da camisa viajante qual voce recomenda resposta tamanho e medidas,tamanho_modelagem
link compartilhado,como_comprar
muito obrigada elas entraram em contato comigo realmente a sandalia e linda mas infelizmente fico um pouco fora pra mim,agradecimento
<url>,nao_entendi
qualquer duvida pode tamba c m nos conectar pelo whatsapp d,nao_entendi
look,pedir_sugestao_produto
pergunta tem rastreio pra saia acinturante resposta frete prazos e trocas,frete_prazo
<url>,nao_entendi
oi isabella tudo bem bom dia que bom receber uma mensagem sua o curadobia esta se preparando para muitas novidades no ano que vem e com certeza estara no radar novos modelos de sapatos espero que goste d qualquer coisa pode sempre entrar em contato conosco,saudacao
oi natalia td bem as meninas do enjoei me passaram seu contato estou buscando uma pessoa para me ajudar em roteiros e conteudo adoraria bater um papo com vc,saudacao
link compartilhado,como_comprar
sem conteudo detectavel,nao_entendi
ola pessoal como vao meu nome e ana e trabalho junto com a bia paes de barros no curadobia com br o curadobia e um marketplace que nasceu com o proposito de reunir em um so lugar pecas que fazem toda a diferenca no armario e ao mesmo tempo sao faceis de usar os chamados neutros com tcharanz acreditamos que a mareu nitschke super se conecta com essa proposta com quem poderia conversar para falar mais sobre aguardo voces,saudacao
oi renata boa tarde ana aqui voce conseguiu dar uma olhada nas opcoes que te mandei qualquer coisa sigo aqui para o que voce precisar ta,saudacao
seguem as medidas p cos <num> cm e veste quadril ate <num> cm m cos <num> cm e veste um quadril ate <num> cm g cos <num> cm e veste um quadril ate <num> cm,tamanho_modelagem
o site esta passando por problemas,erros_plataforma
modelo,nao_entendi
ola halanna boa tarde tudo bem estamos entrando em contato porque identificamos que ha um tempo voce demonstrou interesse nas sandalias da bia que apareceram em um dos nossos reels agora elas estao disponiveis no site do curadobia segue o link <url> obrigada por nos acompanhar halanna qualquer duvida estamos a disposicao equipe curadobia,saudacao
alongadora,nao_entendi
a modelagem a c grande pode ser tam <num>,tamanho_modelagem
viajante,nao_entendi
ola bom dia roupas lindas aqui mas nao encontrei muitas opcoes de tamanhos maiores e isso mesmo tenho uma cliente que se enquadraria perfeita nesse estilo mais contemporaneo mas e um tamanho g gg <num> <num> poderiam me sugerir algumas opcoes,saudacao
link compartilhado,como_comprar
look,pedir_sugestao_produto
curtiu uma mensagem,nao_entendi
oi patricia bom dia caraca que legal receber essa mensagem suad ficamos muito felizes com isso nos avise quando estiver por aqui que fazemos uma entrega especiald deg,saudacao
oi maria tudo bem bom dia nosso evento a c exclusivo para nossas clientes conhecerem o mix de perto e ocorre duas vezes ao ano o pra <num> ximo sera em novembro te esperamos,saudacao
oficial,nao_entendi
pergunta o tecido da camisa viajante esquenta resposta modelagem e tecido,tamanho_modelagem
oi silvana tudo bem bom dia quem fala com voce e a ana do time curadobia posso confirmar com voce se seria essa camisa que te interessou segue,saudacao
pergunta aceitam pix pra calca saruel silvia resposta preco estoque e pagamento,formas_pagamento
ola stella boa tarde tudo bem,saudacao
ola evelyn bom dia tudo bem aqui somos do curadobia voce teria interesse em apresentar a sua marca pensando em participar do curadobia ou seria referente a parceria de divulgacao com a bia,saudacao
obrigada,agradecimento
a,nao_entendi
oi boa tarde,saudacao
acho melhor sim esta um pouco certa demais,nao_entendi
pedimos desculpas pelo ocorrido e pode ter certeza que isso servira para aprimorarmos nosso atendimento e nao deixar que situacoes como essa ocorram novamente agradeco sua compreensao e nos disponibilizamos para auxiliar da melhor forma possivel sobre ter ficado um pouco grande o body nos informe se desejar efetuar troca que ja posso agilizar junto a marca essa solicitacao,troca_devolucao_politica
sem conteudo detectavel,nao_entendi
ola pessoal como vao meu nome e ana e trabalho junto com a bia paes de barros no curadobia com br o curadobia e um marketplace que nasceu com o proposito de reunir em um so lugar pecas que fazem toda a diferenca no armario e ao mesmo tempo sao faceis de usar os chamados neutros com tcharanz acreditamos que a elisa atheniense super se conecta com essa proposta com quem poderia conversar para falar mais sobre aguardo voces,saudacao
link compartilhado,como_comprar
sem conteudo detectavel,nao_entendi
<url>,nao_entendi
oi karyna bom dia tudo bem vamos verificar,saudacao
link compartilhado,como_comprar
link compartilhado,como_comprar
a,nao_entendi
link compartilhado,como_comprar
obrigada pelo retorno namoro o modelo gladiador me lembro dele mas quando fui procurar ja na o tinha mais d,agradecimento
link compartilhado,como_comprar
estrutura,nao_entendi
sem conteudo detectavel,nao_entendi
oi clau tudo bem bom dia aqui e a ana da equipe do curadobia vimos que voce se interessou pelo macacao no video da bia mas na epoca ele ainda estava em lancamento boa noticia agora esta disponivel segue o link abaixo para que voce possa dar uma olhada,saudacao
bom dia karyna infelizmente na o trabalhamos com cupom para <num> aa compra aindaa <num> i mas estamos aqui para te auxiliar no processo inteiro,saudacao
ola pessoal como vao meu nome e ana e trabalho junto com a bia paes de barros no curadobia com br o curadobia e um marketplace que nasceu com o proposito de reunir em um so lugar pecas que fazem toda a diferenca no armario e ao mesmo tempo sao faceis de usar os chamados neutros com tcharanz acreditamos que a gammba super se conecta com essa proposta com quem poderia conversar para falar mais sobre aguardo voces,saudacao
pergunta tenho <num> cm de busto qual bolsa anda sozinha comprar resposta tamanho e medidas,tamanho_modelagem
bia eu terminei de subir os produtos pora c m acho que esta com um delay amanha vou ver se terminou de atualizar na plataforma ta tudo certinho <num> categorias que criei com todo produtos descria a o vadeos etc,nao_entendi
ola tudo bem podemos falar pelo nosso whatsapp <num> <num> <num> <num>,saudacao
ola pessoal como va o meu nome a c ana e trabalho junto com a bia paes de barros no curadobia com br o curadobia a c um marketplace que nasceu com o propa <num> sito de reunir em um sa <num> lugar pea as que fazem toda a diferena a no arma rio e ao mesmo tempo sa o fa ceis de usar os chamados neutros com tcharanz acreditamos que a l dnim super se conecta com essa proposta com quem poderia conversar para falar mais sobre aguardo vocaas,saudacao
polar,nao_entendi
nao,nao_entendi
mybasic sent an attachment,nao_entendi
sheila essa foi a tabela passada para na <num> s pela marca estamos em contato com eles para ter exatamente a medida do quadril inclusive obrigada pela pergunta pois com ela vamos atualizar o nosso site mas podemos te adiantar que ele tem uma estrutura folgada no quadril enta o acreditamos que ele vai dar certo para ti no tamanho <num> para te passar outra base nas fotos do produto no nosso site a bia esta vestindo o tamanho <num>,agradecimento
pergunta se eu sou baixa a calca saruel silvia fica muito comprida resposta tamanho e medidas,tamanho_modelagem
tudo,nao_entendi
sugestao,pedir_sugestao_produto
como posso fazer essa apresentacao,nao_entendi
pergunta a calca saruel silvia tem forro interno resposta modelagem e tecido,tamanho_modelagem
bia sent an attachment,nao_entendi
oi ineia tudo bem segue o valor do casaco que vocaa se interessou,saudacao
sem conteudo detectavel,nao_entendi
seguem as medidas p ca <num> s <num> cm e veste quadril ata c <num> cm m ca <num> s <num> cm e veste um quadril ata c <num> cm g ca <num> s <num> cm e veste um quadril ata c <num> cm,tamanho_modelagem
look,pedir_sugestao_produto
bom dia,saudacao
<url>,nao_entendi
<url>,nao_entendi
sem conteudo detectavel,nao_entendi
link compartilhado,como_comprar
sem conteudo detectavel,nao_entendi
sem conteudo detectavel,nao_entendi
vans,nao_entendi
bia sent an attachment,nao_entendi
tech,nao_entendi
bom dia consegue me mandar o video,saudacao
curtiu uma mensagem,nao_entendi
no,nao_entendi
ja ta seguindo dd>>,nao_entendi
gente,nao_entendi
ideia,nao_entendi
ola pessoal como va o meu nome a c ana e trabalho junto com a bia paes de barros no curadobia com br o curadobia a c um marketplace que nasceu com o propa <num> sito de reunir em um sa <num> lugar pea as que fazem toda a diferena a no arma rio e ao mesmo tempo sa o fa ceis de usar os chamados neutros com tcharanz acreditamos que a aylla super se conecta com essa proposta com quem poderia conversar para falar mais sobre aguardo vocaas,saudacao
aqui,nao_entendi
ola tudo bem entre em contato com nosso comercial <num>,saudacao
respostas,nao_entendi
sobre a troca da cala a que comprei quero trocar por um tamanho menor recebi um e mail de vcs no dia <num> <num> <num> respondi mas dps disso na o tive mais retorno,troca_devolucao_politica
sobre a troca da calca que comprei quero trocar por um tamanho menor recebi um e mail de vcs no dia <num> <num> <num> respondi mas dps disso nao tive mais retorno,troca_devolucao_politica
look,pedir_sugestao_produto
ok,nao_entendi
da,nao_entendi
look,pedir_sugestao_produto
ola bom dia,saudacao
oi maria tudo bem bom dia nosso evento e exclusivo para nossas clientes conhecerem o mix de perto e ocorre duas vezes ao ano o proximo sera em novembro te esperamos,saudacao
e,nao_entendi
justinho,nao_entendi
pergunta consigo devolver a regata pregas jersey se nao servir resposta frete prazos e trocas,frete_prazo
ola marilene boa noite tudo bem,saudacao
ola td bem fiz uma compra com vc e recebi apenas o tricot vc pode me ajudar muito obrigada desde ja,saudacao
ola katia tudo bem,saudacao
obrigada pela presenca foi incrivel atender e receber voces de pertinho,agradecimento
qualquer coisa sigo aqui me chamo ana,nao_entendi
pergunta da pra trocar a calca saruel silvia por outro tamanho resposta frete prazos e trocas,frete_prazo
sem conteudo detectavel,nao_entendi
adquiri uma maxi pantalona valeria mansur,nao_entendi
ola estou tentando finalizar uma compra mas aparece o seguinte erro,saudacao
minha,nao_entendi
link compartilhado,como_comprar
link compartilhado,como_comprar
sem conteudo detectavel,nao_entendi
link compartilhado,como_comprar
pergunta se eu sou baixa a calca saruel silvia fica muito comprida resposta tamanho e medidas,tamanho_modelagem
uma,nao_entendi
bia sent an attachment,nao_entendi
cima,nao_entendi
colar,nao_entendi
ola pessoal como vao meu nome e ana e trabalho junto com a bia paes de barros no curadobia com br o curadobia e um marketplace que nasceu com o proposito de reunir em um so lugar pecas que fazem toda a diferenca no armario e ao mesmo tempo sao faceis de usar os chamados neutros com tcharanz acreditamos que a rocio canvas super se conecta com essa proposta com quem poderia conversar para falar mais sobre aguardo voces,saudacao
pergunta a saia tech fica justa no quadril resposta tamanho e medidas,tamanho_modelagem
que,nao_entendi
boa tarde comprei a blusa pah mas nao consigo deixa la parecida como da foto acho que estou usando de forma errada tem alguma tutorial de como vesti la rs,saudacao
pergunta aceitam pix pra trench facil resposta preco estoque e pagamento,formas_pagamento
enviar,nao_entendi
bom dia a obrigada dd>>,saudacao
link compartilhado,como_comprar
pergunta tenho <num> cm de busto qual regata pregas jersey comprar resposta tamanho e medidas,tamanho_modelagem
ola dany boa tarde tudo bem,saudacao
ola dany boa tarde tudo bem sim e com vocaa pea o desculpas por essa demora estou verificando sobre porque ainda na o foi dada sequaancia na troca o processo interno nosso ja foi encaminhado com a troca para o tamanho p,saudacao
link compartilhado,como_comprar
venho com boas noticias o conjunto que voce se interessou acabou de subir no site com pouquissimas unidades,erros_plataforma
ola que bom que voce se interessou por nos muito bom receber tua mensagem joana infelizmente essa calca nao esta no curadobia e e acervo pessoal da bia mesmo esse video tem a finalidade de apresentar as nossas camisas esperamos que goste,saudacao
onde posso comprar,como_comprar
adriana shared a product,nao_entendi
estrutura,nao_entendi
o,nao_entendi
bom dia ontem tive o prazer de conhecer vc ao vivo eu estava no mil plantas vc e lindassima a i,saudacao
diversao,nao_entendi
oiee,nao_entendi
muito obrigada pela atena a o,agradecimento
ola dany boa tarde tudo bem sim e com voce peco desculpas por essa demora estou verificando sobre porque ainda nao foi dada sequencia na troca o processo interno nosso ja foi encaminhado com a troca para o tamanho p,saudacao
estilo,nao_entendi
pergunta da pra parcelar a saia tech sem juros resposta preco estoque e pagamento,formas_pagamento
link compartilhado,como_comprar
pergunta a saia acinturante e oversized ou normal resposta tamanho e medidas,tamanho_modelagem
aberta,nao_entendi
pergunta se eu sou baixa a trench facil fica muito comprida resposta tamanho e medidas,tamanho_modelagem
sao,nao_entendi
pergunta posso indicar a regata pregas jersey pra alguem resposta extras e institucional,nao_entendi
o,nao_entendi
link compartilhado,como_comprar
vibe,nao_entendi
como,nao_entendi
pensamos que poderia ser a senha criada mas quando ocorre algum ponto nesse aspecto surge uma mensagem abaixo voce se importaria em tentar novamente apenas para checarmos se continua ocorrendo o mesmo erro,erros_plataforma
you sent an attachment,nao_entendi
sem conteudo detectavel,nao_entendi
ola,saudacao
link compartilhado,como_comprar
obrigada,agradecimento
com,nao_entendi
bia sent an attachment,nao_entendi
m <num> <num>,nao_entendi
pergunta a calca cool vai bem com bota resposta combinacoes e ocasioes,nao_entendi
como falo com algua c m daa,nao_entendi
dificuldade,nao_entendi
ola dany bom dia caso tenha algum problema com o tamanho voce pode optar por trocar ou devolver o produto basta nos informar pelo e mail contato curadobia <user> com que iremos encaminhar sua solicitacao para a marca responsavel a marca ira proceder com os proximos passos como envio do codigo de logistica reversa e tudo mais,saudacao
ela a c reta e certa acredito que o tamanho m funcione bem para vocaa o tecido da base a c mais malea vel que da parte de cima,tamanho_modelagem
segue o link dele qualquer duvida ou questao estamos a disposicao obrigada por nos acompanhar equipe curadobia,agradecimento
usaria,nao_entendi
qualquer outra daovida sigo a disposia a o,nao_entendi
toque,nao_entendi
pora c m a c interessante frisar que a modelagem da cala a a c uma cintura no lugar nem cintura baixa e nem cintura alta,tamanho_modelagem
rua peixoto gomite <num>,nao_entendi
ola julienne bom dia tudo bem que bom receber sua mensagem eu me chamo ana e sou do time curadobia,saudacao
link compartilhado,como_comprar
ola karyna tudo bem obrigada por ter entrado em contato conosco d,saudacao
oie,nao_entendi
bia sent an attachment,nao_entendi
pergunta tenho <num> cm de busto qual regata pregas jersey comprar resposta tamanho e medidas,tamanho_modelagem
ola tudo bem estou apaixonada por essa jaqueta bacanuda da foto o prea o de <num> pula pra setecentos e tanto na hora de comprar a isso mesmo entra um valor de comissa o na hora da compra,saudacao
bia sent an attachment,nao_entendi
duvida,nao_entendi
sem conteudo detectavel,nao_entendi
bom dia sou a gianina marques mineira ma e e autora de joias artesanais gostaria de deixar meu insta para vcs conhecerem minhas joias feita com carinho e totalmente exclusiva aguardo o retorno de vcs q tem tanto conhecimento na a rea desde ja obrigada <user>,saudacao
pergunta da pra trocar a trench facil por outro tamanho resposta frete prazos e trocas,frete_prazo
link compartilhado,como_comprar
bom dia adriana como voce esta,saudacao
na,nao_entendi
ola bom dia sheila tudo bem que bom que gostou do nosso macacao cool nos temos ele nos tamanhos <num> <num> <num> e <num> vou te encaminhar o link dele para que possa visualizar no nosso site <url>,saudacao
eu amo todos os seus looks combina <num> com o meu estilo queria ter todas as pea as para mim pena que moro do outro lado do mundo,nao_entendi
outra duvida e sobre o tom certinho dessa jaqueta no site achei que estava num tom diferente dos stories,erros_plataforma
sem conteudo detectavel,nao_entendi
como proceder p troca,troca_devolucao_politica
obrigada ana,agradecimento
aqui a tabela certinha mas ja estamos com o pessoal ta c cnico corrigindo esse erro,erros_plataforma
das,nao_entendi
sem problemas mari apenas encaminha pra gente um e mail solicitando que iremos dar sequaancia com a troca e mail contato curadobia <user> com,troca_devolucao_politica
d,nao_entendi
pretensao,nao_entendi
linda essa blusa,nao_entendi
maravilha,nao_entendi
bom dia karyna infelizmente nao trabalhamos com cupom para <num> a compra ainda mas estamos aqui para te auxiliar no processo inteiro,saudacao
obrigada,agradecimento
tenho <num> <num> essa calca esta mais curta para mim mesmo te aconselho a comprar um tamanho pequeno,tamanho_modelagem
sem conteudo detectavel,nao_entendi
oii karinne tudo bem aqui quem fala a c a ana do time curadobia vocaa acredita que estive olhando todos os dias desde que vocaa demonstrou interesse se a nossa saia anica voltaria ao estoque e somente hoje isso aconteceu ela a c a queridinha das nossas clientes e tem acabado ra pido enta o espero que consiga aproveitar essa oportunidade te encaminho o link para o acesso dela,como_comprar
sem conteudo detectavel,nao_entendi
nao consigo deixa la deste jeito,erros_plataforma
pergunta a saia acinturante e oversized ou normal resposta tamanho e medidas,tamanho_modelagem
look,pedir_sugestao_produto
como falo com alguem dai,nao_entendi
curtiu uma mensagem,nao_entendi
ops e a blusa pah,nao_entendi
resolvedor,nao_entendi
