text,label
conseguem me ajudar por aqui,nao_entendi
quanto ta essa blusa,nao_entendi
pergunta a camisa viajante ta em promocao resposta preco estoque e pagamento,formas_pagamento
deu certo mas a pea a que eu queria acaboua,nao_entendi
sem conteudo detectavel,nao_entendi
os,nao_entendi
ola sua curadoria projeto editorial e grafico sao incriveis parabens mas sua plataforma de e commerce nao funciona bem estou desde ontem tentando fazer compras mas paginas nao carregam carrinhos esvaziam muito dificil,saudacao
roupa,nao_entendi
oii,nao_entendi
acabei de comprar um conjunto se na o servir posso trocar pelo seu cep deve ser perto da minha casa o meu <num> <num>,como_comprar
oii bia tudo bem por favor de onde e essa calca yes i am procurei aqui no feed e nao encontrei obrigada,agradecimento
sheila segue resposta das meninas da olive you marca do macacao <num> cm circunferencia total mas explique a ela por favor que esta peca tem uma modelagem ampla ao corpo ok entao acredito que se encaixa no que conversamos mesmo o que voce acha qualquer coisa seguimos a disposicao,tamanho_modelagem
sem conteudo detectavel,nao_entendi
pergunta com que sapato usar a bolsa anda sozinha resposta combinacoes e ocasioes,nao_entendi
pergunta com que sapato usar a regata pregas jersey resposta combinacoes e ocasioes,nao_entendi
mais,nao_entendi
faz,nao_entendi
vou amanha obrigada,agradecimento
oi tatiana tudo bem infelizmente na o temos o cupom,saudacao
link compartilhado,como_comprar
de,nao_entendi
que,nao_entendi
bia sent an attachment,nao_entendi
oi karen que bom receber tua mensagem aqui a c a ana faa o parte do time curadobia realmente na <num> s ainda na o trabalhamos com frete internacional d mas na o deixe de pedir para algua c m te levar nossas pea as quando for te visitar va rias clientes internacionais nossas fazem issod,saudacao
curtiu uma mensagem,nao_entendi
posso trocar caso eu experimente e prefira uma maior,nao_entendi
obrigada aoi,agradecimento
curtiu uma mensagem,nao_entendi
you sent an attachment,nao_entendi
qualquer daovida por favor nos avise d,nao_entendi
qualquer,nao_entendi
basica,nao_entendi
pergunta se eu sou baixa a calca saruel silvia fica muito comprida resposta tamanho e medidas,tamanho_modelagem
peco desculpa pela demora em lhe retornar,nao_entendi
os brincos argola frontal nao sei o nome da peca kkk,nao_entendi
ola carol td bem e vc pode nos enviar para contato curadobia <user> com,saudacao
sem conteudo detectavel,nao_entendi
passando,nao_entendi
podia,nao_entendi
sem conteudo detectavel,nao_entendi
camisa,nao_entendi
o,nao_entendi
ola pessoal como vao meu nome e ana e trabalho junto com a bia paes de barros no curadobia com br insta <user> oficial o curadobia e um marketplace que nasceu com o proposito de reunir em um so lugar pecas que fazem toda a diferenca no armario e ao mesmo tempo sao faceis de usar os chamados neutros com tcharanz acreditamos que a aim super se conecta com essa proposta com quem poderia conversar para falar mais sobre aguardo voces,saudacao
aquele,nao_entendi
<num>,nao_entendi
vc poderia checar se houve algum problema com os correios de sao paulo pois nem chegou no correio de curitiba,nao_entendi
<url>,nao_entendi
colar,nao_entendi
muito,nao_entendi
contexto,nao_entendi
essa tshirt vai estar no evento namoro tanto ela,nao_entendi
logo mais te passo novas informaa aues,nao_entendi
oi karen que bom receber tua mensagem aqui e a ana faco parte do time curadobia realmente nos ainda nao trabalhamos com frete internacional mas nao deixe de pedir para alguem te levar nossas pecas quando for te visitar varias clientes internacionais nossas fazem isso,saudacao
invernal,nao_entendi
eu nao recebi a confirmacao dessa compra,nao_entendi
seu ddd qual seria,nao_entendi
no,nao_entendi
obrigada pela presenca,agradecimento
pergunta a camisa de responsa e oversized ou normal resposta tamanho e medidas,tamanho_modelagem
contextualizar,nao_entendi
pergunta tenho <num> cm de busto qual regata pregas jersey comprar resposta tamanho e medidas,tamanho_modelagem
da,nao_entendi
oi bia tudo bem me chamo alice sou sa <num> cia da monti uma marca de moda que preza por estilo atemporal e pea as de qualidade estamos buscando consultoras de imagem parceiras para recomendar nossas pea as aos seus clientes e pensei que poderaamos criar algo bem legal juntas o que acha de agendarmos um papo para te contar mais sobre a nossa hista <num> ria e a ideia de parceria fico no aguardo,saudacao
consegue,nao_entendi
oi,saudacao
bia sent an attachment,nao_entendi
brenda sent an attachment,nao_entendi
bia sent an attachment,nao_entendi
oi boa tarde ana aqui voce conseguiu dar uma olhada na calca qualquer coisa sigo aqui para o que voce precisar viu edited,saudacao
stella sent an attachment,nao_entendi
sem conteudo detectavel,nao_entendi
bia sent an attachment,nao_entendi
oi ineia tudo bem segue o valor do casaco que voce se interessou,saudacao
ola heloisa bom dia tudo bem que bom que voce gostou das pecas da bia vou te mandar os links das pecas que voce informou para que possa visualizar com mais calma e clareza todas as pecas qualquer outra duvida ou questao estamos a disposicao equipe curadobia,saudacao
ah que otimo monica deve ter ficado incravel com toda a sua bossa,nao_entendi
amanda nosso pessoal ta c cnico pediu se possavel se cadastrar atrava c s desse link,como_comprar
curtiu uma mensagem,nao_entendi
ola van td bem farei um video para vc,saudacao
mas acho que esta aprocessandoa para subir tudo,nao_entendi
sem conteudo detectavel,nao_entendi
alem,nao_entendi
link compartilhado,como_comprar
presencial,nao_entendi
joyce sent an attachment,nao_entendi
e fato perguntei pois esta a procurando uma peca e nao encontrava,nao_entendi
ola fiz uma compra com vocaas tudo certo,saudacao
da,nao_entendi
tech,nao_entendi
sem conteudo detectavel,nao_entendi
facilitadora,nao_entendi
de,nao_entendi
bia sent an attachment,nao_entendi
sem conteudo detectavel,nao_entendi
sem,nao_entendi
obrigada pelo retorno,agradecimento
link compartilhado,como_comprar
que,nao_entendi
preto,nao_entendi
o,nao_entendi
obrigada pela presena a livia,agradecimento
<url>,nao_entendi
oiii tudo bem me chamo caroline sou formada em marketing e trabalho como social media tem um tempinho estou a procura de uma nova oportunidade no mercado de trabalho gostaria de saber se tem um espacinho no time de vocaas vou deixar o meu naomero e mail e portfa <num> lio caso queria marcar uma call para falarmos mais estou por aqui cel <num> <num> <num> e mail cspereiramkt <user> com portfa <num> lio <url> obrigada desde ja d,agradecimento
pergunta a calca cool tem frete gratis resposta frete prazos e trocas,frete_prazo
vazado,nao_entendi
link compartilhado,como_comprar
ola karyna boa tarde tudo bem estamos entrando em contato porque identificamos que ha um tempo voce demonstrou interesse nos sapatos da bia que apareceram em um dos nossos reels agora eles estao disponiveis no site do curadobia segue o link <url> obrigada por nos acompanhar karyna qualquer duvida estamos a disposicao equipe curadobia,saudacao
ola boa tarde infelizmente na o enviamos para fora do pais mas aceitamos cartaues internacionais com entrega em todo o brasil d,saudacao
da,nao_entendi
ola pessoal como va o meu nome a c ana e trabalho junto com a bia paes de barros no curadobia com br o curadobia a c um marketplace que nasceu com o propa <num> sito de reunir em um sa <num> lugar pea as que fazem toda a diferena a no arma rio e ao mesmo tempo sa o fa ceis de usar os chamados neutros com tcharanz acreditamos que a projeto zero um super se conecta com essa proposta com quem poderia conversar para falar mais sobre aguardo vocaas,saudacao
lindaaaa,nao_entendi
pergunta a bolsa anda sozinha precisa passar resposta modelagem e tecido,tamanho_modelagem
presenca,nao_entendi
tudo,nao_entendi
ola bom dia roupas lindas aqui mas nao encontrei muitas opcoes de tamanhos maiores e isso mesmo tenho uma cliente que se enquadraria perfeita nesse estilo mais contemporaneo mas e um tamanho g gg <num> <num> poderiam me sugerir algumas opcoes,saudacao
link compartilhado,como_comprar
bia sent an attachment,nao_entendi
busto,nao_entendi
recebo,nao_entendi
<url>,nao_entendi
curtiu uma mensagem,nao_entendi
<url>,nao_entendi
inclusive muito obrigada pela solicitaa a o pois em funa a o dela estamos criando esse maas um destaque aqui no insta trazendo e salvando vadeos mostrando essa a c mais outras pea as que podem gerar daovidas,agradecimento
ola amanda bom dia tudo bem,saudacao
voce,nao_entendi
sem conteudo detectavel,nao_entendi
da,nao_entendi
saia,nao_entendi
sem conteudo detectavel,nao_entendi
tipo,nao_entendi
arrumadinhas,nao_entendi
brenda sent an attachment,nao_entendi
tem cupom de desconto primeira compra,nao_entendi
pergunta tenho duvida no tamanho da blusa molona qual voce recomenda resposta tamanho e medidas,tamanho_modelagem
curtiu uma mensagem,nao_entendi
sem conteudo detectavel,nao_entendi
pes,nao_entendi
qual seu manequim,nao_entendi
voa,nao_entendi
diversos,nao_entendi
bia sent an attachment,nao_entendi
imagem enviada,nao_entendi
pergunta tenho <num> cm de busto qual bolsa anda sozinha comprar resposta tamanho e medidas,tamanho_modelagem
curtiu uma mensagem,nao_entendi
mas,nao_entendi
pergunta a camisa de responsa marca muito o corpo resposta modelagem e tecido,tamanho_modelagem
vira,nao_entendi
sensacao,nao_entendi
ola pamela td bem obrigada pela mensagem sentimos muito que esteja com esses problemas para conseguir efetuar as suas compras com a gente de fato o sistema passou por algumas instabilidades poderia nos dizer quais pecas se interessou para tentarmos solucionar por aqui,saudacao
gola,nao_entendi
sem conteudo detectavel,nao_entendi
curadobia,nao_entendi
sem conteudo detectavel,nao_entendi
oi danuza bom dia tudo bem pode nos informar por aqui a daovida ou se preferir uma comunicaa a o mais a gil pode nos chamar no nosso whatsapp,saudacao
ola tudo bem que bom receber sua mensagem meu nome e ana e sou do time curadobia com relacao a sua duvida conversei com a propria bia e ela nos informou que volumes tambem podem funcionar para quem esta um pouco acima desde que tenha um pouco de pele de fora para trazer leveza,saudacao
link compartilhado,como_comprar
d,nao_entendi
ola bom dia denize tudo bem estamos repondo o estoque da nossa calaa quentinha e por isso ela esta temporariamente indisponavel no nosso site assim que ela retornar te avisamos estamos a disposia a o para qualquer daovida obrigada por ter entrado em contato conosco d,saudacao
curtiu uma mensagem,nao_entendi
<url>,nao_entendi
d,nao_entendi
link compartilhado,como_comprar
<num> <num> <num> <num>,nao_entendi
boa tarde comprei a blusa pah mas nao consigo deixa la parecida como da foto acho que estou usando de forma errada tem alguma tutorial de como vesti la rs,saudacao
voce,nao_entendi
imagem enviada,nao_entendi
d,nao_entendi
bia sent an attachment,nao_entendi
obrigada,agradecimento
oi lucia bom dia tudo bem aqui e a ana do time curadobia voce conseguiu dar uma olhada em tudo que te mandamos se tiver alguma duvida sigo aqui,saudacao
you sent an attachment,nao_entendi
estilo,nao_entendi
altura seria <num> <num> cintura <num> quadril <num>,nao_entendi
de,nao_entendi
curtiu uma mensagem,nao_entendi
<url>,nao_entendi
bia sent an attachment,nao_entendi
sem conteudo detectavel,nao_entendi
bia sent an attachment,nao_entendi
com,nao_entendi
sem conteudo detectavel,nao_entendi
ola alessandra boa tarde tudo bem estamos entrando em contato porque identificamos que ha um tempo voce demonstrou interesse nas sandalias da bia que apareceram em um dos nossos reels agora eles estao disponiveis no site do curadobia segue o link <url> obrigada por nos acompanhar alessandra qualquer duvida estamos a disposicao equipe curadobia,saudacao
que bom receber mensagem tua,nao_entendi
casual,nao_entendi
conseguir,nao_entendi
imagem enviada,nao_entendi
o,nao_entendi
ola bom dia,saudacao
no,nao_entendi
e,nao_entendi
curtiu uma mensagem,nao_entendi
jogadao,nao_entendi
ola pode comprar o numero certinho mesmo,saudacao
saia,nao_entendi
<num>,nao_entendi
de,nao_entendi
estamos entrando em contato porque identificamos que ha um tempo vocaa demonstrou interesse nas sanda lias da bia que apareceram em um dos nossos reels agora eles esta o disponaveis no site do curadobia dd o link clica vel segue na pra <num> xima mensagem obrigada por nos acompanhar katia qualquer daovida estamos a disposia a o equipe curadobia d,agradecimento
sem conteudo detectavel,nao_entendi
curtiu uma mensagem,nao_entendi
de,nao_entendi
ola bom dia infelizmente essa calca tambem saiu do nosso mix estamos com novos produtos e novas marcas entrando no curadobia esperamos que goste qualquer coisa sigo aqui,saudacao
como uma critica construtiva vcs deveriam mandar um e mail para confirmar o pedido compro bastante on line e sempre vem o e mail do status do pedido o cliente fica mais seguro da compra,como_comprar
sem conteudo detectavel,nao_entendi
link compartilhado,como_comprar
ola milene bom dia como vai claro estamos aqui para ajudar qual a sua daovida,saudacao
mas,nao_entendi
blazer,nao_entendi
sem conteudo detectavel,nao_entendi
bia sent an attachment,nao_entendi
sem conteudo detectavel,nao_entendi
ola dany boa tarde tudo bem sim e com vocaa pea o desculpas por essa demora estou verificando sobre porque ainda na o foi dada sequaancia na troca o processo interno nosso ja foi encaminhado com a troca para o tamanho p,saudacao
cima,nao_entendi
que,nao_entendi
curtiu uma mensagem,nao_entendi
bia sent an attachment,nao_entendi
campo,nao_entendi
mto obrigada msm,agradecimento
obrigada por ser nossa cliente,agradecimento
comprar,como_comprar
qualquer coisa sigo aqui,nao_entendi
camisa,nao_entendi
pergunta consigo devolver a bolsa anda sozinha se nao servir resposta frete prazos e trocas,frete_prazo
pode ser <num> tambem,nao_entendi
pergunta o tecido da blusa molona esquenta resposta modelagem e tecido,tamanho_modelagem
para,nao_entendi
pode,nao_entendi
maria shared a product,nao_entendi
obrigada,agradecimento
sem conteudo detectavel,nao_entendi
pergunta da pra trocar a trench facil por outro tamanho resposta frete prazos e trocas,frete_prazo
claro,nao_entendi
o que acha dessas opcoes,nao_entendi
ola curadobia tudo bem agradecemos o interesse pela marca para garantir que vocaa receba a atena a o e cuidado adequados pedimos a gentileza de encaminhar mais informaa aues como contatos rede social e portfa <num> lio para mkt conteudo <user> com br nossa equipe de marketing a c especializada nesse assunto dessa forma tenho certeza de que eles avaliara o e se houver interesse entrara o em contato prontamente fique a vontade para entrar em contato caso tenha alguma daovida estamos aqui para ajudar,saudacao
bia sent an attachment,nao_entendi
link compartilhado,como_comprar
com,nao_entendi
mas pode ficar tranquila que assim que lana armos a terceira pea a que vocaa gostou vou te mandar por aqui tudo bem na o deixe de garantir suas pea as da lounge a tempod,nao_entendi
obrigada eu aviso sim gostei bastante vou levar para a cliente,agradecimento
d,nao_entendi
saias,nao_entendi
sobre a questa o do frete a c possavel unificar ele nas blusas da lounge que vocaa gostouaoi vou te mandar o link das duas,frete_prazo
como falo com algua c m daa,nao_entendi
trico,nao_entendi
ola rosangela boa tarde tudo bem estamos entrando em contato porque identificamos que ha um tempo vocaa demonstrou interesse nas rasteiras da bia que apareceram em um dos nossos reels agora eles esta o disponaveis no site do curadobia dd segue o link <url> obrigada por nos acompanhar rosangela qualquer daovida estamos a disposia a o equipe curadobia d,saudacao
<url>,nao_entendi
<url>,nao_entendi
oi tatiane tudo bem obrigada pela sua mensagem vamos nos planejar para outros momentos offline com certeza d postaremos por aqui,saudacao
o,nao_entendi
ola bia te vi no post da teti gio amei o seu perfil eu tenho uma marca de joias autorais com design minimalista e ouro sustentavel adoraria te apresentar <user> tambem gostaria de conversar sobre divulgacao se houver interesse claro muito obrigada um abraco evelyn,saudacao
e quadril,nao_entendi
amando heartsheartshearts,nao_entendi
a,nao_entendi
sem conteudo detectavel,nao_entendi
amamos,nao_entendi
estamos aqui para o que precisar,nao_entendi
vamos super a,nao_entendi
pergunta tem rastreio pra saia acinturante resposta frete prazos e trocas,frete_prazo
e esses sapatos incraveis teremos a chance de taa los rs,nao_entendi
boa tarde gostaria de saber se vocaas enviam para fora do brasil obrigada,saudacao
salaio sent an attachment,nao_entendi
mas super entendi e aproveito pra agradecer e elogiar seu trabalho,nao_entendi
bia sent an attachment,nao_entendi
pq,nao_entendi
<url>,nao_entendi
com,nao_entendi
fica,nao_entendi
oi patricia bom dia caraca que legal receber essa mensagem suad ficamos muito felizes com isso nos avise quando estiver por aqui que fazemos uma entrega especiald deg,saudacao
manga,nao_entendi
curtiu uma mensagem,nao_entendi
ola alice bom dia tudo bem aqui somos da parte de atendimento do curadobia vou te pedir para encaminhar um e mail para contato curadobia <user> com,saudacao
queria,nao_entendi
ola gloria na o temos apenas vendas on line no site www curadobia com br,saudacao
bia sent an attachment,nao_entendi
sem conteudo detectavel,nao_entendi
rastreamento,nao_entendi
<num>,nao_entendi
como estaria sua agenda para segunda a tarde,nao_entendi
<num>,nao_entendi
saia,nao_entendi
obrigada pelo interesse aguardamos voces,agradecimento
sem conteudo detectavel,nao_entendi
ola bom dia me chamo anelisa e gostaria de confirmar se meu pedido foi realizado nao sei se esse e o canal mais adequado para essa solicitacao mas como nao achei no site um campo para falar com voces decidi vir aqui fiz essa compra ontem pelo site e logo depois de finalizar apareceu uma mensagem dizendo que o pagamento nao estava confirmado no entanto no site diz que o pagamento foi efetuado e nao recebi nenhuma mensagem do banco dizendo que o pagamento foi negado alem disso tambem nao recebi um e mail com os dados do pedido muito obrigada desde ja,saudacao
evelyn obrigada pelo interesse para parcerias com o curadobia peco que envie apresentacoes para o nosso email contato curadobia <user> com e seguimos com as tratativas por la que fica mais facil e para interesses de parcerias diretamente com a bia e preciso entrar em contato diretamente com ela pelo email biapaesdebarros <user> com,agradecimento
mesmo,nao_entendi
mto obrigada,agradecimento
<url>,nao_entendi
agora parece que travou mesmo,nao_entendi
pois sou em algumas marcas <num>,nao_entendi
d deg,nao_entendi
ola bom dia denize tudo bem estamos repondo o estoque da nossa calca quentinha e por isso ela esta temporariamente indisponivel no nosso site assim que ela retornar te avisamos estamos a disposicao para qualquer duvida obrigada por ter entrado em contato conosco,saudacao
choker,nao_entendi
<url>,nao_entendi
sem conteudo detectavel,nao_entendi
ola thais tudo bem deu tudo certo com a chegada das pecas faltantes qualquer coisa sigo aqui para te ajudar viu,saudacao
um,nao_entendi
fechado,nao_entendi
ola tudo bem teria um contato do responsavel da marca ou comercial para falarmos obrigada carol,saudacao
de,nao_entendi
reagiu com dd a sua mensagem,nao_entendi
nao,nao_entendi
curtiu uma mensagem,nao_entendi
gostaria de saber o tamanho da cintura dessa cala a no tamanho m,tamanho_modelagem
saia,nao_entendi
na,nao_entendi
na o rsrs,nao_entendi
sem conteudo detectavel,nao_entendi
ebaaaaa,nao_entendi
muito obrigada,agradecimento
sem conteudo detectavel,nao_entendi
imagem enviada,nao_entendi
clientes,nao_entendi
sem conteudo detectavel,nao_entendi
oi suzane infelizmente na o estamos com previsa o de reposia a o do tamanho <num> da nossa gladiadorad o,saudacao
marilene sent an attachment,nao_entendi
e,nao_entendi
bia sent an attachment,nao_entendi
sem conteudo detectavel,nao_entendi
d,nao_entendi
link compartilhado,como_comprar
cor,nao_entendi
curtiu uma mensagem,nao_entendi
e,nao_entendi
pergunta a saia acinturante combina com jeans resposta combinacoes e ocasioes,nao_entendi
link compartilhado,como_comprar
o site esta passando por problemas,erros_plataforma
maria shared a product,nao_entendi
jeitinho,nao_entendi
chama no mkt <user> com,nao_entendi
oie,nao_entendi
oi tudo bem esta com algum problema no site para pagar com carta o de cra c dito o ca <num> digo cvv some,saudacao
obrigada pela presena a stella,agradecimento
cor,nao_entendi
quanto ta essa blusa,nao_entendi
you sent an attachment,nao_entendi
a,nao_entendi
bracelete,nao_entendi
sem conteudo detectavel,nao_entendi
oie bom dia tudo bem obrigada pela sua mensagem entramos em contato com a marca d aura que produz a saia e eles nos informaram que em <num> dias ira o receber novos estoques da nossa saia anica,saudacao
uma,nao_entendi
ola pessoal como va o meu nome a c ana e trabalho junto com a bia paes de barros no curadobia com br o curadobia a c um marketplace que nasceu com o propa <num> sito de reunir em um sa <num> lugar pea as que fazem toda a diferena a no arma rio e ao mesmo tempo sa o fa ceis de usar os chamados neutros com tcharanz acreditamos que a fernanda yamamoto super se conecta com essa proposta com quem poderia conversar para falar mais sobre aguardo vocaas,saudacao
entao,nao_entendi
imagina estamos por aqui qualquer coisa que precisar,nao_entendi
ola isabela somos um marketplace sem loja fisica,saudacao
gostei da corrente dourada tamba c m,nao_entendi
pergunta a bolsa anda sozinha precisa passar resposta modelagem e tecido,tamanho_modelagem
sem conteudo detectavel,nao_entendi
ola luana bom dia tudo bem hoje ainda na o temos sapatos dentro do curadobia estamos olhando para adicionar essa categoria em breve,saudacao
bia sent an attachment,nao_entendi
link compartilhado,como_comprar
tudo,nao_entendi
sem conteudo detectavel,nao_entendi
sem conteudo detectavel,nao_entendi
ola como tirar daovidas de tamanho da pea a,saudacao
evelyn obrigada pelo interesse para parcerias com o curadobia pea o que envie apresentaa aues para o nosso email contato curadobia <user> com e seguimos com as tratativas por la que fica mais fa cil d e para interesses de parcerias diretamente com a bia a c preciso entrar em contato diretamente com ela pelo email biapaesdebarros <user> com,agradecimento
pergunta da pra parcelar a saia tech sem juros resposta preco estoque e pagamento,formas_pagamento
oi maria angela bom dia como vocaa esta,saudacao
e eu como estou na praia torcendo para na o baixar d d d,nao_entendi
link compartilhado,como_comprar
no,nao_entendi
nas,nao_entendi
enviado,nao_entendi
vibe,nao_entendi
pergunta a regata pregas jersey precisa passar resposta modelagem e tecido,tamanho_modelagem
bia sent an attachment,nao_entendi
senha,nao_entendi
no,nao_entendi
num,nao_entendi
grifin,nao_entendi
marta sent an attachment,nao_entendi
oi karyna tudo bem estamos passando algumas instabilidades com o site mas acredito que logo mais isso vai se resolver voce precisa de suporte com algo estamos aqui para o que precisar,saudacao
sem conteudo detectavel,nao_entendi
casaco,nao_entendi
curtiu uma mensagem,nao_entendi
roupa,nao_entendi
<num>,nao_entendi
faz,nao_entendi
um,nao_entendi
vcs,nao_entendi
<url>,nao_entendi
<url>,nao_entendi
ola susanna bom dia estaremos te esperando na rua venceslau flexa <num> jardim paulistano das <num> h a s <num> h ah e teremos manobrista no local para maior tranquilidade,saudacao
ola bom dia,saudacao
pergunta a saia acinturante combina com jeans resposta combinacoes e ocasioes,nao_entendi
sem conteudo detectavel,nao_entendi
sem conteudo detectavel,nao_entendi
sem conteudo detectavel,nao_entendi
para,nao_entendi
com certeza nao exatamente por isso que pensamos nesse material que se molda nos pes d,nao_entendi
todas as pecas da mybasic e da lounge <num> possuem uma ampla grade <url> <url> os produtos da cecilia possuem uma modelagem mais ampla <url> alguns dos produtos da nauanin chegam ate a numeracao xxgg equivalendo a um <num> <url>,tamanho_modelagem
vc consegue rastrear o meu pedido,nao_entendi
tenho interesse nessa jaqueta,nao_entendi
aiiiin que pena,nao_entendi
linda gladiadora,nao_entendi
andrea sent an attachment,nao_entendi
obrigada pelo convite adorei a minha sandalia nova a i,agradecimento
sem conteudo detectavel,nao_entendi
muito estilo,nao_entendi
alfaiataria,nao_entendi
ola vanilda segue os detalhes aqui,saudacao
sem conteudo detectavel,nao_entendi
pergunta a saia tech tem frete gratis resposta frete prazos e trocas,frete_prazo
amarracao,nao_entendi
<url>,nao_entendi
acessorio,nao_entendi
qualquer coisa sigo aqui,nao_entendi
qualquer coisa sigo aquid,nao_entendi
mas acho que esta processando para subir tudo,nao_entendi
o,nao_entendi
sem,nao_entendi
<num> <num>,nao_entendi
ola td e vc,saudacao
que,nao_entendi
mas,nao_entendi
sem conteudo detectavel,nao_entendi
pergunta a calca cool fica justa no quadril resposta tamanho e medidas,tamanho_modelagem
no,nao_entendi
se,nao_entendi
e o body me chega hoje,nao_entendi
link compartilhado,como_comprar
ola pessoal como vao meu nome e ana e trabalho junto com a bia paes de barros no curadobia com br o curadobia e um marketplace que nasceu com o proposito de reunir em um so lugar pecas que fazem toda a diferenca no armario e ao mesmo tempo sao faceis de usar os chamados neutros com tcharanz acreditamos que a fernanda yamamoto super se conecta com essa proposta com quem poderia conversar para falar mais sobre aguardo voces,saudacao
sempre,nao_entendi
sem conteudo detectavel,nao_entendi
infelizmente nao atuo mais nessa area de consultoria pessoal,nao_entendi
bia sent an attachment,nao_entendi
certo,nao_entendi
bom dia,saudacao
faz,nao_entendi
deste,nao_entendi
oi pessoal tudo bem estou com daovida sobre numeraa a o de uma pea a de vocaas aguardo retorno obrigada milene,saudacao
a modelagem a c grande pode ser tam <num>,tamanho_modelagem
esse mesmo que te mandei acima,nao_entendi
ainda nao super correria,nao_entendi
sem conteudo detectavel,nao_entendi
obrigada,agradecimento
paula sent an attachment,nao_entendi
poderosao,nao_entendi
que,nao_entendi
teletransporta,nao_entendi
roles,nao_entendi
publicidade,nao_entendi
enderea o,nao_entendi
ola alice bom dia tudo bem aqui somos da parte de atendimento do curadobia vou te pedir para encaminhar um e mail para contato curadobia <user> com,saudacao
ola juliana boa tarde tudo bem,saudacao
oi roberta bom dia tudo bem estamos entrando em contato porque identificamos que ha um tempo voce demonstrou interesse nos sapatos da bia que apareceram em um dos nossos reels agora eles estao disponiveis no site do curadobia o link clicavel segue na proxima mensagem obrigada por nos acompanhar roberta qualquer duvida estamos a disposicao equipe curadobia,saudacao
link compartilhado,como_comprar
curtiu uma mensagem,nao_entendi
olha que legal essa ideia,nao_entendi
estaremos atualizando no site para conter essa tabela que realmente estava faltando,erros_plataforma
sem conteudo detectavel,nao_entendi
curtiu uma mensagem,nao_entendi
link compartilhado,como_comprar
viajante,nao_entendi
era pra ter chegado ontem,nao_entendi
esperado,nao_entendi
bia sent an attachment,nao_entendi
<url>,nao_entendi
porque,nao_entendi
bia sent an attachment,nao_entendi
valor <num>,nao_entendi
<url>,nao_entendi
mybasic sent an attachment,nao_entendi
tecido,nao_entendi
mais,nao_entendi
essa conta na o pode receber sua mensagem porque na o aceita novas solicitaa aues de contato de todos,nao_entendi
<num>,nao_entendi
oii bia tudo bem por favor de onde a c essa cala a yes i am procurei aqui no feed e na o encontreia obrigada,agradecimento
oi mari bom dia tudo bem infelizmente essa cala a na o teremos mais reposia a o no curadobia mas estamos com diversas novidades no site qualquer coisa sigo aqui para o que vocaa precisar,saudacao
bia sent an attachment,nao_entendi
olivve sent an attachment,nao_entendi
brenda sent an attachment,nao_entendi
dress,nao_entendi
esse,nao_entendi
ela,nao_entendi
a nossa calaa diferentex esta saindo por r <num> <num>,nao_entendi
na o perca essa oportunidade qualquer coisa sigo aqui para o que vocaa precisar d,nao_entendi
estranho,nao_entendi
imagem enviada,nao_entendi
jantarzinho,nao_entendi
ahhhh que pena que nao nos falamos,nao_entendi
de,nao_entendi
bia sent an attachment,nao_entendi
stella depois peco apenas que compartilhe seu numero de telefone que ai fica mais facil nossa comunicacao,nao_entendi
sem conteudo detectavel,nao_entendi
sou,nao_entendi
sem conteudo detectavel,nao_entendi
ola como vao muito prazer meu nome e ana e trabalho aqui no curadobia nao sei se recordam porem conversamos no primeiro semestre do ano passado <num> sobre esse projeto da bia paes de barros desde la evoluimos bastante e estamos concretizados como um marketplace em potencial crescimento queremos compartilhar com voces nosso site para darem uma olhada curadobia com br ainda temos a jorg em foco o que acham de retomarmos contato aguardo voces,saudacao
d,nao_entendi
bom dia,saudacao
pergunta a camisa de responsa marca muito o corpo resposta modelagem e tecido,tamanho_modelagem
que lindo tudo,nao_entendi
quadril,nao_entendi
link compartilhado,como_comprar
curtiu uma mensagem,nao_entendi
sem conteudo detectavel,nao_entendi
pergunta a calca cool amassa facil resposta modelagem e tecido,tamanho_modelagem
bia sent an attachment,nao_entendi
bia sent an attachment,nao_entendi
link compartilhado,como_comprar
bia sent an attachment,nao_entendi
sem,nao_entendi
com relacao a calca nos temos essas duas opcoes que penso que vc pode gostar,nao_entendi
bom dia julienne o que achou da nossa selea a o edited,saudacao
sozinha,nao_entendi
bia sent an attachment,nao_entendi
ola tentei fazer uma compra e apos entrar com os dados do cartao e senha vem a seguinte tela,saudacao
oi,saudacao
stella sent an attachment,nao_entendi
do,nao_entendi
ola obrigada,saudacao
com certeza sera um sucesso obrigada ana,agradecimento
oi boa tarde,saudacao
daniela masson <user> com,nao_entendi
lindas,nao_entendi
sem conteudo detectavel,nao_entendi
oi bia sou erika dos <user> gostaria de saber como vocaa trabalha em relaa a o a promoa a o de produtos meus brincos sa o autorais e os fabrico a <num> anos a produa a o a c <num> nacional fabricamos desde a liga do metal ata c o banho de ouro <num> k nossos brincos sa o todos bordados a ma o com um finassimo arame de cobre e depois banhado a ouro espero seu contato obrigada,saudacao
cadaa quero,nao_entendi
link compartilhado,como_comprar
bia sent an attachment,nao_entendi
bia sent an attachment,nao_entendi
que,nao_entendi
a regata chiquetosa vai voltar pro estoque,nao_entendi
bia sent an attachment,nao_entendi
obrigada a i,agradecimento
mybasic sent an attachment,nao_entendi
certo,nao_entendi
sem conteudo detectavel,nao_entendi
link compartilhado,como_comprar
maio,nao_entendi
de,nao_entendi
cecilia sent an attachment,nao_entendi
pergunta aceitam pix pra trench facil resposta preco estoque e pagamento,formas_pagamento
bia sent an attachment,nao_entendi
bia sent an attachment,nao_entendi
manga,nao_entendi
pode ficar tranquila que irei te avisar,nao_entendi
tamanho,tamanho_modelagem
camisa,nao_entendi
monotonia,nao_entendi
de,nao_entendi
leve,nao_entendi
com,nao_entendi
eu na o recebi email confirmando a compra,nao_entendi
bia sent an attachment,nao_entendi
link compartilhado,como_comprar
no,nao_entendi
de,nao_entendi
ja,nao_entendi
ola daniela boa tarde tudo bem,saudacao
oi pessoal tudo bem estou com duvida sobre numeracao de uma peca de voces aguardo retorno obrigada milene,saudacao
curtiu uma mensagem,nao_entendi
link compartilhado,como_comprar
a,nao_entendi
volume,nao_entendi
eh isso mesmo,nao_entendi
essa,nao_entendi
ela e reta e certa acredito que o tamanho m funcione bem para voce o tecido da base e mais maleavel que da parte de cima,tamanho_modelagem
karyna estoque atualizado,nao_entendi
engana,nao_entendi
como,nao_entendi
ola meninas seguem meus contatos <num> <num> <num> <num> daniela masson <user> com muito bom falar com vcs ontem obrigada falamos na sequencia por whatsapp,saudacao
claro vou separar nossas opa aues disponaveis em tamanhos maiores e te mando aqui d,nao_entendi
to,nao_entendi
oi gabriela tudo bem vi que vocaa conseguiu acessar o nosso site e realizou seu pedido certo eles ja esta o em separaa a o e logo mais estara o contigod qualquer coisa sigo aqui para te ajudar,saudacao
pergunta o tecido da blusa molona esquenta resposta modelagem e tecido,tamanho_modelagem
oi patricia bom dia caraca que legal receber essa mensagem sua ficamos muito felizes com isso nos avise quando estiver por aqui que fazemos uma entrega especial,saudacao
pergunta tenho <num> cm de busto qual bolsa anda sozinha comprar resposta tamanho e medidas,tamanho_modelagem
imagem enviada,nao_entendi
look,pedir_sugestao_produto
silvana sent an attachment,nao_entendi
curtiu uma mensagem,nao_entendi
contrario,nao_entendi
pergunta tenho <num> cm de busto qual bolsa anda sozinha comprar resposta tamanho e medidas,tamanho_modelagem
brincar,nao_entendi
que,nao_entendi
bia sent an attachment,nao_entendi
entrega devolucao,frete_prazo
aquele,nao_entendi
grecia,nao_entendi
bia sent an attachment,nao_entendi
ola pessoal como vao meu nome e ana e trabalho junto com a bia paes de barros no curadobia com br o curadobia e um marketplace que nasceu com o proposito de reunir em um so lugar pecas que fazem toda a diferenca no armario e ao mesmo tempo sao faceis de usar os chamados neutros com tcharanz acreditamos que a mareu nitschke super se conecta com essa proposta com quem poderia conversar para falar mais sobre aguardo voces,saudacao
uma,nao_entendi
ela,nao_entendi
<url>,nao_entendi
ola karyna tudo bem obrigada por ter entrado em contato conosco,saudacao
qualquer coisa seguimos a disposicao por aqui ok,nao_entendi
uma,nao_entendi
qualquer duvida sigo a disposicao,nao_entendi
pergunta se eu sou baixa a trench facil fica muito comprida resposta tamanho e medidas,tamanho_modelagem
oi livia boa tarde ana aqui vocaa conseguiu dar uma olhada na cala a qualquer coisa sigo aqui para o que vocaa precisar viu,saudacao
sem conteudo detectavel,nao_entendi
curtiu uma mensagem,nao_entendi
sim obrigada,agradecimento
bia sent an attachment,nao_entendi
ta joia,nao_entendi
bom dia maria luiza que bacana que se interessou por essa calca ela e muito especial mesmo o valor r <num> <num> caso tenha mais alguma duvida nao deixe de nos constatar equipe curadobia,saudacao
you sent an attachment,nao_entendi
lenco,nao_entendi
voce,nao_entendi
de,nao_entendi
essa,nao_entendi
ola bom dia,saudacao
ela,nao_entendi
vestido,nao_entendi
ola,saudacao
no,nao_entendi
sem conteudo detectavel,nao_entendi
eu quero sim mas vc poderia me enviar a foto do modelo sa <num> pra eu confirmar,nao_entendi
so mimimi sent an attachment,nao_entendi
oiee,nao_entendi
oi anelisa tudo bem eu sou a ana faa o parte do time curadobia,saudacao
proporcao,nao_entendi
grandao,nao_entendi
pergunta a saia tech fica justa no quadril resposta tamanho e medidas,tamanho_modelagem
qualquer coisa seguimos a disposia a o,nao_entendi
ola livia td e vc ficamos felizes que gostou dessa jaqueta acredito que tenha sido um erro da lojinha do instagram o valor correto r <num>,saudacao
bia sent an attachment,nao_entendi
ola gisela essa sandalia e da minha collab com a paula ferber,saudacao
sem conteudo detectavel,nao_entendi
sem conteudo detectavel,nao_entendi
pergunta se eu sou baixa a trench facil fica muito comprida resposta tamanho e medidas,tamanho_modelagem
essa,nao_entendi
stella sent an attachment,nao_entendi
ele,nao_entendi
brenda sent an attachment,nao_entendi
qualquer outra daovida sigo a disposia a o,nao_entendi
bia sent an attachment,nao_entendi
nossa perfeito,nao_entendi
cozy,nao_entendi
pergunta tenho duvida no tamanho da camisa viajante qual voce recomenda resposta tamanho e medidas,tamanho_modelagem
<url> www curadobia com br,nao_entendi
povo,nao_entendi
posso,nao_entendi
vista,nao_entendi
ok obrigada,agradecimento
pergunta a regata pregas jersey tem desconto a vista resposta preco estoque e pagamento,formas_pagamento
pergunta a saia acinturante e oversized ou normal resposta tamanho e medidas,tamanho_modelagem
praia,nao_entendi
bom dia consegue me mandar o video,saudacao
meu tel <num> <num> <num>,nao_entendi
pra,nao_entendi
um,nao_entendi
essas,nao_entendi
ola emilia boa noite tudo bem agradecemos demais o feedback e pode ter certeza que uma das preocupacoes que estamos tendo e seguir na busca por marcas que tragam opcoes e grades que representam o maior numero de corpos possivel sobre a tabela de medida estamos buscando ajustar obrigada por nos informar e seguiremos aprimorando cada vez mais bjos,saudacao
estilo,nao_entendi
chat,nao_entendi
ola adriana tudo bem te encaminhamos uma mensagem pelo seu whatsapp obrigada por ter entrado em contato conosco,saudacao
ok,nao_entendi
logo mais te passo novas informacoes,nao_entendi
<url>,nao_entendi
esforco,nao_entendi
oie em breve trarei uma curadobia de bolsas por aqui tmb,nao_entendi
aquele,nao_entendi
o meu a c <user> oficial d,nao_entendi
preta,nao_entendi
o,nao_entendi
pode ser <num> tambem,nao_entendi
sem conteudo detectavel,nao_entendi
bom dia alessandra acredito que te respondemos pelo whatsapp mas aproveito para confirmar que por enquanto ela esta disponavel apenas no tamanho <num> que equivale a um tamanho m,saudacao
dificil,nao_entendi
bia sent an attachment,nao_entendi
de todo modo agradea o por perguntar,nao_entendi
ola katia tudo bem,saudacao
camisas,nao_entendi
saia,nao_entendi
julia sent an attachment,nao_entendi
gente,nao_entendi
lucia shared a product,nao_entendi
pergunta a calca cool fica justa no quadril resposta tamanho e medidas,tamanho_modelagem
medida,nao_entendi
sem conteudo detectavel,nao_entendi
sem conteudo detectavel,nao_entendi
polar,nao_entendi
<num>,nao_entendi
fica,nao_entendi
<url>,nao_entendi
muito tenso,nao_entendi
que lindoo,nao_entendi
curtiu uma mensagem,nao_entendi
ou,nao_entendi
ola sou o gerente de vendas da pg game platform quero falar com vocaa sobre parcerias nossa plataforma foi licenciada conjuntamente pelo governo federal brasileiro e pelo governo de curaa ao em outubro vocaa pode se juntar a na <num> s e lhe daremos altas comissaues entre em contato comigo pelo whatsapp <num>,saudacao
aquele,nao_entendi
do,nao_entendi
maleavel,nao_entendi
sem conteudo detectavel,nao_entendi
oi anna sua compra foi realizada com sucesso pode ficar tranquila ja conferimos aqui direitinho para vocaa,saudacao
pedimos desculpas pelo ocorrido e pode ter certeza que isso servira para aprimorarmos nosso atendimento e nao deixar que situacoes como essa ocorram novamente agradeco sua compreensao e nos disponibilizamos para auxiliar da melhor forma possivel sobre ter ficado um pouco grande o body nos informe se desejar efetuar troca que ja posso agilizar junto a marca essa solicitacao,troca_devolucao_politica
sem conteudo detectavel,nao_entendi
bia sent an attachment,nao_entendi
mas amei a sugesta o ju,nao_entendi
link compartilhado,como_comprar
bia gosto muito das suas bolsas poderia passar umas dicas na o encontrei no seu site a,erros_plataforma
ser,nao_entendi
comprar,como_comprar
voce,nao_entendi
a,nao_entendi
link compartilhado,como_comprar
ama,nao_entendi
imagem enviada,nao_entendi
o,nao_entendi
nao rsrs,nao_entendi
fazer,nao_entendi
molinho,nao_entendi
curtiu uma mensagem,nao_entendi
ela,nao_entendi
curtiu uma mensagem,nao_entendi
sem conteudo detectavel,nao_entendi
pergunta a calca cool tem frete gratis resposta frete prazos e trocas,frete_prazo
de,nao_entendi
sem,nao_entendi
pergunta aceitam pix pra calca saruel silvia resposta preco estoque e pagamento,formas_pagamento
oi anelisa tudo bem eu sou a ana faco parte do time curadobia,saudacao
ola pessoal como va o meu nome a c ana e trabalho junto com a bia paes de barros no curadobia com br o curadobia a c um marketplace que nasceu com o propa <num> sito de reunir em um sa <num> lugar pea as que fazem toda a diferena a no arma rio e ao mesmo tempo sa o fa ceis de usar os chamados neutros com tcharanz acreditamos que a natu super se conecta com essa proposta com quem poderia conversar para falar mais sobre aguardo vocaas,saudacao
link compartilhado,como_comprar
ja tentei tres vezes sera que pode ser o tamanho,tamanho_modelagem
curtiu uma mensagem,nao_entendi
bia sent an attachment,nao_entendi
no,nao_entendi
vai super vai amar essa peca,nao_entendi
obvio,nao_entendi
link compartilhado,como_comprar
link compartilhado,como_comprar
e,nao_entendi
saia,nao_entendi
<num> <num> m,nao_entendi
sem conteudo detectavel,nao_entendi
d,nao_entendi
sem conteudo detectavel,nao_entendi
sair,nao_entendi
como estaria sua agenda para segunda a tarde,nao_entendi
ola fiz uma compra com voces tudo certo,saudacao
ola bom dia,saudacao
bia sent an attachment,nao_entendi
vai ter reposicao dessa calca,nao_entendi
oi amanda nossas sinceras desculpas por todo esse ocorrido somos um marketplace com operacoes a todo vapor e infelizmente nao estamos livres de erros tecnicos e tecnologicos acontecerem checamos com a marca e por enquanto estamos com o tamanho <num> e <num> prontos para a venda seguimos a disposicao para te auxiliar em todas as duvidas e questoes necessarias aqui com a gente como seu cadastro esta certinho acredito que nao teremos mais essa situacao ocorrendo obrigada por estar conosco equipe curadobia,saudacao
ola dri boa tarde tudo bem estamos entrando em contato porque identificamos que ha um tempo vocaa demonstrou interesse nas sanda lias da bia que apareceram em um dos nossos reels agora eles esta o disponaveis no site do curadobia dd segue o link <url> obrigada por nos acompanhar dri qualquer daovida estamos a disposia a o equipe curadobia d,saudacao
link compartilhado,como_comprar
up,nao_entendi
avisar,nao_entendi
eu,nao_entendi
preta,nao_entendi
pergunta a blusa molona e feita no brasil resposta extras e institucional,nao_entendi
opa acho que caiu,nao_entendi
verao,nao_entendi
qualquer outra duvida sigo a disposicao,nao_entendi
amoooo suas rasteiras nao sao da sua lj mas poderia indicar aonde tem aquela custo beneficio,nao_entendi
brinco,nao_entendi
segunda na parte da tarde vocaa teria disponibilidade,nao_entendi
ola,saudacao
fui olhar para comprar o tamanho <num> dessa cala a pora c m a largura da cintura e do quadril eh a mesma <num>,tamanho_modelagem
sem conteudo detectavel,nao_entendi
as,nao_entendi
visual,nao_entendi
trabalhar,nao_entendi
qualquer coisa seguimos a disposicao,nao_entendi
bia sent an attachment,nao_entendi
pergunta a saia acinturante e oversized ou normal resposta tamanho e medidas,tamanho_modelagem
ola gloria nao temos apenas vendas on line no site www curadobia com br,saudacao
pergunta se eu sou baixa a trench facil fica muito comprida resposta tamanho e medidas,tamanho_modelagem
ola tudo bem seriam essas pecas,saudacao
ganham,nao_entendi
poderosa,nao_entendi
link compartilhado,como_comprar
viajante,nao_entendi
apoio,nao_entendi
pra,nao_entendi
<num>,nao_entendi
curtiu uma mensagem,nao_entendi
stella depois pea o apenas que compartilhe seu naomero de telefone que aa fica mais fa cil nossa comunicaa a o,nao_entendi
curtiu uma mensagem,nao_entendi
estilo,nao_entendi
ola pessoal como va o meu nome a c ana e trabalho junto com a bia paes de barros no curadobia com br insta <user> oficial o curadobia a c um marketplace que nasceu com o propa <num> sito de reunir em um sa <num> lugar pea as que fazem toda a diferena a no arma rio e ao mesmo tempo sa o fa ceis de usar os chamados neutros com tcharanz acreditamos que a aim super se conecta com essa proposta com quem poderia conversar para falar mais sobre aguardo vocaas,saudacao
ola pessoal como va o meu nome a c ana e trabalho junto com a bia paes de barros no curadobia com br o curadobia a c um marketplace que nasceu com o propa <num> sito de reunir em um sa <num> lugar pea as que fazem toda a diferena a no arma rio e ao mesmo tempo sa o fa ceis de usar os chamados neutros com tcharanz acreditamos que a escudero co super se conecta com essa proposta com quem poderia conversar para falar mais sobre aguardo vocaas,saudacao
bia sent an attachment,nao_entendi
branco,nao_entendi
mas gostaria de experimentar antes de comprar e possivel meu cel <num> <num> <num>,como_comprar
comprar,como_comprar
gostaria de saber o tamanho da cintura dessa calca no tamanho m,tamanho_modelagem
vc,nao_entendi
ola bom dia roupas lindas aqui mas na o encontrei muitas opa aues de tamanhos maiores a isso mesmo tenho uma cliente que se enquadraria perfeita nesse estilo mais contempora neo mas a c um tamanho g gg <num> <num> poderiam me sugerir algumas opa aues,saudacao
ola primeiramente quero dizer que a curadobia esta fanta stica vi que va rios produtos esta o indisponaveis no site como a blusa pah e phyna por exemplo tem alguma previsa o de retorno ao estoque,saudacao
ser,nao_entendi
muito obrigada pela atena a o,agradecimento
oi lais bom dia como vai ana aqui da equipe do curadobia obrigada pelo seu interesse conosco estamos fazendo uma repaginaa a o no site e assim que voltarmos te aviso tudo bem d deg,saudacao
segura,nao_entendi
<url>,nao_entendi
bia sent an attachment,nao_entendi
bia sent an attachment,nao_entendi
pergunta da pra parcelar a saia tech sem juros resposta preco estoque e pagamento,formas_pagamento
aaaah perdi quando vai ter offline de novo,nao_entendi
imagem enviada,nao_entendi
tom,nao_entendi
sua camisa e linda,nao_entendi
codigo,nao_entendi
muito obrigada,agradecimento
link compartilhado,como_comprar
sem conteudo detectavel,nao_entendi
obrigada pelo convite adorei a minha sandalia nova hearts,agradecimento
bom dia gil infelizmente nao trabalhamos com cupom para <num> a compra ainda mas estamos a disposicao para sanar qualquer duvida,saudacao
do,nao_entendi
oiee tudo bem amei a bota tem curadoria dela bjos,nao_entendi
foi so hoje ou vai ficar mais tempo,nao_entendi
e,nao_entendi
sem conteudo detectavel,nao_entendi
imagem enviada,nao_entendi
pergunta a trench facil tem forro interno resposta modelagem e tecido,tamanho_modelagem
oii tudo bem,nao_entendi
e,nao_entendi
ola livia td e vc ficamos felizes que gostou dessa jaqueta acredito que tenha sido um erro da lojinha do instagram o valor correto r <num>,saudacao
super,nao_entendi
sem conteudo detectavel,nao_entendi
sem conteudo detectavel,nao_entendi
anelisa acabamos de confirmar seu pedido com a marca tudo certo ele ja esta para a produa a o,nao_entendi
ola dany bom dia caso tenha algum problema com o tamanho voce pode optar por trocar ou devolver o produto basta nos informar pelo e mail contato curadobia <user> com que iremos encaminhar sua solicitacao para a marca responsavel a marca ira proceder com os proximos passos como envio do codigo de logistica reversa e tudo mais,saudacao
porem e interessante frisar que a modelagem da calca e uma cintura no lugar nem cintura baixa e nem cintura alta,tamanho_modelagem
abertas,nao_entendi
seguem as medidas p cos <num> cm e veste quadril ate <num> cm m cos <num> cm e veste um quadril ate <num> cm g cos <num> cm e veste um quadril ate <num> cm,tamanho_modelagem
super normal a forma,nao_entendi
brenda sent an attachment,nao_entendi
essa,nao_entendi
curtiu uma mensagem,nao_entendi
link compartilhado,como_comprar
luana shared a product,nao_entendi
imagina,nao_entendi
da,nao_entendi
coloca,nao_entendi
a calca ficou sobrando muito atras,nao_entendi
oi maria tudo bem bom dia nosso evento a c exclusivo para nossas clientes conhecerem o mix de perto e ocorre duas vezes ao ano o pra <num> ximo sera em novembro te esperamos,saudacao
a,nao_entendi
pergunta a calca cool fica justa no quadril resposta tamanho e medidas,tamanho_modelagem
boa tarde a jaqueta off da nauanim voltou,saudacao
link compartilhado,como_comprar
cecilia sent an attachment,nao_entendi
so mimimi sent an attachment,nao_entendi
um,nao_entendi
ola somente essa cor selecionamos sempre uma unica para estar aqui no curadobia,saudacao
camisa,nao_entendi
sem conteudo detectavel,nao_entendi
oi tatiane tudo bem obrigada pela sua mensagem vamos nos planejar para outros momentos offline com certeza postaremos por aqui,saudacao
nome,nao_entendi
maravilha,nao_entendi
<url>,nao_entendi
bia sent an attachment,nao_entendi
ideia,nao_entendi
sem conteudo detectavel,nao_entendi
<url>,nao_entendi
link compartilhado,como_comprar
pergunta tenho duvida no tamanho da camisa viajante qual voce recomenda resposta tamanho e medidas,tamanho_modelagem
<url>,nao_entendi
claro,nao_entendi
curadobia,nao_entendi
sem conteudo detectavel,nao_entendi
oi cristiane foi confirmado seu pedido,saudacao
sem conteudo detectavel,nao_entendi
pergunta tenho duvida no tamanho da camisa viajante qual voce recomenda resposta tamanho e medidas,tamanho_modelagem
com,nao_entendi
sem conteudo detectavel,nao_entendi
estamos aqui para o que precisar,nao_entendi
parabens excelente ideia vim pelo insta da gloria kalil torcendo por mais um sucesso,nao_entendi
site,erros_plataforma
de,nao_entendi
bom dia karyna infelizmente nao trabalhamos com cupom para <num> a compra ainda mas estamos aqui para te auxiliar no processo inteiro,saudacao
tech,nao_entendi
bia sent an attachment,nao_entendi
link compartilhado,como_comprar
bia sent an attachment,nao_entendi
blazer,nao_entendi
o,nao_entendi
bom dia adriana como voce esta,saudacao
<url>,nao_entendi
adoramos ela,nao_entendi
ola bom dia como va o aguardamos a resposta de vocaas por la enta o obrigada,saudacao
sem conteudo detectavel,nao_entendi
oi cristiane bom dia obrigada pela sua mensagem na verdade todos os nossos pedidos sa o enviados o email de confirmaa a o imediatamente pora c m realmente identificamos um erro no nosso sistema que os aoltimos pedidos na o esta o recebendo a confirmaa a o ja estamos em contato com o nosso ta c cnico para resolver obrigada por ter nos informado,saudacao
sem conteudo detectavel,nao_entendi
bia sent an attachment,nao_entendi
curtiu uma mensagem,nao_entendi
zero,nao_entendi
imagina estamos por aqui qualquer coisa que precisar,nao_entendi
e a regata arrumadona,nao_entendi
e,nao_entendi
reagiu com a sua mensagem,nao_entendi
ola evelyn bom dia tudo bem aqui somos do curadobia voce teria interesse em apresentar a sua marca pensando em participar do curadobia ou seria referente a parceria de divulgacao com a bia,saudacao
<num>,nao_entendi
oi ana tudo e vocaa beleza obrigada,saudacao
you sent an attachment,nao_entendi
enfiar,nao_entendi
sem conteudo detectavel,nao_entendi
dificuldade,nao_entendi
link compartilhado,como_comprar
sem problemas mari apenas encaminha pra gente um e mail solicitando que iremos dar sequencia com a troca e mail contato curadobia <user> com,troca_devolucao_politica
vou olhar,nao_entendi
tem,nao_entendi
link compartilhado,como_comprar
link compartilhado,como_comprar
sem conteudo detectavel,nao_entendi
ok muito obrigada,agradecimento
oi ana tudo e voce beleza obrigada,saudacao
queria,nao_entendi
link compartilhado,como_comprar
lindassima,nao_entendi
na,nao_entendi
<url>,nao_entendi
do,nao_entendi
vazado,nao_entendi
e a regata arrumadona,nao_entendi
<url>,nao_entendi
sem conteudo detectavel,nao_entendi
pergunta tenho <num> cm de busto qual regata pregas jersey comprar resposta tamanho e medidas,tamanho_modelagem
curtiu uma mensagem,nao_entendi
pergunta aceitam pix pra trench facil resposta preco estoque e pagamento,formas_pagamento
oi amanda nossas sinceras desculpas por todo esse ocorrido somos um marketplace com operaa aues a todo vapor e infelizmente na o estamos livres de erros ta c cnicos e tecnola <num> gicos acontecerema <num> i checamos com a marca e por enquanto estamos com o tamanho <num> e <num> prontos para a venda seguimos a disposia a o para te auxiliar em todas as daovidas e questaues necessa rias aqui com a gente como seu cadastro esta certinho acredito que na o teremos mais essa situaa a o ocorrendo obrigada por estar conosco equipe curadobiad,saudacao
obrigada pelo retorno namoro o modelo gladiador me lembro dele mas quando fui procurar ja nao tinha mais,agradecimento
facil,nao_entendi
a,nao_entendi
de,nao_entendi
o,nao_entendi
olivve sent an attachment,nao_entendi
de nada,nao_entendi
bia sent an attachment,nao_entendi
imagem enviada,nao_entendi
ola como vai funcionar onde vai ser obrigada,saudacao
oi bia tudo bem adorei a <user> o nome ficou demais e claro ja fui olhar as pea as na o localizei tabela de medidas porem pelo tamanho das pea as que vc veste o g provavelmente na o vai caber em mim uso <num> <num> a depender da confeca a o pense com carinho em fazer uma curadoria para tamanhos normais desejo muito sucesso nessa nova empreitada que deus te abena oe bjos,saudacao
pergunta consigo devolver a regata pregas jersey se nao servir resposta frete prazos e trocas,frete_prazo
pingente,nao_entendi
chic,nao_entendi
luz,nao_entendi
bia sent an attachment,nao_entendi
que roupa bonita,nao_entendi
parece,nao_entendi
obrigada pelo prestigio foi incrivel te ter de pertinho ontem,agradecimento
nuances,nao_entendi
bia sent an attachment,nao_entendi
oie tudo bem elaine obrigada pela sua mensagem vocaa consegue nos confirmar suas medidas para que possamos verificar com mais precisa o d,agradecimento
compra realizada,nao_entendi
muito obrigada pelo retorno,agradecimento
continuo,nao_entendi
bolsa,nao_entendi
pergunta a calca saruel silvia tem forro interno resposta modelagem e tecido,tamanho_modelagem
ola sandra boa tarde tudo bem estamos entrando em contato porque identificamos que ha um tempo vocaa demonstrou interesse nos sapatos da bia que apareceram em um dos nossos reels agora eles esta o disponaveis no site do curadobia dd segue o link <url> obrigada por nos acompanhar sandra qualquer daovida estamos a disposia a o equipe curadobia d,saudacao
vocabulario,nao_entendi
com,nao_entendi
deu certo mas a peca que eu queria acabou,nao_entendi
e,nao_entendi
mais,nao_entendi
pergunta tem rastreio pra camisa de responsa resposta frete prazos e trocas,frete_prazo
sem conteudo detectavel,nao_entendi
como comprar,como_comprar
bia sent an attachment,nao_entendi
ahhh maravilha,nao_entendi
bia sent an attachment,nao_entendi
vira,nao_entendi
muito obrigada legal que sou do mesmo tamanho que ela,agradecimento
na <num> s seguimos acompanhando todo o processo ata c sua finalizaa a o,nao_entendi
ai,nao_entendi
que,nao_entendi
pingente,nao_entendi
bom dia marcia tudo bem obrigada pela sua mensagem ficamos muito felizes que gostou da nossa pantalona jeans infelizmente ela esta esgotada no momento mas assim que tivermos a reposicao te avisamos,saudacao
pergunta a saia tech fica justa no quadril resposta tamanho e medidas,tamanho_modelagem
ola td e vc,saudacao
necessarias,nao_entendi
sem conteudo detectavel,nao_entendi
<url>,nao_entendi
agradeco o feedback,nao_entendi
link compartilhado,como_comprar
obrigada pela presenca renata vai arrasar demais com o conjuntinho mascavo nosso intimo terracota,agradecimento
you sent an attachment,nao_entendi
oii karinne tudo bem aqui quem fala a c a ana do time curadobia vocaa acredita que estive olhando todos os dias desde que vocaa demonstrou interesse se a nossa saia anica voltaria ao estoque e somente hoje isso aconteceu ela a c a queridinha das nossas clientes e tem acabado ra pido enta o espero que consiga aproveitar essa oportunidade te encaminho o link para o acesso dela,como_comprar
o meu e <user> oficial,nao_entendi
sabe,nao_entendi
uma,nao_entendi
do,nao_entendi
bia sent an attachment,nao_entendi
usar,nao_entendi
pensamos que poderia ser a senha criada mas quando ocorre algum ponto nesse aspecto surge uma mensagem abaixo voce se importaria em tentar novamente apenas para checarmos se continua ocorrendo o mesmo erro,erros_plataforma
ah perfeito <num> h poderia ser,nao_entendi
leve,nao_entendi
macacoes com mangas,nao_entendi
ola tudo bem entre em contato com nosso comercial <num>,saudacao
imagem enviada,nao_entendi
oie obrigada pela resposta conversamos com a bia e temos interesse em marcar uma reunia o ja por esses dias pois o curadobia esta com uma nova metodologia e com novidades e mesmo a produa a o de vocaas para mara o seria interessante conversar com vocaas agora o que acham te aguardo,agradecimento
sem conteudo detectavel,nao_entendi
tudo bem e voces,nao_entendi
you sent an attachment,nao_entendi
bia sent an attachment,nao_entendi
sem conteudo detectavel,nao_entendi
do,nao_entendi
code,nao_entendi
bia sent an attachment,nao_entendi
curtiu uma mensagem,nao_entendi
sem conteudo detectavel,nao_entendi
<url>,nao_entendi
com,nao_entendi
de,nao_entendi
d,nao_entendi
dar,nao_entendi
ficar,nao_entendi
camisa,nao_entendi
obrigada enviarei,agradecimento
os bodys da revival sao excelentes pecas neutras e basicas para ter no armario e possuem uma ampla grade de tamanhos <url> alem disso temos nossos acessorios <url> bolsas <url> e sapatos <url>,nao_entendi
preso,nao_entendi
<url>,nao_entendi
pora c m a c interessante frisar que a modelagem da cala a a c uma cintura no lugar nem cintura baixa e nem cintura alta,tamanho_modelagem
magica,nao_entendi
<url>,nao_entendi
oi ana tudo bem na epoca o pessoal da d aura te instruiu que iriam retirar na sua portaria,saudacao
porem na duvida do melhor tamanho,tamanho_modelagem
sem conteudo detectavel,nao_entendi
paguei sedex porque estou indo hoje pra londres e queria levar o body,nao_entendi
mas que bom que achou conforta vel,nao_entendi
com quem falo b,nao_entendi
modelagem,tamanho_modelagem
reagiu com a sua mensagem,nao_entendi
ola sou o gerente de vendas da pg game platform quero falar com voce sobre parcerias nossa plataforma foi licenciada conjuntamente pelo governo federal brasileiro e pelo governo de curacao em outubro voce pode se juntar a nos e lhe daremos altas comissoes entre em contato comigo pelo whatsapp <num>,saudacao
obrigada no aguardo que seja disponibilizado o envio,agradecimento
bia sent an attachment,nao_entendi
ola como vai muito prazer meu nome e ana e trabalho aqui no curadobia nao sei se recordam porem conversamos no primeiro semestre do ano passado <num> sobre esse projeto da bia paes de barros desde la evoluimos bastante e estamos concretizados como um marketplace em potencial crescimento queremos compartilhar com voces nosso site para darem uma olhada curadobia com br ainda temos a toruss em foco o que acham de retomarmos contato aguardo voces,saudacao
imagem enviada,nao_entendi
bia sent an attachment,nao_entendi
tenho,nao_entendi
duvidas,nao_entendi
se,nao_entendi
<num> <num>,nao_entendi
sempre,nao_entendi
pergunta tenho duvida no tamanho da blusa molona qual voce recomenda resposta tamanho e medidas,tamanho_modelagem
cliente,nao_entendi
soltinha,nao_entendi
obrigada,agradecimento
segredo,nao_entendi
link compartilhado,como_comprar
uma,nao_entendi
cm,nao_entendi
por nada,nao_entendi
vocaas tem loja fasica,nao_entendi
sem conteudo detectavel,nao_entendi
ola tudo bem podemos falar pelo nosso whatsapp <num> <num> <num> <num>,saudacao
despojadas,nao_entendi
to,nao_entendi
bom dia adriana como vocaa esta,saudacao
modelo,nao_entendi
bia sent an attachment,nao_entendi
jeans,nao_entendi
bia sent an attachment,nao_entendi
sem conteudo detectavel,nao_entendi
bia sent an attachment,nao_entendi
a i,nao_entendi
uma,nao_entendi
oi karyna bom dia vimos que voce mandou as mesmas mensagens pelo nosso whatsapp vamos dar seguimento por la entao tudo bem obrigada,saudacao
imagem enviada,nao_entendi
aqui e a ana do time curadobia,nao_entendi
alguma,nao_entendi
credibilidade,nao_entendi
ola tudo bem seriam essas pea as,saudacao
<url>,nao_entendi
ah que bom e lindissima parabens,nao_entendi
sem conteudo detectavel,nao_entendi
que,nao_entendi
bia sent an attachment,nao_entendi
como posso fazer essa apresentacao,nao_entendi
ola bia te vi no post da teti gio amei o seu perfil eu tenho uma marca de joias autorais com design minimalista e ouro sustenta vel adoraria te apresentar <user> tamba c m gostaria de conversar sobre divulgacao se houver interesse claro muito obrigada um abraa o evelyn,saudacao
quando ela estiver disponivel nos vamos te avisar,nao_entendi
agora estou organizando as coisas,nao_entendi
ela,nao_entendi
quero comprar mas preciso saber se ela cala a certinho o naomero do cala o o naomero <num> devo comprar o mesmo,como_comprar
ola jaolia bom dia tudo bem,saudacao
bia sent an attachment,nao_entendi
bia sent an attachment,nao_entendi
de,nao_entendi
bom dia pamela tudo bem revisamos aqui o nosso sistema e fizemos testes e tudo parece funcionar bem esperamos que voce tenha uma boa experiencia agora o que aconselhamos tambem e entrar no site pelo google chrome caso voce ainda nao tenha acessado por la vou te encaminhar os links dos produtos que voce nos encaminhou <url> <url> <url> <url> <url>,saudacao
bia sent an attachment,nao_entendi
link compartilhado,como_comprar
plataforma,nao_entendi
do,nao_entendi
muito,nao_entendi
mesmice,nao_entendi
boa,nao_entendi
cai,nao_entendi
sem conteudo detectavel,nao_entendi
adquiri uma maxi pantalona valeria mansur,nao_entendi
usar,nao_entendi
brenda sent an attachment,nao_entendi
claro envio sim mas ata c para na <num> s entendermos o que esta ocorrendo com essa visualizaa a o vocaa esta acessando pelo celular que aa ja direcionamos pra equipe ta c cnica corrigir,nao_entendi
camisa,nao_entendi
oi anna bom dia tudo bem nos desculpe a falta de resposta vou te mandar mensagem via whatsapp para ficar melhor a nossa comunicacao tudo bem mas pode ficar tranquila pois realmente nosso atendimento funciona prioritariamente durante a semana e nao vamos te deixar desamparada,saudacao
scorro shared a product,nao_entendi
pergunta a saia tech amassa facil resposta modelagem e tecido,tamanho_modelagem
no,nao_entendi
bia sent an attachment,nao_entendi
se,nao_entendi
o tom certo e o que esta no site os stories que a bia postou hoje modificaram um pouco o tom,erros_plataforma
pergunta a saia acinturante marca muito o corpo resposta modelagem e tecido,tamanho_modelagem
<url>,nao_entendi
link compartilhado,como_comprar
curtiu uma mensagem,nao_entendi
ola sua curadoria projeto editorial e gra fico sa o incraveis paraba c ns mas sua plataforma de e commerce na o funciona bem estou desde ontem tentando fazer compras mas pa ginas na o carregam carrinhos esvaziam muito difacil,saudacao
sem conteudo detectavel,nao_entendi
eu queria usar nas fotos que irei fazer amanha,nao_entendi
curtiu uma mensagem,nao_entendi
sem conteudo detectavel,nao_entendi
curtiu uma mensagem,nao_entendi
eu estou vendo mesmo que esta demorando mas super obrigada bom final de semana brenda,agradecimento
essa gladiadora qual o naomero tem <num>,nao_entendi
estilo,nao_entendi
erros,nao_entendi
link compartilhado,como_comprar
dica,nao_entendi
bia sent an attachment,nao_entendi
qualquer duvida nos avise ok,nao_entendi
pretensao,nao_entendi
qual seu manequim,nao_entendi
ola pessoal como va o meu nome a c ana e trabalho junto com a bia paes de barros no curadobia com br insta <user> oficial o curadobia a c um marketplace que nasceu com o propa <num> sito de reunir em um sa <num> lugar pea as que fazem toda a diferena a no arma rio e ao mesmo tempo sa o fa ceis de usar os chamados neutros com tcharanz acreditamos que a wendyel borin super se conecta com essa proposta com quem poderia conversar para falar mais sobre aguardo vocaasd,saudacao
da,nao_entendi
boa tarde fiz um pedido de uma blusa brilhei no dia <num> <num> nao recebi nenhum e mail de confirmacao sera que esta tudo certo meu nome e cristiane rocha loures brenner,saudacao
essa,nao_entendi
pergunta da pra usar a camisa viajante em festa de dia resposta combinacoes e ocasioes,nao_entendi
oi,saudacao
do,nao_entendi
sheila essa foi a tabela passada para na <num> s pela marca estamos em contato com eles para ter exatamente a medida do quadril inclusive obrigada pela pergunta pois com ela vamos atualizar o nosso site mas podemos te adiantar que ele tem uma estrutura folgada no quadril enta o acreditamos que ele vai dar certo para ti no tamanho <num> para te passar outra base nas fotos do produto no nosso site a bia esta vestindo o tamanho <num>,agradecimento
pergunta se eu sou baixa a calca saruel silvia fica muito comprida resposta tamanho e medidas,tamanho_modelagem
dia,nao_entendi
<url>,nao_entendi
curtiu uma mensagem,nao_entendi
muito obrigada legal que sou do mesmo tamanho que ela,agradecimento
link compartilhado,como_comprar
meu nome a c ana sigo aqui para o que vocaa precisar,nao_entendi
resolve,nao_entendi
adoroa,nao_entendi
que pena dri entendemos espero que outras pecas no site te encontrem estamos aqui qualquer coisa obrigada pela mensagem,agradecimento
sem conteudo detectavel,nao_entendi
d,nao_entendi
exagero,nao_entendi
sheila shared a product,nao_entendi
link compartilhado,como_comprar
pergunta a saia acinturante e oversized ou normal resposta tamanho e medidas,tamanho_modelagem
conforto,nao_entendi
com quem falo b,nao_entendi
ola pessoal como vao meu nome e ana e trabalho junto com a bia paes de barros no curadobia com br o curadobia e um marketplace que nasceu com o proposito de reunir em um so lugar pecas que fazem toda a diferenca no armario e ao mesmo tempo sao faceis de usar os chamados neutros com tcharanz acreditamos que a novamente pode se conectar com essa proposta com quem poderia conversar para falar mais sobre aguardo voces,saudacao
joia,nao_entendi
pergunta aceitam pix pra trench facil resposta preco estoque e pagamento,formas_pagamento
eu sugiro q vcs verifiquem melhor as parcerias de fornecedores pois na o comprarei mais nesta curadoria infelizmente gosto mto do trabalho da biaa mas assim inviabiliza,nao_entendi
curtiu uma mensagem,nao_entendi
obrigada ana,agradecimento
obrigada beijinhos,agradecimento
persuasao,nao_entendi
link compartilhado,como_comprar
por nada,nao_entendi
oi karyna bom dia tudo bem vamos verificar,saudacao
eu sugiro q vcs verifiquem melhor as parcerias de fornecedores pois nao comprarei mais nesta curadoria infelizmente gosto mto do trabalho da bia mas assim inviabiliza,nao_entendi
obrigada pela presenca foi incrivel atender e receber voces de pertinho,agradecimento
de todo modo agradeco por perguntar,nao_entendi
seguimos a disposicao para o que precisar,nao_entendi
muito estilo,nao_entendi
por favor me interessei por este macaca o quais tamanhos e como comprar,como_comprar
<url>,nao_entendi
oi anna sua compra foi realizada com sucesso pode ficar tranquila ja conferimos aqui direitinho para voce,saudacao
amooo,nao_entendi
bia sent an attachment,nao_entendi
sem conteudo detectavel,nao_entendi
tudo,nao_entendi
ola obrigada qual a previsa o de entrega,saudacao
mas paguei por uma coisa que na o recebi,nao_entendi
mas,nao_entendi
inventada,nao_entendi
sem conteudo detectavel,nao_entendi
deixa,nao_entendi
sem conteudo detectavel,nao_entendi
bia sent an attachment,nao_entendi
precisei escrever em uma postagem,nao_entendi
e em outras <num>,nao_entendi
bia sent an attachment,nao_entendi
curtiu uma mensagem,nao_entendi
bia sent an attachment,nao_entendi
grafico,nao_entendi
acessorio,nao_entendi
sim,nao_entendi
muito obrigada tenham um bom fim de semana,agradecimento
de,nao_entendi
mas pode ficar tranquila que assim que lancarmos a terceira peca que voce gostou vou te mandar por aqui tudo bem nao deixe de garantir suas pecas da lounge a tempo,nao_entendi
bia sent an attachment,nao_entendi
sem conteudo detectavel,nao_entendi
uma coisa de lindo,nao_entendi
joia,nao_entendi
camisa,nao_entendi
link compartilhado,como_comprar
toda,nao_entendi
e,nao_entendi
<url>,nao_entendi
ok perfeito caso mude de ideia seguimos a disposicao novamente desculpa pelo transtorno e desejo uma otima viagem,nao_entendi
como,nao_entendi
sem conteudo detectavel,nao_entendi
bem,nao_entendi
dizer,nao_entendi
mybasic sent an attachment,nao_entendi
pergunta a saia acinturante combina com jeans resposta combinacoes e ocasioes,nao_entendi
o,nao_entendi
preta,nao_entendi
vai ter reposia a o dessa cala a,nao_entendi
<url>,nao_entendi
que,nao_entendi
alguma,nao_entendi
linda cala a qual a c a marca,nao_entendi
eu amo todos os seus looks combina <num> com o meu estilo queria ter todas as pea as para mim pena que moro do outro lado do mundo,nao_entendi
sem conteudo detectavel,nao_entendi
de,nao_entendi
link compartilhado,como_comprar
perfeito ana obrigada pelo retorno,agradecimento
you sent an attachment,nao_entendi
ok obrigada,agradecimento
sem conteudo detectavel,nao_entendi
me,nao_entendi
<num>,nao_entendi
alta,nao_entendi
porque,nao_entendi
bia sent an attachment,nao_entendi
curtiu uma mensagem,nao_entendi
ahh pena mas na hora certa vai dar,nao_entendi
ola estou tentando finalizar uma compra mas aparece o seguinte erro,saudacao
elegante,nao_entendi
pelo,nao_entendi
link compartilhado,como_comprar
inclusive muito obrigada pela solicitacao pois em funcao dela estamos criando esse mes um destaque aqui no insta trazendo e salvando videos mostrando essa e mais outras pecas que podem gerar duvidas,agradecimento
jantarzinho,nao_entendi
ola carol td bem e vc pode nos enviar para contato curadobia <user> com,saudacao
tudo bem,nao_entendi
boa noite,saudacao
guarda,nao_entendi
essa da bia a c da luiza perea,nao_entendi
sem conteudo detectavel,nao_entendi
tudo,nao_entendi
pergunta a bolsa anda sozinha tem desconto a vista resposta preco estoque e pagamento,formas_pagamento
pergunta a trench facil e versatil pra viagem resposta combinacoes e ocasioes,nao_entendi
vestido,nao_entendi
com,nao_entendi
fazer,nao_entendi
pergunta a trench facil tem forro interno resposta modelagem e tecido,tamanho_modelagem
sheila shared a product,nao_entendi
sem conteudo detectavel,nao_entendi
pudins,nao_entendi
pergunta se eu sou baixa a calca saruel silvia fica muito comprida resposta tamanho e medidas,tamanho_modelagem
curtiu uma mensagem,nao_entendi
chama,nao_entendi
oi bia sou erika dos <user> gostaria de saber como voce trabalha em relacao a promocao de produtos meus brincos sao autorais e os fabrico a <num> anos a producao e <num> nacional fabricamos desde a liga do metal ate o banho de ouro <num> k nossos brincos sao todos bordados a mao com um finissimo arame de cobre e depois banhado a ouro espero seu contato obrigada,saudacao
rua peixoto gomite <num>,nao_entendi
bom dia a obrigada dd>>,saudacao
ser,nao_entendi
dia <num> <num> das <num> hs as <num> hs,nao_entendi
ah perfeito funcionaria as <num> h fuso sa o paulo,nao_entendi
preciso de uma ajudinha com o meu pedido,nao_entendi
saia,nao_entendi
banca,nao_entendi
parar,nao_entendi
sem conteudo detectavel,nao_entendi
respostas,nao_entendi
a,nao_entendi
saberia,nao_entendi
embaixo,nao_entendi
dura,nao_entendi
ola estou tentando finalizar uma compra mas aparece o seguinte erro,saudacao
ai me ajuda com o video ainda nao usei a blusa,nao_entendi
ola como vai muito prazer meu nome a c ana e trabalho aqui no curadobia na o sei se recordam pora c m conversamos no primeiro semestre do ano passado <num> sobre esse projeto da bia paes de barros desde la evoluamos bastante e estamos concretizados como um marketplace em potencial crescimento queremos compartilhar com vocaas nosso site para darem uma olhada curadobia com br ainda temos a pata em foco o que acham de retomarmos contato aguardo vocaas,saudacao
pra,nao_entendi
claro mando tudo la,nao_entendi
sem conteudo detectavel,nao_entendi
chico neto cd mare mar whatsapp <num> <url>,nao_entendi
ola marilene boa noite tudo bem,saudacao
ola gisela essa sandalia a c da minha collab com a paula ferber,saudacao
pergunta tenho <num> cm de busto qual regata pregas jersey comprar resposta tamanho e medidas,tamanho_modelagem
curtiu uma mensagem,nao_entendi
sigo aqui para o que vocaa precisar,nao_entendi
ela,nao_entendi
pergunta a camisa de responsa e slow fashion resposta extras e institucional,nao_entendi
sem conteudo detectavel,nao_entendi
pergunta a calca cool amassa facil resposta modelagem e tecido,tamanho_modelagem
bia sent an attachment,nao_entendi
bia sent an attachment,nao_entendi
vocabulario,nao_entendi
oiee tudo bem amei a bota tem curadoria dela bjos,nao_entendi
curtiu uma mensagem,nao_entendi
alegre,nao_entendi
sem conteudo detectavel,nao_entendi
<url>,nao_entendi
oi anna que bom receber uma mensagem sua feliz que gostou da sanda lia ela a c uma das queridinhas aqui no curadobiad vou te encaminhar o link dela,saudacao
traz,nao_entendi
pergunta o tecido da blusa molona esquenta resposta modelagem e tecido,tamanho_modelagem
bia sent an attachment,nao_entendi
usar,nao_entendi
longona,nao_entendi
mto obrigada msm,agradecimento
pq,nao_entendi
oi gabriela tudo bem ana aqui do time do curadobia estavamos passando por algumas instabilidades mas acredito que agora ja esta tudo resolvido te encaminho aqui o site para ficar mais facil o acesso,saudacao
link compartilhado,como_comprar
stellathomazbastos <user> com,nao_entendi
ola adriana td bem pode escolher a p atendera sua numeraa a o tranquilamente obrigada time curadobia a,saudacao
chegou,nao_entendi
qual a marca do tenis,nao_entendi
ola tudo bem meu nome e leonardo trabalho na importadora <user> <user> vi o instagram da marca e voces tem o perfil lulitex muito sofisticacao e bom gosto trabalhamos com pronta entrega e importacao de tecidos exclusivos de acordo com a demanda do cliente nosso showroom tem um acervo enorme sera um prazer recebe los em uma visita poderia me passar o contato do estilo ou compras desde ja agradeco a atencao att leonardo jose e mail leonardo <user> com br pabx <num> <num> <num> <num> whatsapp <num> <num> <num> <num> www lulitex com br,saudacao
<url>,nao_entendi
bom,nao_entendi
aqui,nao_entendi
inventadas,nao_entendi
estrutura,nao_entendi
pergunta a saia tech amassa facil resposta modelagem e tecido,tamanho_modelagem
obrigada pelo retorno as pea as sa o incraveis a que me apaixonei por essa cala a enta o foi ela que me prendeu o olhar daoi,agradecimento
no,nao_entendi
link compartilhado,como_comprar
pergunta a calca cool fica justa no quadril resposta tamanho e medidas,tamanho_modelagem
link compartilhado,como_comprar
procurando,nao_entendi
pergunta a camisa de responsa combina com jeans resposta combinacoes e ocasioes,nao_entendi
link compartilhado,como_comprar
link compartilhado,como_comprar
uma,nao_entendi
dois,nao_entendi
ah perfeito funcionaria as <num> h fuso sao paulo,nao_entendi
sem conteudo detectavel,nao_entendi
<num>,nao_entendi
sirvam,nao_entendi
bia td bom nao estou conseguindo finalizar a compra da regata podrinha coloquei os dados do cartao e no campo cvv eu ponho os numeros mas o sistema ignora que eu coloquei tentei varias vezes acho que esta com problema,formas_pagamento
com,nao_entendi
o produto a c lindo apesar de ter ficando um pouco grande,nao_entendi
link compartilhado,como_comprar
por muito pouco a minha frustracao seria ainda maior,nao_entendi
e,nao_entendi
ola milene bom dia que bacana que se interessou por essa peca infelizmente ela esta fora de estoque no momento mas em breve com reposicao avisamos assim que voltar obrigada e um abraco equipe curadobia,saudacao
pergunta a saia acinturante e oversized ou normal resposta tamanho e medidas,tamanho_modelagem
fatima te respondemos no whatsapp mas nao recebemos seu retorno esta tudo bem qualquer coisa sigo aqui a disposicao,nao_entendi
link compartilhado,como_comprar
pantalona,nao_entendi
diversao,nao_entendi
oiii boa tarde me chamo talita e sou figurinista na emissora cnbc <user> licenciada pela <user> uma emissora nova que transmite jornalismo de nega <num> cios e a c lider mundial no seu segmento temos no nosso elenco grandes nomes do jornalismo incluido carol barcellos rita wu erica reis christiane pelajo zeca camargo natalia ariade estou apenas dando um exemplo do time de peso que faz parte da emissora as meninas sa o a cara da marca elas postam marcam o tem o manequim otimo e sao mega fotogaanicas podemos alinhar a produa a o me ajudem rs vai ser uma parceria incrivel um beijo e aguardo retorno,saudacao
obrigada pelo prestagio foi incravel te ter de pertinho hojed d,agradecimento
pergunta se eu sou baixa a trench facil fica muito comprida resposta tamanho e medidas,tamanho_modelagem
email,nao_entendi
bia sent an attachment,nao_entendi
<num>,nao_entendi
bia sent an attachment,nao_entendi
e,nao_entendi
junho,nao_entendi
bia sent an attachment,nao_entendi
link compartilhado,como_comprar
for,nao_entendi
sem conteudo detectavel,nao_entendi
<url>,nao_entendi
link compartilhado,como_comprar
sem conteudo detectavel,nao_entendi
ahhh bom d entendi errado enta o achei que estava na serra espero que abra o tempo e fiquei um lindo final de semana,nao_entendi
este a c meu whatsappa,nao_entendi
estou de olho nessa peca aqui,nao_entendi
oi livia boa tarde ana aqui vocaa conseguiu dar uma olhada na jaqueta qualquer coisa sigo aqui para o que vocaa precisar viu,saudacao
ola onde encontro os sapatos este e as gladiadoras especialmente,saudacao
gostaria a camisa branca tamanho m a possavel,tamanho_modelagem
<url>,nao_entendi
duras,nao_entendi
tudo bem tambem que pena eu queria exatamente o verde,nao_entendi
qualquer daovida sigo a disposia a o,nao_entendi
sigo aqui para o que vocaa precisar,nao_entendi
legal obrigada,agradecimento
sem conteudo detectavel,nao_entendi
link compartilhado,como_comprar
ola como va o muito prazer meu nome a c ana e trabalho aqui no curadobia na o sei se recordam pora c m conversamos no primeiro semestre do ano passado <num> sobre esse projeto da bia paes de barros desde la evoluamos bastante e estamos concretizados como um marketplace em potencial crescimento queremos compartilhar com vocaas nosso site para darem uma olhada curadobia com br ainda temos a ja rg em foco o que acham de retomarmos contato aguardo vocaas,saudacao
pergunta a camisa de responsa e oversized ou normal resposta tamanho e medidas,tamanho_modelagem
que aa ja envio um invite,nao_entendi
oie td bem e vc ainda nao mas em breve tera,nao_entendi
mais,nao_entendi
bia sent an attachment,nao_entendi
sem conteudo detectavel,nao_entendi
obrigada beijinhos,agradecimento
link compartilhado,como_comprar
boa tarde pessoal tudo bem estava namorando um macacao verde no site da marca d aura porem nao localizei mais saiu de colecao nao tera reposicao aguardo obrigada milene,saudacao
ola priscila td bem e vc acabamos de fazer alguns testes e esta funcionando normalmente poderia testar novamente para ver se da certo,saudacao
perfeito fico no aguardo abraco,nao_entendi
brenda sent an attachment,nao_entendi
link compartilhado,como_comprar
extraidas,nao_entendi
pergunta a camisa de responsa e oversized ou normal resposta tamanho e medidas,tamanho_modelagem
oi adriana tudo bem bom dia aqui e a ana da equipe do curadobia vimos que voce se interessou pelo macacao no video da bia mas na epoca ele ainda estava em lancamento boa noticia agora esta disponivel segue o link abaixo para que voce possa dar uma olhada,saudacao
bia sent an attachment,nao_entendi
oi daniela que bacana muito obrigada por acompanharem e curtirem meu trabalho,saudacao
sem conteudo detectavel,nao_entendi
bia sent an attachment,nao_entendi
link da calca por gentileza,como_comprar
da,nao_entendi
sem conteudo detectavel,nao_entendi
aquele,nao_entendi
mas amei a sugestao ju,pedir_sugestao_produto
choker,nao_entendi
algo,nao_entendi
fala,nao_entendi
obrigada no aguardo que seja disponibilizado o envio,agradecimento
<num> cm,nao_entendi
ah perfeito <num> h poderia ser,nao_entendi
obrigada,agradecimento
<num>,nao_entendi
tudo bem tamba c m que pena d eu queria exatamente o verde d c,nao_entendi
<num> <num> <num>,nao_entendi
ola td bem fiz uma compra com vc e recebi apenas o tricot vc pode me ajudar muito obrigada desde ja,saudacao
blusa,nao_entendi
os,nao_entendi
tem sim a cala a,nao_entendi
e,nao_entendi
no,nao_entendi
bia sent an attachment,nao_entendi
chic,nao_entendi
<url>,nao_entendi
link compartilhado,como_comprar
curtiu uma mensagem,nao_entendi
link compartilhado,como_comprar
todas,nao_entendi
sempre,nao_entendi
acha melhor pegar maior,nao_entendi
e o pedido <num>,nao_entendi
casa,nao_entendi
ola anna tem sim tamanho <num>,saudacao
bom dia julienne como vai conseguiu analisar a selea a o que fiz especificamente para vocaa e sua cliente,saudacao
esse,nao_entendi
you sent an attachment,nao_entendi
vocaas irao vender oysho,nao_entendi
segue o link dele qualquer daovida ou questa o estamos a disposia a o obrigada por nos acompanhar equipe curadobia d,agradecimento
<url>,nao_entendi
sem conteudo detectavel,nao_entendi
oi bia tudo bem adorei a <user> o nome ficou demais e claro ja fui olhar as pecas nao localizei tabela de medidas porem pelo tamanho das pecas que vc veste o g provavelmente nao vai caber em mim uso <num> <num> a depender da confeccao pense com carinho em fazer uma curadoria para tamanhos normais desejo muito sucesso nessa nova empreitada que deus te abencoe bjos,saudacao
a,nao_entendi
falamos por la,nao_entendi
adorei a dica,nao_entendi
duvida,nao_entendi
link compartilhado,como_comprar
emails,nao_entendi
pergunta o tecido da camisa viajante esquenta resposta modelagem e tecido,tamanho_modelagem
estrutura,nao_entendi
link compartilhado,como_comprar
sobre a questao do frete e possivel unificar ele nas blusas da lounge que voce gostou vou te mandar o link das duas,frete_prazo
ola julia isso mesmo qualquer duvida nos avise por aqui ou pelo nosso whatsapp,saudacao
pergunta se eu sou baixa a calca saruel silvia fica muito comprida resposta tamanho e medidas,tamanho_modelagem
substituta,nao_entendi
ola stella boa tarde tudo bem,saudacao
oi anne bom dia tudo bem aqui e a ana do time curadobia a bia nos informou que voce se interessou pela nossa bolsa molona mas que infelizmente ela esta indisponivel no site,saudacao
claro nossas medidas do tamanho <num> para o macacao cool sa o ombro <num> cm cintura total <num> cm comprimento <num> cm qualquer outra questa o estamos a disposia a o,tamanho_modelagem
obrigada pelo retorno as pecas sao incriveis e que me apaixonei por essa calca entao foi ela que me prendeu o olhar,agradecimento
qualquer coisa seguimos a disposia a o por aqui ok,nao_entendi
agradecemos o seu interesse e qualquer outra questa o estamos a disposia a o equipe curadobia d,nao_entendi
reagiu com d a sua mensagem,nao_entendi
reagiu com a sua mensagem,nao_entendi
stella sent an attachment,nao_entendi
ola tudo bem sim e com voce,saudacao
sem conteudo detectavel,nao_entendi
pergunta a saia tech fica justa no quadril resposta tamanho e medidas,tamanho_modelagem
pergunta a calca cool fica justa no quadril resposta tamanho e medidas,tamanho_modelagem
sem conteudo detectavel,nao_entendi
ok,nao_entendi
que maximo marca a gente nos seus looks muito feliz que esta curtindo a selea a o de pea as logo mais teremos muitas novidades bacanas d,nao_entendi
ola juliana boa tarde tudo bem estamos entrando em contato porque identificamos que ha um tempo vocaa demonstrou interesse nos sapatos da bia que apareceram em um dos nossos reels agora eles esta o disponaveis no site do curadobia dd segue o link <url> obrigada por nos acompanhar juliana qualquer daovida estamos a disposia a o equipe curadobia d,saudacao
<num> cm,nao_entendi
ferias,nao_entendi
este e meu whatsapp,nao_entendi
link compartilhado,como_comprar
poderosao,nao_entendi
qual tamanho,tamanho_modelagem
pra,nao_entendi
bia sent an attachment,nao_entendi
anda,nao_entendi
pra,nao_entendi
bia sent an attachment,nao_entendi
ficamos felizes que tenha curtido ela e muito especial mesmo segue aqui mais detalhes,nao_entendi
link compartilhado,como_comprar
no,nao_entendi
curtiu uma mensagem,nao_entendi
acessorios,nao_entendi
bia sent an attachment,nao_entendi
um dos meus modelos favoritos do site todinh,erros_plataforma
a partir de outubro tera lancamento por aqui,nao_entendi
combine,nao_entendi
sem conteudo detectavel,nao_entendi
curtiu uma mensagem,nao_entendi
bia sent an attachment,nao_entendi
<url>,nao_entendi
pergunta tenho <num> cm de busto qual bolsa anda sozinha comprar resposta tamanho e medidas,tamanho_modelagem
um,nao_entendi
obrigada,agradecimento
sem conteudo detectavel,nao_entendi
pergunta a calca cool fica justa no quadril resposta tamanho e medidas,tamanho_modelagem
que,nao_entendi
jogadao,nao_entendi
bia voce acaba comigo com tantas coisas lindas do curadobia queria muito que tivesse frete internacional canada eu fico aqui babando,frete_prazo
pedi,nao_entendi
pergunta da pra trocar a calca saruel silvia por outro tamanho resposta frete prazos e trocas,frete_prazo
bom dia,saudacao
perfeito ja passei pro pessoal realizar a correa a o obrigada pelo feedback,agradecimento
ver,nao_entendi
da,nao_entendi
obrigada pela presenca silvia,agradecimento
pergunta tenho duvida no tamanho da blusa molona qual voce recomenda resposta tamanho e medidas,tamanho_modelagem
e,nao_entendi
ola,saudacao
adriana shared a product,nao_entendi
do,nao_entendi
tudo bem tambem,nao_entendi
seria,nao_entendi
bia sent an attachment,nao_entendi
obrigada pela presena a renata vai arrasar demais com o conjuntinho mascavo nosso antimo terracota d deg,agradecimento
sabe,nao_entendi
link compartilhado,como_comprar
quente,nao_entendi
caso na o fique com como funciona a troca,troca_devolucao_politica
link compartilhado,como_comprar
bom dia estou interessada na blusa pah mas estou em daovida quanto ao tamanho minhas medidas busto <num> cm e cintura <num> cm,saudacao
ola gente bom dia acabei de ver o post da bia sobre camisas somos uma pequena alfaiataria e camisaria e o core da nossa criacao gostaria muito de apresentar nosso produto pra voces se voces acharem conveniente por favor indiquem a melhor forma de contato abraco stella,saudacao
<num>,nao_entendi
bia sent an attachment,nao_entendi
com,nao_entendi
super normal a forma,nao_entendi
stella sent an attachment,nao_entendi
ola vcs tem uma tabela de medidas para essa calca amei e gostaria de escolher o tamanho certo visto <num> e tenho <num> <num> de quadril entao nao tenho certeza do p ou m poderiam me ajudar no aguardo grata adriana baggio,saudacao
e,nao_entendi
obrigada pela presena a foi incravel atender e receber vocaas de pertinho d d,agradecimento
toda,nao_entendi
mundo,nao_entendi
link compartilhado,como_comprar
essa conta nao pode receber sua mensagem porque nao aceita novas solicitacoes de contato de todos,nao_entendi
a,nao_entendi
essa,nao_entendi
sem conteudo detectavel,nao_entendi
ta,nao_entendi
quadril,nao_entendi
qual seu e mail,nao_entendi
bia sent an attachment,nao_entendi
sem conteudo detectavel,nao_entendi
pergunta da pra usar a blusa molona em festa de dia resposta combinacoes e ocasioes,nao_entendi
pergunta aceitam pix pra trench facil resposta preco estoque e pagamento,formas_pagamento
sem conteudo detectavel,nao_entendi
descomplicado,nao_entendi
curtiu uma mensagem,nao_entendi
gostosa,nao_entendi
link compartilhado,como_comprar
da,nao_entendi
horrores,nao_entendi
pergunta com que sapato usar a bolsa anda sozinha resposta combinacoes e ocasioes,nao_entendi
sem conteudo detectavel,nao_entendi
link compartilhado,como_comprar
link compartilhado,como_comprar
<url>,nao_entendi
sem conteudo detectavel,nao_entendi
sem conteudo detectavel,nao_entendi
bia sent an attachment,nao_entendi
ola luana bom dia tudo bem hoje ainda nao temos sapatos dentro do curadobia estamos olhando para adicionar essa categoria em breve,saudacao
gg,nao_entendi
imagem enviada,nao_entendi
adorei como funciona d c,nao_entendi
no,nao_entendi
dura,nao_entendi
branca,nao_entendi
sem conteudo detectavel,nao_entendi
imagem enviada,nao_entendi
dd,nao_entendi
oi,saudacao
pergunta a saia acinturante e oversized ou normal resposta tamanho e medidas,tamanho_modelagem
<url>,nao_entendi
de,nao_entendi
d,nao_entendi
boa tarde estava previsto pra chegar hoje minha encomenda porem nada foi entregue,saudacao
prontissima,nao_entendi
tudo bem,nao_entendi
sabe,nao_entendi
ola pessoal como vao meu nome e ana e trabalho junto com a bia paes de barros no curadobia com br o curadobia e um marketplace que nasceu com o proposito de reunir em um so lugar pecas que fazem toda a diferenca no armario e ao mesmo tempo sao faceis de usar os chamados neutros com tcharanz acreditamos que a aylla super se conecta com essa proposta com quem poderia conversar para falar mais sobre aguardo voces,saudacao
obrigada,agradecimento
gostoso,nao_entendi
pergunta consigo devolver a bolsa anda sozinha se nao servir resposta frete prazos e trocas,frete_prazo
sem conteudo detectavel,nao_entendi
pergunta a camisa de responsa e oversized ou normal resposta tamanho e medidas,tamanho_modelagem
elas estara o no curadobia a partir de outubro d,nao_entendi
muito tenso,nao_entendi
pergunta a saia tech vai bem com bota resposta combinacoes e ocasioes,nao_entendi
venho com boas notacias o conjunto que vocaa se interessou acabou de subir no site com pouquassimas unidades,erros_plataforma
ola,saudacao
link compartilhado,como_comprar
sem conteudo detectavel,nao_entendi
claro vamos conversar sim o que acha de fazermos uma reuniao on line,nao_entendi
estilo,nao_entendi
tirar,nao_entendi
bia esse seu curadobia esta um arraso muito tentador paraba c ns pelo projeto uma daovida qual a sua altura estou interessadassima nessa cala a mas sou baixa <num> cm e geralmente tenho que fazer a barras das cala as o que na o a c muito fa cil com essaa d obrigada,agradecimento
ola dany boa tarde tudo bem,saudacao
curtiu uma mensagem,nao_entendi
segundos,nao_entendi
oi fa tima tudo bem bom diad obrigada pela sua mensagem e feedback a c muito importante para na <num> s estamos conversando por whatsapp podemos continuar nossa comunicaa a o por la,saudacao
comprar,como_comprar
reagiu com d a sua mensagem,nao_entendi
bia sent an attachment,nao_entendi
ola priscila td bem e vc acabamos de fazer alguns testes e esta funcionando normalmente poderia testar novamente para ver se da certo,saudacao
e,nao_entendi
que,nao_entendi
sem conteudo detectavel,nao_entendi
ola marilene boa noite tudo bem,saudacao
oi natalia td bem as meninas do enjoei me passaram seu contato estou buscando uma pessoa para me ajudar em roteiros e conteudo adoraria bater um papo com vc,saudacao
pergunta tem estoque da camisa de responsa no tamanho m resposta preco estoque e pagamento,formas_pagamento
eu na o recebi a confirmaa a o dessa compra,nao_entendi
ola emilia boa noite tudo bem agradecemos demais o feedback e pode ter certeza que uma das preocupaa aues que estamos tendo a c seguir na busca por marcas que tragam opa aues e grades que representam o maior naomero de corpos possavel sobre a tabela de medida estamos buscando ajustar obrigada por nos informar e seguiremos aprimorando cada vez mais bjos d,saudacao
ola heloisa bom dia tudo bem que bom que vocaa gostou das pea as da bia vou te mandar os links das pea as que vocaa informou para que possa visualizar com mais calma e clareza todas as pea as qualquer outra duvida ou questa o estamos a disposia a o equipe curadobia d,saudacao
decote,nao_entendi
ola,saudacao
link compartilhado,como_comprar
eu amei a que tem a ponta duvida tem que ter tornozelo fino obrigada,agradecimento
amassar,nao_entendi
pergunta a calca saruel silvia tem forro interno resposta modelagem e tecido,tamanho_modelagem
ana ja entrei em contato com o pessoal da d aura para entendermos o que aconteceu,nao_entendi
horrores,nao_entendi
obrigada ata c la,agradecimento
vamos marcar,nao_entendi
obrigada pelo retorno namoro o modelo gladiador me lembro dele mas quando fui procurar ja na o tinha mais d,agradecimento
curtiu uma mensagem,nao_entendi
nao tem mais numeracao <num>,nao_entendi
esse,nao_entendi
nao temos cupom de desconto no momento,nao_entendi
pergunta a trench facil e versatil pra viagem resposta combinacoes e ocasioes,nao_entendi
link compartilhado,como_comprar
look,pedir_sugestao_produto
qualquer coisa meu nome a c ana e sigo aqui para o que vocaa precisar d,nao_entendi
ola van bom dia te enviaremos ainda hoje,saudacao
you sent an attachment,nao_entendi
bia sent an attachment,nao_entendi
oii karinne tudo bem aqui quem fala e a ana do time curadobia voce acredita que estive olhando todos os dias desde que voce demonstrou interesse se a nossa saia unica voltaria ao estoque e somente hoje isso aconteceu ela e a queridinha das nossas clientes e tem acabado rapido entao espero que consiga aproveitar essa oportunidade te encaminho o link para o acesso dela,como_comprar
uma,nao_entendi
bia sent an attachment,nao_entendi
sem conteudo detectavel,nao_entendi
link compartilhado,como_comprar
cabelo,nao_entendi
linda essa blusa,nao_entendi
obrigada pelo prestigio foi incrivel te ter de pertinho hoje,agradecimento
coisa,nao_entendi
mto obrigada msm,agradecimento
certeira,nao_entendi
link compartilhado,como_comprar
imagina qualquer coisa estamos por aqui sa <num> chamar abraa os d,nao_entendi
daquelas,nao_entendi
escolha,nao_entendi
eu adorei ja usei minha saia hj,nao_entendi
bom dia,saudacao
pergunta a calca cool tem frete gratis resposta frete prazos e trocas,frete_prazo
sem conteudo detectavel,nao_entendi
link compartilhado,como_comprar
pergunta quanto tempo pra entregar a camisa viajante em sp resposta frete prazos e trocas,frete_prazo
perfeito estamos entrando em contato com a marca e ja lhe posicionamos tivemos alguns problemas com pedidos em funa a o da greve dos correios e isso pode estar atrelado,nao_entendi
expressoes,nao_entendi
bia sent an attachment,nao_entendi
ola tudo bem sobre qual funcionamento deseja saber,saudacao
<url>,nao_entendi
<num>,nao_entendi
apresento,nao_entendi
sem conteudo detectavel,nao_entendi
pes,nao_entendi
bia sent an attachment,nao_entendi
sem conteudo detectavel,nao_entendi
volta pro estoque,nao_entendi
conforto,nao_entendi
sem conteudo detectavel,nao_entendi
busto,nao_entendi
temos o vadeo nos nossos stories de hoje com a bia usando ela de uma olhada d,nao_entendi
ola marta claro com certeza,saudacao
oi cristiane tudo bem obrigada pelo seu contato pode ficar tranquila vamos verificar para voce,saudacao
meio,nao_entendi
bia sent an attachment,nao_entendi
sem conteudo detectavel,nao_entendi
pra,nao_entendi
bia sent an attachment,nao_entendi
deixa eu tirar outra duvida vc faz consultoria de imagem estilo tb se sim como funciona,nao_entendi
opa acho que caiu,nao_entendi
pergunta a bolsa anda sozinha precisa passar resposta modelagem e tecido,tamanho_modelagem
poder,nao_entendi
<url>,nao_entendi
sem conteudo detectavel,nao_entendi
sem conteudo detectavel,nao_entendi
<url>,nao_entendi
trench,nao_entendi
oi daniela que bacana muito obrigada por acompanharem e curtirem meu trabalho,saudacao
<url>,nao_entendi
ola bom dia tudo bem obrigada pela mensagem conferimos aqui e aparentou estar tudo certo d aproveito para mandar o link por aqui,saudacao
bia sent an attachment,nao_entendi
link compartilhado,como_comprar
oi boa tarde ana aqui vocaa conseguiu dar uma olhada na cala a qualquer coisa sigo aqui para o que vocaa precisar viu edited,saudacao
alma,nao_entendi
oi,saudacao
oi clau tudo bem bom dia aqui e a ana da equipe do curadobia vimos que voce se interessou pelo macacao no video da bia mas na epoca ele ainda estava em lancamento boa noticia agora esta disponivel segue o link abaixo para que voce possa dar uma olhada,saudacao
eu,nao_entendi
pode ser,nao_entendi
a,nao_entendi
com,nao_entendi
veste,tamanho_modelagem
cara,nao_entendi
curtiu uma mensagem,nao_entendi
fa tima te respondemos no whatsapp mas na o recebemos seu retorno esta tudo bem qualquer coisa sigo aqui a disposia a od,nao_entendi
alfaiataria,nao_entendi
vocabulario,nao_entendi
ahhh entendi muito obrigada,agradecimento
imagem enviada,nao_entendi
pergunta tenho duvida no tamanho da camisa viajante qual voce recomenda resposta tamanho e medidas,tamanho_modelagem
ainda,nao_entendi
bom dia,saudacao
justinho,nao_entendi
link compartilhado,como_comprar
link compartilhado,como_comprar
marta sent an attachment,nao_entendi
eu,nao_entendi
bom dia julienne como vai conseguiu analisar a selecao que fiz especificamente para voce e sua cliente,saudacao
paola nossas vendas sao realizadas pelo nosso site te encaminho abaixo o link para que voce possa acessar e fechar seu pedido,erros_plataforma
assim,nao_entendi
vamos falar sim super,nao_entendi
pedimos desculpas pelo transtorno,nao_entendi
grandao,nao_entendi
oi patricia tudo bem obrigada pela sua mensagem infelizmente nao temos mais essa calca disponivel no nosso mix mas temos diversos produtos unicos e selecionados pela bia paes de barros o que acha dessas opcoes,saudacao
bia sent an attachment,nao_entendi
pergunta a camisa de responsa e oversized ou normal resposta tamanho e medidas,tamanho_modelagem
ola juliana boa tarde tudo bem,saudacao
sem conteudo detectavel,nao_entendi
curtiu uma mensagem,nao_entendi
construcao,nao_entendi
sem conteudo detectavel,nao_entendi
algo,nao_entendi
oie bom dia tudo bem obrigada pela sua mensagem entramos em contato com a marca d aura que produz a saia e eles nos informaram que em <num> dias irao receber novos estoques da nossa saia unica,saudacao
a jaqueta branca uma pena eu nao conseguir comprar por problemas tecnicos uma experiencia de consumidor mto ruim,como_comprar
saia,nao_entendi
link compartilhado,como_comprar
<url>,nao_entendi
brinco,nao_entendi
usaria,nao_entendi
link compartilhado,como_comprar
m,nao_entendi
denize sent an attachment,nao_entendi
<num>,nao_entendi
podemos falar sim vou te dar um oi no whats para entendermos melhor,saudacao
pergunta tem rastreio pra camisa de responsa resposta frete prazos e trocas,frete_prazo
consegue me informar de onde a c essa sanda lia,nao_entendi
link compartilhado,como_comprar
ela,nao_entendi
pergunta consigo devolver a bolsa anda sozinha se nao servir resposta frete prazos e trocas,frete_prazo
ola tudo bem podemos falar pelo nosso whatsapp <num> <num> <num> <num>,saudacao
proporcao,nao_entendi
regra,nao_entendi
ela,nao_entendi
leve,nao_entendi
link compartilhado,como_comprar
perfeito,nao_entendi
tirar,nao_entendi
tem,nao_entendi
ah show vou enviar o invite,nao_entendi
perfeito ja passei pro pessoal realizar a correcao obrigada pelo feedback,agradecimento
sem conteudo detectavel,nao_entendi
<num>,nao_entendi
toque em continuar para aceitar ou recusar o pedido,nao_entendi
da,nao_entendi
d,nao_entendi
conforto,nao_entendi
de onde e a sandalia linda,nao_entendi
chama no mkt <user> com,nao_entendi
ola como vai funcionar onde vai ser obrigada,saudacao
levantar,nao_entendi
<num>,nao_entendi
link compartilhado,como_comprar
nunca,nao_entendi
pergunta a camisa de responsa e oversized ou normal resposta tamanho e medidas,tamanho_modelagem
link compartilhado,como_comprar
sem conteudo detectavel,nao_entendi
ola julienne bom dia tudo bem que bom receber sua mensagem eu me chamo ana e sou do time curadobia,saudacao
obaa,nao_entendi
bia sent an attachment,nao_entendi
alongadora,nao_entendi
perfeito gloria ja colocamos aqui na nossa lista e vamos te informar quando estiver mais proximo da data,nao_entendi
bom dia estou interessada na blusa pah mas estou em duvida quanto ao tamanho minhas medidas busto <num> cm e cintura <num> cm,saudacao
sem conteudo detectavel,nao_entendi
<url>,nao_entendi
oie tudo bem elaine obrigada pela sua mensagem voce consegue nos confirmar suas medidas para que possamos verificar com mais precisao,agradecimento
parabans excelente ideia vim pelo insta da gla <num> ria kalil d torcendo por mais um sucesso,nao_entendi
sem conteudo detectavel,nao_entendi
seu pedido saiu para entrega hoje e esta constando aqui como entregue,frete_prazo
bom dia,saudacao
um,nao_entendi
a,nao_entendi
si,nao_entendi
obrigada pelo retorno,agradecimento
e,nao_entendi
bia sent an attachment,nao_entendi
<url>,nao_entendi
ainda,nao_entendi
a o pedido <num>,nao_entendi
curtiu uma mensagem,nao_entendi
link compartilhado,como_comprar
muito obrigada,agradecimento
qualquer outra duvida seguimos aqui,nao_entendi
uhuu,nao_entendi
meu,nao_entendi
sem conteudo detectavel,nao_entendi
ola por favor algum retorno,saudacao
alguem poderia entrar em contato comigo por e mail ou whatsapp o site de vcs parece que esta com problemas nao funciona direito nao,erros_plataforma
ola bom dia sheila tudo bem que bom que gostou do nosso macacao cool nos temos ele nos tamanhos <num> <num> <num> e <num> vou te encaminhar o link dele para que possa visualizar no nosso site <url>,saudacao
<num>,nao_entendi
bom dia tudo bem que bom receber sua mensagem adriana aqui e ana do time do curadobia esse conjunto tambem sera um lancamento do curadobia assim que ele estiver disponivel no site pode ficar tranquila que vou te avisar,saudacao
sem conteudo detectavel,nao_entendi
compra realizada,nao_entendi
ata c agora nada,nao_entendi
obrigada pelo retorno,agradecimento
mas ficamos felizes que conseguiu concluir seu cadastro de qualquer forma,nao_entendi
ola que bom que vocaa se interessou por na <num> s muito bom receber tua mensagem joana infelizmente essa cala a na o esta no curadobia e a c acervo pessoal da bia mesmod esse video tem a finalidade de apresentar as nossas camisas d esperamos que goste,saudacao
na o tem mais numeraa a o <num>,nao_entendi
reagiu com d a sua mensagem,nao_entendi
pergunta tenho duvida no tamanho da camisa viajante qual voce recomenda resposta tamanho e medidas,tamanho_modelagem
d,nao_entendi
curtiu uma mensagem,nao_entendi
bia sent an attachment,nao_entendi
oi suzane bom dia como vocaa esta,saudacao
toque,nao_entendi
obrigada,agradecimento
a c essa,nao_entendi
posso,nao_entendi
obrigada por nos acompanhar sigo aqui para o que voce precisar,agradecimento
<url>,nao_entendi
sem conteudo detectavel,nao_entendi
imagem enviada,nao_entendi
bia sent an attachment,nao_entendi
vamos super,nao_entendi
na o tenho nada da paula ferber a numeraa a o a c normal a forma,nao_entendi
legal,nao_entendi
oi,saudacao
temos ela ainda no tamanho <num> e <num>,tamanho_modelagem
sem conteudo detectavel,nao_entendi
que honra ddd,nao_entendi
gente,nao_entendi
deixar,nao_entendi
com,nao_entendi
alfaiataria,nao_entendi
link compartilhado,como_comprar
ola rosangela boa tarde tudo bem estamos entrando em contato porque identificamos que ha um tempo voce demonstrou interesse nas rasteiras da bia que apareceram em um dos nossos reels agora eles estao disponiveis no site do curadobia segue o link <url> obrigada por nos acompanhar rosangela qualquer duvida estamos a disposicao equipe curadobia,saudacao
link compartilhado,como_comprar
bia sent an attachment,nao_entendi
com relaa a o a previsa o de entrega por conta dessa questa o na plataforma as marcas tamba c m na o receberam a notificaa a o do pedido e por isso ira acabar atrasando um pouco a sua compra mas na <num> s tamba c m ja entramos em contato com a stella bastos sobre a sua compra e logo mais ela estara com vocaa desculpa pelo ocorrido qualquer coisa nos avise obrigada por ser nossa cliente equipe curadobiad,agradecimento
bia sent an attachment,nao_entendi
<url>,nao_entendi
obrigada,agradecimento
d,nao_entendi
curadobia,nao_entendi
volta pro estoque,nao_entendi
<url>,nao_entendi
adorei como funciona,nao_entendi
oiiii tudo bem,nao_entendi
nao estou conseguindo entrar no site para fazer compra,erros_plataforma
pergunta a calca cool vai bem com bota resposta combinacoes e ocasioes,nao_entendi
sem conteudo detectavel,nao_entendi
<url>,nao_entendi
essa sanda lia cala a certo cala o <num> sera que preciso comprar <num>,como_comprar
onde,nao_entendi
facil,nao_entendi
fazer,nao_entendi
e tem ela preta,nao_entendi
procuro,nao_entendi
muito obrigada pela atencao,agradecimento
link compartilhado,como_comprar
gosto muito dos looks mas percebo que ha muito jogo c volumes,nao_entendi
pra,nao_entendi
link compartilhado,como_comprar
link compartilhado,como_comprar
na o tem um link de comunicaa a o no whatsapp,como_comprar
ok obrigada,agradecimento
manga,nao_entendi
me,nao_entendi
qualquer duvida por favor nos avise,nao_entendi
mto obrigada,agradecimento
bia sent an attachment,nao_entendi
que,nao_entendi
adorei obrigada vcs,agradecimento
link compartilhado,como_comprar
bia sent an attachment,nao_entendi
curtiu uma mensagem,nao_entendi
montar,nao_entendi
nao,nao_entendi
meia,nao_entendi
uma,nao_entendi
d,nao_entendi
a modelagem e grande pode ser tam <num>,tamanho_modelagem
sem conteudo detectavel,nao_entendi
ah que otimo monica deve ter ficado incrivel com toda a sua bossa,nao_entendi
daniela depois me passa seu numero de telefone que ai seguimos a comunicacao por la e pelo e mail,nao_entendi
oficial,nao_entendi
pergunta quanto tempo pra entregar a camisa viajante em sp resposta frete prazos e trocas,frete_prazo
ola milene bom dia que bacana que se interessou por essa pea a infelizmente ela esta fora de estoque no momento mas em breve com reposia a o avisamos assim que voltar obrigada e um abraa o equipe curadobia a,saudacao
meu nome e ana sigo aqui para o que precisar,nao_entendi
mas venho com boas noticias a partir de quarta feira teremos reposicao dela se voce ainda tiver interesse me avisa pois ai assim que chegarem eu venho exclusivamente te avisaar,nao_entendi
um,nao_entendi
sinal,nao_entendi
nao se preocupe vamos resolver essa questao que bom que voce identificou isso,nao_entendi
teletransporte,nao_entendi
oi julia tudo bem essa e da egrey mais antiga estamos a poucos dias de lancar novos modelos de jeans de uma nova marca que entrara no curadobia assim que lancarmos te mandamos aqui,saudacao
oi cris tudo bem estamos nos comunicando pelo whatsapp podemos continuar por la aproveito para te atualizar que ja reforcei seu pedido com a marca mybasic nesta tarde peco apenas sua compreensao em relacao aos prazos que as marcas precisam para responder e resolver essas questoes ja solicitei um adiantamento para o seu pedido e pode ficar tranquila voce entrou em contato dentro do prazo de <num> dias corridos para solicitacao de devolucao entao seu pedido sera atendido sem problemas qualquer novidade te aviso por la,saudacao
ola boa tarde silvana tudo bem obrigada pela sua mensagem a nossa pantalona jeans esta saindo por r <num> <num> qualquer coisa estamos aquid,saudacao
bom dia beatriz tudo bem obrigada por ter entrado em contato conosco vamos te encaminhar uma mensagem pelo nosso whatsapp oficial edited,saudacao
tenho <num> <num> essa calca esta mais curta para mim mesmo te aconselho a comprar um tamanho pequeno,tamanho_modelagem
<url>,nao_entendi
ola boa tarde tudo bem,saudacao
sem conteudo detectavel,nao_entendi
gostaria,nao_entendi
sem conteudo detectavel,nao_entendi
qual seu e mail que ai envio um invite,nao_entendi
tarde,nao_entendi
o produto e lindo apesar de ter ficando um pouco grande,nao_entendi
pergunta a blusa molona ta em promocao resposta preco estoque e pagamento,formas_pagamento
link compartilhado,como_comprar
sem conteudo detectavel,nao_entendi
oie td bem e vc ainda nao mas em breve tera,nao_entendi
uma,nao_entendi
bia sent an attachment,nao_entendi
bia sent an attachment,nao_entendi
seria,nao_entendi
pela,nao_entendi
ola pessoal como va o meu nome a c ana e trabalho junto com a bia paes de barros no curadobia com br o curadobia a c um marketplace que nasceu com o propa <num> sito de reunir em um sa <num> lugar pea as que fazem toda a diferena a no arma rio e ao mesmo tempo sa o fa ceis de usar os chamados neutros com tcharanz acreditamos que a mareu nitschke super se conecta com essa proposta com quem poderia conversar para falar mais sobre aguardo vocaas,saudacao
ola tudo bem e com vcs vi que vcs enviaram um e mail para nos vou responder vcs por la ok um beijo e muito obrigada pelo contato < <num>,saudacao
oi as compras sa o direto no site,saudacao
segura,nao_entendi
link compartilhado,como_comprar
link compartilhado,como_comprar
sem conteudo detectavel,nao_entendi
jussara shared a product,nao_entendi
<num>,nao_entendi
sem conteudo detectavel,nao_entendi
e,nao_entendi
queria,nao_entendi
perfeito gla <num> ria ja colocamos aqui na nossa lista e vamos te informar quando estiver mais pra <num> ximo da data,nao_entendi
somos uma produtora de a udio visual e achamos que seria interessante apresentar o nosso trabalho e portifa <num> lio,nao_entendi
adorei obrigada vcs,agradecimento
obaaaa,nao_entendi
que,nao_entendi
oi lais boa noite o site esta funcionando normalmente esperamos que consiga finalizar seu pedido agora,saudacao
sem conteudo detectavel,nao_entendi
for,nao_entendi
por muito pouco a minha frustraa a o seria ainda maior,nao_entendi
sao,nao_entendi
pra,nao_entendi
acinturante,nao_entendi
e,nao_entendi
saia,nao_entendi
bia sent an attachment,nao_entendi
vans,nao_entendi
link compartilhado,como_comprar
bia sent an attachment,nao_entendi
pergunta tenho <num> cm de busto qual regata pregas jersey comprar resposta tamanho e medidas,tamanho_modelagem
<url>,nao_entendi
imagem enviada,nao_entendi
sem conteudo detectavel,nao_entendi
ou,nao_entendi
pergunta a saia acinturante e slow fashion resposta extras e institucional,nao_entendi
sem conteudo detectavel,nao_entendi
qualquer coisa seguimos aqui,nao_entendi
outra,nao_entendi
sem conteudo detectavel,nao_entendi
<url>,nao_entendi
pergunta a trench facil tem forro interno resposta modelagem e tecido,tamanho_modelagem
resolvedor,nao_entendi
sem,nao_entendi
pergunta tenho <num> cm de busto qual bolsa anda sozinha comprar resposta tamanho e medidas,tamanho_modelagem
e,nao_entendi
de,nao_entendi
saia,nao_entendi
ola isabela somos um marketplace sem loja fisica,saudacao
teria as medidas do <num>,nao_entendi
pergunta tenho <num> cm de busto qual regata pregas jersey comprar resposta tamanho e medidas,tamanho_modelagem
bia sent an attachment,nao_entendi
yes,nao_entendi
ola cris bom dia tudo bem,saudacao
curtiu uma mensagem,nao_entendi
voce nao recebeu essa mensagem,nao_entendi
ja,nao_entendi
ola vcs tem uma tabela de medidas para essa cala a amei e gostaria de escolher o tamanho certo visto <num> e tenho <num> <num> de quadril enta o na o tenho certeza do p ou m poderiam me ajudar no aguardo grata adriana baggio,saudacao
bia sent an attachment,nao_entendi
pergunta tenho <num> cm de busto qual bolsa anda sozinha comprar resposta tamanho e medidas,tamanho_modelagem
cliente,nao_entendi
sem conteudo detectavel,nao_entendi
pergunta tenho <num> cm de busto qual bolsa anda sozinha comprar resposta tamanho e medidas,tamanho_modelagem
ola karyna boa tarde tudo bem estamos entrando em contato porque identificamos que ha um tempo vocaa demonstrou interesse nos sapatos da bia que apareceram em um dos nossos reels agora eles esta o disponaveis no site do curadobia dd segue o link <url> obrigada por nos acompanhar karyna qualquer daovida estamos a disposia a o equipe curadobia d,saudacao
dia,nao_entendi
peso,nao_entendi
onde posso comprar,como_comprar
voces irao vender oysho,nao_entendi
roupa,nao_entendi
perguntas,nao_entendi
bem,nao_entendi
v,nao_entendi
precisei sair correndo por um problema com minha filha que ja esta bem mas nem consegui me despedir obrigada queridas pelo convite,agradecimento
claro vou separar nossas opcoes disponiveis em tamanhos maiores e te mando aqui,nao_entendi
de,nao_entendi
sinonimo,nao_entendi
high low,nao_entendi
link compartilhado,como_comprar
funciona,nao_entendi
a bia ira gravar o vadeo e te enviar,nao_entendi
que,nao_entendi
link compartilhado,como_comprar
ola por favor vcs tem desconto para a primeira compra obrigada,saudacao
ideia,nao_entendi
responsa,nao_entendi
d,nao_entendi
bia sent an attachment,nao_entendi
link compartilhado,como_comprar
certo,nao_entendi
ola pessoal como vao meu nome e ana e trabalho junto com a bia paes de barros no curadobia com br o curadobia e um marketplace que nasceu com o proposito de reunir em um so lugar pecas que fazem toda a diferenca no armario e ao mesmo tempo sao faceis de usar os chamados neutros com tcharanz acreditamos que a escudero co super se conecta com essa proposta com quem poderia conversar para falar mais sobre aguardo voces,saudacao
pecas,nao_entendi
sem conteudo detectavel,nao_entendi
bem,nao_entendi
obrigada,agradecimento
sem conteudo detectavel,nao_entendi
oi,saudacao
sem,nao_entendi
macacaues com mangas,nao_entendi
para,nao_entendi
que lindood,nao_entendi
bom dia julienne o que achou da nossa selecao edited,saudacao
adorei as bolsas de vcs,nao_entendi
link compartilhado,como_comprar
bia sent an attachment,nao_entendi
pergunta a saia tech amassa facil resposta modelagem e tecido,tamanho_modelagem
pergunta o tecido da camisa viajante esquenta resposta modelagem e tecido,tamanho_modelagem
e simples,nao_entendi
<url>,nao_entendi
ja comprei e acabou de chegar,nao_entendi
pergunta a camisa viajante ta em promocao resposta preco estoque e pagamento,formas_pagamento
link compartilhado,como_comprar
segue o link dele qualquer duvida ou questao estamos a disposicao obrigada por nos acompanhar equipe curadobia,agradecimento
<url>,nao_entendi
um tiquinho por conta do bico fino mesmo,nao_entendi
categoria,nao_entendi
tirar,nao_entendi
pergunta tenho duvida no tamanho da camisa viajante qual voce recomenda resposta tamanho e medidas,tamanho_modelagem
ola tentei fazer uma compra e apa <num> s entrar com os dados do carta o e senha vem a seguinte tela,saudacao
mas temos varias opcoes qualquer coisa sigo aqui para te auxiliar,nao_entendi
bem,nao_entendi
oi adriana isso ainda nao esta disponivel pois ele e um modelo exclusivo de sao paulo fashion week inclusive fomos semana passada prestigiar a marca reptilia nossa previsao e que esteja disponivel na proxima semana,saudacao
link compartilhado,como_comprar
uauuu ameiii linda saia,nao_entendi
link compartilhado,como_comprar
link compartilhado,como_comprar
elaine para o tamanho <num> nos indicamos o tamanho <num> da saia,tamanho_modelagem
queria,nao_entendi
link compartilhado,como_comprar
nos seguimos acompanhando todo o processo ate sua finalizacao,nao_entendi
oi karyna bom dia vimos que vocaa mandou as mesmas mensagens pelo nosso whatsapp vamos dar seguimento por la enta o tudo bem obrigada,saudacao
pergunta a trench facil e versatil pra viagem resposta combinacoes e ocasioes,nao_entendi
volta pro estoque,nao_entendi
d,nao_entendi
que roupa bonita,nao_entendi
ola ana boa tarde tudo bem estamos entrando em contato porque identificamos que ha um tempo voce demonstrou interesse nos sapatos da bia que apareceram em um dos nossos reels agora eles estao disponiveis no site do curadobia segue o link <url> obrigada por nos acompanhar ana qualquer duvida estamos a disposicao equipe curadobia,saudacao
sem conteudo detectavel,nao_entendi
e,nao_entendi
salva,nao_entendi
shape,nao_entendi
quem te escrever aqui e a bia paes de barros,nao_entendi
sem conteudo detectavel,nao_entendi
pergunta a saia acinturante marca muito o corpo resposta modelagem e tecido,tamanho_modelagem
curtiu uma mensagem,nao_entendi
email adrianaleitecarvalho <user> com,nao_entendi
link compartilhado,como_comprar
pergunta a saia tech fica justa no quadril resposta tamanho e medidas,tamanho_modelagem
friozao,nao_entendi
voce,nao_entendi
reels,nao_entendi
a regata chiquetosa vai voltar pro estoque,nao_entendi
muito obrigada pelos esclarecimentos,agradecimento
bia sent an attachment,nao_entendi
boa tarde milene td bem e vc esse macacao nesse tom infelizmente nao tera reposicao mas lancamos ontem o mesmo modelo em preto,saudacao
curtiu uma mensagem,nao_entendi
e,nao_entendi
sa <num> entrar no site ou aqui no nosso perfil que tem a selea a o completa,erros_plataforma
branco,nao_entendi
ja ta seguindo dd>>,nao_entendi
d,nao_entendi
e,nao_entendi
bom dia julienne o que achou da nossa selecao,saudacao
e,nao_entendi
me,nao_entendi
pode deixar,nao_entendi
reagiu com a sua mensagem,nao_entendi
o,nao_entendi
link compartilhado,como_comprar
sem conteudo detectavel,nao_entendi
link compartilhado,como_comprar
o,nao_entendi
nesse,nao_entendi
com relaa a o a cala a na <num> s temos essas duas opa aues que penso que vc pode gostar,nao_entendi
link compartilhado,como_comprar
sem conteudo detectavel,nao_entendi
com,nao_entendi
d,nao_entendi
a,nao_entendi
oi esse conjunto marrom a c vendido tamba c m,saudacao
pergunta a saia acinturante e oversized ou normal resposta tamanho e medidas,tamanho_modelagem
na o vou trocar vou tentar reduzir o gancho,nao_entendi
amassa,nao_entendi
a,nao_entendi
encorpada,nao_entendi
mto obrigada msm,agradecimento
bia esse seu curadobia esta um arraso muito tentador parabens pelo projeto uma duvida qual a sua altura estou interessadissima nessa calca mas sou baixa <num> cm e geralmente tenho que fazer a barras das calcas o que nao e muito facil com essa obrigada,agradecimento
nao reconheceu no whats esse numero,nao_entendi
acessorios,nao_entendi
bia sent an attachment,nao_entendi
ta,nao_entendi
bia sent an attachment,nao_entendi
ola bia tudo bem,saudacao
oi,saudacao
obvio,nao_entendi
salao sent an attachment,nao_entendi
mas ficamos felizes que conseguiu concluir seu cadastro de qualquer forma,nao_entendi
manja,nao_entendi
sem conteudo detectavel,nao_entendi
ficar,nao_entendi
com relacao a outra blusa que voce gostou ela esta em processo de lancamento e ainda nao esta a venda no nosso site mas independente desse fator nao seria possivel unificar o frete nesse caso pois o frete so fica unificado para as pecas da mesma marca,frete_prazo
bia sent an attachment,nao_entendi
sim,nao_entendi
link compartilhado,como_comprar
obrigada,agradecimento
reagiu com a sua mensagem,nao_entendi
pensamos que poderia ser a senha criada mas quando ocorre algum ponto nesse aspecto surge uma mensagem abaixo vocaa se importaria em tentar novamente apenas para checarmos se continua ocorrendo o mesmo erro,erros_plataforma
bjs,nao_entendi
link compartilhado,como_comprar
ele foi postando dia <num> com o codigo de rastreio aa <num> br,nao_entendi
link compartilhado,como_comprar
funciona,nao_entendi
acho melhor sim esta um pouco certa demais,nao_entendi
sugestao,pedir_sugestao_produto
roupa,nao_entendi
claudia pedido confirmado foi uma regata nadadora tamanho m da mybasic correto esperamos que vocaa adore sua comprad,tamanho_modelagem
na o consigo deixa la deste jeito,nao_entendi
link compartilhado,como_comprar
bia sent an attachment,nao_entendi
pergunta tem estoque da saia acinturante no tamanho m resposta preco estoque e pagamento,formas_pagamento
voltando,nao_entendi
pergunta a bolsa anda sozinha tem desconto a vista resposta preco estoque e pagamento,formas_pagamento
amanda nosso pessoal tecnico pediu se possivel se cadastrar atraves desse link,como_comprar
enviado,nao_entendi
sem conteudo detectavel,nao_entendi
claro pode enviar para nosso e mail contato curadobia <user> com,nao_entendi
tentar,nao_entendi
brenda sent an attachment,nao_entendi
ola bom dia,saudacao
obrigada,agradecimento
enfim por muito pouco na o me atende,nao_entendi
como a c o processo da troca,troca_devolucao_politica
mybasic,nao_entendi
muito obrigada pelos esclarecimentos,agradecimento
ola pessoal como va o meu nome a c ana e trabalho junto com a bia paes de barros no curadobia com br o curadobia a c um marketplace que nasceu com o propa <num> sito de reunir em um sa <num> lugar pea as que fazem toda a diferena a no arma rio e ao mesmo tempo sa o fa ceis de usar os chamados neutros com tcharanz acreditamos que a aylla super se conecta com essa proposta com quem poderia conversar para falar mais sobre aguardo vocaas,saudacao
boa tarde tudo otimo segunda a tarde em qualquer horario,saudacao
ameiiiiiiii,nao_entendi
<url>,nao_entendi
encaixadora,nao_entendi
cabelo,nao_entendi
nome,nao_entendi
silhueta,nao_entendi
dos,nao_entendi
d,nao_entendi
esse,nao_entendi
quiser,nao_entendi
ok entendi obrigada pelo retorno um abraa o,agradecimento
oie,nao_entendi
bia sent an attachment,nao_entendi
bia sent an attachment,nao_entendi
link compartilhado,como_comprar
bia sent an attachment,nao_entendi
pergunta a regata pregas jersey precisa passar resposta modelagem e tecido,tamanho_modelagem
previsibilidade,nao_entendi
que,nao_entendi
silvana sent an attachment,nao_entendi
obrigada por nos acompanhar d sigo aqui para o que vocaa precisar,agradecimento
maravilha,nao_entendi
oii tudo bem,nao_entendi
qual foi a mensagem,nao_entendi
bia sent an attachment,nao_entendi
segue o link da jaqueta <url>,como_comprar
bia sent an attachment,nao_entendi
obrigada,agradecimento
pergunta tem estoque da camisa de responsa no tamanho m resposta preco estoque e pagamento,formas_pagamento
conjuntinho,nao_entendi
bia sent an attachment,nao_entendi
saias,nao_entendi
se,nao_entendi
brinco,nao_entendi
bia sent an attachment,nao_entendi
pergunta a saia tech fica justa no quadril resposta tamanho e medidas,tamanho_modelagem
so,nao_entendi
render,nao_entendi
scorro shared a product,nao_entendi
pergunta a camisa viajante ta em promocao resposta preco estoque e pagamento,formas_pagamento
roupa,nao_entendi
toque em continuar para aceitar ou recusar o pedido,nao_entendi
isabela sent an attachment,nao_entendi
qualquer coisa sigo aqui,nao_entendi
pergunta com que sapato usar a bolsa anda sozinha resposta combinacoes e ocasioes,nao_entendi
que,nao_entendi
a,nao_entendi
mas paguei por uma coisa que nao recebi,nao_entendi
curtiu uma mensagem,nao_entendi
ahhhh que pena que nao nos falamos,nao_entendi
na o gosto de nada apertado mas essa blusa tem um shane mais ajustado daa fiquei na daovida,nao_entendi
tudo bem e vocaas,nao_entendi
link compartilhado,como_comprar
bia,nao_entendi
na,nao_entendi
tamanho,tamanho_modelagem
<url>,nao_entendi
jeans,nao_entendi
cm,nao_entendi
de,nao_entendi
que,nao_entendi
reagiu com a sua mensagem,nao_entendi
da,nao_entendi
<url>,nao_entendi
roupa,nao_entendi
povo,nao_entendi
link compartilhado,como_comprar
entrar em contato com a luciana nossa gerente comercial no email gerencia <user> com br,nao_entendi
bia sent an attachment,nao_entendi
pois sou em algumas marcas <num>,nao_entendi
por,nao_entendi
tambem,nao_entendi
do,nao_entendi
joia,nao_entendi
d,nao_entendi
adorei ddd,nao_entendi
usavel,nao_entendi
ola por favor algum retorno,saudacao
com,nao_entendi
sem conteudo detectavel,nao_entendi
sem conteudo detectavel,nao_entendi
oi boa tarde,saudacao
estruturado,nao_entendi
oi livia boa tarde ana aqui voce conseguiu dar uma olhada na jaqueta qualquer coisa sigo aqui para o que voce precisar viu,saudacao
link compartilhado,como_comprar
td bem,nao_entendi
pergunta a calca saruel silvia tem forro interno resposta modelagem e tecido,tamanho_modelagem
pri sent an attachment,nao_entendi
pergunta a saia tech fica justa no quadril resposta tamanho e medidas,tamanho_modelagem
sem conteudo detectavel,nao_entendi
na o se preocupe vamos resolver essa questa od que bom que vocaa identificou isso,nao_entendi
<num>,nao_entendi
oi talita muito bom receber sua mensagem agradecemos demais o contato e que bacana voces terem pensado na gente porem nesse momento nos nao estamos trabalhando com producao de qualquer forma salvamos o teu contato para futuras oportunidades atenciosamente equipe curadobia,saudacao
boa tarde tudo a <num> timo segunda a tarde em qualquer hora rio,saudacao
linda calca qual e a marca,nao_entendi
ola bom dia as medidas esta o na descria a o de cada pea a,saudacao
perder,nao_entendi
link compartilhado,como_comprar
pergunta tem rastreio pra saia acinturante resposta frete prazos e trocas,frete_prazo
ola bom dia sou muito fa da bia mas nunca comprei no curadoria uma daovida como faa o para escolher um tamanho com mais segurana a tem uma tabela de medidas para servir de referaancia obrigada,saudacao
ola esse conjunto ainda na o esta disponvel no site de vcs na c poderia me dizer se onde a c,saudacao
<url>,nao_entendi
bia sent an attachment,nao_entendi
link compartilhado,como_comprar
rigida,nao_entendi
obrigada enviarei,agradecimento
expressoes,nao_entendi
bia sera que a tshirt angela motta branca com uma manga bafa nica vai ter amanha preciso dela,nao_entendi
bia sent an attachment,nao_entendi
linda,nao_entendi
maria shared a product,nao_entendi
aqui a c a ana do time curadobia,nao_entendi
da,nao_entendi
bia sent an attachment,nao_entendi
traz,nao_entendi
um,nao_entendi
tenho <num> <num> essa cala a esta mais curta para mim mesmo te aconselho a comprar um tamanho pequeno,tamanho_modelagem
sem conteudo detectavel,nao_entendi
ahhh qual era a pea a podemos checar se havera reposia a o,nao_entendi
<num> <num> <num>,nao_entendi
sera um dia de vendas presenciais de todas as pecas do mix,nao_entendi
bia sent an attachment,nao_entendi
prontissima,nao_entendi
toque em continuar para aceitar ou recusar o pedido,nao_entendi
bia sent an attachment,nao_entendi
bia sent an attachment,nao_entendi
ola pessoal como vao meu nome e ana e trabalho junto com a bia paes de barros no curadobia com br o curadobia e um marketplace que nasceu com o proposito de reunir em um so lugar pecas que fazem toda a diferenca no armario e ao mesmo tempo sao faceis de usar os chamados neutros com tcharanz acreditamos que a gammba super se conecta com essa proposta com quem poderia conversar para falar mais sobre aguardo voces,saudacao
pergunta a calca cool fica justa no quadril resposta tamanho e medidas,tamanho_modelagem
obrigada pelo prestigio foi incrivel te ter de pertinho ontem,agradecimento
oi danuza bom dia tudo bem pode nos informar por aqui a duvida ou se preferir uma comunicacao mais agil pode nos chamar no nosso whatsapp,saudacao
pode,nao_entendi
imagina,nao_entendi
link compartilhado,como_comprar
pergunta posso indicar a bolsa anda sozinha pra alguem resposta extras e institucional,nao_entendi
d,nao_entendi
blusa,nao_entendi
ola karyna tudo bem obrigada por ter entrado em contato conosco d,saudacao
curtiu uma mensagem,nao_entendi
tom,nao_entendi
ola tudo bem estou apaixonada por essa jaqueta bacanuda da foto o prea o de <num> pula pra setecentos e tanto na hora de comprar a isso mesmo entra um valor de comissa o na hora da compra,saudacao
sem conteudo detectavel,nao_entendi
com,nao_entendi
pergunta quanto tempo pra entregar a blusa molona em sp resposta frete prazos e trocas,frete_prazo
ficar,nao_entendi
gabriela entendo sua frustracao e e completamente justificada de fato a marca informou ter tido um pequeno problema de producao que nao devera mais ocorrer e por isso acabou enviando atrasado seu pedido sobre o meio de contato estamos providenciando um numero para atendimento whatsapp por hora estamos apenas com o e mail mas muito em breve ja deixaremos essa opcao mais facil para solucao de qualquer problema,nao_entendi
de,nao_entendi
funciona,nao_entendi
ola algum cupom de desconto na primeira compra,saudacao
link compartilhado,como_comprar
ibaaaa,nao_entendi
poxaa que penaa quando tiverem me avise por favor,nao_entendi
que,nao_entendi
pena,nao_entendi
pergunta a camisa de responsa combina com jeans resposta combinacoes e ocasioes,nao_entendi
projetos,nao_entendi
a nossa calca diferentex esta saindo por r <num> <num>,nao_entendi
aqui o link com todos os acessa <num> rios,como_comprar
joga,nao_entendi
claro pode trocar super,nao_entendi
mas,nao_entendi
stella sent an attachment,nao_entendi
pergunta a trench facil tem forro interno resposta modelagem e tecido,tamanho_modelagem
perfeito fico no aguardo abraa o,nao_entendi
tranquilo obrigada,agradecimento
obrigada pelo interesse d aguardamos vocaas,agradecimento
bia sent an attachment,nao_entendi
em,nao_entendi
proporcao,nao_entendi
com,nao_entendi
bjs,nao_entendi
real,nao_entendi
uma,nao_entendi
bia sent an attachment,nao_entendi
pode me chamar novamente por favor,nao_entendi
zona,nao_entendi
joyce sent an attachment,nao_entendi
com,nao_entendi
curtiu uma mensagem,nao_entendi
reagiu com d a sua mensagem,nao_entendi
no,nao_entendi
instagram,nao_entendi
tem,nao_entendi
ola pessoal como vao meu nome e ana e trabalho junto com a bia paes de barros no curadobia com br o curadobia e um marketplace que nasceu com o proposito de reunir em um so lugar pecas que fazem toda a diferenca no armario e ao mesmo tempo sao faceis de usar os chamados neutros com tcharanz acreditamos que a marca de voces pode se conectar com essa proposta com quem poderia conversar para falar mais sobre aguardo voces,saudacao
bia sent an attachment,nao_entendi
oi anna que bom receber uma mensagem sua feliz que gostou da sandalia ela e uma das queridinhas aqui no curadobia vou te encaminhar o link dela,saudacao
sem conteudo detectavel,nao_entendi
dany vou pedir para vocaa me informar qual o seu melhor e mail para que a marca encaminhe as orientaa aues,nao_entendi
voce,nao_entendi
oi ineia tudo bem segue o valor do casaco que vocaa se interessou,saudacao
pergunta o tecido da blusa molona esquenta resposta modelagem e tecido,tamanho_modelagem
com,nao_entendi
d,nao_entendi
vc teria alguma informacao sobre a minha encomenda,nao_entendi
acha melhor pegar maior,nao_entendi
ok obrigada vi que foi lana ado no meu carta o de cra c dito,agradecimento
<url>,nao_entendi
obrigada,agradecimento
beijos,nao_entendi
maravilha,nao_entendi
pergunta a calca saruel silvia e versatil pra viagem resposta combinacoes e ocasioes,nao_entendi
cliente,nao_entendi
jogo,nao_entendi
bia sent an attachment,nao_entendi
grafico,nao_entendi
estilo,nao_entendi
oba a i,nao_entendi
casualzao,nao_entendi
link compartilhado,como_comprar
sensual,nao_entendi
obrigada pela presenca heartshearts,agradecimento
curtiu uma mensagem,nao_entendi
iremos relana a la em outubro aqui no curadobia,nao_entendi
precisei sair correndo por um problema com minha filha que ja esta bem mas nem consegui me despedir obrigada queridas pelo convite,agradecimento
verde,nao_entendi
pariol,nao_entendi
ola anna bom dia seu produto vou enviado dia <num> <num> vocaa consegue acompanhar tudo pelo codigo de rastreio abaixo,saudacao
saia,nao_entendi
imagem enviada,nao_entendi
com,nao_entendi
curtiu uma mensagem,nao_entendi
a,nao_entendi
pergunta tem rastreio pra saia acinturante resposta frete prazos e trocas,frete_prazo
essa tshirt vai estar no evento namoro tanto ela,nao_entendi
uma,nao_entendi
link compartilhado,como_comprar
camisa,nao_entendi
quem te escrever aqui a c a bia paes de barros,nao_entendi
a fato perguntei pois esta a procurando uma pea a e na o encontrava,nao_entendi
mantem,nao_entendi
oiii tudo bem me chamo caroline sou formada em marketing e trabalho como social media tem um tempinho estou a procura de uma nova oportunidade no mercado de trabalho gostaria de saber se tem um espacinho no time de voces vou deixar o meu numero e mail e portfolio caso queria marcar uma call para falarmos mais estou por aqui cel <num> <num> <num> e mail cspereiramkt <user> com portfolio <url> obrigada desde ja,agradecimento
guarda sent an attachment,nao_entendi
bia sent an attachment,nao_entendi
de,nao_entendi
de,nao_entendi
sem conteudo detectavel,nao_entendi
bia eu terminei de subir os produtos porem acho que esta com um delay amanha vou ver se terminou de atualizar na plataforma ta tudo certinho <num> categorias que criei com todo produtos descricao videos etc,nao_entendi
vocabulario,nao_entendi
modelo,nao_entendi
pergunta tenho duvida no tamanho da blusa molona qual voce recomenda resposta tamanho e medidas,tamanho_modelagem
bia sent an attachment,nao_entendi
a,nao_entendi
aqui,nao_entendi
diferente,nao_entendi
sem conteudo detectavel,nao_entendi
pora c m teremos em dezembro um evento presencial para trazer as pea as ao vivo para quem quiser conhecer pessoalmente essa curadobia incravel feita pela bia,nao_entendi
<url>,nao_entendi
drama,nao_entendi
qualquer daovida estamos a disposia a o,nao_entendi
tem,nao_entendi
d,nao_entendi
sem conteudo detectavel,nao_entendi
pergunta quem faz a calca saruel silvia resposta extras e institucional,nao_entendi
ola julia isso mesmo qualquer duvida nos avise por aqui ou pelo nosso whatsapp d,saudacao
nao,nao_entendi
bom dia mariella td bem que tamanho vocaa costuma usar de parte de cima camisas em especial,saudacao
cintura,nao_entendi
oi suzane bom dia como voce esta,saudacao
estou verificando direitinho seu pedido mas pode ficar tranquila que iremos resolver se tiver acontecido qualquer problema tudo bem,nao_entendi
<url>,nao_entendi
sem conteudo detectavel,nao_entendi
sem conteudo detectavel,nao_entendi
bia td bom na o estou conseguindo finalizar a compra da aregata podrinhaa coloquei os dados do carta o e no campo cvv eu ponho os naomeros mas o sistema ignora que eu coloquei tentei va rias vezes acho que esta com problemaa,nao_entendi
daniela depois me passa seu naomero de telefone que aa seguimos a comunicaa a o por la e pelo e mail,nao_entendi
obrigada,agradecimento
<num> <num> <num> <num>,nao_entendi
decote,nao_entendi
boa tarde estava previsto pra chegar hoje minha encomenda pora c m nada foi entregue,saudacao
qualquer duvida estamos a disposicao,nao_entendi
curtiu uma mensagem,nao_entendi
bia sent an attachment,nao_entendi
bom dia tudo bem que bom receber sua mensagem adriana aqui a c ana do time do curadobia esse conjunto tamba c m sera um lana amento do curadobiad assim que ele estiver disponavel no site pode ficar tranquila que vou te avisar,saudacao
d r,nao_entendi
de,nao_entendi
o tom certo a c o que esta no site os stories que a bia postou hoje modificaram um pouco o tom,erros_plataforma
ola tudo bem e com vcs vi que vcs enviaram um e mail para na <num> s vou responder vcs por la ok um beijo e muito obrigada pelo contato < <num>,saudacao
saia,nao_entendi
sigo aqui para qualquer daovida,nao_entendi
bia sent an attachment,nao_entendi
ola silvana boa tarde tudo bem estamos entrando em contato porque identificamos que ha um tempo voce demonstrou interesse nas sapatilhas da bia que apareceram em um dos nossos reels agora eles estao disponiveis no site do curadobia segue o link <url> obrigada por nos acompanhar silvana qualquer duvida estamos a disposicao equipe curadobia,saudacao
bia sent an attachment,nao_entendi
oie sa o lindas pora c m aquele modelo foi o que mais me agradou mas tranquilo super obrigada pela atena a o,agradecimento
que honra,nao_entendi
link compartilhado,como_comprar
bia sent an attachment,nao_entendi
<url>,nao_entendi
tipo,nao_entendi
ah que otimo monica esperamos que aproveite muito ela e se quiser compartilhar com a gente os looks que criar com ela vamos amar ver,nao_entendi
ola juliana boa tarde tudo bem estamos entrando em contato porque identificamos que ha um tempo voce demonstrou interesse nos sapatos da bia que apareceram em um dos nossos reels agora eles estao disponiveis no site do curadobia segue o link <url> obrigada por nos acompanhar juliana qualquer duvida estamos a disposicao equipe curadobia,saudacao
pantalona,nao_entendi
pergunta se eu sou baixa a trench facil fica muito comprida resposta tamanho e medidas,tamanho_modelagem
sentir,nao_entendi
sem conteudo detectavel,nao_entendi
obrigada pela presenca livia,agradecimento
hahaha,nao_entendi
ola boa tarde o <num> e equivalente ao p <num> m e <num> g,saudacao
obrigada pelo retorno vou acompanhar entao beijo beijo,agradecimento
pergunta da pra trocar a calca saruel silvia por outro tamanho resposta frete prazos e trocas,frete_prazo
patifisch sent an attachment,nao_entendi
deixa la,nao_entendi
sem conteudo detectavel,nao_entendi
pergunta tenho duvida no tamanho da blusa molona qual voce recomenda resposta tamanho e medidas,tamanho_modelagem
estou tentando contato para devolua a o de mercadoria e ningua c m me atende nem por whatsapp e nem e mail comprei um vestido que quero devolver como devo proceder cristina hees <num> <num>,nao_entendi
funciona,nao_entendi
ola tudo bem entre em contato com nosso comercial <num>,saudacao
pergunta a trench facil e versatil pra viagem resposta combinacoes e ocasioes,nao_entendi
experimentei essa jaqueta maravilhosa,nao_entendi
vou olhar aqui meu anti virus pq ele bloqueia o curadobia veja,nao_entendi
bom dia gostaria de adquirir essa cala a mas na o esta mais disponavel podem me ajudar obrigada,saudacao
resolvedor,nao_entendi
voce e linda e de uma delicadeza admiravel,nao_entendi
ola alessandra boa tarde tudo bem estamos entrando em contato porque identificamos que ha um tempo vocaa demonstrou interesse nas sanda lias da bia que apareceram em um dos nossos reels agora eles esta o disponaveis no site do curadobia dd segue o link <url> obrigada por nos acompanhar alessandra qualquer daovida estamos a disposia a o equipe curadobia d,saudacao
milene perguntamos para a bia e ela te indicou comprar o tamanho <num> dessa jaqueta por voce nao estar acostumada a roupas oversized o que acha,tamanho_modelagem
link compartilhado,como_comprar
bia sent an attachment,nao_entendi
algum,nao_entendi
obrigada pelo prestigio,agradecimento
code,nao_entendi
o,nao_entendi
sem conteudo detectavel,nao_entendi
ainda hj vou efetuar a compra da calca,nao_entendi
curtiu uma mensagem,nao_entendi
curtiu uma mensagem,nao_entendi
pergunta a blusa molona ta em promocao resposta preco estoque e pagamento,formas_pagamento
uma,nao_entendi
voce,nao_entendi
sem conteudo detectavel,nao_entendi
o,nao_entendi
qualquer coisa sigo aqui me chamo ana,nao_entendi
ola tudo bem teria um contato do responsa vel da marca ou comercial para falarmos obrigada carol d,saudacao
bom dia gostaria de adquirir essa calca mas nao esta mais disponivel podem me ajudar obrigada,saudacao
bia sent an attachment,nao_entendi
bia sent an attachment,nao_entendi
ola boa tarde,saudacao
ele,nao_entendi
algum,nao_entendi
da,nao_entendi
vamos pensar no q podemos fazer juntasdodo,nao_entendi
e,nao_entendi
ne,nao_entendi
acinturante,nao_entendi
transforma,nao_entendi
ola tudo bem sim e com vocaa,saudacao
legal obrigada,agradecimento
que legal vai ajudar muito,nao_entendi
essa sandalia calca certo calco <num> sera que preciso comprar <num>,como_comprar
vou querer a <num> qual e sua chave pix,formas_pagamento
tem cupom de desconto primeira compra,nao_entendi
ola bom dia me chamo anelisa e gostaria de confirmar se meu pedido foi realizado na o sei se esse a c o canal mais adequado para essa solicitaa a o mas como na o achei no site um campo para falar com vocaas decidi vir aqui fiz essa compra ontem pelo site e logo depois de finalizar apareceu uma mensagem dizendo que o pagamento na o estava confirmado no entanto no site diz que o pagamento foi efetuado e na o recebi nenhuma mensagem do banco dizendo que o pagamento foi negado ala c m disso tamba c m na o recebi um e mail com os dados do pedido muito obrigada desde ja,saudacao
imagem enviada,nao_entendi
bia sent an attachment,nao_entendi
qualquer coisa me avisa d,nao_entendi
sem conteudo detectavel,nao_entendi
seu ddd qual seria,nao_entendi
ajuste,nao_entendi
conteudo,nao_entendi
praticamos sempre o mesmo valor das marcas o que entrara de extra sera o valor do frete que e calculado automaticamente se tiver mais alguma duvida nos avise ok,frete_prazo
pergunta da pra usar a blusa molona em festa de dia resposta combinacoes e ocasioes,nao_entendi
vai,nao_entendi
voces,nao_entendi
para adquirir essa pea a basta clicar no link da jaqueta e finalizar a compra pelo site <url>,erros_plataforma
link compartilhado,como_comprar
link compartilhado,como_comprar
bom dia,saudacao
link compartilhado,como_comprar
de,nao_entendi
bia sent an attachment,nao_entendi
oi esse conjunto marrom e vendido tambem,saudacao
como falo com alguem dai,nao_entendi
pergunta da pra parcelar a saia tech sem juros resposta preco estoque e pagamento,formas_pagamento
listrado,nao_entendi
<num> nao creio,nao_entendi
pode,nao_entendi
bia sent an attachment,nao_entendi
bia sent an attachment,nao_entendi
ola bom dia tudo bem obrigada pela mensagem conferimos aqui e aparentou estar tudo certo aproveito para mandar o link por aqui,saudacao
gostaria,nao_entendi
sem conteudo detectavel,nao_entendi
ah que bom a lindassima paraba c ns,nao_entendi
sim estoque atualizado especialmente para vocaa anna agora ela a c a aonica no estoque,nao_entendi
bolsa,nao_entendi
iveasey sent an attachment,nao_entendi
sem conteudo detectavel,nao_entendi
meu nome a c ana sigo aqui para o que precisar,nao_entendi
link compartilhado,como_comprar
pergunta quanto tempo pra entregar a blusa molona em sp resposta frete prazos e trocas,frete_prazo
qualquer coisa sigo aqui me chamo ana tambem,nao_entendi
sem conteudo detectavel,nao_entendi
sem conteudo detectavel,nao_entendi
evento,nao_entendi
qualquer coisa sigo aqui,nao_entendi
de,nao_entendi
segue o link dele qualquer duvida ou questao estamos a disposicao obrigada por nos acompanhar equipe curadobia,agradecimento
sobre a troca da calca que comprei quero trocar por um tamanho menor recebi um e mail de vcs no dia <num> <num> <num> respondi mas dps disso nao tive mais retorno,troca_devolucao_politica
bia sent an attachment,nao_entendi
oi tudo certinho por ai somos a ecru e trabalhamos com embalagens sustentaveis e personalizaveis feitas em algodao cru nossos principais produtos sao necessaire saquinhos ecobags nos identificamos muito com a sua empresa e adorariamos te apresentar nosso catalogo posso te enviar mais informacoes pelo e mail ou whatsapp ah tambem aceitamos propostas de orcamento ou cobrimos valores de outros fornecedores,saudacao
choker,nao_entendi
cm,nao_entendi
bom dia sou a gianina marques mineira ma e e autora de joias artesanais gostaria de deixar meu insta para vcs conhecerem minhas joias feita com carinho e totalmente exclusiva aguardo o retorno de vcs q tem tanto conhecimento na a rea desde ja obrigada <user>,saudacao
voces,nao_entendi
bia sent an attachment,nao_entendi
pergunta a camisa viajante e feita no brasil resposta extras e institucional,nao_entendi
que,nao_entendi
a,nao_entendi
adquiri uma ma xi pantalona vala c ria mansur,nao_entendi
oiee,nao_entendi
viajante,nao_entendi
os brincos argola frontal na o sei o nome da pea a kkk,nao_entendi
bom dia comprei esta blusa mas a parte que passa encima do ombro esta solta a assim mesmo podemos falar para eu entender melhor obrigada meu cel <num>,saudacao
<url>,nao_entendi
sem conteudo detectavel,nao_entendi
curtiu uma mensagem,nao_entendi
you sent an attachment,nao_entendi
temos ela ainda no tamanho <num> e <num>,tamanho_modelagem
qual o prea o,nao_entendi
branca,nao_entendi
ta,nao_entendi
de,nao_entendi
que,nao_entendi
rua peixoto gomite <num>,nao_entendi
ou,nao_entendi
link compartilhado,como_comprar
frequentes,nao_entendi
diferenca,nao_entendi
ola eu encontro as medidas no site,saudacao
de,nao_entendi
bia sent an attachment,nao_entendi
stella sent an attachment,nao_entendi
pra,nao_entendi
pergunta tenho duvida no tamanho da camisa viajante qual voce recomenda resposta tamanho e medidas,tamanho_modelagem
igual,nao_entendi
pergunta com que sapato usar a regata pregas jersey resposta combinacoes e ocasioes,nao_entendi
obrigada pelo retorno,agradecimento
<url>,nao_entendi
render,nao_entendi
bia sent an attachment,nao_entendi
ouvir,nao_entendi
bia sent an attachment,nao_entendi
ola,saudacao
sem conteudo detectavel,nao_entendi
de,nao_entendi
link compartilhado,como_comprar
saia,nao_entendi
fiz uma compra de um casaco com vcs e na o vestiu bem gostaria de trocar por uma cala a fresquinha tamanho m,tamanho_modelagem
bia sent an attachment,nao_entendi
sem conteudo detectavel,nao_entendi
caraca muito,nao_entendi
ola camila td bem segue aqui o link da blusa que voce gostou qualquer duvida estamos a disposicao ok,saudacao
pesado,nao_entendi
sem conteudo detectavel,nao_entendi
to chegando,nao_entendi
junho,nao_entendi
bom dia beatriz tudo bem obrigada por ter entrado em contato conosco vamos entrar em contato com vocaa pelo nosso whatsapp oficial,saudacao
ola susanna bom dia estaremos te esperando na rua venceslau flexa <num> jardim paulistano das <num> h as <num> h ah e teremos manobrista no local para maior tranquilidade,saudacao
sem conteudo detectavel,nao_entendi
bia sent an attachment,nao_entendi
queria ver sua sapateira pq tudo e lindissimo mas seus sapatos sao escolhidos a dedo tudo a ver com vc sempre esse e da laia ne,nao_entendi
ola tania identificamos o seu comentario interessada nos valores das sandalias da bia segue o link para que voce possa conferir com calma <url>,saudacao
link compartilhado,como_comprar
ola onde encontro os sapatos este e as gladiadoras especialmente,saudacao
toque,nao_entendi
oi lais bom dia como vai ana aqui da equipe do curadobia obrigada pelo seu interesse conosco estamos fazendo uma repaginacao no site e assim que voltarmos te aviso tudo bem,saudacao
ola pessoal como vao meu nome e ana e trabalho junto com a bia paes de barros no curadobia com br o curadobia e um marketplace que nasceu com o proposito de reunir em um so lugar pecas que fazem toda a diferenca no armario e ao mesmo tempo sao faceis de usar os chamados neutros com tcharanz acreditamos que a elisa atheniense super se conecta com essa proposta com quem poderia conversar para falar mais sobre aguardo voces,saudacao
bia,nao_entendi
bia sent an attachment,nao_entendi
ela a c reta e certa acredito que o tamanho m funcione bem para vocaa o tecido da base a c mais malea vel que da parte de cima,tamanho_modelagem
legal,nao_entendi
para,nao_entendi
dobro,nao_entendi
sem conteudo detectavel,nao_entendi
bia sent an attachment,nao_entendi
do,nao_entendi
tecido,nao_entendi
bia sent an attachment,nao_entendi
o,nao_entendi
oi amanda nossas sinceras desculpas por todo esse ocorrido somos um marketplace com operaa aues a todo vapor e infelizmente na o estamos livres de erros ta c cnicos e tecnola <num> gicos acontecerema <num> i checamos com a marca e por enquanto estamos com o tamanho <num> e <num> prontos para a venda seguimos a disposia a o para te auxiliar em todas as daovidas e questaues necessa rias aqui com a gente como seu cadastro esta certinho acredito que na o teremos mais essa situaa a o ocorrendo obrigada por estar conosco equipe curadobiad edited,saudacao
<url>,nao_entendi
esse e o fechado,nao_entendi
preta,nao_entendi
que,nao_entendi
sem conteudo detectavel,nao_entendi
sem conteudo detectavel,nao_entendi
ou,nao_entendi
endereco,nao_entendi
pergunta aceitam pix pra calca saruel silvia resposta preco estoque e pagamento,formas_pagamento
do,nao_entendi
am <num> br,nao_entendi
pergunta tenho duvida no tamanho da camisa viajante qual voce recomenda resposta tamanho e medidas,tamanho_modelagem
adorei a dica,nao_entendi
curtiu uma mensagem,nao_entendi
ola julienne bom dia tudo bem que bom receber sua mensagem eu me chamo ana e sou do time curadobia,saudacao
link compartilhado,como_comprar
link compartilhado,como_comprar
sem conteudo detectavel,nao_entendi
vou olhar,nao_entendi
por,nao_entendi
muito,nao_entendi
sem conteudo detectavel,nao_entendi
pergunta a saia acinturante combina com jeans resposta combinacoes e ocasioes,nao_entendi
praticidade,nao_entendi
ainda,nao_entendi
bia sent an attachment,nao_entendi
e,nao_entendi
oi time da curadobia tudo bem sou joana sigo o perfil e amo tem uma cala a que vi numa propaganda que me apaixonei mas na o encontrei no site queria saber de onde ela a c por favor se puderem vocaas me contam super obrigada bj,saudacao
dia,nao_entendi
sua roupa jeans e de onde,nao_entendi
ola pessoal como va o meu nome a c ana e trabalho junto com a bia paes de barros no curadobia com br o curadobia a c um marketplace que nasceu com o propa <num> sito de reunir em um sa <num> lugar pea as que fazem toda a diferena a no arma rio e ao mesmo tempo sa o fa ceis de usar os chamados neutros com tcharanz acreditamos que a marca de vocaas pode se conectar com essa proposta com quem poderia conversar para falar mais sobre aguardo vocaas,saudacao
pergunta a saia tech fica justa no quadril resposta tamanho e medidas,tamanho_modelagem
cano,nao_entendi
<url>,nao_entendi
ola pessoal como vao meu nome e ana e trabalho junto com a bia paes de barros no curadobia com br o curadobia e um marketplace que nasceu com o proposito de reunir em um so lugar pecas que fazem toda a diferenca no armario e ao mesmo tempo sao faceis de usar os chamados neutros com tcharanz acreditamos que a argi super se conecta com essa proposta com quem poderia conversar para falar mais sobre aguardo voces,saudacao
daqueles,nao_entendi
bia tudo bem tenho uma festa bem legal e o traje a c black and white pensei na blusa pah mas queria saber se o tecido fica vistoso e se vocaa recomenda alguma cala a mais festa para combinar beijos julie,nao_entendi
ambos,nao_entendi
pergunta a calca cool fica justa no quadril resposta tamanho e medidas,tamanho_modelagem
meu pedido chegou hj,nao_entendi
mas,nao_entendi
<url>,nao_entendi
sobre a troca da cala a que comprei quero trocar por um tamanho menor recebi um e mail de vcs no dia <num> <num> <num> respondi mas dps disso na o tive mais retorno,troca_devolucao_politica
no,nao_entendi
sera um dia de vendas presenciais de todas as pea as do mix d,nao_entendi
ainda hj vou efetuar a compra da cala a,nao_entendi
<url>,nao_entendi
pergunta tem rastreio pra saia acinturante resposta frete prazos e trocas,frete_prazo
you shared a product,nao_entendi
mas a experiaancia de compra na o foi legal,nao_entendi
sem conteudo detectavel,nao_entendi
bom dia gostei muito de uma cala a mais gostaria de ter informaa aues dos tamanhos se te tabela de medidas como faa o para saber poderiam me ajudar no aguardo grata adriana baggio,saudacao
ola boa tarde tudo bem tenho uma confeca a o trabalho com tecido plano e malha faa o todo desenvolvimento da pea a comea ando da pea a piloto e entrego a produa a o passada e embalada caso tenha interesse meu naomero a c <num> obrigada,saudacao
<url>,nao_entendi
sucesso,nao_entendi
parecem,nao_entendi
voces,nao_entendi
eu,nao_entendi
link compartilhado,como_comprar
pergunta a calca cool vai bem com bota resposta combinacoes e ocasioes,nao_entendi
que,nao_entendi
qualquer outra daovida seguimos aquid,nao_entendi
ja respondi sim no wzap,nao_entendi
you sent an attachment,nao_entendi
ola halanna boa tarde tudo bem estamos entrando em contato porque identificamos que ha um tempo voce demonstrou interesse nas sandalias da bia que apareceram em um dos nossos reels agora elas estao disponiveis no site do curadobia segue o link <url> obrigada por nos acompanhar halanna qualquer duvida estamos a disposicao equipe curadobia,saudacao
bia sent an attachment,nao_entendi
oie em breve trarei uma curadobia de bolsas por aqui tmb d,nao_entendi
pergunta tenho <num> cm de busto qual regata pregas jersey comprar resposta tamanho e medidas,tamanho_modelagem
busto,nao_entendi
link compartilhado,como_comprar
sem,nao_entendi
joga,nao_entendi
ola meninas seguem meus contatos <num> <num> <num> <num> daniela masson <user> com muito bom falar com vcs ontem obrigada falamos na sequaancia por whatsapp d,saudacao
ola tudo bem ana e vc que bacanaa vou passar o whatsapp da maia pode falar com ela por gentileza <num> <num>,saudacao
bom dia ontem tive o prazer de conhecer vc ao vivo eu estava no mil plantas vc e lindissima,saudacao
stella sent an attachment,nao_entendi
como proceder p troca,troca_devolucao_politica
sem conteudo detectavel,nao_entendi
bem,nao_entendi
oi mari bom dia tudo bem infelizmente essa calca nao teremos mais reposicao no curadobia mas estamos com diversas novidades no site qualquer coisa sigo aqui para o que voce precisar,saudacao
link compartilhado,como_comprar
unico,nao_entendi
tem,nao_entendi
tecido,nao_entendi
oii,nao_entendi
ola,saudacao
uhuu,nao_entendi
seu pedido saiu para entrega hoje e esta constando aqui como entregue,frete_prazo
segue o link da jaqueta <url>,como_comprar
sem conteudo detectavel,nao_entendi
bia sent an attachment,nao_entendi
como posso fazer essa apresentacao,nao_entendi
bia sent an attachment,nao_entendi
<url>,nao_entendi
funciona,nao_entendi
mybasic sent an attachment,nao_entendi
sem conteudo detectavel,nao_entendi
altura seria <num> <num> cintura <num> quadril <num>,nao_entendi
curtiu uma mensagem,nao_entendi
que maximo marca a gente nos seus looks muito feliz que esta curtindo a selecao de pecas logo mais teremos muitas novidades bacanas,nao_entendi
pergunta a calca cool amassa facil resposta modelagem e tecido,tamanho_modelagem
alongadora,nao_entendi
ola bia tudo bem,saudacao
link compartilhado,como_comprar
sem conteudo detectavel,nao_entendi
qualquer duvida ou questao estamos a disposicao obrigada por nos acompanhar equipe curadobia,agradecimento
no,nao_entendi
agradecemos o seu interesse e qualquer outra questao estamos a disposicao equipe curadobia,nao_entendi
preso,nao_entendi
<num>,nao_entendi
boa tarde fabiana como vai passando para avisar que as blusas acabaram de ser repostas no site estoque,saudacao
sem conteudo detectavel,nao_entendi
andrea sent an attachment,nao_entendi
<url>,nao_entendi
alongar,nao_entendi
<num>,nao_entendi
pergunta consigo devolver a bolsa anda sozinha se nao servir resposta frete prazos e trocas,frete_prazo
fazer,nao_entendi
obrigada eu aviso sim gostei bastante vou levar para a cliente,agradecimento
maria shared a product,nao_entendi
ops a c a blusa pah,nao_entendi
beijos,nao_entendi
meco,nao_entendi
sem conteudo detectavel,nao_entendi
quando ela estiver disponavel na <num> s vamos te avisar,nao_entendi
o,nao_entendi
eu queria usar nas fotos que irei fazer amanha,nao_entendi
ola pessoal como va o meu nome a c ana e trabalho junto com a bia paes de barros no curadobia com br o curadobia a c um marketplace que nasceu com o propa <num> sito de reunir em um sa <num> lugar pea as que fazem toda a diferena a no arma rio e ao mesmo tempo sa o fa ceis de usar os chamados neutros com tcharanz acreditamos que a rocio canvas super se conecta com essa proposta com quem poderia conversar para falar mais sobre aguardo vocaas,saudacao
<url>,nao_entendi
bom dia,saudacao
voce poderia me passar o contato dos responsaveis,nao_entendi
obrigada,agradecimento
link compartilhado,como_comprar
oi maria angela bom dia como voce esta,saudacao
de,nao_entendi
sem conteudo detectavel,nao_entendi
com,nao_entendi
bia sent an attachment,nao_entendi
link compartilhado,como_comprar
pergunta quanto tempo pra entregar a blusa molona em sp resposta frete prazos e trocas,frete_prazo
sem conteudo detectavel,nao_entendi
pergunta da pra parcelar a calca cool sem juros resposta preco estoque e pagamento,formas_pagamento
eu costumo usar p ou pp se a confeccao e grande,nao_entendi
curtiu uma mensagem,nao_entendi
bracelete,nao_entendi
aguardo ansiosa pelos seus pisantes na curadobia,nao_entendi
mas,nao_entendi
que,nao_entendi
em,nao_entendi
<num>,nao_entendi
boa,nao_entendi
oi amanda nossas sinceras desculpas por todo esse ocorrido somos um marketplace com operacoes a todo vapor e infelizmente nao estamos livres de erros tecnicos e tecnologicos acontecerem checamos com a marca e por enquanto estamos com o tamanho <num> e <num> prontos para a venda seguimos a disposicao para te auxiliar em todas as duvidas e questoes necessarias aqui com a gente como seu cadastro esta certinho acredito que nao teremos mais essa situacao ocorrendo obrigada por estar conosco equipe curadobia edited,saudacao
pode deixar,nao_entendi
sem conteudo detectavel,nao_entendi
oi livia boa tarde ana aqui voce conseguiu dar uma olhada na calca qualquer coisa sigo aqui para o que voce precisar viu,saudacao
ola amanda bom dia peco desculpas pela demora mas o nosso pessoa tecnico ainda nao conseguiu simular um erro igual ao que ocorreu com voce por isso a demora em lhe retornar,saudacao
e ainda nao chegou,nao_entendi
como eu poderia rastrear minha compra,nao_entendi
sem conteudo detectavel,nao_entendi
bom dia sheila tudo bem vocaa conseguiu ver direitinho os tamanhos qualquer coisa estamos aqui,saudacao
toque,nao_entendi
colar,nao_entendi
vai,nao_entendi
qual o preco,nao_entendi
pergunta a bolsa anda sozinha tem desconto a vista resposta preco estoque e pagamento,formas_pagamento
pergunta a calca cool vai bem com bota resposta combinacoes e ocasioes,nao_entendi
muito,nao_entendi
jantarzinho,nao_entendi
foi sa <num> hoje ou vai ficar mais tempo,nao_entendi
e a blusa,nao_entendi
ola tudo bem sobre qual funcionamento deseja saber,saudacao
link compartilhado,como_comprar
sem conteudo detectavel,nao_entendi
ola boa tarde como vai,saudacao
pergunta se eu sou baixa a calca saruel silvia fica muito comprida resposta tamanho e medidas,tamanho_modelagem
sem conteudo detectavel,nao_entendi
a,nao_entendi
bom dia beatriz tudo bem obrigada por ter entrado em contato conosco vamos entrar em contato com voce pelo nosso whatsapp oficial,saudacao
muito obrigada elas entraram em contato comigo realmente a sanda lia a c linda mas infelizmente fico um pouco fora pra mim,agradecimento
agradea o o feedback,nao_entendi
sem conteudo detectavel,nao_entendi
ola pessoal como va o meu nome a c ana e trabalho junto com a bia paes de barros no curadobia com br o curadobia a c um marketplace que nasceu com o propa <num> sito de reunir em um sa <num> lugar pea as que fazem toda a diferena a no arma rio e ao mesmo tempo sa o fa ceis de usar os chamados neutros com tcharanz acreditamos que a a aurora super se conecta com essa proposta com quem poderia conversar para falar mais sobre aguardo vocaas,saudacao
devolver,nao_entendi
bom,nao_entendi
saia,nao_entendi
sigo aqui para qualquer duvida,nao_entendi
p <num>,nao_entendi
d deg,nao_entendi
obrigada pelo prestagio foi incravel te ter de pertinho ontemd d,agradecimento
bia sent an attachment,nao_entendi
sem conteudo detectavel,nao_entendi
to de olho faz tempooo,nao_entendi
bia sent an attachment,nao_entendi
ola pessoal como vao meu nome e ana e trabalho junto com a bia paes de barros no curadobia com br o curadobia e um marketplace que nasceu com o proposito de reunir em um so lugar pecas que fazem toda a diferenca no armario e ao mesmo tempo sao faceis de usar os chamados neutros com tcharanz acreditamos que a l dnim super se conecta com essa proposta com quem poderia conversar para falar mais sobre aguardo voces,saudacao
altissimo,nao_entendi
e,nao_entendi
somos uma produtora de audio visual e achamos que seria interessante apresentar o nosso trabalho e portifolio,nao_entendi
sem conteudo detectavel,nao_entendi
oie,nao_entendi
a i a i a i a i a i,nao_entendi
teria as medidas do <num>,nao_entendi
a partir de outubro tera lana amento por aqui,nao_entendi
link compartilhado,como_comprar
pesado,nao_entendi
obrigada pelo feedback maria,agradecimento
bia sent an attachment,nao_entendi
ola boa tarde silvana tudo bem obrigada pela sua mensagem a nossa pantalona jeans esta saindo por r <num> <num> qualquer coisa estamos aqui,saudacao
obrigada pelo retorno,agradecimento
brenda sent an attachment,nao_entendi
tudo bem tamba c m,nao_entendi
curtiu uma mensagem,nao_entendi
certo,nao_entendi
extra,nao_entendi
bia sent an attachment,nao_entendi
link compartilhado,como_comprar
da,nao_entendi
bia,nao_entendi
ola muito obrigada vou ver em breve,saudacao
<url>,nao_entendi
sem conteudo detectavel,nao_entendi
bia sent an attachment,nao_entendi
<url>,nao_entendi
pode ser,nao_entendi
tem,nao_entendi
bom dia sheila tudo bem voce conseguiu ver direitinho os tamanhos qualquer coisa estamos aqui,saudacao
bia sent an attachment,nao_entendi
gigante,nao_entendi
outra duvida e sobre o tom certinho dessa jaqueta no site achei que estava num tom diferente dos stories,erros_plataforma
imagina ju ainda bem que sua filha esta bema i dd <num> <num>,nao_entendi
pergunta tenho <num> cm de busto qual bolsa anda sozinha comprar resposta tamanho e medidas,tamanho_modelagem
um,nao_entendi
coloca,nao_entendi
<num>,nao_entendi
sigo aqui pra o que voce precisar,nao_entendi
impacto,nao_entendi
curtiu uma mensagem,nao_entendi
mari sent an attachment,nao_entendi
curtiu uma mensagem,nao_entendi
ola boa tarde tudo bem estamos entrando em contato porque identificamos que ha um tempo voce demonstrou interesse nas sandalias da bia que apareceram em um dos nossos reels agora eles estao disponiveis no site do curadobia segue o link <url> obrigada por nos acompanhar qualquer duvida estamos a disposicao equipe curadobia,saudacao
ta,nao_entendi
bia sent an attachment,nao_entendi
bia sent an attachment,nao_entendi
brenda sent an attachment,nao_entendi
oi renata boa tarde aqui e a ana acredito que te respondi por whatsapp certo qualquer coisa estou por aqui,saudacao
pergunta com que sapato usar a bolsa anda sozinha resposta combinacoes e ocasioes,nao_entendi
sem problemas mari apenas encaminha pra gente um e mail solicitando que iremos dar sequaancia com a troca e mail contato curadobia <user> com,troca_devolucao_politica
esse,nao_entendi
continuidade,nao_entendi
mas super entendi e aproveito pra agradecer e elogiar seu trabalho,nao_entendi
d,nao_entendi
<num>,nao_entendi
reagiu com d a sua mensagem,nao_entendi
obrigada,agradecimento
no e mail da nota fiscal na o tem nada,nao_entendi
oi roberta bom dia tudo bem estamos entrando em contato porque identificamos que ha um tempo vocaa demonstrou interesse nos sapatos da bia que apareceram em um dos nossos reels agora eles esta o disponaveis no site do curadobia dd o link clica vel segue na pra <num> xima mensagem obrigada por nos acompanhar roberta qualquer daovida estamos a disposia a o equipe curadobia d,saudacao
sem conteudo detectavel,nao_entendi
qualquer coisa sigo aqui,nao_entendi
studio sent an attachment,nao_entendi
nao consigo deixa la deste jeito,erros_plataforma
eu amei a blusa branca tcharam,nao_entendi
chegou,nao_entendi
uma,nao_entendi
e esses sapatos incriveis teremos a chance de te los rs,nao_entendi
tem,nao_entendi
saia,nao_entendi
link compartilhado,como_comprar
ele,nao_entendi
jeito,nao_entendi
na o reconheceu no whats esse naomero,nao_entendi
tranquilo obrigada,agradecimento
sem conteudo detectavel,nao_entendi
dress,nao_entendi
ola stella boa tarde tudo bem,saudacao
bia sent an attachment,nao_entendi
gola,nao_entendi
ola tudo bem tem cupom para <num> a compra,saudacao
justinho,nao_entendi
email,nao_entendi
chat,nao_entendi
infelizmente esse evento acontece um unico dia,nao_entendi
coletinho,nao_entendi
venho com boas noticias o conjunto que voce se interessou acabou de subir no site com pouquissimas unidades,erros_plataforma
oi quanto custa a blusa modernosa tem gg,saudacao
boa tarde pamela deu tudo certo com a sua experiaancia no site se precisar estamos aqui,saudacao
pergunta a camisa de responsa marca muito o corpo resposta modelagem e tecido,tamanho_modelagem
o,nao_entendi
bia sent an attachment,nao_entendi
claro,nao_entendi
amarracao,nao_entendi
que legal vai ajudar muito,nao_entendi
e so clicar nessa mensagem com a imagem que lhe mandei qualquer outra questao pode nos contatar estamos a disposicao equipe curadobia,nao_entendi
link compartilhado,como_comprar
ainda na o super correria,nao_entendi
agora parece que travou mesmo,nao_entendi
a,nao_entendi
elas estarao no curadobia a partir de outubro,nao_entendi
imagina,nao_entendi
curtiu uma mensagem,nao_entendi
oi fatima bom dia tudo bem pode ficar tranquila que iremos dar seguimento com a sua solicitacao,saudacao
you sent an attachment,nao_entendi
curtiu uma mensagem,nao_entendi
oi sandra tudo bem passando aqui para te avisar que o jeans preto que voce se interessou no nosso reels um tempinho atras esta disponivel,saudacao
pra,nao_entendi
por,nao_entendi
uma,nao_entendi
<url>,nao_entendi
confortavel,nao_entendi
sem conteudo detectavel,nao_entendi
sem conteudo detectavel,nao_entendi
pora c m na daovida do melhor tamanho,tamanho_modelagem
e essa,nao_entendi
sem conteudo detectavel,nao_entendi
ola boa tarde,saudacao
pergunta a saia tech amassa facil resposta modelagem e tecido,tamanho_modelagem
bia sent an attachment,nao_entendi
o,nao_entendi
bia sent an attachment,nao_entendi
expressoes,nao_entendi
longa,nao_entendi
link compartilhado,como_comprar
cpf,nao_entendi
daniela masson <user> com,nao_entendi
oi isabella tudo bem bom dia que bom receber uma mensagem sua o curadobia esta se preparando para muitas novidades no ano que vem e com certeza estara no radar novos modelos de sapatos espero que goste d qualquer coisa pode sempre entrar em contato conosco,saudacao
oie <user> oficial d,nao_entendi
ouvir,nao_entendi
unico,nao_entendi
estou de olho nessa pea a aqui dd>>,nao_entendi
sem conteudo detectavel,nao_entendi
<url>,nao_entendi
bem e vc ana muito obrigada,agradecimento
sem conteudo detectavel,nao_entendi
no,nao_entendi
curtiu uma mensagem,nao_entendi
muita,nao_entendi
imagina,nao_entendi
ok perfeito caso mude de ideia seguimos a disposia a o novamente desculpa pelo transtorno e desejo uma a <num> tima viagem dd <num> <num>,nao_entendi
nao,nao_entendi
que,nao_entendi
nesse,nao_entendi
curtiu uma mensagem,nao_entendi
ola,saudacao
armario,nao_entendi
bia sent an attachment,nao_entendi
estamos entrando em contato porque identificamos que ha um tempo voce demonstrou interesse nas sandalias da bia que apareceram em um dos nossos reels agora eles estao disponiveis no site do curadobia o link clicavel segue na proxima mensagem obrigada por nos acompanhar katia qualquer duvida estamos a disposicao equipe curadobia,agradecimento
bia sent an attachment,nao_entendi
bia sent an attachment,nao_entendi
gostei do conjunto mas na o vi no site,erros_plataforma
curtiu uma mensagem,nao_entendi
pedimos desculpas pelo ocorrido e pode ter certeza que isso servira para aprimorarmos nosso atendimento e na o deixar que situaa aues como essa ocorram novamente agradea o sua compreensa o e nos disponibilizamos para auxiliar da melhor forma possavel sobre ter ficado um pouco grande o body nos informe se desejar efetuar troca que ja posso agilizar junto a marca essa solicitaa a o,troca_devolucao_politica
saida,nao_entendi
pergunta se eu sou baixa a trench facil fica muito comprida resposta tamanho e medidas,tamanho_modelagem
ser,nao_entendi
ola bom dia infelizmente essa cala a tamba c m saiu do nosso mix estamos com novos produtos e novas marcas entrando no curadobia esperamos que goste qualquer coisa sigo aquid,saudacao
qual o endereco,nao_entendi
vai super vai amar essa pea a,nao_entendi
ola maria tudo bem obrigada por ter entrado em contato conosco te aconselhamos comprar o seu numero mesmo no caso o tamanho <num> qualquer outra duvida pode sempre entrar em contato conosco equipe curadobia,saudacao
ate agora nada,nao_entendi
entendi,nao_entendi
oficial,nao_entendi
de onde a c esse macaca o maravilhoso amo a i,nao_entendi
<url>,nao_entendi
ola esse conjunto ainda nao esta disponvel no site de vcs ne poderia me dizer se onde e,saudacao
sem conteudo detectavel,nao_entendi
link compartilhado,como_comprar
enviar,nao_entendi
pergunta da pra usar a camisa viajante em festa de dia resposta combinacoes e ocasioes,nao_entendi
pode,nao_entendi
sem conteudo detectavel,nao_entendi
oi karyna bom dia tudo bem vamos verificar,saudacao
curtiu uma mensagem,nao_entendi
melhor,nao_entendi
ola pode comprar o numero certinho mesmo,saudacao
brinca,nao_entendi
vibe,nao_entendi
vou querer a <num> qual a c sua chave pix,formas_pagamento
bia sent an attachment,nao_entendi
dica,nao_entendi
ola como vao muito prazer meu nome e ana e trabalho aqui no curadobia nao sei se recordam porem conversamos no primeiro semestre do ano passado <num> sobre esse projeto da bia paes de barros desde la evoluimos bastante e estamos concretizados como um marketplace em potencial crescimento queremos compartilhar com voces nosso site para darem uma olhada curadobia com br ainda temos a nua em foco o que acham de retomarmos contato aguardo voces,saudacao
link compartilhado,como_comprar
link compartilhado,como_comprar
ola pessoal como vao meu nome e ana e trabalho junto com a bia paes de barros no curadobia com br o curadobia e um marketplace que nasceu com o proposito de reunir em um so lugar pecas que fazem toda a diferenca no armario e ao mesmo tempo sao faceis de usar os chamados neutros com tcharanz acreditamos que a iara wisnik super se conecta com essa proposta com quem poderia conversar para falar mais sobre aguardo voces,saudacao
para,nao_entendi
reagiu com d a sua mensagem,nao_entendi
sem conteudo detectavel,nao_entendi
bia sent an attachment,nao_entendi
ahhh maravilha,nao_entendi
obrigada pelo prestagio foi incravel te ter de pertinho ontemd d,agradecimento
obrigada,agradecimento
perto,nao_entendi
posso trocar caso eu experimente e prefira uma maior,nao_entendi
ola como va o muito prazer meu nome a c ana e trabalho aqui no curadobia na o sei se recordam pora c m conversamos no primeiro semestre do ano passado <num> sobre esse projeto da bia paes de barros desde la evoluamos bastante e estamos concretizados como um marketplace em potencial crescimento queremos compartilhar com vocaas nosso site para darem uma olhada curadobia com br ainda temos a tempo em foco o que acham de retomarmos contato aguardo vocaas,saudacao
curtiu uma mensagem,nao_entendi
oi silvana tudo bem bom dia quem fala com vocaa a c a ana do time curadobia posso confirmar com vocaa se seria essa camisa que te interessou segue,saudacao
entendi esse modelo ele a c oversized ou seja possui uma estrutura mais larga vocaa ja chegou a usar modelos assim d,nao_entendi
<url>,nao_entendi
you sent an attachment,nao_entendi
o,nao_entendi
pergunta tenho <num> cm de busto qual bolsa anda sozinha comprar resposta tamanho e medidas,tamanho_modelagem
<url>,nao_entendi
resolvesse,nao_entendi
dois,nao_entendi
boa tarde fabiana como vai passando para avisar que as blusas acabaram de ser repostas no site estoque,saudacao
oi,saudacao
estrutura,nao_entendi
quero comprar mas preciso saber se ela calca certinho o numero do calco o numero <num> devo comprar o mesmo,como_comprar
outra duvida e sobre o tom certinho dessa jaqueta no site achei que estava num tom diferente dos stories,erros_plataforma
sem conteudo detectavel,nao_entendi
link compartilhado,como_comprar
link compartilhado,como_comprar
boa tarde milene td bem e vc esse macaca o nesse tom infelizmente na o tera reposia a o mas lana amos ontem o mesmo modelo em preto,saudacao
curtiu uma mensagem,nao_entendi
pergunta a saia tech fica justa no quadril resposta tamanho e medidas,tamanho_modelagem
dar,nao_entendi
ola vera na verdade a curadoria de pecas que seleciono ja faz parte dessa ajuda,saudacao
estamos estudando trazer essa categoria para o curadobia porem nada de imediato ainda mas muito legal saber do interesse assim que tivermos iremos te manter avisada,nao_entendi
bia sent an attachment,nao_entendi
ola pessoal como va o meu nome a c ana e trabalho junto com a bia paes de barros no curadobia com br o curadobia a c um marketplace que nasceu com o propa <num> sito de reunir em um sa <num> lugar pea as que fazem toda a diferena a no arma rio e ao mesmo tempo sa o fa ceis de usar os chamados neutros com tcharanz acreditamos que a giomei super se conecta com essa proposta com quem poderia conversar para falar mais sobre aguardo vocaas,saudacao
ola pessoal como vao meu nome e ana e trabalho junto com a bia paes de barros no curadobia com br o curadobia e um marketplace que nasceu com o proposito de reunir em um so lugar pecas que fazem toda a diferenca no armario e ao mesmo tempo sao faceis de usar os chamados neutros com tcharanz acreditamos que a rocio canvas super se conecta com essa proposta com quem poderia conversar para falar mais sobre aguardo voces,saudacao
oie,nao_entendi
link compartilhado,como_comprar
<url>,nao_entendi
as duas camisas o body a calca e o colar eu visto p,nao_entendi
stories,nao_entendi
curtiu uma mensagem,nao_entendi
por,nao_entendi
eu amo todos os seus looks combina <num> com o meu estilo queria ter todas as pecas para mim pena que moro do outro lado do mundo,nao_entendi
bia sent an attachment,nao_entendi
pergunta a calca saruel silvia tem forro interno resposta modelagem e tecido,tamanho_modelagem
oi claudia que mensagem boa ficamos felizes de vocaa gostar dos nossos produtos vou confirmar sua compra e te aviso,saudacao
sem conteudo detectavel,nao_entendi
sem conteudo detectavel,nao_entendi
sem conteudo detectavel,nao_entendi
aiiiin que pena,nao_entendi
alongadora,nao_entendi
sem conteudo detectavel,nao_entendi
onde e a loja,nao_entendi
a,nao_entendi
<url>,nao_entendi
link compartilhado,como_comprar
oie obrigada pela resposta conversamos com a bia e temos interesse em marcar uma reuniao ja por esses dias pois o curadobia esta com uma nova metodologia e com novidades e mesmo a producao de voces para marco seria interessante conversar com voces agora o que acham te aguardo,agradecimento
onde e a loja,nao_entendi
ajusta,nao_entendi
sem conteudo detectavel,nao_entendi
pergunta tenho <num> cm de busto qual regata pregas jersey comprar resposta tamanho e medidas,tamanho_modelagem
sensacao,nao_entendi
resposta,nao_entendi
bacana vamos marcar uma conversa,nao_entendi
a simples,nao_entendi
qualquer coisa meu nome e ana e sigo aqui para o que voce precisar,nao_entendi
pergunta a saia acinturante e oversized ou normal resposta tamanho e medidas,tamanho_modelagem
ola amanda bom dia tudo bem,saudacao
pergunta a saia acinturante e oversized ou normal resposta tamanho e medidas,tamanho_modelagem
bia sent an attachment,nao_entendi
obrigada pelo retorno,agradecimento
assim,nao_entendi
<url>,nao_entendi
eu comprei a cala a pantalona branca no dia <num> <num>,nao_entendi
uma,nao_entendi
brenda sent an attachment,nao_entendi
aqui,nao_entendi
oi renata boa tarde ana aqui vocaa conseguiu dar uma olhada nas opa aues que te mandei qualquer coisa sigo aqui para o que vocaa precisar ta,saudacao
para,nao_entendi
oi tudo bem esta com algum problema no site para pagar com cartao de credito o codigo cvv some,saudacao
mas venho com boas notacias a partir de quarta feira teremos reposia a o dela d <num> se vocaa ainda tiver interesse me avisa pois ai assim que chegarem eu venho exclusivamente te avisaar,nao_entendi
de,nao_entendi
pouquinho,nao_entendi
de,nao_entendi
uma,nao_entendi
dessas,nao_entendi
pergunta a camisa de responsa combina com jeans resposta combinacoes e ocasioes,nao_entendi
na o estou conseguindo entrar no site para fazer compra,erros_plataforma
vamos marcar aoi,nao_entendi
link compartilhado,como_comprar
acho,nao_entendi
bia sent an attachment,nao_entendi
link compartilhado,como_comprar
em,nao_entendi
oi cristiane tudo bem obrigada pelo seu contato pode ficar tranquila vamos verificar para vocaa,saudacao
bom dia karyna infelizmente na o trabalhamos com cupom para <num> aa compra aindaa <num> i mas estamos aqui para te auxiliar no processo inteiro,saudacao
fretes,nao_entendi
bia sent an attachment,nao_entendi
gostaria de saber qual a altura e medidas da bia pra entender melhor o tamanho de referencia,tamanho_modelagem
bia sent an attachment,nao_entendi
curtiu uma mensagem,nao_entendi
foi muito legal,nao_entendi
bia sent an attachment,nao_entendi
compro,como_comprar
d degd deg,nao_entendi
de,nao_entendi
de,nao_entendi
joia,nao_entendi
oi silvana tudo bem bom dia quem fala com voce e a ana do time curadobia posso confirmar com voce se seria essa camisa que te interessou segue,saudacao
consegue me informar de onde e essa sandalia,nao_entendi
qualquer duvida pode tambem nos conectar pelo whatsapp,nao_entendi
e,nao_entendi
diferente,nao_entendi
nao tem um link de comunicacao no whatsapp,como_comprar
com,nao_entendi
you sent an attachment,nao_entendi
d,nao_entendi
numero,nao_entendi
bia tudo bem tenho uma festa bem legal e o traje e black and white pensei na blusa pah mas queria saber se o tecido fica vistoso e se voce recomenda alguma calca mais festa para combinar beijos julie,nao_entendi
porem teremos em dezembro um evento presencial para trazer as pecas ao vivo para quem quiser conhecer pessoalmente essa curadobia incrivel feita pela bia,nao_entendi
despretensionalizar,nao_entendi
comprei,nao_entendi
do,nao_entendi
link compartilhado,como_comprar
saias,nao_entendi
ola dany boa tarde tudo bem sim e com voce peco desculpas por essa demora estou verificando sobre porque ainda nao foi dada sequencia na troca o processo interno nosso ja foi encaminhado com a troca para o tamanho p,saudacao
ola gabriela boa tarde tudo bem,saudacao
saias,nao_entendi
pergunta com que sapato usar a bolsa anda sozinha resposta combinacoes e ocasioes,nao_entendi
ta,nao_entendi
pergunta a calca cool tem frete gratis resposta frete prazos e trocas,frete_prazo
sem conteudo detectavel,nao_entendi
<url>,nao_entendi
nao sei se ficaria legal p quem esta um pouco acima do peso,nao_entendi
estamos estudando trazer essa categoria para o curadobia pora c m nada de imediato ainda mas muito legal saber do interesse assim que tivermos iremos te manter avisada,nao_entendi
curtiu uma mensagem,nao_entendi
sem conteudo detectavel,nao_entendi
e,nao_entendi
sem conteudo detectavel,nao_entendi
a,nao_entendi
essa gladiadora qual o numero tem <num>,nao_entendi
sem conteudo detectavel,nao_entendi
a,nao_entendi
pergunta da pra usar a blusa molona em festa de dia resposta combinacoes e ocasioes,nao_entendi
cecilia sent an attachment,nao_entendi
chique,nao_entendi
link compartilhado,como_comprar
<url>,nao_entendi
no,nao_entendi
link compartilhado,como_comprar
sem conteudo detectavel,nao_entendi
que,nao_entendi
o,nao_entendi
sem conteudo detectavel,nao_entendi
gostei do conjunto mas nao vi no site,erros_plataforma
pergunta da pra trocar a calca saruel silvia por outro tamanho resposta frete prazos e trocas,frete_prazo
link compartilhado,como_comprar
e,nao_entendi
a,nao_entendi
com relaa a o a outra blusa que vocaa gostou ela esta em processo de lana amento e ainda na o esta a venda no nosso site mas independente desse fator na o seria possavel unificar o frete nesse caso pois o frete sa <num> fica unificado para as pea as da mesma marca,frete_prazo
ola daniela boa tarde tudo bem,saudacao
mais,nao_entendi
surpresa,nao_entendi
ta joia,nao_entendi
d,nao_entendi
sem conteudo detectavel,nao_entendi
ola julia bom dia tudo bem,saudacao
oi sandra tudo bem passando aqui para te avisar que o jeans preto que vocaa se interessou no nosso reels um tempinho atra s esta disponavel d,saudacao
prontissima,nao_entendi
sem conteudo detectavel,nao_entendi
sem conteudo detectavel,nao_entendi
pergunta a saia acinturante combina com jeans resposta combinacoes e ocasioes,nao_entendi
link compartilhado,como_comprar
link compartilhado,como_comprar
e,nao_entendi
acho melhor sim esta um pouco certa demais,nao_entendi
de,nao_entendi
uma,nao_entendi
nao,nao_entendi
pea o desculpa pela demora em lhe retornar,nao_entendi
pergunta posso indicar a regata pregas jersey pra alguem resposta extras e institucional,nao_entendi
obaa d,nao_entendi
link compartilhado,como_comprar
bia sent an attachment,nao_entendi
sem conteudo detectavel,nao_entendi
chokers,nao_entendi
bia sent an attachment,nao_entendi
no,nao_entendi
pergunta a calca cool fica justa no quadril resposta tamanho e medidas,tamanho_modelagem
paguei sedex porque estou indo hoje pra londres e queria levar o body,nao_entendi
ola meninas tudo bem comprei a saia preta da d aura em outubro precisei trocar foram rapidassimos mas sa <num> hoje eu soube que na o levaram a sacola com a pea a a ser trocada ficou este tempo todo na minha portaria como faa o,saudacao
comprar,como_comprar
prateleira,nao_entendi
mari sent an attachment,nao_entendi
tem,nao_entendi
maravilha,nao_entendi
link compartilhado,como_comprar
meu pedido chegou hj,nao_entendi
obrigada por nos mandar e informar sobre essa situaa a o ja passamos para o nosso setor ta c cnico analisar essa situaa a o caso deseje podemos tirar daovidas e disponibilizar mais informaa aues por aqui sa <num> nos solicitar d estamos a disposia a o para qualquer coisa,agradecimento
link compartilhado,como_comprar
grafica,nao_entendi
m,nao_entendi
ana,nao_entendi
ola bom dia sou muito fa da bia mas nunca comprei no curadoria uma duvida como faco para escolher um tamanho com mais seguranca tem uma tabela de medidas para servir de referencia obrigada,saudacao
medidas,nao_entendi
muito obrigada pelo retorno,agradecimento
bia sent an attachment,nao_entendi
<url>,nao_entendi
na torcida a i,nao_entendi
prea o,nao_entendi
ela,nao_entendi
aqui ou nas lojas da paula ferber,nao_entendi
essa da bia e da luiza perea,nao_entendi
link compartilhado,como_comprar
link compartilhado,como_comprar
boa tarde comprei a blusa pah mas na o consigo deixa la parecida como da fotoa acho que estou usando de forma erradaa tem alguma tutorial de como vesti la rs,saudacao
esse,nao_entendi
sem conteudo detectavel,nao_entendi
curtiu uma mensagem,nao_entendi
link compartilhado,como_comprar
conteudo,nao_entendi
pra,nao_entendi
sem conteudo detectavel,nao_entendi
respostas,nao_entendi
bia sent an attachment,nao_entendi
ola renata bom dia que bom receber mensagem tua me chamo ana e faco parte do time curadobia nesse lindo look da bia nos temos somente a blusa disponivel no curadobia,saudacao
so mimimi sent an attachment,nao_entendi
bia sent an attachment,nao_entendi
ola pessoal como vao muito prazer meu nome e ana e trabalho junto com a bia paes de barros no curadobia com br o curadobia e um marketplace que nasceu com o proposito de reunir em um so lugar pecas que fazem toda a diferenca no armario e ao mesmo tempo sao faceis de usar os chamados neutros com tcharanz acreditamos que a lourie super se conecta com essa proposta com quem poderia conversar para falar mais sobre aguardo voces,saudacao
oii o site curadobia esta fora do ar fui visitar atrava c s dos link da bio e na o funcionou bjs,erros_plataforma
<url>,nao_entendi
<num> ou <num>,nao_entendi
link compartilhado,como_comprar
preco,nao_entendi
gosto da cala a assim mais curta visto entre <num> <num> quadril <num>,nao_entendi
pergunta a regata pregas jersey precisa passar resposta modelagem e tecido,tamanho_modelagem
do,nao_entendi
tem,nao_entendi
d,nao_entendi
<url>,nao_entendi
dany vou pedir para voce me informar qual o seu melhor e mail para que a marca encaminhe as orientacoes,nao_entendi
todas as pea as da mybasic e da lounge <num> possuem uma ampla grade <url> <url> os produtos da cecilia possuem uma modelagem mais ampla <url> alguns dos produtos da nauanin chegam ata c a numeraa a o xxgg equivalendo a um <num> <url>,tamanho_modelagem
link compartilhado,como_comprar
o,nao_entendi
sem conteudo detectavel,nao_entendi
pergunta se eu sou baixa a calca saruel silvia fica muito comprida resposta tamanho e medidas,tamanho_modelagem
tira,nao_entendi
tudo bem bia gostaria muito de saber se nesta sua plataforma vc assiste aos clientes em encontrar produtos lojas etc,nao_entendi
link compartilhado,como_comprar
sem conteudo detectavel,nao_entendi
<url>,nao_entendi
a,nao_entendi
camisa,nao_entendi
obvio,nao_entendi
ela,nao_entendi
minha,nao_entendi
e,nao_entendi
ola ana boa tarde tudo bem estamos entrando em contato porque identificamos que ha um tempo vocaa demonstrou interesse nos sapatos da bia que apareceram em um dos nossos reels agora eles esta o disponaveis no site do curadobia dd segue o link <url> obrigada por nos acompanhar ana qualquer daovida estamos a disposia a o equipe curadobia d,saudacao
foi muito legal,nao_entendi
curtiu uma mensagem,nao_entendi
tem,nao_entendi
a,nao_entendi
bia sent an attachment,nao_entendi
pergunta com que sapato usar a bolsa anda sozinha resposta combinacoes e ocasioes,nao_entendi
oi pessoal tudo bem mariele da icon aqui adoraria apresentar a agencia e os talentos que representamos para voces acredito que temos uma super sinergia e que seria lindo colaborarmos futuramente qual o melhor contato para falarmos disso por favor muito obrigada,saudacao
ela,nao_entendi
a,nao_entendi
pergunta,nao_entendi
link compartilhado,como_comprar
ne,nao_entendi
eu costumo usar p ou pp se a confeca a o a c grande,nao_entendi
sem conteudo detectavel,nao_entendi
link compartilhado,como_comprar
pergunta a calca saruel silvia e versatil pra viagem resposta combinacoes e ocasioes,nao_entendi
pantalona,nao_entendi
em,nao_entendi
vocaa na o recebeu essa mensagem,nao_entendi
ola gostaraamos de ora ar com vocaas o aluguel de algumas pea as objetos de vocaas para um dia de evento que vamos fazer a possavel obrigada desde ja,saudacao
vc consegue rastrear o meu pedido,nao_entendi
eu nao recebi email confirmando a compra,nao_entendi
sem conteudo detectavel,nao_entendi
reels,nao_entendi
sem,nao_entendi
com relacao a previsao de entrega por conta dessa questao na plataforma as marcas tambem nao receberam a notificacao do pedido e por isso ira acabar atrasando um pouco a sua compra mas nos tambem ja entramos em contato com a stella bastos sobre a sua compra e logo mais ela estara com voce desculpa pelo ocorrido qualquer coisa nos avise obrigada por ser nossa cliente equipe curadobia,agradecimento
pergunta a saia acinturante marca muito o corpo resposta modelagem e tecido,tamanho_modelagem
tudo,nao_entendi
de,nao_entendi
pergunta a bolsa anda sozinha precisa passar resposta modelagem e tecido,tamanho_modelagem
bia sent an attachment,nao_entendi
segunda na parte da tarde voce teria disponibilidade,nao_entendi
bia sent an attachment,nao_entendi
sheila segue resposta das meninas da olive you marca do macaca o <num> cm circunferaancia total mas explique a ela por favor que esta pea a tem uma modelagem ampla ao corpo ok enta o acredito que se encaixa no que conversamos mesmod o que vocaa acha qualquer coisa seguimos a disposia a o,tamanho_modelagem
imagina qualquer coisa estamos por aqui so chamar abracos,nao_entendi
ola tudo bem que bom receber sua mensagem meu nome a c ana e sou do time curadobia com relaa a o a sua daovida conversei com a pra <num> pria bia e ela nos informou que volumes tamba c m podem funcionar para quem esta um pouco acima desde que tenha um pouco de pele de fora para trazer levezad,saudacao
<num>,nao_entendi
corpos,nao_entendi
ola evelyn bom dia tudo bem aqui somos do curadobia vocaa teria interesse em apresentar a sua marca pensando em participar do curadobia ou seria referente a parceria de divulgaa a o com a bia,saudacao
e quadril,nao_entendi
papel,nao_entendi
bia sent an attachment,nao_entendi
ola tudo bem bom dia como funciona o orcamento de studios com voces por favor,saudacao
oi lais boa noite o site esta funcionando normalmente esperamos que consiga finalizar seu pedido agora,saudacao
inventadas,nao_entendi
enta o era pra ter pago menos a meu ver,nao_entendi
pergunta se eu sou baixa a calca saruel silvia fica muito comprida resposta tamanho e medidas,tamanho_modelagem
bom dia ontem tive o prazer de conhecer vc ao vivo eu estava no mil plantas vc e lindassima a i,saudacao
estrutura,nao_entendi
pergunta a saia tech tem frete gratis resposta frete prazos e trocas,frete_prazo
perfeito estamos entrando em contato com a marca e ja lhe posicionamos tivemos alguns problemas com pedidos em funcao da greve dos correios e isso pode estar atrelado,nao_entendi
de,nao_entendi
qualquer coisa me avisa,nao_entendi
nao,nao_entendi
link da cala a por gentileza,como_comprar
sem conteudo detectavel,nao_entendi
e tem ela preta,nao_entendi
mb <num> gg,nao_entendi
oi julia tudo bem essa a c da egrey mais antigaa estamos a poucos dias de lana ar novos modelos de jeans de uma nova marca que entrara no curadobia assim que lana armos te mandamos aquid,saudacao
macacao precisa ser mais soltinho,nao_entendi
ola halanna boa tarde tudo bem estamos entrando em contato porque identificamos que ha um tempo vocaa demonstrou interesse nas sanda lias da bia que apareceram em um dos nossos reels agora elas esta o disponaveis no site do curadobia dd segue o link <url> obrigada por nos acompanhar halanna qualquer daovida estamos a disposia a o equipe curadobia d,saudacao
lindaaaa,nao_entendi
ana vou verificar com eles voce pode me informar qual foi o numero do seu pedido por favor,nao_entendi
muito obrigada elas entraram em contato comigo realmente a sandalia e linda mas infelizmente fico um pouco fora pra mim,agradecimento
pergunta tem estoque da camisa de responsa no tamanho m resposta preco estoque e pagamento,formas_pagamento
com certeza vocaa ira encontrar pea as ideais para o seu objetivo nesses links que te mandei julienne qualquer coisa eu sigo aqui para o que vocaa precisar d,nao_entendi
como proceder p troca,troca_devolucao_politica
bom dia consegue me mandar o vadeo,saudacao
curtiu uma mensagem,nao_entendi
obrigada pela presena a silviad,agradecimento
de,nao_entendi
bom dia marcia tudo bem obrigada pela sua mensagem ficamos muito felizes que gostou da nossa pantalona jeans d infelizmente ela esta esgotada no momento mas assim que tivermos a reposia a o te avisamos,saudacao
aqui,nao_entendi
perguntas,nao_entendi
<url>,nao_entendi
que,nao_entendi
link compartilhado,como_comprar
sem conteudo detectavel,nao_entendi
so,nao_entendi
oi renata boa tarde aqui a c a ana acredito que te respondi por whatsapp certo qualquer coisa estou por aqui,saudacao
eu adorei ja usei minha saia hj,nao_entendi
segundos,nao_entendi
sem conteudo detectavel,nao_entendi
no,nao_entendi
d,nao_entendi
ja respondi sim no wzap,nao_entendi
substituta,nao_entendi
de,nao_entendi
ficou enorme,nao_entendi
entendi esse modelo ele e oversized ou seja possui uma estrutura mais larga voce ja chegou a usar modelos assim,nao_entendi
mas a experiencia de compra nao foi legal,nao_entendi
bia sent an attachment,nao_entendi
oiee bom dia,saudacao
ja comprei <num> pea as da curadobia,nao_entendi
oiee bom dia,saudacao
oi talita muito bom receber sua mensagem agradecemos demais o contato e que bacana vocaas terem pensado na gente pora c m nesse momento na <num> s na o estamos trabalhando com produa a o de qualquer forma salvamos o teu contato para futuras oportunidades atenciosamente equipe curadobiad,saudacao
bia sent an attachment,nao_entendi
arrasar,nao_entendi
jogo,nao_entendi
por onde posso acompanhar o envio da minha compra,nao_entendi
verificamos com a marca responsavel pelo envio a revival o seu pedido sofreu um pequeno atraso que a marca me informou ter lhe comunicado por whatsapp,nao_entendi
obrigada pelo prestagio d d,agradecimento
pergunta tem estoque da saia acinturante no tamanho m resposta preco estoque e pagamento,formas_pagamento
curadobia,nao_entendi
look,pedir_sugestao_produto
pergunta a regata pregas jersey precisa passar resposta modelagem e tecido,tamanho_modelagem
ola bom dia tudo bem vocaas tem um pdf com o portifolio de produtos que trabalham,saudacao
otimo me avise por favor um abraco e obrigada,agradecimento
uma,nao_entendi
melhor,nao_entendi
pede,nao_entendi
aqui a tabela certinha mas ja estamos com o pessoal ta c cnico corrigindo esse erro,erros_plataforma
preto,nao_entendi
dia <num> <num> das <num> hs as <num> hs,nao_entendi
oi tatiana tudo bem infelizmente nao temos o cupom,saudacao
sem conteudo detectavel,nao_entendi
no,nao_entendi
amando a i a i a i,nao_entendi
do,nao_entendi
ta a <num> timo obrigada,agradecimento
que,nao_entendi
no,nao_entendi
casaco,nao_entendi
link compartilhado,como_comprar
traz,nao_entendi
ola eu encontro as medidas no site,saudacao
milene perguntamos para a bia e ela te indicou comprar o tamanho <num> dessa jaqueta por vocaa na o estar acostumada a roupas oversized o que acha d,tamanho_modelagem
<num>,nao_entendi
vcs,nao_entendi
suavizadora,nao_entendi
usar,nao_entendi
era pra ter chegado ontem,nao_entendi
link compartilhado,como_comprar
sigo aqui para o que voce precisar,nao_entendi
<url>,nao_entendi
real,nao_entendi
bota,nao_entendi
sem conteudo detectavel,nao_entendi
m <num> <num>,nao_entendi
tem,nao_entendi
pergunta a calca cool vai bem com bota resposta combinacoes e ocasioes,nao_entendi
imagem,nao_entendi
de nada,nao_entendi
d,nao_entendi
boa noite,saudacao
pergunta tenho duvida no tamanho da blusa molona qual voce recomenda resposta tamanho e medidas,tamanho_modelagem
ola andrea boa tarde tudo bem estamos entrando em contato porque identificamos que ha um tempo voce demonstrou interesse nas sandalias da bia que apareceram em um dos nossos reels agora eles estao disponiveis no site do curadobia segue o link <url> obrigada por nos acompanhar andrea qualquer duvida estamos a disposicao equipe curadobia,saudacao
nunca,nao_entendi
ola pessoal como va o meu nome a c ana e trabalho junto com a bia paes de barros no curadobia com br o curadobia a c um marketplace que nasceu com o propa <num> sito de reunir em um sa <num> lugar pea as que fazem toda a diferena a no arma rio e ao mesmo tempo sa o fa ceis de usar os chamados neutros com tcharanz acreditamos que a novamente pode se conectar com essa proposta com quem poderia conversar para falar mais sobre aguardo vocaas,saudacao
ana ja entrei em contato com o pessoal da d aura para entendermos o que aconteceu,nao_entendi
obrigada pelo prestigio foi incrivel te ter de pertinho hoje,agradecimento
sem conteudo detectavel,nao_entendi
mas que bom que achou confortavel,nao_entendi
elaine para o tamanho <num> na <num> s indicamos o tamanho <num> da saia,tamanho_modelagem
versao,nao_entendi
oi claudia que mensagem boa ficamos felizes de voce gostar dos nossos produtos vou confirmar sua compra e te aviso,saudacao
pergunta tem rastreio pra camisa de responsa resposta frete prazos e trocas,frete_prazo
link compartilhado,como_comprar
ola katia tudo bem,saudacao
curtiu uma mensagem,nao_entendi
bia sent an attachment,nao_entendi
oi anna bom dia tudo bem nos desculpe a falta de resposta vou te mandar mensagem via whatsapp para ficar melhor a nossa comunicaa a o tudo bem mas pode ficar tranquila pois realmente nosso atendimento funciona prioritariamente durante a semana e na o vamos te deixar desamparada,saudacao
ola td bem fiz uma compra com vc e recebi apenas o tricot vc pode me ajudar muito obrigada desde ja,saudacao
sem conteudo detectavel,nao_entendi
amoooo suas rasteiras na o sa o da sua lj mas poderia indicar aonde taam aquela custo benefacio,nao_entendi
e,nao_entendi
tamanho,tamanho_modelagem
link compartilhado,como_comprar
da,nao_entendi
duvida,nao_entendi
ola dany podemos ajudar sim claro,saudacao
aqui,nao_entendi
pergunta a bolsa anda sozinha tem desconto a vista resposta preco estoque e pagamento,formas_pagamento
link compartilhado,como_comprar
estou com duvidas sobre o tamanho da saia unica visto <num> mas as medidas no quadro de tamanhos parecem grandes mas existe a informaa a o de que o tamanho <num> corresponde ao <num> a,tamanho_modelagem
tamanho,tamanho_modelagem
algua c m poderia entrar em contato comigo por e mail ou whatsapp o site de vcs parece que esta com problemas na o funciona direito na o,erros_plataforma
oie,nao_entendi
pergunta a trench facil e versatil pra viagem resposta combinacoes e ocasioes,nao_entendi
minhas,nao_entendi
sair,nao_entendi
ola pessoal como va o meu nome a c ana e trabalho junto com a bia paes de barros no curadobia com br o curadobia a c um marketplace que nasceu com o propa <num> sito de reunir em um sa <num> lugar pea as que fazem toda a diferena a no arma rio e ao mesmo tempo sa o fa ceis de usar os chamados neutros com tcharanz acreditamos que a elisa atheniense super se conecta com essa proposta com quem poderia conversar para falar mais sobre aguardo vocaas,saudacao
sinonimo,nao_entendi
sem conteudo detectavel,nao_entendi
ola muito obrigada vou ver em breve,saudacao
link compartilhado,como_comprar
bia gosto muito das suas bolsas poderia passar umas dicas nao encontrei no seu site,erros_plataforma
pergunta a saia tech vai bem com bota resposta combinacoes e ocasioes,nao_entendi
pergunta a saia acinturante combina com jeans resposta combinacoes e ocasioes,nao_entendi
camisa,nao_entendi
pergunta tenho duvida no tamanho da blusa molona qual voce recomenda resposta tamanho e medidas,tamanho_modelagem
ola fabiana obrigada pela sua mensagem e carinho conosco alguns de nossos parceiros ainda estao organizando a volta dos estoques pos recesso de final e inicio de ano entramos em contato com a lounge <num> produtoras da blusa pah e phyna e elas nos informaram que provavelmente amanha mesmo as blusas ja estejam de volta em estoque pode ficar tranquila que a gente te avisa qualquer coisa seguimos aqui,saudacao
ola pessoal como vao meu nome e ana e trabalho junto com a bia paes de barros no curadobia com br o curadobia e um marketplace que nasceu com o proposito de reunir em um so lugar pecas que fazem toda a diferenca no armario e ao mesmo tempo sao faceis de usar os chamados neutros com tcharanz acreditamos que a a aurora super se conecta com essa proposta com quem poderia conversar para falar mais sobre aguardo voces,saudacao
bia sent an attachment,nao_entendi
a i,nao_entendi
bom,nao_entendi
tenis,nao_entendi
stellathomazbastos <user> com,nao_entendi
bia sent an attachment,nao_entendi
claro pode enviar para nosso e mail contato curadobia <user> com,nao_entendi
oi alessandra bom dia como voce esta aqui e a ana da equipe do curadobia a bia nos passou seu contato para tratar sobre o seu interesse nas nossa pecas,saudacao
oieee obrigada de verdade,agradecimento
p,nao_entendi
pergunta com que sapato usar a regata pregas jersey resposta combinacoes e ocasioes,nao_entendi
bia sent an attachment,nao_entendi
medida,nao_entendi
yes,nao_entendi
responsa,nao_entendi
bia sent an attachment,nao_entendi
nao vou trocar vou tentar reduzir o gancho,nao_entendi
chique,nao_entendi
boa tarde a jaqueta off da nauanim voltou,saudacao
pedimos desculpas pelo transtorno,nao_entendi
oie <user> oficial,nao_entendi
se,nao_entendi
ola boa tarde tudo bem estamos entrando em contato porque identificamos que ha um tempo vocaa demonstrou interesse nas sanda lias da bia que apareceram em um dos nossos reels agora eles esta o disponaveis no site do curadobia dd segue o link <url> obrigada por nos acompanhar qualquer daovida estamos a disposia a o equipe curadobia d,saudacao
e,nao_entendi
link compartilhado,como_comprar
nao tenho nada da paula ferber a numeracao e normal a forma,nao_entendi
super ja falei mto com elas mas estao com muitas frentes abertas e nao conseguem fazer mais coisas,nao_entendi
independente disso sigo aqui para o que voce precisar,nao_entendi
<num>,nao_entendi
qualquer coisa sigo aqui,nao_entendi
link compartilhado,como_comprar
d,nao_entendi
boa tarde na pa gina da regata podrinha cinza eu na o consigo ver as medidas dos tamanhos acima do g que sa o justamente o que visto poderia me enviar essas medidas dos tamanhos gg e xgg por favor,saudacao
brenda sent an attachment,nao_entendi
vou te encaminhar o link <url>,como_comprar
e,nao_entendi
sem conteudo detectavel,nao_entendi
maiorzinho,nao_entendi
tech,nao_entendi
d,nao_entendi
quer,nao_entendi
link compartilhado,como_comprar
sem conteudo detectavel,nao_entendi
contexto,nao_entendi
sim obrigada,agradecimento
deu certo sim obrigada,agradecimento
bia sent an attachment,nao_entendi
alguma,nao_entendi
verificamos com a marca responsa vel pelo envio a revival o seu pedido sofreu um pequeno atraso que a marca me informou ter lhe comunicado por whatsapp,nao_entendi
que pena dri entendemos espero que outras pea as no site te encontremd estamos aqui qualquer coisa obrigada pela mensagem,agradecimento
bia sent an attachment,nao_entendi
e,nao_entendi
ola dany bom dia,saudacao
informacoes,nao_entendi
oi karyna tudo bem estamos passando algumas instabilidades com o site mas acredito que logo mais isso vai se resolver vocaa precisa de suporte com algo estamos aqui para o que precisard,saudacao
na,nao_entendi
ola bom dia,saudacao
sou,nao_entendi
oi adriana isso ainda na o esta disponavel pois ele a c um modelo exclusivo de sa o paulo fashion week inclusive fomos semana passada prestigiar a marca reptilia nossa previsa o a c que esteja disponavel na proxima semana,saudacao
da,nao_entendi
mais,nao_entendi
ola pessoal tudo bem sou a lala cunha <user> e vim contar um pouco sobre o <user> estamos em sp e fazemos fotografia videos em formato reels direcao de arte e styling para marcas de acordo com a sua necessidade fazemos trabalhos exclusivos para as marcas e em breve final de marco tambem faremos o nosso proximo shooting collab uma diaria criada para incluir varias marcas que tem produtos a serem fotografados necessitam de um material de qualidade mas que nao querem ter um alto valor de investimento nisso o proximo collab sera em uma locacao linda e as modelos foram escolhidas a dedo e acho que combina muito com a marca de voces abaixo mando mais infos vamos conversar sobre essas possibilidades fico aqui a disposicao abracos lala <num> <num>,saudacao
oi mariana bom dia o que acha desse modelo que temos no curadobia,saudacao
link compartilhado,como_comprar
a,nao_entendi
<num> cm,nao_entendi
pergunta quanto tempo pra entregar a blusa molona em sp resposta frete prazos e trocas,frete_prazo
<url>,nao_entendi
d,nao_entendi
posso,nao_entendi
meia,nao_entendi
oi paola como vai temos ela disponavel do tamanho <num> ao <num>,saudacao
seguimos a disposia a o para o que precisar,nao_entendi
uma coisa de lindo,nao_entendi
ah show vou enviar o invite,nao_entendi
e,nao_entendi
longona,nao_entendi
continuidade,nao_entendi
sem conteudo detectavel,nao_entendi
pergunta a regata pregas jersey precisa passar resposta modelagem e tecido,tamanho_modelagem
ola pessoal tudo bem sou a lala cunha <user> e vim contar um pouco sobre o <user> estamos em sp e fazemos fotografia vadeos em formato reels direa a o de arte e styling para marcas de acordo com a sua necessidade fazemos trabalhos exclusivos para as marcas e em breve final de mara o tamba c m faremos o nosso pra <num> ximo shooting collab uma dia ria criada para incluir va rias marcas que taam produtos a serem fotografados necessitam de um material de qualidade mas que na o querem ter um alto valor de investimento nisso o proximo collab sera em uma locaa a o linda e as modelos foram escolhidas a dedo e acho que combina muito com a marca de voces abaixo mando mais infos vamos conversar sobre essas possibilidades fico aqui a disposia a o abraa os lala <num> <num>,saudacao
oie td e vc fica super vistoso pode ficar bem bacana com essa saia tmb,nao_entendi
bia sent an attachment,nao_entendi
qual tamanho,tamanho_modelagem
saias,nao_entendi
pergunta quem faz a trench facil resposta extras e institucional,nao_entendi
link compartilhado,como_comprar
respeito,nao_entendi
sao,nao_entendi
obrigada ate la,agradecimento
com,nao_entendi
sem conteudo detectavel,nao_entendi
um,nao_entendi
bia sent an attachment,nao_entendi
bia sent an attachment,nao_entendi
maior,nao_entendi
ola andrea boa tarde tudo bem estamos entrando em contato porque identificamos que ha um tempo vocaa demonstrou interesse nas sanda lias da bia que apareceram em um dos nossos reels agora eles esta o disponaveis no site do curadobia dd segue o link <url> obrigada por nos acompanhar andrea qualquer daovida estamos a disposia a o equipe curadobia d,saudacao
bia sent an attachment,nao_entendi
ola pessoal como va o meu nome a c ana e trabalho junto com a bia paes de barros no curadobia com br o curadobia a c um marketplace que nasceu com o propa <num> sito de reunir em um sa <num> lugar pea as que fazem toda a diferena a no arma rio e ao mesmo tempo sa o fa ceis de usar os chamados neutros com tcharanz acreditamos que a l dnim super se conecta com essa proposta com quem poderia conversar para falar mais sobre aguardo vocaas,saudacao
bia sent an attachment,nao_entendi
evento,nao_entendi
bia sent an attachment,nao_entendi
entregaria,nao_entendi
das,nao_entendi
de,nao_entendi
em,nao_entendi
para,nao_entendi
ola kari bom dia tudo bem,saudacao
eu amei a blusa branca tcharam d deg,nao_entendi
sabe,nao_entendi
pergunta tenho <num> cm de busto qual regata pregas jersey comprar resposta tamanho e medidas,tamanho_modelagem
so mimimi sent an attachment,nao_entendi
obrigada,agradecimento
bonito,nao_entendi
saia,nao_entendi
e,nao_entendi
oi quanto custa a blusa modernosa tem gg,saudacao
ola renata bom dia que bom receber mensagem tua me chamo ana e faa o parte do time curadobia nesse lindo look da bia na <num> s temos somente a blusa disponavel no curadobia aoi,saudacao
link compartilhado,como_comprar
vou seguir,nao_entendi
sem conteudo detectavel,nao_entendi
<url>,nao_entendi
sem,nao_entendi
ola maria tudo bem obrigada por ter entrado em contato conosco te aconselhamos comprar o seu numero mesmo no caso o tamanho <num> qualquer outra daovida pode sempre entrar em contato conosco equipe curadobia d,saudacao
qual o enderea o,nao_entendi
link compartilhado,como_comprar
que bom receber mensagem tua,nao_entendi
brinca,nao_entendi
ja,nao_entendi
atemporal,nao_entendi
obrigada pela presenca foi incrivel te receber,agradecimento
sem conteudo detectavel,nao_entendi
sem conteudo detectavel,nao_entendi
pergunta da pra parcelar a calca cool sem juros resposta preco estoque e pagamento,formas_pagamento
sem conteudo detectavel,nao_entendi
ola caroline tudo bem obrigada pelo seu interesse em trabalhar conosco no momento na o estamos trabalhando com o contrato de novas pessoas no nosso time mas ja salvamos seus dados para futuras oportunidades caso tenha mais alguma daovida estamos a disposia a o equipe curadobia d,saudacao
link compartilhado,como_comprar
eu quero comprar esses acessorios como faco,como_comprar
sua roupa jeans a c de onde,nao_entendi
bia sent an attachment,nao_entendi
email adrianaleitecarvalho <user> com,nao_entendi
gosto muito dos looks mas percebo que ha muito jogo c volumes,nao_entendi
pergunta se eu sou baixa a calca saruel silvia fica muito comprida resposta tamanho e medidas,tamanho_modelagem
bom dia gostei da calca vai ter no site obrigada,saudacao
bota,nao_entendi
curtiu uma mensagem,nao_entendi
bia sent an attachment,nao_entendi
stella sent an attachment,nao_entendi
vou seguir,nao_entendi
ola como va o muito prazer meu nome a c ana e trabalho aqui no curadobia na o sei se recordam pora c m conversamos no primeiro semestre do ano passado <num> sobre esse projeto da bia paes de barros desde la evoluamos bastante e estamos concretizados como um marketplace em potencial crescimento queremos compartilhar com vocaas nosso site para darem uma olhada curadobia com br ainda temos a nua em foco o que acham de retomarmos contato aguardo vocaas,saudacao
oi ana tudo bem na a c poca o pessoal da d aura te instruiu que iriam retirar na sua portaria,saudacao
sem conteudo detectavel,nao_entendi
leveza,nao_entendi
tem,nao_entendi
d,nao_entendi
curtiu uma mensagem,nao_entendi
obrigada pelo feedback maria,agradecimento
isso e curadobia hein,nao_entendi
pergunta da pra trocar a trench facil por outro tamanho resposta frete prazos e trocas,frete_prazo
permite,nao_entendi
e,nao_entendi
link compartilhado,como_comprar
pergunta a blusa molona ta em promocao resposta preco estoque e pagamento,formas_pagamento
link compartilhado,como_comprar
super,nao_entendi
legal mto obrigada d,agradecimento
boa,nao_entendi
obrigada pela presena a foi incravel te receber d d,agradecimento
d r,nao_entendi
coleira,nao_entendi
melhor,nao_entendi
ola boa noite,saudacao
gostei,nao_entendi
sem conteudo detectavel,nao_entendi
tem sim a calca,nao_entendi
como,nao_entendi
perguntas,nao_entendi
flo,nao_entendi
leve,nao_entendi
precisar,nao_entendi
ola anna bom dia seu produto vou enviado dia <num> <num> voce consegue acompanhar tudo pelo codigo de rastreio abaixo,saudacao
qualquer duvida estamos a disposia a o d,nao_entendi
bia sent an attachment,nao_entendi
a,nao_entendi
voces tem loja fisica,nao_entendi
indo,nao_entendi
qualquer daovida ou questa o estamos a disposia a o obrigada por nos acompanhar equipe curadobia d,agradecimento
na,nao_entendi
e em outras <num>,nao_entendi
link compartilhado,como_comprar
na verdade eu ja assisti ao vadeo do casaco no site curadobia va rias vezes para tentar chegar a essa conclusa o mas na o consegui,erros_plataforma
pergunta tem rastreio pra camisa de responsa resposta frete prazos e trocas,frete_prazo
alguma,nao_entendi
r <num> <num>,nao_entendi
tudo,nao_entendi
maleavel,nao_entendi
classico,nao_entendi
ola que bom que voce se interessou por nos muito bom receber tua mensagem joana infelizmente essa calca nao esta no curadobia e e acervo pessoal da bia mesmo esse video tem a finalidade de apresentar as nossas camisas esperamos que goste,saudacao
sem conteudo detectavel,nao_entendi
pergunta aceitam pix pra calca saruel silvia resposta preco estoque e pagamento,formas_pagamento
ola tudo bem bom dia como funciona o ora amento de studios com vocaas por favor,saudacao
presenca,nao_entendi
eu quero comprar esses acessa <num> rios como faa o,como_comprar
bia sent an attachment,nao_entendi
sem conteudo detectavel,nao_entendi
<num>,nao_entendi
pergunta a calca saruel silvia e versatil pra viagem resposta combinacoes e ocasioes,nao_entendi
bia sent an attachment,nao_entendi
sem conteudo detectavel,nao_entendi
aberta,nao_entendi
praia,nao_entendi
sem conteudo detectavel,nao_entendi
bia sent an attachment,nao_entendi
mais,nao_entendi
ola pessoal como va o muito prazer meu nome a c ana e trabalho junto com a bia paes de barros no curadobia com br o curadobia a c um marketplace que nasceu com o propa <num> sito de reunir em um sa <num> lugar pea as que fazem toda a diferena a no arma rio e ao mesmo tempo sa o fa ceis de usar os chamados neutros com tcharanz acreditamos que a lourie super se conecta com essa proposta com quem poderia conversar para falar mais sobre aguardo vocaas,saudacao
fiz uma compra de um casaco com vcs e nao vestiu bem gostaria de trocar por uma calca fresquinha tamanho m,tamanho_modelagem
ola camila td bem segue aqui o link da blusa que vocaa gostou qualquer duvida estamos a disposia a o ok a,saudacao
curtiu uma mensagem,nao_entendi
nao gosto de nada apertado mas essa blusa tem um shane mais ajustado dai fiquei na duvida,nao_entendi
na,nao_entendi
you sent an attachment,nao_entendi
poder,nao_entendi
sem conteudo detectavel,nao_entendi
<num>,nao_entendi
juliana sent an attachment,nao_entendi
sem conteudo detectavel,nao_entendi
obrigada,agradecimento
acinturante,nao_entendi
bia sent an attachment,nao_entendi
resolve,nao_entendi
que,nao_entendi
entrar em contato com a luciana nossa gerente comercial no email gerencia <user> com br,nao_entendi
link compartilhado,como_comprar
pergunta se eu sou baixa a trench facil fica muito comprida resposta tamanho e medidas,tamanho_modelagem
os bodys da revival sa o excelentes pea as neutras e ba sicas para ter no arma rio e possuem uma ampla grade de tamanhos <url> ala c m disso temos nossos acessa <num> rios <url> bolsas <url> e sapatos <url>,nao_entendi
ola adriana td bem pode escolher a p atendera sua numeracao tranquilamente obrigada time curadobia,saudacao
excelente,nao_entendi
ola amanda bom dia pea o desculpas pela demora mas o nosso pessoa ta c cnico ainda na o conseguiu simular um erro igual ao que ocorreu com voce por isso a demora em lhe retornar,saudacao
sim,nao_entendi
<url>,nao_entendi
pergunta a camisa de responsa marca muito o corpo resposta modelagem e tecido,tamanho_modelagem
pergunta consigo devolver a regata pregas jersey se nao servir resposta frete prazos e trocas,frete_prazo
gostaria a camisa branca tamanho m e possivel,tamanho_modelagem
na torcida,nao_entendi
seguem as medidas p ca <num> s <num> cm e veste quadril ata c <num> cm m ca <num> s <num> cm e veste um quadril ata c <num> cm g ca <num> s <num> cm e veste um quadril ata c <num> cm,tamanho_modelagem
<url>,nao_entendi
pergunta a saia tech vai bem com bota resposta combinacoes e ocasioes,nao_entendi
qualquer coisa sigo aquid,nao_entendi
atimo me avise por favor um abraa o e obrigada,agradecimento
da,nao_entendi
p,nao_entendi
sem conteudo detectavel,nao_entendi
maria shared a product,nao_entendi
curtiu uma mensagem,nao_entendi
ambos,nao_entendi
obrigada pela presena a ju amamos te receber e te atender d d,agradecimento
so,nao_entendi
saia,nao_entendi
agora estou organizando as coisas,nao_entendi
sem conteudo detectavel,nao_entendi
sem conteudo detectavel,nao_entendi
bia sent an attachment,nao_entendi
perfeito,nao_entendi
curtiu uma mensagem,nao_entendi
link compartilhado,como_comprar
sem conteudo detectavel,nao_entendi
sem conteudo detectavel,nao_entendi
qual seu e mail que aa envio um invite,nao_entendi
fazer,nao_entendi
<url>,nao_entendi
que,nao_entendi
pergunta tenho duvida no tamanho da camisa viajante qual voce recomenda resposta tamanho e medidas,tamanho_modelagem
denize sent an attachment,nao_entendi
poxa que pena quando tiverem me avise por favor,nao_entendi
tutu meu filho e tutu arthur kkkk,nao_entendi
a,nao_entendi
qualquer duvida pode tamba c m nos conectar pelo whatsapp d,nao_entendi
<url> www curadobia com br,nao_entendi
sair,nao_entendi
ola tudo bem ana e vc que bacana vou passar o whatsapp da maia pode falar com ela por gentileza <num> <num>,saudacao
obaaaa,nao_entendi
da,nao_entendi
oi bia tudo bem me chamo alice sou socia da monti uma marca de moda que preza por estilo atemporal e pecas de qualidade estamos buscando consultoras de imagem parceiras para recomendar nossas pecas aos seus clientes e pensei que poderiamos criar algo bem legal juntas o que acha de agendarmos um papo para te contar mais sobre a nossa historia e a ideia de parceria fico no aguardo,saudacao
de,nao_entendi
<url>,nao_entendi
pergunta a calca saruel silvia e versatil pra viagem resposta combinacoes e ocasioes,nao_entendi
<url>,nao_entendi
e,nao_entendi
de,nao_entendi
e,nao_entendi
ola tudo bem meu nome a c gisela acabei de fazer um pedido,saudacao
essas,nao_entendi
sem conteudo detectavel,nao_entendi
qualquer duvida estamos a disposicao,nao_entendi
bom dia julienne o que achou da nossa selea a o,saudacao
da,nao_entendi
entao era pra ter pago menos a meu ver,nao_entendi
oii o site curadobia esta fora do ar fui visitar atraves dos link da bio e nao funcionou bjs,erros_plataforma
a,nao_entendi
bia sent an attachment,nao_entendi
mas a peca ainda nao chegou,nao_entendi
<url>,nao_entendi
esse a c o fechado,nao_entendi
nao nao oferecemos cupom de desconto nas compras,nao_entendi
pergunta a regata pregas jersey tem desconto a vista resposta preco estoque e pagamento,formas_pagamento
sem conteudo detectavel,nao_entendi
pergunta a saia acinturante e oversized ou normal resposta tamanho e medidas,tamanho_modelagem
a acolchoada,nao_entendi
bia sent an attachment,nao_entendi
d,nao_entendi
link compartilhado,como_comprar
bia,nao_entendi
de,nao_entendi
essa,nao_entendi
<url>,nao_entendi
d,nao_entendi
quadril,nao_entendi
you sent an attachment,nao_entendi
bia sent an attachment,nao_entendi
falando,nao_entendi
pergunta da pra parcelar a saia tech sem juros resposta preco estoque e pagamento,formas_pagamento
p,nao_entendi
you sent an attachment,nao_entendi
look,pedir_sugestao_produto
boa tarde me interessei pelos macacaues com zaper mostrados pela bia,saudacao
ola fabiana obrigada pela sua mensagem e carinho conosco alguns de nossos parceiros ainda esta o organizando a volta dos estoques pa <num> s recesso de final e inicio de ano entramos em contato com a lounge <num> produtoras da blusa pah e phyna e elas nos informaram que provavelmente amanha mesmo as blusas ja estejam de volta em estoque pode ficar tranquila que a gente te avisa qualquer coisa seguimos aquid,saudacao
sem conteudo detectavel,nao_entendi
outra daovida a c sobre o tom certinho dessa jaqueta no site achei que estava num tom diferente dos stories,erros_plataforma
sem conteudo detectavel,nao_entendi
cecilia sent an attachment,nao_entendi
sem conteudo detectavel,nao_entendi
bia sent an attachment,nao_entendi
curtiu uma mensagem,nao_entendi
saia,nao_entendi
olha que legal essa ideia,nao_entendi
sem conteudo detectavel,nao_entendi
curadobia,nao_entendi
gente,nao_entendi
tipo,nao_entendi
eu estou vendo mesmo que esta demorando mas super obrigada bom final de semana brenda,agradecimento
qualquer coisa sigo aqui,nao_entendi
lindo o evento amei,nao_entendi
oi,saudacao
sku,nao_entendi
vou olhar aqui meu anti virus pq ele bloqueia o curadobia veja,nao_entendi
chico neto cd mara c mar whatsapp <num> <url>,nao_entendi
boa tarde fiz um pedido de uma blusa brilhei no dia <num> <num> na o recebi nenhum e mail de confirmaa a o sera que esta tudo certo meu nome a c cristiane rocha loures brenner,saudacao
com,nao_entendi
<num> <num>,nao_entendi
perfeito ana obrigada pelo retorno d,agradecimento
por,nao_entendi
obrigada,agradecimento
oii comprei a bico fino o dedo fica um pouquinho de lado pra fora na c mas super conforta vel,nao_entendi
um,nao_entendi
ser,nao_entendi
uauuu ameiii linda saia,nao_entendi
como eu poderia rastrear minha compra,nao_entendi
ibaaaa,nao_entendi
obaaa a i a i a i,nao_entendi
bom dia pamela tudo bem revisamos aqui o nosso sistema e fizemos testes e tudo parece funcionar bem esperamos que vocaa tenha uma boa experiaancia agora o que aconselhamos tamba c m a c entrar no site pelo google chrome caso vocaa ainda na o tenha acessado por la aoi vou te encaminhar os links dos produtos que vocaa nos encaminhou <url> <url> <url> <url> <url>,saudacao
ola anna tem sim tamanho <num>,saudacao
sem conteudo detectavel,nao_entendi
sem conteudo detectavel,nao_entendi
pergunta a saia acinturante marca muito o corpo resposta modelagem e tecido,tamanho_modelagem
aguardo ansiosa pelos seus pisantes na curadobia,nao_entendi
onde posso comprar,como_comprar
bia sent an attachment,nao_entendi
efeito,nao_entendi
o,nao_entendi
pergunta da pra parcelar a calca cool sem juros resposta preco estoque e pagamento,formas_pagamento
oie td e vc fica super vistoso pode ficar bem bacana com essa saia tmb,nao_entendi
sigo aqui para o que voce precisar,nao_entendi
imagem enviada,nao_entendi
nao,nao_entendi
<num>,nao_entendi
maria shared a product,nao_entendi
eba,nao_entendi
um,nao_entendi
tenho,nao_entendi
bia sent an attachment,nao_entendi
sem conteudo detectavel,nao_entendi
o,nao_entendi
you sent an attachment,nao_entendi
obrigada,agradecimento
iremos relanca la em outubro aqui no curadobia,nao_entendi
chega,nao_entendi
curtiu uma mensagem,nao_entendi
da,nao_entendi
<url>,nao_entendi
o site esta passando por problemas,erros_plataforma
bia sent an attachment,nao_entendi
clientes,nao_entendi
linda essa blusa,nao_entendi
ainda,nao_entendi
ponto,nao_entendi
oi ana obrigada pela resposta bom eu vou continuar na torcida pra esse frete internacional se materializar um dia desses pq a gente quer comprar essas coisas lindas e usar logo na c a infelizmente com o prea o do da <num> lar na o tenho recebido as amigas aqui ta o frequentemente mas a c uma boa ideia tamba c m obrigada,saudacao
bia sent an attachment,nao_entendi
bia sent an attachment,nao_entendi
estou verificando direitinho seu pedido mas pode ficar tranquila que iremos resolver se tiver acontecido qualquer problema tudo bem,nao_entendi
vocaa possui interesse em alguma pea a em especafico sigo aqui para o que precisar,nao_entendi
oi time da curadobia tudo bem sou joana sigo o perfil e amo tem uma calca que vi numa propaganda que me apaixonei mas nao encontrei no site queria saber de onde ela e por favor se puderem voces me contam super obrigada bj,saudacao
imagina ju ainda bem que sua filha esta bemhearts,nao_entendi
oie muito obrigada feliz que esta curtindo curadobia,agradecimento
ola obrigada qual a previsao de entrega,saudacao
vcs tem desconto para primeira compra,nao_entendi
sem conteudo detectavel,nao_entendi
alguma,nao_entendi
cecilia sent an attachment,nao_entendi
<num> <num> <num>,nao_entendi
meu tel <num> <num> <num>,nao_entendi
pergunta consigo devolver a regata pregas jersey se nao servir resposta frete prazos e trocas,frete_prazo
pergunta voces tem loja fisica pra ver a saia tech resposta extras e institucional,nao_entendi
bia sent an attachment,nao_entendi
sem conteudo detectavel,nao_entendi
sem conteudo detectavel,nao_entendi
eba,nao_entendi
e,nao_entendi
bia sent an attachment,nao_entendi
bia sent an attachment,nao_entendi
link compartilhado,como_comprar
ola como tirar duvidas de tamanho da peca,saudacao
qualquer duvida nos avise ok,nao_entendi
sem conteudo detectavel,nao_entendi
studio sent an attachment,nao_entendi
sem conteudo detectavel,nao_entendi
ah que a <num> timo monica esperamos que aproveite muito ela e se quiser compartilhar com a gente os looks que criar com ela vamos amar ver,nao_entendi
link compartilhado,como_comprar
preciso de uma ajudinha com o meu pedido,nao_entendi
<num> na o creio,nao_entendi
ola quanto custa a pantalona,saudacao
mto obrigada pelo retorno,agradecimento
<num>,nao_entendi
beleza qualquer coisa estamos aqui,nao_entendi
curtiu uma mensagem,nao_entendi
brincar,nao_entendi
sem conteudo detectavel,nao_entendi
que cala a maravilhosa,nao_entendi
link compartilhado,como_comprar
oi cristiane foi confirmado seu pedido,saudacao
boa tarde na pagina da regata podrinha cinza eu nao consigo ver as medidas dos tamanhos acima do g que sao justamente o que visto poderia me enviar essas medidas dos tamanhos gg e xgg por favor,saudacao
dia,nao_entendi
boa tarde pessoal tudo bem estava namorando um macaca o verde no site da marca d aura pora c m na o localizei mais d saiu de colea a o na o tera reposia a o aguardo obrigada milene,saudacao
muito obrigada,agradecimento
adorei as bolsas de vcs,nao_entendi
ola pessoal como vao meu nome e ana e trabalho junto com a bia paes de barros no curadobia com br o curadobia e um marketplace que nasceu com o proposito de reunir em um so lugar pecas que fazem toda a diferenca no armario e ao mesmo tempo sao faceis de usar os chamados neutros com tcharanz acreditamos que a natu super se conecta com essa proposta com quem poderia conversar para falar mais sobre aguardo voces,saudacao
da,nao_entendi
obrigada pelo retorno vou acompanhar enta o beijo beijo d d,agradecimento
muito,nao_entendi
aqui a tabela certinha mas ja estamos com o pessoal tecnico corrigindo esse erro,erros_plataforma
sem conteudo detectavel,nao_entendi
comprei um body e paguei frete de <num> dias aoteis pra levar pra uma viagem agora na sexta,frete_prazo
suficiente,nao_entendi
mto obrigada pelo retorno,agradecimento
sem conteudo detectavel,nao_entendi
vans d,nao_entendi
aparece,nao_entendi
sem conteudo detectavel,nao_entendi
pano,nao_entendi
curtiu uma mensagem,nao_entendi
oi renata boa tarde ana aqui voce conseguiu dar uma olhada nas opcoes que te mandei qualquer coisa sigo aqui para o que voce precisar ta,saudacao
esperto,nao_entendi
pede,nao_entendi
gente,nao_entendi
charme,nao_entendi
ops e a blusa pah,nao_entendi
foto,nao_entendi
obrigada,agradecimento
estou tentando contato para devolucao de mercadoria e ninguem me atende nem por whatsapp e nem e mail comprei um vestido que quero devolver como devo proceder cristina hees <num> <num>,nao_entendi
bia sent an attachment,nao_entendi
link compartilhado,como_comprar
e ainda na o chegou,nao_entendi
sem conteudo detectavel,nao_entendi
oi maria tudo bem bom dia nosso evento e exclusivo para nossas clientes conhecerem o mix de perto e ocorre duas vezes ao ano o proximo sera em novembro te esperamos,saudacao
de,nao_entendi
bia sent an attachment,nao_entendi
ola por favor vcs tem desconto para a primeira compra obrigada,saudacao
tudo,nao_entendi
aaaah perdi quando vai ter offline de novo,nao_entendi
bia sent an attachment,nao_entendi
sem conteudo detectavel,nao_entendi
link compartilhado,como_comprar
td bem,nao_entendi
estrutura,nao_entendi
curtiu uma mensagem,nao_entendi
qual foi a mensagem,nao_entendi
mas temos varias opa aues qualquer coisa sigo aqui para te auxiliard,nao_entendi
stella sent an attachment,nao_entendi
vcs tem desconto para primeira compra,nao_entendi
bia sent an attachment,nao_entendi
oi dany bom dia desculpa ontem nao ter te dado um retorno a marca havia informado que estaria chegando ontem mesmo,saudacao
muita,nao_entendi
sem conteudo detectavel,nao_entendi
<url>,nao_entendi
oi as compras sao direto no site,saudacao
r <num> <num>,nao_entendi
mas a pea a ainda na o chegou,nao_entendi
bem,nao_entendi
ne,nao_entendi
sem conteudo detectavel,nao_entendi
sem conteudo detectavel,nao_entendi
conseguem me ajudar por aqui,nao_entendi
d body mybasic,nao_entendi
voce,nao_entendi
bia sent an attachment,nao_entendi
com,nao_entendi
pra,nao_entendi
pergunta a camisa de responsa combina com jeans resposta combinacoes e ocasioes,nao_entendi
minha,nao_entendi
fecho,nao_entendi
de onde a c a sanda lia linda,nao_entendi
curtiu uma mensagem,nao_entendi
bia sent an attachment,nao_entendi
curtiu uma mensagem,nao_entendi
acho a <num> timo pode ser segunda <num> na parte da tarde estamos com <num> horas de fuso qual hora rio seria bom pra vc,nao_entendi
link compartilhado,como_comprar
oi dany bom dia desculpa ontem na o ter te dado um retorno a marca havia informado que estaria chegando ontem mesmo,saudacao
confortaveis,nao_entendi
drink,nao_entendi
porque,nao_entendi
choker,nao_entendi
<url>,nao_entendi
tamanho,tamanho_modelagem
bia sent an attachment,nao_entendi
bia sent an attachment,nao_entendi
identificamos sua tentativa de compra estavamos realizando uns ajustes no site e acabou tendo esse erro ja estamos verificando com a equipe de tecnologia se foi corrigido e assim que estiver tudo ok voltamos para lhe comunicar tudo bem,erros_plataforma
pra,nao_entendi
dd,nao_entendi
link compartilhado,como_comprar
qual seu e mail,nao_entendi
sem conteudo detectavel,nao_entendi
sem conteudo detectavel,nao_entendi
armadura,nao_entendi
pergunta a camisa de responsa e oversized ou normal resposta tamanho e medidas,tamanho_modelagem
sem conteudo detectavel,nao_entendi
link compartilhado,como_comprar
de,nao_entendi
ola muitissimo obrigada,saudacao
lista,nao_entendi
bia eu terminei de subir os produtos pora c m acho que esta com um delay amanha vou ver se terminou de atualizar na plataforma ta tudo certinho <num> categorias que criei com todo produtos descria a o vadeos etc,nao_entendi
link compartilhado,como_comprar
<url>,nao_entendi
e,nao_entendi
ola sandra boa tarde tudo bem estamos entrando em contato porque identificamos que ha um tempo voce demonstrou interesse nos sapatos da bia que apareceram em um dos nossos reels agora eles estao disponiveis no site do curadobia segue o link <url> obrigada por nos acompanhar sandra qualquer duvida estamos a disposicao equipe curadobia,saudacao
bia sent an attachment,nao_entendi
link compartilhado,como_comprar
no e mail da nota fiscal nao tem nada,nao_entendi
sim a carol entrou em contato comigo uma fofa super atenciosa,nao_entendi
que,nao_entendi
por,nao_entendi
<url>,nao_entendi
so,nao_entendi
enviado obrigada ate segunda,agradecimento
vai,nao_entendi
pergunta a regata pregas jersey tem desconto a vista resposta preco estoque e pagamento,formas_pagamento
bia sent an attachment,nao_entendi
sem conteudo detectavel,nao_entendi
tirar,nao_entendi
mas ficou grande,nao_entendi
bia sent an attachment,nao_entendi
super,nao_entendi
pergunta a camisa de responsa marca muito o corpo resposta modelagem e tecido,tamanho_modelagem
peco,nao_entendi
bia sent an attachment,nao_entendi
bia sent an attachment,nao_entendi
que,nao_entendi
bia,nao_entendi
curtiu uma mensagem,nao_entendi
<url>,nao_entendi
sem conteudo detectavel,nao_entendi
sem conteudo detectavel,nao_entendi
link compartilhado,como_comprar
toque,nao_entendi
isso a c curadobia hein,nao_entendi
d,nao_entendi
bia sent an attachment,nao_entendi
ola curadobia tudo bem agradecemos o interesse pela marca para garantir que voce receba a atencao e cuidado adequados pedimos a gentileza de encaminhar mais informacoes como contatos rede social e portfolio para mkt conteudo <user> com br nossa equipe de marketing e especializada nesse assunto dessa forma tenho certeza de que eles avaliarao e se houver interesse entrarao em contato prontamente fique a vontade para entrar em contato caso tenha alguma duvida estamos aqui para ajudar,saudacao
bia sent an attachment,nao_entendi
qualquer coisa sigo aqui me chamo ana tamba c md deg,nao_entendi
independente disso sigo aqui para o que vocaa precisar d,nao_entendi
ola meninas tudo bem comprei a saia preta da d aura em outubro precisei trocar foram rapidissimos mas so hoje eu soube que nao levaram a sacola com a peca a ser trocada ficou este tempo todo na minha portaria como faco,saudacao
que,nao_entendi
bia sent an attachment,nao_entendi
na,nao_entendi
da,nao_entendi
obrigada,agradecimento
<num>,nao_entendi
pergunta se eu sou baixa a trench facil fica muito comprida resposta tamanho e medidas,tamanho_modelagem
sem conteudo detectavel,nao_entendi
ahh reptilia adoro,nao_entendi
ola maria luiza td bem obrigada pelo seu interesse a sandalia a c feita de um material ela stico que parece um neoprene para trazer conforto e se moldar nos pa c s d,saudacao
sem conteudo detectavel,nao_entendi
muito obrigada,agradecimento
sofisticacao,nao_entendi
<num>,nao_entendi
bia sent an attachment,nao_entendi
obrigada por nos mandar e informar sobre essa situacao ja passamos para o nosso setor tecnico analisar essa situacao caso deseje podemos tirar duvidas e disponibilizar mais informacoes por aqui so nos solicitar estamos a disposicao para qualquer coisa,agradecimento
descolado,nao_entendi
estrutura,nao_entendi
vou amanha obrigada,agradecimento
eu comprei a calca pantalona branca no dia <num> <num>,nao_entendi
paola nossas vendas sa o realizadas pelo nosso site te encaminho abaixo o link para que vocaa possa acessar e fechar seu pedido,erros_plataforma
em,nao_entendi
diferente,nao_entendi
camisa,nao_entendi
eu quero sim mas vc poderia me enviar a foto do modelo so pra eu confirmar,nao_entendi
ola pamela td bem obrigada pela mensagem sentimos muito que esteja com esses problemas para conseguir efetuar as suas compras com a gente de fato o sistema passou por algumas instabilidades poderia nos dizer quais pea as se interessou para tentarmos solucionar por aqui,saudacao
ola como vai muito prazer meu nome e ana e trabalho aqui no curadobia nao sei se recordam porem conversamos no primeiro semestre do ano passado <num> sobre esse projeto da bia paes de barros desde la evoluimos bastante e estamos concretizados como um marketplace em potencial crescimento queremos compartilhar com voces nosso site para darem uma olhada curadobia com br ainda temos a patu em foco o que acham de retomarmos contato aguardo voces,saudacao
obrigada,agradecimento
ja vi e amei esperando a virada do cartao pra perder os juizo,formas_pagamento
d,nao_entendi
link compartilhado,como_comprar
que,nao_entendi
utilitario,nao_entendi
em,nao_entendi
tem,nao_entendi
faco,nao_entendi
de,nao_entendi
com certeza sera um sucesso obrigada ana d,agradecimento
ola dany boa tarde tudo bem,saudacao
mesma,nao_entendi
com certeza voce ira encontrar pecas ideais para o seu objetivo nesses links que te mandei julienne qualquer coisa eu sigo aqui para o que voce precisar,nao_entendi
pergunta da pra usar a blusa molona em festa de dia resposta combinacoes e ocasioes,nao_entendi
que tamanho costuma usar,tamanho_modelagem
sem conteudo detectavel,nao_entendi
sem conteudo detectavel,nao_entendi
vida,nao_entendi
sem conteudo detectavel,nao_entendi
bia,nao_entendi
receber,nao_entendi
cpf,nao_entendi
precisei escrever em uma postagem,nao_entendi
bia sent an attachment,nao_entendi
ta de olho faz tempooo,nao_entendi
ola gabriela boa tarde tudo bem,saudacao
curtiu uma mensagem,nao_entendi
ta chegando,nao_entendi
dar,nao_entendi
you shared a product,nao_entendi
vou,nao_entendi
solicitamos a reposia a o para a paula ferber logo mais te atualizaremos sobre o estoque d deg,nao_entendi
bom dia,saudacao
link compartilhado,como_comprar
quando,nao_entendi
link compartilhado,como_comprar
ok muito obrigada d,agradecimento
bia sent an attachment,nao_entendi
oi natalia td bem as meninas do enjoei me passaram seu contato estou buscando uma pessoa para me ajudar em roteiros e conteudo adoraria bater um papo com vc,saudacao
pergunta tenho <num> cm de busto qual bolsa anda sozinha comprar resposta tamanho e medidas,tamanho_modelagem
d,nao_entendi
sem conteudo detectavel,nao_entendi
para,nao_entendi
<url>,nao_entendi
sem conteudo detectavel,nao_entendi
laocia shared a product,nao_entendi
e,nao_entendi
camisa,nao_entendi
luz,nao_entendi
na o na o oferecemos cupom de desconto nas compras,nao_entendi
