origem,data,remetente,mensagem,mensagem_clean
instagram_csv,,curadobia,you sent an attachment.,you sent an attachment
instagram_csv,,curadobia,you sent an attachment.,you sent an attachment
instagram_csv,,cliente,😍,
instagram_csv,,cliente,curtiu uma mensagem,curtiu uma mensagem
instagram_csv,,cliente,😍 body mybasic,body mybasic
instagram_csv,,cliente,bia sent an attachment.,bia sent an attachment
instagram_csv,,cliente,[sem conteúdo detectável],sem conteudo detectavel
instagram_csv,,cliente,"oi bia, tudo bem? adorei a @curadabia, (o nome ficou demais), e claro ja fui olhar as peças! não localizei tabela de medidas! porem, pelo tamanho das peças que vc veste o g provavelmente não vai caber em mim! uso 46/48, a depender da confecção! pense com carinho em fazer uma curadoria para tamanhos normais! desejo muito sucesso nessa nova empreitada! que deus te abençoe! bjos!",oi bia tudo bem adorei a <user> o nome ficou demais e claro ja fui olhar as pecas nao localizei tabela de medidas porem pelo tamanho das pecas que vc veste o g provavelmente nao vai caber em mim uso <num> <num> a depender da confeccao pense com carinho em fazer uma curadoria para tamanhos normais desejo muito sucesso nessa nova empreitada que deus te abencoe bjos
instagram_csv,,cliente,brenda sent an attachment.,brenda sent an attachment
instagram_csv,,cliente,https://www.instagram.com/_nata.oficial?igsh=n204dxp5bzn6azbz,<url>
instagram_csv,,curadobia,"olá emilia, boa noite! tudo bem? agradecemos demais o feedback e pode ter certeza que uma das preocupações que estamos tendo é seguir na busca por marcas que tragam opções e grades que representam o maior número de corpos possível. sobre a tabela de medida, estamos buscando ajustar. obrigada por nos informar e seguiremos aprimorando cada vez mais. bjos!🌷",ola emilia boa noite tudo bem agradecemos demais o feedback e pode ter certeza que uma das preocupacoes que estamos tendo e seguir na busca por marcas que tragam opcoes e grades que representam o maior numero de corpos possivel sobre a tabela de medida estamos buscando ajustar obrigada por nos informar e seguiremos aprimorando cada vez mais bjos
instagram_csv,,cliente,obrigada! beijinhos,obrigada beijinhos
instagram_csv,,cliente,[sem conteúdo detectável],sem conteudo detectavel
instagram_csv,,curadobia,link compartilhado,link compartilhado
instagram_csv,,cliente,[sem conteúdo detectável],sem conteudo detectavel
instagram_csv,,cliente,link compartilhado,link compartilhado
instagram_csv,,cliente,[sem conteúdo detectável],sem conteudo detectavel
instagram_csv,,cliente,bia sent an attachment.,bia sent an attachment
instagram_csv,,cliente,[sem conteúdo detectável],sem conteudo detectavel
instagram_csv,,cliente,link compartilhado,link compartilhado
instagram_csv,,cliente,olá,ola
instagram_csv,,cliente,como falo com alguém daí,como falo com alguem dai
instagram_csv,,cliente,comprei um body e paguei frete de 7 dias úteis pra levar pra uma viagem agora na sexta,comprei um body e paguei frete de <num> dias uteis pra levar pra uma viagem agora na sexta
instagram_csv,,cliente,mas a peça ainda não chegou,mas a peca ainda nao chegou
instagram_csv,,cliente,era pra ter chegado ontem,era pra ter chegado ontem
instagram_csv,,cliente,com quem falo b,com quem falo b
instagram_csv,,cliente,???,
instagram_csv,,cliente,"oii, tudo bem??",oii tudo bem
instagram_csv,,curadobia,"olá gabriela, boa tarde! tudo bem?",ola gabriela boa tarde tudo bem
instagram_csv,,curadobia,peço desculpa pela demora em lhe retornar,peco desculpa pela demora em lhe retornar
instagram_csv,,curadobia,verificamos com a marca responsável pelo envio a revival. o seu pedido sofreu um pequeno atraso que a marca me informou ter lhe comunicado por whatsapp,verificamos com a marca responsavel pelo envio a revival o seu pedido sofreu um pequeno atraso que a marca me informou ter lhe comunicado por whatsapp
instagram_csv,,curadobia,seu pedido saiu para entrega hoje e está constando aqui como entregue,seu pedido saiu para entrega hoje e esta constando aqui como entregue
instagram_csv,,curadobia,ele foi postando dia 16 com o código de rastreio aa186736680br,ele foi postando dia <num> com o codigo de rastreio aa <num> br
instagram_csv,,cliente,chegou,chegou
instagram_csv,,cliente,mas paguei por uma coisa que não recebi,mas paguei por uma coisa que nao recebi
instagram_csv,,cliente,então era pra ter pago menos a meu ver,entao era pra ter pago menos a meu ver
instagram_csv,,cliente,e achei muito difícil o contato com vcs,e achei muito dificil o contato com vcs
instagram_csv,,cliente,não tem um link de comunicação no whatsapp,nao tem um link de comunicacao no whatsapp
instagram_csv,,cliente,no e-mail da nota fiscal não tem nada,no e mail da nota fiscal nao tem nada
instagram_csv,,cliente,precisei escrever em uma postagem,precisei escrever em uma postagem
instagram_csv,,cliente,"enfim , por muito pouco não me atende",enfim por muito pouco nao me atende
instagram_csv,,cliente,paguei sedex porque estou indo hoje pra londres e queria levar o body,paguei sedex porque estou indo hoje pra londres e queria levar o body
instagram_csv,,cliente,e o body me chega hoje,e o body me chega hoje
instagram_csv,,cliente,muito tenso,muito tenso
instagram_csv,,cliente,por muito pouco a minha frustração seria ainda maior,por muito pouco a minha frustracao seria ainda maior
instagram_csv,,cliente,"o produto é lindo , apesar de ter ficando um pouco grande",o produto e lindo apesar de ter ficando um pouco grande
instagram_csv,,cliente,mas a experiência de compra não foi legal,mas a experiencia de compra nao foi legal
instagram_csv,,curadobia,"gabriela entendo sua frustração e é completamente justificada. de fato a marca informou ter tido um pequeno problema de produção que não deverá mais ocorrer e por isso acabou enviando atrasado seu pedido. sobre o meio de contato, estamos providenciando um número para atendimento whatsapp, por hora estamos apenas com o e-mail mas muito em breve já deixaremos essa opção mais fácil para solução de qualquer problema",gabriela entendo sua frustracao e e completamente justificada de fato a marca informou ter tido um pequeno problema de producao que nao devera mais ocorrer e por isso acabou enviando atrasado seu pedido sobre o meio de contato estamos providenciando um numero para atendimento whatsapp por hora estamos apenas com o e mail mas muito em breve ja deixaremos essa opcao mais facil para solucao de qualquer problema
instagram_csv,,curadobia,"pedimos desculpas pelo ocorrido e pode ter certeza que isso servirá para aprimorarmos nosso atendimento e não deixar que situações como essa ocorram novamente. agradeço sua compreensão e nos disponibilizamos para auxiliar da melhor forma possível. sobre ter ficado um pouco grande o body, nos informe se desejar efetuar troca, que já posso agilizar junto a marca essa solicitação",pedimos desculpas pelo ocorrido e pode ter certeza que isso servira para aprimorarmos nosso atendimento e nao deixar que situacoes como essa ocorram novamente agradeco sua compreensao e nos disponibilizamos para auxiliar da melhor forma possivel sobre ter ficado um pouco grande o body nos informe se desejar efetuar troca que ja posso agilizar junto a marca essa solicitacao
instagram_csv,,curadobia,"olá, tudo bem sim e com você?",ola tudo bem sim e com voce
instagram_csv,,cliente,tudo bem também!!,tudo bem tambem
instagram_csv,,cliente,"somos uma produtora de áudio visual, e achamos que seria interessante apresentar o nosso trabalho e portifólio!",somos uma produtora de audio visual e achamos que seria interessante apresentar o nosso trabalho e portifolio
instagram_csv,,cliente,você poderia me passar o contato dos responsáveis?!,voce poderia me passar o contato dos responsaveis
instagram_csv,,curadobia,"claro, pode enviar para nosso e-mail contato.curadobia@gmail.com",claro pode enviar para nosso e mail contato curadobia <user> com
instagram_csv,,cliente,"de todo modo , agradeço por perguntar",de todo modo agradeco por perguntar
instagram_csv,,cliente,tudo bem,tudo bem
instagram_csv,,cliente,"não vou trocar , vou tentar reduzir o gancho",nao vou trocar vou tentar reduzir o gancho
instagram_csv,,cliente,muito obrigada!! tenham um bom fim de semana!,muito obrigada tenham um bom fim de semana
instagram_csv,,curadobia,igualmente!,igualmente
instagram_csv,,curadobia,ok perfeito. caso mude de ideia seguimos à disposição! novamente desculpa pelo transtorno e desejo uma ótima viagem! 🙏🏼,ok perfeito caso mude de ideia seguimos a disposicao novamente desculpa pelo transtorno e desejo uma otima viagem
instagram_csv,,cliente,curtiu uma mensagem,curtiu uma mensagem
instagram_csv,,cliente,bia sent an attachment.,bia sent an attachment
instagram_csv,,cliente,ebaaaaa,ebaaaaa
instagram_csv,,cliente,[sem conteúdo detectável],sem conteudo detectavel
instagram_csv,,cliente,link compartilhado,link compartilhado
instagram_csv,,curadobia,link compartilhado,link compartilhado
instagram_csv,,cliente,"ola bia sou a daniela e gostaria de apresentar minha marca pra vc, a queens gate. minha sócia e eu já te acompanhamos tem um bom tempo e somos muito fãs! a sua curadoria com seus ""neutros com tcharanz"" reforçou a vontade de apresentar o conceito da nossa marca pra vc. vamos completar 1 ano em agosto e adoraríamos um bate papo com vc pra contar nossa história e nossos planos. moro em londres e minha sócia em sp e vou deixar meu whatsapp pessoal por conta do fuso aqui e mando o link do nosso insta pra vc dar uma olhadinha 😉 obrigada ! +1(917)868-9790",ola bia sou a daniela e gostaria de apresentar minha marca pra vc a queens gate minha socia e eu ja te acompanhamos tem um bom tempo e somos muito fas a sua curadoria com seus neutros com tcharanz reforcou a vontade de apresentar o conceito da nossa marca pra vc vamos completar <num> ano em agosto e adorariamos um bate papo com vc pra contar nossa historia e nossos planos moro em londres e minha socia em sp e vou deixar meu whatsapp pessoal por conta do fuso aqui e mando o link do nosso insta pra vc dar uma olhadinha obrigada <num> <num> <num> <num>
instagram_csv,,cliente,bia sent an attachment.,bia sent an attachment
instagram_csv,,cliente,link compartilhado,link compartilhado
instagram_csv,,cliente,link compartilhado,link compartilhado
instagram_csv,,cliente,link compartilhado,link compartilhado
instagram_csv,,cliente,link compartilhado,link compartilhado
instagram_csv,,cliente,[sem conteúdo detectável],sem conteudo detectavel
instagram_csv,,cliente,bia sent an attachment.,bia sent an attachment
instagram_csv,,cliente,link compartilhado,link compartilhado
instagram_csv,,cliente,[sem conteúdo detectável],sem conteudo detectavel
instagram_csv,,curadobia,"oi daniela, que bacana! muito obrigada por acompanharem e curtirem meu trabalho",oi daniela que bacana muito obrigada por acompanharem e curtirem meu trabalho
instagram_csv,,curadobia,adorei as bolsas de vcs.,adorei as bolsas de vcs
instagram_csv,,curadobia,vamos falar sim super.,vamos falar sim super
instagram_csv,,cliente,feliz demais q vc gostou ! ☺️☺️☺️ me fala como funciona melhor pra vc e marcamos um call,feliz demais q vc gostou me fala como funciona melhor pra vc e marcamos um call
instagram_csv,,cliente,bia sent an attachment.,bia sent an attachment
instagram_csv,,cliente,bia sent an attachment.,bia sent an attachment
instagram_csv,,cliente,"olá, gente! bom dia! acabei de ver o post da bia sobre camisas. somos uma pequena alfaiataria e camisaria é o core da nossa criação. gostaria muito de apresentar nosso produto pra vocês. se vocês acharem conveniente, por favor, indiquem a melhor forma de contato. abraço, stella",ola gente bom dia acabei de ver o post da bia sobre camisas somos uma pequena alfaiataria e camisaria e o core da nossa criacao gostaria muito de apresentar nosso produto pra voces se voces acharem conveniente por favor indiquem a melhor forma de contato abraco stella
instagram_csv,,curadobia,link compartilhado,link compartilhado
instagram_csv,,curadobia,link compartilhado,link compartilhado
instagram_csv,,curadobia,link compartilhado,link compartilhado
instagram_csv,,curadobia,link compartilhado,link compartilhado
instagram_csv,,curadobia,link compartilhado,link compartilhado
instagram_csv,,curadobia,link compartilhado,link compartilhado
instagram_csv,,cliente,https://www.instagram.com/queensgatestore?igsh=mjc0c2g5chnmn25k&utm_source=qr,<url>
instagram_csv,,curadobia,"olá daniela, boa tarde! tudo bem?",ola daniela boa tarde tudo bem
instagram_csv,,curadobia,"claro, vamos conversar sim. o que acha de fazermos uma reunião on-line?",claro vamos conversar sim o que acha de fazermos uma reuniao on line
instagram_csv,,curadobia,segunda na parte da tarde você teria disponibilidade?,segunda na parte da tarde voce teria disponibilidade
instagram_csv,,curadobia,"olá stella, boa tarde! tudo bem?",ola stella boa tarde tudo bem
instagram_csv,,curadobia,bacana! vamos marcar uma conversa?,bacana vamos marcar uma conversa
instagram_csv,,curadobia,como estaria sua agenda para segunda à tarde?,como estaria sua agenda para segunda a tarde
instagram_csv,,cliente,"acho ótimo. pode ser segunda 29 na parte da tarde. estamos com 4horas de fuso, qual horário seria bom pra vc?",acho otimo pode ser segunda <num> na parte da tarde estamos com <num> horas de fuso qual horario seria bom pra vc
instagram_csv,,cliente,boa tarde! tudo ótimo! segunda à tarde em qualquer horário.,boa tarde tudo otimo segunda a tarde em qualquer horario
instagram_csv,,curadobia,"ah perfeito, funcionaria as 15h fuso são paulo?",ah perfeito funcionaria as <num> h fuso sao paulo
instagram_csv,,curadobia,"ah perfeito, 16h poderia ser?",ah perfeito <num> h poderia ser
instagram_csv,,curadobia,qual seu e-mail? que aí envio um invite,qual seu e mail que ai envio um invite
instagram_csv,,cliente,fechado 3pm brasil !,fechado <num> pm brasil
instagram_csv,,curadobia,qual seu e-mail?,qual seu e mail
instagram_csv,,curadobia,que aí já envio um invite,que ai ja envio um invite
instagram_csv,,cliente,daniela.masson@hotmail.com,daniela masson <user> com
instagram_csv,,curadobia,"enviado, obrigada! até segunda",enviado obrigada ate segunda
instagram_csv,,cliente,obrigada ! até lá,obrigada ate la
instagram_csv,,cliente,stellathomazbastos@gmail.com,stellathomazbastos <user> com
instagram_csv,,cliente,funciona,funciona
instagram_csv,,curadobia,ah show vou enviar o invite,ah show vou enviar o invite
instagram_csv,,curadobia,enviado,enviado
instagram_csv,,curadobia,até segunda!,ate segunda
instagram_csv,,cliente,😍,
instagram_csv,,cliente,link compartilhado,link compartilhado
instagram_csv,,cliente,isabela sent an attachment.,isabela sent an attachment
instagram_csv,,cliente,onde e a loja?,onde e a loja
instagram_csv,,curadobia,"ola isabela, somos um marketplace sem loja fisica",ola isabela somos um marketplace sem loja fisica
instagram_csv,,cliente,curtiu uma mensagem,curtiu uma mensagem
instagram_csv,,cliente,[sem conteúdo detectável],sem conteudo detectavel
instagram_csv,,cliente,bia sent an attachment.,bia sent an attachment
instagram_csv,,cliente,bia sent an attachment.,bia sent an attachment
instagram_csv,,cliente,link compartilhado,link compartilhado
instagram_csv,,curadobia,link compartilhado,link compartilhado
instagram_csv,,cliente,[sem conteúdo detectável],sem conteudo detectavel
instagram_csv,,cliente,"toque em ""continuar"" para aceitar ou recusar o pedido.",toque em continuar para aceitar ou recusar o pedido
instagram_csv,,cliente,link compartilhado,link compartilhado
instagram_csv,,curadobia,"opa, acho que caiu",opa acho que caiu
instagram_csv,,curadobia,"daniela, depois me passa seu número de telefone que aí seguimos a comunicação por lá e pelo e-mail",daniela depois me passa seu numero de telefone que ai seguimos a comunicacao por la e pelo e mail
instagram_csv,,curadobia,agora parece que travou mesmo,agora parece que travou mesmo
instagram_csv,,curadobia,"stella, depois peço apenas que compartilhe seu número de telefone que aí fica mais fácil nossa comunicação",stella depois peco apenas que compartilhe seu numero de telefone que ai fica mais facil nossa comunicacao
instagram_csv,,cliente,11-991428141,<num> <num>
instagram_csv,,cliente,bia sent an attachment.,bia sent an attachment
instagram_csv,,cliente,bia sent an attachment.,bia sent an attachment
instagram_csv,,cliente,"ola meninas seguem meus contatos: +1(917)868-9790 daniela.masson@hotmail.com muito bom falar com vcs ontem, obrigada ! falamos na sequência por whatsapp 🌷",ola meninas seguem meus contatos <num> <num> <num> <num> daniela masson <user> com muito bom falar com vcs ontem obrigada falamos na sequencia por whatsapp
instagram_csv,,cliente,[sem conteúdo detectável],sem conteudo detectavel
instagram_csv,,cliente,link compartilhado,link compartilhado
instagram_csv,,cliente,[sem conteúdo detectável],sem conteudo detectavel
instagram_csv,,cliente,link compartilhado,link compartilhado
instagram_csv,,cliente,[sem conteúdo detectável],sem conteudo detectavel
instagram_csv,,cliente,[sem conteúdo detectável],sem conteudo detectavel
instagram_csv,,cliente,[sem conteúdo detectável],sem conteudo detectavel
instagram_csv,,curadobia,link compartilhado,link compartilhado
instagram_csv,,curadobia,link compartilhado,link compartilhado
instagram_csv,,curadobia,link compartilhado,link compartilhado
instagram_csv,,curadobia,link compartilhado,link compartilhado
instagram_csv,,curadobia,link compartilhado,link compartilhado
instagram_csv,,cliente,cecilia sent an attachment.,cecilia sent an attachment
instagram_csv,,cliente,link compartilhado,link compartilhado
instagram_csv,,curadobia,link compartilhado,link compartilhado
instagram_csv,,cliente,[sem conteúdo detectável],sem conteudo detectavel
instagram_csv,,cliente,[sem conteúdo detectável],sem conteudo detectavel
instagram_csv,,cliente,[sem conteúdo detectável],sem conteudo detectavel
instagram_csv,,cliente,"toque em ""continuar"" para aceitar ou recusar o pedido.",toque em continuar para aceitar ou recusar o pedido
instagram_csv,,cliente,link compartilhado,link compartilhado
instagram_csv,,curadobia,"bia, eu terminei de subir os produtos porém acho que está com um delay. amanhã vou ver se terminou de atualizar. na plataforma tá tudo certinho (4 categorias que criei) com todo produtos, descrição, vídeos, etc",bia eu terminei de subir os produtos porem acho que esta com um delay amanha vou ver se terminou de atualizar na plataforma ta tudo certinho <num> categorias que criei com todo produtos descricao videos etc
instagram_csv,,curadobia,"mas acho que está ""processando"" para subir tudo",mas acho que esta processando para subir tudo
instagram_csv,,cliente,eu estou vendo mesmo que está demorando. mas super obrigada! bom final de semana brenda,eu estou vendo mesmo que esta demorando mas super obrigada bom final de semana brenda
instagram_csv,,cliente,bia sent an attachment.,bia sent an attachment
instagram_csv,,cliente,bia sent an attachment.,bia sent an attachment
instagram_csv,,cliente,bia sent an attachment.,bia sent an attachment
instagram_csv,,cliente,link compartilhado,link compartilhado
instagram_csv,,cliente,link compartilhado,link compartilhado
instagram_csv,,cliente,link compartilhado,link compartilhado
instagram_csv,,cliente,link compartilhado,link compartilhado
instagram_csv,,cliente,link compartilhado,link compartilhado
instagram_csv,,cliente,[sem conteúdo detectável],sem conteudo detectavel
instagram_csv,,cliente,adorei!!!! 😘😘🌷,adorei
instagram_csv,,cliente,mybasic sent an attachment.,mybasic sent an attachment
instagram_csv,,cliente,mybasic sent an attachment.,mybasic sent an attachment
instagram_csv,,cliente,bia sent an attachment.,bia sent an attachment
instagram_csv,,cliente,bia sent an attachment.,bia sent an attachment
instagram_csv,,cliente,bia sent an attachment.,bia sent an attachment
instagram_csv,,cliente,due sent an attachment.,due sent an attachment
instagram_csv,,cliente,imagem enviada,imagem enviada
instagram_csv,,cliente,esse é o fechado,esse e o fechado
instagram_csv,,curadobia,o meu é @curadobia.oficial 😉,o meu e <user> oficial
instagram_csv,,cliente,já tô seguindo 👊🏻,ja to seguindo
instagram_csv,,cliente,[sem conteúdo detectável],sem conteudo detectavel
instagram_csv,,cliente,acabei de comprar um conjunto. se não servir posso trocar? pelo seu cep deve ser perto da minha casa. o meu 04531-020,acabei de comprar um conjunto se nao servir posso trocar pelo seu cep deve ser perto da minha casa o meu <num> <num>
instagram_csv,,cliente,bia sent an attachment.,bia sent an attachment
instagram_csv,,cliente,bia sent an attachment.,bia sent an attachment
instagram_csv,,cliente,bia sent an attachment.,bia sent an attachment
instagram_csv,,cliente,bia sent an attachment.,bia sent an attachment
instagram_csv,,cliente,bia sent an attachment.,bia sent an attachment
instagram_csv,,curadobia,claro! pode trocar super,claro pode trocar super
instagram_csv,,curadobia,https://www.curadobia.com.br/my-basic/produto/vestido-bordo,<url>
instagram_csv,,curadobia,"ola vanilda, segue os detalhes aqui",ola vanilda segue os detalhes aqui
instagram_csv,,cliente,bia sent an attachment.,bia sent an attachment
instagram_csv,,cliente,link compartilhado,link compartilhado
instagram_csv,,cliente,curtiu uma mensagem,curtiu uma mensagem
instagram_csv,,cliente,"boa tarde! na página da regata podrinha cinza eu não consigo ver as medidas dos tamanhos acima do g, que são justamente o que visto. poderia me enviar essas medidas dos tamanhos gg e xgg, por favor?",boa tarde na pagina da regata podrinha cinza eu nao consigo ver as medidas dos tamanhos acima do g que sao justamente o que visto poderia me enviar essas medidas dos tamanhos gg e xgg por favor
instagram_csv,,curadobia,"olá, boa tarde! tudo bem?",ola boa tarde tudo bem
instagram_csv,,cliente,link compartilhado,link compartilhado
instagram_csv,,curadobia,"claro envio sim, mas até para nós entendermos o que está ocorrendo com essa visualização. você está acessando pelo celular? que aí já direcionamos pra equipe técnica corrigir",claro envio sim mas ate para nos entendermos o que esta ocorrendo com essa visualizacao voce esta acessando pelo celular que ai ja direcionamos pra equipe tecnica corrigir
instagram_csv,,curadobia,imagem enviada,imagem enviada
instagram_csv,,curadobia,aqui a tabela certinha mas já estamos com o pessoal técnico corrigindo esse erro,aqui a tabela certinha mas ja estamos com o pessoal tecnico corrigindo esse erro
instagram_csv,,cliente,estou vendo pelo celular sim.,estou vendo pelo celular sim
instagram_csv,,cliente,tá joia.,ta joia
instagram_csv,,cliente,muito obrigada pela atenção!,muito obrigada pela atencao
instagram_csv,,curadobia,"perfeito, já passei pro pessoal realizar a correção. obrigada pelo feedback!",perfeito ja passei pro pessoal realizar a correcao obrigada pelo feedback
instagram_csv,,curadobia,imagina!,imagina
instagram_csv,,cliente,a calça ficou sobrando muito atrás.,a calca ficou sobrando muito atras
instagram_csv,,cliente,[sem conteúdo detectável],sem conteudo detectavel
instagram_csv,,cliente,"olá, boa noite",ola boa noite
instagram_csv,,cliente,gostaria de saber o tamanho da cintura dessa calça no tamanho m,gostaria de saber o tamanho da cintura dessa calca no tamanho m
instagram_csv,,cliente,imagem enviada,imagem enviada
instagram_csv,,curadobia,sem problemas mari. apenas encaminha pra gente um e-mail solicitando que iremos dar sequência com a troca. e-mail: contato.curadobia@gmail.com,sem problemas mari apenas encaminha pra gente um e mail solicitando que iremos dar sequencia com a troca e mail contato curadobia <user> com
instagram_csv,,curadobia,"olá dany! boa tarde, tudo bem?",ola dany boa tarde tudo bem
instagram_csv,,curadobia,"seguem as medidas: p- cós 80cm, e veste quadril até 102cm m- cós 85cm, e veste um quadril até 106cm g- cós 90cm, e veste um quadril até 110cm",seguem as medidas p cos <num> cm e veste quadril ate <num> cm m cos <num> cm e veste um quadril ate <num> cm g cos <num> cm e veste um quadril ate <num> cm
instagram_csv,,curadobia,estaremos atualizando no site para conter essa tabela que realmente estava faltando,estaremos atualizando no site para conter essa tabela que realmente estava faltando
instagram_csv,,curadobia,agradeço o feedback,agradeco o feedback
instagram_csv,,cliente,maravilha!,maravilha
instagram_csv,,cliente,mto obrigada msm,mto obrigada msm
instagram_csv,,curadobia,imagina!,imagina
instagram_csv,,cliente,oieee,oieee
instagram_csv,,cliente,bom dia,bom dia
instagram_csv,,cliente,"caso não fique com, como funciona a troca?",caso nao fique com como funciona a troca
instagram_csv,,curadobia,"olá dany, bom dia! caso tenha algum problema com o tamanho você pode optar por trocar ou devolver o produto. basta nos informar pelo e-mail contato.curadobia@gmail.com que iremos encaminhar sua solicitação para a marca responsável. a marca irá proceder com os próximos passos como envio do código de logística reversa e tudo mais",ola dany bom dia caso tenha algum problema com o tamanho voce pode optar por trocar ou devolver o produto basta nos informar pelo e mail contato curadobia <user> com que iremos encaminhar sua solicitacao para a marca responsavel a marca ira proceder com os proximos passos como envio do codigo de logistica reversa e tudo mais
instagram_csv,,curadobia,nós seguimos acompanhando todo o processo até sua finalização,nos seguimos acompanhando todo o processo ate sua finalizacao
instagram_csv,,cliente,ahhh maravilha,ahhh maravilha
instagram_csv,,cliente,mto obrigada,mto obrigada
instagram_csv,,cliente,ainda hj vou efetuar a compra da calça,ainda hj vou efetuar a compra da calca
instagram_csv,,cliente,[sem conteúdo detectável],sem conteudo detectavel
instagram_csv,,cliente,[sem conteúdo detectável],sem conteudo detectavel
instagram_csv,,curadobia,imagina! estamos por aqui qualquer coisa que precisar!,imagina estamos por aqui qualquer coisa que precisar
instagram_csv,,cliente,bia sent an attachment.,bia sent an attachment
instagram_csv,,curadobia,"oi mari! boa tarde. ah que ótimo, combinado então. fico muito feliz que o conjunto tenha ficado bacana. conta com a gente para o que precisar. grande abraço, aproveite o final de semana! torcendo para baixar um pouco a temperatura 😊",oi mari boa tarde ah que otimo combinado entao fico muito feliz que o conjunto tenha ficado bacana conta com a gente para o que precisar grande abraco aproveite o final de semana torcendo para baixar um pouco a temperatura
instagram_csv,,cliente,"e eu, como estou na praia, torcendo para não baixar!!!!!🤣🤣🤣",e eu como estou na praia torcendo para nao baixar
instagram_csv,,curadobia,"ahhh bom 😂. entendi errado então, achei que estava na serra. espero que abra o tempo e fiquei um lindo final de semana!",ahhh bom entendi errado entao achei que estava na serra espero que abra o tempo e fiquei um lindo final de semana
instagram_csv,,cliente,link compartilhado,link compartilhado
instagram_csv,,cliente,[sem conteúdo detectável],sem conteudo detectavel
instagram_csv,,cliente,bia sent an attachment.,bia sent an attachment
instagram_csv,,cliente,bia sent an attachment.,bia sent an attachment
instagram_csv,,cliente,bia sent an attachment.,bia sent an attachment
instagram_csv,,cliente,link compartilhado,link compartilhado
instagram_csv,,cliente,bia sent an attachment.,bia sent an attachment
instagram_csv,,cliente,[sem conteúdo detectável],sem conteudo detectavel
instagram_csv,,cliente,[sem conteúdo detectável],sem conteudo detectavel
instagram_csv,,cliente,[sem conteúdo detectável],sem conteudo detectavel
instagram_csv,,cliente,[sem conteúdo detectável],sem conteudo detectavel
instagram_csv,,curadobia,[sem conteúdo detectável],sem conteudo detectavel
instagram_csv,,cliente,[sem conteúdo detectável],sem conteudo detectavel
instagram_csv,,cliente,😍,
instagram_csv,,cliente,[sem conteúdo detectável],sem conteudo detectavel
instagram_csv,,cliente,studio sent an attachment.,studio sent an attachment
instagram_csv,,curadobia,you sent an attachment.,you sent an attachment
instagram_csv,,curadobia,link compartilhado,link compartilhado
instagram_csv,,cliente,😍,
instagram_csv,,cliente,link compartilhado,link compartilhado
instagram_csv,,cliente,👏,
instagram_csv,,cliente,👏,
instagram_csv,,cliente,bia gosto muito das suas bolsas . poderia passar umas dicas ?? não encontrei no seu site …,bia gosto muito das suas bolsas poderia passar umas dicas nao encontrei no seu site
instagram_csv,,curadobia,oie! em breve trarei uma curadobia de bolsas por aqui tmb 😉,oie em breve trarei uma curadobia de bolsas por aqui tmb
instagram_csv,,cliente,[sem conteúdo detectável],sem conteudo detectavel
instagram_csv,,curadobia,link compartilhado,link compartilhado
instagram_csv,,cliente,[sem conteúdo detectável],sem conteudo detectavel
instagram_csv,,cliente,olá bia tudo bem?,ola bia tudo bem
instagram_csv,,curadobia,"ola, td e vc?",ola td e vc
instagram_csv,,cliente,"tudo bem bia gostaria muito de saber se nesta sua plataforma vc assiste aos clientes em encontrar produtos, lojas, etc?",tudo bem bia gostaria muito de saber se nesta sua plataforma vc assiste aos clientes em encontrar produtos lojas etc
instagram_csv,,curadobia,"ola vera, na verdade a curadoria de pecas que seleciono ja faz parte dessa ajuda",ola vera na verdade a curadoria de pecas que seleciono ja faz parte dessa ajuda
instagram_csv,,cliente,[sem conteúdo detectável],sem conteudo detectavel
instagram_csv,,cliente,[sem conteúdo detectável],sem conteudo detectavel
instagram_csv,,curadobia,link compartilhado,link compartilhado
instagram_csv,,cliente,é fato! perguntei pois está a procurando uma peça e não encontrava,e fato perguntei pois esta a procurando uma peca e nao encontrava
instagram_csv,,cliente,mas super entendi e aproveito pra agradecer e elogiar seu trabalho,mas super entendi e aproveito pra agradecer e elogiar seu trabalho
instagram_csv,,cliente,beijos,beijos
instagram_csv,,curadobia,ahhh entendi… muito obrigada 😊,ahhh entendi muito obrigada
instagram_csv,,cliente,😍,
instagram_csv,,cliente,[sem conteúdo detectável],sem conteudo detectavel
instagram_csv,,curadobia,link compartilhado,link compartilhado
instagram_csv,,cliente,👏,
instagram_csv,,cliente,[sem conteúdo detectável],sem conteudo detectavel
instagram_csv,,cliente,👏,
instagram_csv,,cliente,[sem conteúdo detectável],sem conteudo detectavel
instagram_csv,,cliente,[sem conteúdo detectável],sem conteudo detectavel
instagram_csv,,cliente,[sem conteúdo detectável],sem conteudo detectavel
instagram_csv,,cliente,[sem conteúdo detectável],sem conteudo detectavel
instagram_csv,,cliente,[sem conteúdo detectável],sem conteudo detectavel
instagram_csv,,cliente,[sem conteúdo detectável],sem conteudo detectavel
instagram_csv,,curadobia,link compartilhado,link compartilhado
instagram_csv,,cliente,bia sent an attachment.,bia sent an attachment
instagram_csv,,curadobia,you sent an attachment.,you sent an attachment
instagram_csv,,cliente,link compartilhado,link compartilhado
instagram_csv,,cliente,luana shared a product.,luana shared a product
instagram_csv,,cliente,"olá! onde encontro os sapatos? este e as gladiadoras, especialmente.",ola onde encontro os sapatos este e as gladiadoras especialmente
instagram_csv,,curadobia,"olá luana, bom dia! tudo bem? hoje ainda não temos sapatos dentro do curadobia. estamos olhando para adicionar essa categoria em breve",ola luana bom dia tudo bem hoje ainda nao temos sapatos dentro do curadobia estamos olhando para adicionar essa categoria em breve
instagram_csv,,cliente,na torcida ❤️,na torcida
instagram_csv,,cliente,[sem conteúdo detectável],sem conteudo detectavel
instagram_csv,,cliente,"olá, boa tarde",ola boa tarde
instagram_csv,,cliente,preciso de uma ajudinha com o meu pedido,preciso de uma ajudinha com o meu pedido
instagram_csv,,cliente,olá,ola
instagram_csv,,curadobia,"ola dany, podemos ajudar sim claro",ola dany podemos ajudar sim claro
instagram_csv,,cliente,"olá , bom dia",ola bom dia
instagram_csv,,cliente,eu comprei a calça pantalona branca no dia 13/08,eu comprei a calca pantalona branca no dia <num> <num>
instagram_csv,,cliente,e ainda não chegou,e ainda nao chegou
instagram_csv,,cliente,vc consegue rastrear o meu pedido?,vc consegue rastrear o meu pedido
instagram_csv,,curadobia,"olá dany, bom dia!",ola dany bom dia
instagram_csv,,curadobia,perfeito. estamos entrando em contato com a marca e já lhe posicionamos. tivemos alguns problemas com pedidos em função da greve dos correios e isso pode estar atrelado,perfeito estamos entrando em contato com a marca e ja lhe posicionamos tivemos alguns problemas com pedidos em funcao da greve dos correios e isso pode estar atrelado
instagram_csv,,cliente,aiiiin que pena,aiiiin que pena
instagram_csv,,cliente,eu queria usar nas fotos que irei fazer amanhã,eu queria usar nas fotos que irei fazer amanha
instagram_csv,,cliente,olá!!,ola
instagram_csv,,cliente,meu pedido chegou hj!!,meu pedido chegou hj
instagram_csv,,cliente,"mas, ficou grande😫",mas ficou grande
instagram_csv,,cliente,como é o processo da troca?,como e o processo da troca
instagram_csv,,cliente,link compartilhado,link compartilhado
instagram_csv,,cliente,bia sent an attachment.,bia sent an attachment
instagram_csv,,curadobia,link compartilhado,link compartilhado
instagram_csv,,curadobia,"oi dany, bom dia! desculpa ontem não ter te dado um retorno a marca havia informado que estaria chegando ontem mesmo",oi dany bom dia desculpa ontem nao ter te dado um retorno a marca havia informado que estaria chegando ontem mesmo
instagram_csv,,curadobia,dany vou pedir para você me informar qual o seu melhor e-mail para que a marca encaminhe as orientações,dany vou pedir para voce me informar qual o seu melhor e mail para que a marca encaminhe as orientacoes
instagram_csv,,cliente,tem cupom de desconto primeira compra?,tem cupom de desconto primeira compra
instagram_csv,,cliente,bia sent an attachment.,bia sent an attachment
instagram_csv,,cliente,[sem conteúdo detectável],sem conteudo detectavel
instagram_csv,,curadobia,"olá kari, bom dia! tudo bem?",ola kari bom dia tudo bem
instagram_csv,,curadobia,não temos cupom de desconto no momento,nao temos cupom de desconto no momento
instagram_csv,,cliente,boa tarde. gostaria de saber se vocês enviam para fora do brasil. obrigada.,boa tarde gostaria de saber se voces enviam para fora do brasil obrigada
instagram_csv,,curadobia,"ola, boa tarde! infelizmente não enviamos para fora do pais. mas aceitamos cartões internacionais com entrega em todo o brasil 😉",ola boa tarde infelizmente nao enviamos para fora do pais mas aceitamos cartoes internacionais com entrega em todo o brasil
instagram_csv,,cliente,link compartilhado,link compartilhado
instagram_csv,,curadobia,link compartilhado,link compartilhado
instagram_csv,,cliente,e esses sapatos incríveis? teremos a chance de tê-los? rs,e esses sapatos incriveis teremos a chance de te los rs
instagram_csv,,cliente,bom dia! ontem tive o prazer de conhecer vc ao vivo! eu estava no mil plantas! vc e lindíssima! ❤️,bom dia ontem tive o prazer de conhecer vc ao vivo eu estava no mil plantas vc e lindissima
instagram_csv,,curadobia,"olá cris, bom dia! tudo bem?",ola cris bom dia tudo bem
instagram_csv,,curadobia,"estamos estudando trazer essa categoria para o curadobia, porém nada de imediato ainda, mas muito legal saber do interesse! assim que tivermos iremos te manter avisada",estamos estudando trazer essa categoria para o curadobia porem nada de imediato ainda mas muito legal saber do interesse assim que tivermos iremos te manter avisada
instagram_csv,,cliente,bia sent an attachment.,bia sent an attachment
instagram_csv,,cliente,[sem conteúdo detectável],sem conteudo detectavel
instagram_csv,,cliente,[sem conteúdo detectável],sem conteudo detectavel
instagram_csv,,cliente,juliana sent an attachment.,juliana sent an attachment
instagram_csv,,cliente,bom dia. comprei esta blusa mas a parte que passa encima do ombro está solta. é assim mesmo? podemos falar para eu entender melhor? obrigada. meu cel 983389576,bom dia comprei esta blusa mas a parte que passa encima do ombro esta solta e assim mesmo podemos falar para eu entender melhor obrigada meu cel <num>
instagram_csv,,cliente,"obrigada pelo retorno! namoro o modelo gladiador, me lembro dele, mas quando fui procurar, já não tinha mais 😐",obrigada pelo retorno namoro o modelo gladiador me lembro dele mas quando fui procurar ja nao tinha mais
instagram_csv,,cliente,reagiu com 😢 à sua mensagem,reagiu com a sua mensagem
instagram_csv,,cliente,obrigada. no aguardo que seja disponibilizado o envio.,obrigada no aguardo que seja disponibilizado o envio
instagram_csv,,curadobia,"olá juliana, boa tarde! tudo bem?",ola juliana boa tarde tudo bem
instagram_csv,,curadobia,"podemos falar sim, vou te dar um oi no whats para entendermos melhor",podemos falar sim vou te dar um oi no whats para entendermos melhor
instagram_csv,,cliente,muito obrigada,muito obrigada
instagram_csv,,curadobia,seu ddd qual seria?,seu ddd qual seria
instagram_csv,,curadobia,não reconheceu no whats esse número,nao reconheceu no whats esse numero
instagram_csv,,cliente,oi,oi
instagram_csv,,cliente,pode me chamar novamente por favor?,pode me chamar novamente por favor
instagram_csv,,cliente,11,<num>
instagram_csv,,cliente,993811193,<num>
instagram_csv,,cliente,[sem conteúdo detectável],sem conteudo detectavel
instagram_csv,,curadobia,ahhhh que pena que nao nos falamos,ahhhh que pena que nao nos falamos
instagram_csv,,curadobia,🥰🥰,
instagram_csv,,curadobia,link compartilhado,link compartilhado
instagram_csv,,cliente,olá bom dia,ola bom dia
instagram_csv,,cliente,td bem?,td bem
instagram_csv,,cliente,"sobre a troca da calça que comprei (quero trocar por um tamanho menor). recebi um e-mail de vcs no dia 29/08/24 , respondi mas, dps disso não tive mais retorno",sobre a troca da calca que comprei quero trocar por um tamanho menor recebi um e mail de vcs no dia <num> <num> <num> respondi mas dps disso nao tive mais retorno
instagram_csv,,cliente,conseguem me ajudar por aqui?,conseguem me ajudar por aqui
instagram_csv,,curadobia,"olá dany, boa tarde! tudo bem sim e com você? peço desculpas por essa demora estou verificando sobre porque ainda não foi dada sequência na troca. o processo interno nosso já foi encaminhado com a troca para o tamanho p",ola dany boa tarde tudo bem sim e com voce peco desculpas por essa demora estou verificando sobre porque ainda nao foi dada sequencia na troca o processo interno nosso ja foi encaminhado com a troca para o tamanho p
instagram_csv,,cliente,olá! por favor vcs tem desconto para a primeira compra? obrigada!,ola por favor vcs tem desconto para a primeira compra obrigada
instagram_csv,,cliente,oie,oie
instagram_csv,,cliente,mto obrigada pelo retorno,mto obrigada pelo retorno
instagram_csv,,cliente,curtiu uma mensagem,curtiu uma mensagem
instagram_csv,,cliente,[sem conteúdo detectável],sem conteudo detectavel
instagram_csv,,curadobia,"olá amanda, bom dia! tudo bem?",ola amanda bom dia tudo bem
instagram_csv,,curadobia,"não, não oferecemos cupom de desconto nas compras",nao nao oferecemos cupom de desconto nas compras
instagram_csv,,curadobia,oie dany. bom dia! a valéria e a lunna entraram em contato com você correto?,oie dany bom dia a valeria e a lunna entraram em contato com voce correto
instagram_csv,,cliente,obrigada!,obrigada
instagram_csv,,cliente,curtiu uma mensagem,curtiu uma mensagem
instagram_csv,,cliente,oiee! bom dia,oiee bom dia
instagram_csv,,cliente,"sim! a carol entrou em contato comigo! uma fofa , super atenciosa",sim a carol entrou em contato comigo uma fofa super atenciosa
instagram_csv,,cliente,mto obrigada msm,mto obrigada msm
instagram_csv,,curadobia,de nada!,de nada
instagram_csv,,curadobia,"imagina! qualquer coisa estamos por aqui, só chamar. abraços 💕",imagina qualquer coisa estamos por aqui so chamar abracos
instagram_csv,,cliente,curtiu uma mensagem,curtiu uma mensagem
instagram_csv,,cliente,[sem conteúdo detectável],sem conteudo detectavel
instagram_csv,,cliente,link compartilhado,link compartilhado
instagram_csv,,curadobia,link compartilhado,link compartilhado
instagram_csv,,cliente,"olá bia! te vi no post da teti gio amei o seu perfil eu tenho uma marca de joias autorais, com design minimalista e ouro sustentável adoraria te apresentar @eunoyah_jewelry também gostaria de conversar sobre divulgacao, se houver interesse, claro :) muito obrigada um abraço evelyn",ola bia te vi no post da teti gio amei o seu perfil eu tenho uma marca de joias autorais com design minimalista e ouro sustentavel adoraria te apresentar <user> tambem gostaria de conversar sobre divulgacao se houver interesse claro muito obrigada um abraco evelyn
instagram_csv,,cliente,link compartilhado,link compartilhado
instagram_csv,,curadobia,link compartilhado,link compartilhado
instagram_csv,,cliente,link compartilhado,link compartilhado
instagram_csv,,curadobia,link compartilhado,link compartilhado
instagram_csv,,curadobia,"olá evelyn, bom dia! tudo bem? aqui somos do curadobia. você teria interesse em apresentar a sua marca pensando em participar do curadobia ou seria referente a parceria de divulgação com a bia?",ola evelyn bom dia tudo bem aqui somos do curadobia voce teria interesse em apresentar a sua marca pensando em participar do curadobia ou seria referente a parceria de divulgacao com a bia
instagram_csv,,cliente,ambos :),ambos
instagram_csv,,cliente,bom dia!,bom dia
instagram_csv,,cliente,como posso fazer essa apresentacao?,como posso fazer essa apresentacao
instagram_csv,,cliente,obrigada pelo retorno,obrigada pelo retorno
instagram_csv,,curadobia,"evelyn, obrigada pelo interesse. para parcerias com o curadobia, peço que envie apresentações para o nosso email: contato.curadobia@gmail.com e seguimos com as tratativas por lá que fica mais fácil 😊 e para interesses de parcerias diretamente com a bia, é preciso entrar em contato diretamente com ela pelo email: biapaesdebarros@gmail.com",evelyn obrigada pelo interesse para parcerias com o curadobia peco que envie apresentacoes para o nosso email contato curadobia <user> com e seguimos com as tratativas por la que fica mais facil e para interesses de parcerias diretamente com a bia e preciso entrar em contato diretamente com ela pelo email biapaesdebarros <user> com
instagram_csv,,cliente,obrigada ;) enviarei!,obrigada enviarei
instagram_csv,,cliente,bia sent an attachment.,bia sent an attachment
instagram_csv,,cliente,[sem conteúdo detectável],sem conteudo detectavel
instagram_csv,,cliente,bia sent an attachment.,bia sent an attachment
instagram_csv,,cliente,link compartilhado,link compartilhado
instagram_csv,,cliente,link compartilhado,link compartilhado
instagram_csv,,cliente,link compartilhado,link compartilhado
instagram_csv,,cliente,link compartilhado,link compartilhado
instagram_csv,,cliente,link compartilhado,link compartilhado
instagram_csv,,curadobia,link compartilhado,link compartilhado
instagram_csv,,curadobia,link compartilhado,link compartilhado
instagram_csv,,curadobia,link compartilhado,link compartilhado
instagram_csv,,curadobia,link compartilhado,link compartilhado
instagram_csv,,curadobia,link compartilhado,link compartilhado
instagram_csv,,cliente,bia sent an attachment.,bia sent an attachment
instagram_csv,,cliente,bia sent an attachment.,bia sent an attachment
instagram_csv,,cliente,bia sent an attachment.,bia sent an attachment
instagram_csv,,cliente,bia sent an attachment.,bia sent an attachment
instagram_csv,,cliente,bia sent an attachment.,bia sent an attachment
instagram_csv,,cliente,bia sent an attachment.,bia sent an attachment
instagram_csv,,cliente,bia sent an attachment.,bia sent an attachment
instagram_csv,,cliente,patifisch sent an attachment.,patifisch sent an attachment
instagram_csv,,cliente,bia! esse seu curadobia está um arraso! muito tentador. parabéns pelo projeto. uma dúvida: qual a sua altura? estou interessadíssima nessa calça mas sou baixa (160cm) e geralmente tenho que fazer a barras das calças - o que não é muito fácil com essa… 😅 obrigada,bia esse seu curadobia esta um arraso muito tentador parabens pelo projeto uma duvida qual a sua altura estou interessadissima nessa calca mas sou baixa <num> cm e geralmente tenho que fazer a barras das calcas o que nao e muito facil com essa obrigada
instagram_csv,,curadobia,oie! muito obrigada! feliz que esta curtindo curadobia,oie muito obrigada feliz que esta curtindo curadobia
instagram_csv,,curadobia,"tenho 1,78. essa calça esta mais curta para mim mesmo. te aconselho a comprar um tamanho pequeno",tenho <num> <num> essa calca esta mais curta para mim mesmo te aconselho a comprar um tamanho pequeno
instagram_csv,,curadobia,qual seu manequim?,qual seu manequim
instagram_csv,,cliente,[sem conteúdo detectável],sem conteudo detectavel
instagram_csv,,cliente,[sem conteúdo detectável],sem conteudo detectavel
instagram_csv,,cliente,[sem conteúdo detectável],sem conteudo detectavel
instagram_csv,,cliente,gosto da calça assim mais curta! visto entre 38-40 (quadril 95),gosto da calca assim mais curta visto entre <num> <num> quadril <num>
instagram_csv,,curadobia,link compartilhado,link compartilhado
instagram_csv,,cliente,"ola, tudo bem? meu nome é gisela, acabei de fazer um pedido.",ola tudo bem meu nome e gisela acabei de fazer um pedido
instagram_csv,,cliente,imagem enviada,imagem enviada
instagram_csv,,cliente,consegue me informar de onde é essa sandália?,consegue me informar de onde e essa sandalia
instagram_csv,,curadobia,"ola gisela, essa sandalia é da minha collab com a paula ferber",ola gisela essa sandalia e da minha collab com a paula ferber
instagram_csv,,curadobia,iremos relança-la em outubro aqui no curadobia,iremos relanca la em outubro aqui no curadobia
instagram_csv,,cliente,ah que bom!! é lindíssima!! parabéns.,ah que bom e lindissima parabens
instagram_csv,,cliente,"deixa eu tirar outra dúvida, vc faz consultoria de imagem/estilo tb? se sim, como funciona?",deixa eu tirar outra duvida vc faz consultoria de imagem estilo tb se sim como funciona
instagram_csv,,curadobia,infelizmente nao atuo mais nessa area de consultoria pessoal,infelizmente nao atuo mais nessa area de consultoria pessoal
instagram_csv,,curadobia,"mas tmb lancarei um ""programa online de estilo pessoal"" que poderá ser baixado por aqui tmb",mas tmb lancarei um programa online de estilo pessoal que podera ser baixado por aqui tmb
instagram_csv,,cliente,[sem conteúdo detectável],sem conteudo detectavel
instagram_csv,,cliente,[sem conteúdo detectável],sem conteudo detectavel
instagram_csv,,cliente,stella sent an attachment.,stella sent an attachment
instagram_csv,,cliente,stella sent an attachment.,stella sent an attachment
instagram_csv,,cliente,[sem conteúdo detectável],sem conteudo detectavel
instagram_csv,,cliente,"boa tarde! comprei a blusa pah , mas não consigo deixá-la parecida como da foto… acho que estou usando de forma errada… tem alguma tutorial de como vesti-la ? rs",boa tarde comprei a blusa pah mas nao consigo deixa la parecida como da foto acho que estou usando de forma errada tem alguma tutorial de como vesti la rs
instagram_csv,,cliente,já tentei três vezes. será que pode ser o tamanho?,ja tentei tres vezes sera que pode ser o tamanho
instagram_csv,,cliente,bia sent an attachment.,bia sent an attachment
instagram_csv,,cliente,bia sent an attachment.,bia sent an attachment
instagram_csv,,cliente,julia sent an attachment.,julia sent an attachment
instagram_csv,,cliente,gostaria de saber qual a altura e medidas da bia pra entender melhor o tamanho de referência.,gostaria de saber qual a altura e medidas da bia pra entender melhor o tamanho de referencia
instagram_csv,,curadobia,"ola van, td bem? farei um video para vc",ola van td bem farei um video para vc
instagram_csv,,curadobia,é simples,e simples
instagram_csv,,cliente,obrigada,obrigada
instagram_csv,,curadobia,olá júlia bom dia! tudo bem?,ola julia bom dia tudo bem
instagram_csv,,curadobia,"altura seria 1,78 cintura 80 quadril 100",altura seria <num> <num> cintura <num> quadril <num>
instagram_csv,,curadobia,"porém, é interessante frisar que a modelagem da calça é uma cintura no lugar. nem cintura baixa e nem cintura alta.",porem e interessante frisar que a modelagem da calca e uma cintura no lugar nem cintura baixa e nem cintura alta
instagram_csv,,cliente,"muito obrigada, legal que sou do mesmo tamanho que ela!",muito obrigada legal que sou do mesmo tamanho que ela
instagram_csv,,cliente,"oi, as compras são direto no site?",oi as compras sao direto no site
instagram_csv,,curadobia,"ola julia, isso mesmo. qualquer duvida nos avise por aqui ou pelo nosso whatsapp 😉",ola julia isso mesmo qualquer duvida nos avise por aqui ou pelo nosso whatsapp
instagram_csv,,cliente,[sem conteúdo detectável],sem conteudo detectavel
instagram_csv,,curadobia,link compartilhado,link compartilhado
instagram_csv,,cliente,olá! bom dia,ola bom dia
instagram_csv,,cliente,eu amei a blusa branca tcharam 🥰,eu amei a blusa branca tcharam
instagram_csv,,cliente,mas gostaria de experimentar antes de comprar. é possível? meu cel (11) 99904-7575,mas gostaria de experimentar antes de comprar e possivel meu cel <num> <num> <num>
instagram_csv,,cliente,obrigada,obrigada
instagram_csv,,cliente,ops é a blusa pah,ops e a blusa pah
instagram_csv,,curadobia,"bom dia, beatriz! tudo bem? obrigada por ter entrado em contato conosco! vamos entrar em contato com você pelo nosso whatsapp oficial.",bom dia beatriz tudo bem obrigada por ter entrado em contato conosco vamos entrar em contato com voce pelo nosso whatsapp oficial
instagram_csv,,curadobia,"bom dia, beatriz! tudo bem? obrigada por ter entrado em contato conosco! vamos te encaminhar uma mensagem pelo nosso whatsapp oficial. (edited)",bom dia beatriz tudo bem obrigada por ter entrado em contato conosco vamos te encaminhar uma mensagem pelo nosso whatsapp oficial edited
instagram_csv,,cliente,maravilha 🙌🏼,maravilha
instagram_csv,,cliente,"bom dia. estou interessada na blusa pah, mas estou em dúvida quanto ao tamanho. minhas medidas: busto 92 cm e cintura 75 cm.",bom dia estou interessada na blusa pah mas estou em duvida quanto ao tamanho minhas medidas busto <num> cm e cintura <num> cm
instagram_csv,,curadobia,"bom dia mariella, td bem? que tamanho você costuma usar de parte de cima. camisas em especial?",bom dia mariella td bem que tamanho voce costuma usar de parte de cima camisas em especial
instagram_csv,,cliente,m,m
instagram_csv,,cliente,"não gosto de nada apertado, mas essa blusa tem um shane mais ajustado. daí fiquei na dúvida.",nao gosto de nada apertado mas essa blusa tem um shane mais ajustado dai fiquei na duvida
instagram_csv,,curadobia,ela é reta e certa. acredito que o tamanho m funcione bem para você. o tecido da base é mais maleável que da parte de cima.,ela e reta e certa acredito que o tamanho m funcione bem para voce o tecido da base e mais maleavel que da parte de cima
instagram_csv,,curadobia,qualquer duvida pode também nos conectar pelo whatsapp 😉,qualquer duvida pode tambem nos conectar pelo whatsapp
instagram_csv,,cliente,"ok, obrigada.",ok obrigada
instagram_csv,,curadobia,http://wa.me/message/jn5hvdobnz2wk1,<url>
instagram_csv,,cliente,bia sent an attachment.,bia sent an attachment
instagram_csv,,cliente,bia sent an attachment.,bia sent an attachment
instagram_csv,,cliente,link compartilhado,link compartilhado
instagram_csv,,cliente,[sem conteúdo detectável],sem conteudo detectavel
instagram_csv,,cliente,[sem conteúdo detectável],sem conteudo detectavel
instagram_csv,,cliente,link compartilhado,link compartilhado
instagram_csv,,cliente,[sem conteúdo detectável],sem conteudo detectavel
instagram_csv,,cliente,[sem conteúdo detectável],sem conteudo detectavel
instagram_csv,,cliente,[sem conteúdo detectável],sem conteudo detectavel
instagram_csv,,cliente,[sem conteúdo detectável],sem conteudo detectavel
instagram_csv,,cliente,[sem conteúdo detectável],sem conteudo detectavel
instagram_csv,,cliente,[sem conteúdo detectável],sem conteudo detectavel
instagram_csv,,cliente,bia sent an attachment.,bia sent an attachment
instagram_csv,,curadobia,link compartilhado,link compartilhado
instagram_csv,,curadobia,link compartilhado,link compartilhado
instagram_csv,,curadobia,link compartilhado,link compartilhado
instagram_csv,,curadobia,link compartilhado,link compartilhado
instagram_csv,,curadobia,link compartilhado,link compartilhado
instagram_csv,,curadobia,link compartilhado,link compartilhado
instagram_csv,,cliente,bia sent an attachment.,bia sent an attachment
instagram_csv,,cliente,bia sent an attachment.,bia sent an attachment
instagram_csv,,cliente,bia sent an attachment.,bia sent an attachment
instagram_csv,,cliente,jussara shared a product.,jussara shared a product
instagram_csv,,cliente,qual tamanho?,qual tamanho
instagram_csv,,cliente,"eu quero comprar esses acessórios, como faço?",eu quero comprar esses acessorios como faco
instagram_csv,,cliente,aguardo ansiosa pelos seus pisantes na curadobia,aguardo ansiosa pelos seus pisantes na curadobia
instagram_csv,,cliente,bia sent an attachment.,bia sent an attachment
instagram_csv,,cliente,bia sent an attachment.,bia sent an attachment
instagram_csv,,cliente,bia sent an attachment.,bia sent an attachment
instagram_csv,,cliente,"amoooo suas rasteiras, não são da sua lj, mas poderia indicar aonde têm aquela custo benefício?",amoooo suas rasteiras nao sao da sua lj mas poderia indicar aonde tem aquela custo beneficio
instagram_csv,,curadobia,"ola, boa tarde! o 1 é equivalente ao p , 3 m e 5 g",ola boa tarde o <num> e equivalente ao p <num> m e <num> g
instagram_csv,,curadobia,que tamanho costuma usar?,que tamanho costuma usar
instagram_csv,,curadobia,só entrar no site ou aqui no nosso perfil que tem a seleção completa,so entrar no site ou aqui no nosso perfil que tem a selecao completa
instagram_csv,,curadobia,https://www.curadobia.com.br/categorias/acessorio,<url>
instagram_csv,,curadobia,aqui o link com todos os acessórios,aqui o link com todos os acessorios
instagram_csv,,curadobia,qualquer dúvida estamos a disposição,qualquer duvida estamos a disposicao
instagram_csv,,curadobia,a partir de outubro terà lançamento por aqui,a partir de outubro tera lancamento por aqui
instagram_csv,,curadobia,elas estarão no curadobia a partir de outubro 😉,elas estarao no curadobia a partir de outubro
instagram_csv,,cliente,curtiu uma mensagem,curtiu uma mensagem
instagram_csv,,cliente,bia sent an attachment.,bia sent an attachment
instagram_csv,,cliente,link compartilhado,link compartilhado
instagram_csv,,cliente,link compartilhado,link compartilhado
instagram_csv,,cliente,link compartilhado,link compartilhado
instagram_csv,,cliente,"ok, muito obrigada 😊",ok muito obrigada
instagram_csv,,cliente,reagiu com 👍 à sua mensagem,reagiu com a sua mensagem
instagram_csv,,cliente,😍,
instagram_csv,,cliente,bia sent an attachment.,bia sent an attachment
instagram_csv,,cliente,oii o site curadobia está fora do ar?? fui visitar através dos link da bio e não funcionou ... bjs,oii o site curadobia esta fora do ar fui visitar atraves dos link da bio e nao funcionou bjs
instagram_csv,,curadobia,"olá! bom dia, tudo bem? obrigada pela mensagem, conferimos aqui e aparentou estar tudo certo 😊 aproveito para mandar o link por aqui:",ola bom dia tudo bem obrigada pela mensagem conferimos aqui e aparentou estar tudo certo aproveito para mandar o link por aqui
instagram_csv,,curadobia,https://www.curadobia.com.br,<url>
instagram_csv,,curadobia,qualquer duvida estamos à disposição!💕,qualquer duvida estamos a disposicao
instagram_csv,,cliente,vou olhar aqui meu anti virus.. pq ele bloqueia o curadobia... veja:,vou olhar aqui meu anti virus pq ele bloqueia o curadobia veja
instagram_csv,,cliente,imagem enviada,imagem enviada
instagram_csv,,curadobia,"obrigada por nos mandar e informar sobre essa situação! já passamos para o nosso setor técnico analisar essa situação. caso deseje, podemos tirar dúvidas e disponibilizar mais informações por aqui! só nos solicitar 💕 estamos à disposição para qualquer coisa!",obrigada por nos mandar e informar sobre essa situacao ja passamos para o nosso setor tecnico analisar essa situacao caso deseje podemos tirar duvidas e disponibilizar mais informacoes por aqui so nos solicitar estamos a disposicao para qualquer coisa
instagram_csv,,cliente,olá! tudo bem? tem cupom para 1a compra?,ola tudo bem tem cupom para <num> a compra
instagram_csv,,curadobia,"bom dia, gil! infelizmente não trabalhamos com cupom para 1ª compra ainda. mas estamos à disposição para sanar qualquer dúvida!",bom dia gil infelizmente nao trabalhamos com cupom para <num> a compra ainda mas estamos a disposicao para sanar qualquer duvida
instagram_csv,,cliente,imagem enviada,imagem enviada
instagram_csv,,cliente,"fui olhar para comprar o tamanho 1 dessa calça, porém a largura da cintura e do quadril eh a mesma - 98",fui olhar para comprar o tamanho <num> dessa calca porem a largura da cintura e do quadril eh a mesma <num>
instagram_csv,,cliente,eh isso mesmo?,eh isso mesmo
instagram_csv,,cliente,imagem enviada,imagem enviada
instagram_csv,,curadobia,olá karyna! tudo bem? obrigada por ter entrado em contato conosco 💕,ola karyna tudo bem obrigada por ter entrado em contato conosco
instagram_csv,,curadobia,"karyna, bom dia! tudo bem? desculpe a demora para o esclarecimento da dúvida! como somos um marketolace, trabalhamos com marcas únicas e diferentes. como cada uma tem a sua produção, optamos por entrar em contato com a marca parceira da calça ontem para confirmar sua dúvida e te responder da melhor maneira possível! a marca nos confirmou que as medidas do tamanho 1 estão corretas com a cintura e o quadril com a mesma medida mesmo. isso ocorre pois como é uma peça produzida com elástico na cintura, ele acaba ficando na mesma medida do quadril se adequando ao formato do corpo que a usa. a única correção que já aproveitamos para fazer que a marca também nos informou foi que o tamanho 3 fa calça também deveria estar com a mesma medida na cintura e no quadril (110cm) pelo mesmo motivo. já vamos corrigir isso no site! qualquer outra questão estamos à disposição, karyna! 💕",karyna bom dia tudo bem desculpe a demora para o esclarecimento da duvida como somos um marketolace trabalhamos com marcas unicas e diferentes como cada uma tem a sua producao optamos por entrar em contato com a marca parceira da calca ontem para confirmar sua duvida e te responder da melhor maneira possivel a marca nos confirmou que as medidas do tamanho <num> estao corretas com a cintura e o quadril com a mesma medida mesmo isso ocorre pois como e uma peca produzida com elastico na cintura ele acaba ficando na mesma medida do quadril se adequando ao formato do corpo que a usa a unica correcao que ja aproveitamos para fazer que a marca tambem nos informou foi que o tamanho <num> fa calca tambem deveria estar com a mesma medida na cintura e no quadril <num> cm pelo mesmo motivo ja vamos corrigir isso no site qualquer outra questao estamos a disposicao karyna
instagram_csv,,cliente,[sem conteúdo detectável],sem conteudo detectavel
instagram_csv,,cliente,muito obrigada pelos esclarecimentos,muito obrigada pelos esclarecimentos
instagram_csv,,curadobia,estamos aqui para o que precisar!,estamos aqui para o que precisar
instagram_csv,,cliente,[sem conteúdo detectável],sem conteudo detectavel
instagram_csv,,cliente,vcs tem desconto para primeira compra?,vcs tem desconto para primeira compra
instagram_csv,,cliente,denize sent an attachment.,denize sent an attachment
instagram_csv,,cliente,"bom dia! gostaria de adquirir essa calça, mas não está mais disponível. podem me ajudar? obrigada",bom dia gostaria de adquirir essa calca mas nao esta mais disponivel podem me ajudar obrigada
instagram_csv,,curadobia,"bom dia, karyna! infelizmente não trabalhamos com cupom para 1ª compra ainda☹️ mas estamos aqui para te auxiliar no processo inteiro!",bom dia karyna infelizmente nao trabalhamos com cupom para <num> a compra ainda mas estamos aqui para te auxiliar no processo inteiro
instagram_csv,,curadobia,"olá! bom dia, denize, tudo bem? estamos repondo o estoque da nossa calça quentinha e por isso ela está temporariamente indisponível no nosso site. assim que ela retornar, te avisamos!! estamos à disposição para qualquer dúvida! obrigada por ter entrado em contato conosco!💕",ola bom dia denize tudo bem estamos repondo o estoque da nossa calca quentinha e por isso ela esta temporariamente indisponivel no nosso site assim que ela retornar te avisamos estamos a disposicao para qualquer duvida obrigada por ter entrado em contato conosco
instagram_csv,,cliente,obrigada!,obrigada
instagram_csv,,cliente,"oiii! tudo bem? me chamo caroline sou formada em marketing e trabalho como social media tem um tempinho, estou a procura de uma nova oportunidade no mercado de trabalho. gostaria de saber se tem um espacinho no time de vocês, vou deixar o meu número, e-mail e portfólio. caso queria marcar uma call para falarmos mais estou por aqui. cel: (11) 94443-8896 e-mail: cspereiramkt@gmail.com portfólio: https://cspereira.my.canva.site/ obrigada desde já 💖",oiii tudo bem me chamo caroline sou formada em marketing e trabalho como social media tem um tempinho estou a procura de uma nova oportunidade no mercado de trabalho gostaria de saber se tem um espacinho no time de voces vou deixar o meu numero e mail e portfolio caso queria marcar uma call para falarmos mais estou por aqui cel <num> <num> <num> e mail cspereiramkt <user> com portfolio <url> obrigada desde ja
instagram_csv,,curadobia,"olá, caroline! tudo bem? obrigada pelo seu interesse em trabalhar conosco! no momento não estamos trabalhando com o contrato de novas pessoas no nosso time, mas já salvamos seus dados para futuras oportunidades! caso tenha mais alguma dúvida estamos à disposição! equipe curadobia 💕",ola caroline tudo bem obrigada pelo seu interesse em trabalhar conosco no momento nao estamos trabalhando com o contrato de novas pessoas no nosso time mas ja salvamos seus dados para futuras oportunidades caso tenha mais alguma duvida estamos a disposicao equipe curadobia
instagram_csv,,cliente,curtiu uma mensagem,curtiu uma mensagem
instagram_csv,,cliente,"oieee, obrigada de verdade 💖",oieee obrigada de verdade
instagram_csv,,cliente,[sem conteúdo detectável],sem conteudo detectavel
instagram_csv,,cliente,[sem conteúdo detectável],sem conteudo detectavel
instagram_csv,,cliente,[sem conteúdo detectável],sem conteudo detectavel
instagram_csv,,cliente,[sem conteúdo detectável],sem conteudo detectavel
instagram_csv,,curadobia,😍,
instagram_csv,,cliente,https://www.instagram.com/minimadeia/profilecard/,<url>
instagram_csv,,cliente,[sem conteúdo detectável],sem conteudo detectavel
instagram_csv,,cliente,tutu. meu filho é tutu. arthur kkkk,tutu meu filho e tutu arthur kkkk
instagram_csv,,cliente,olivve sent an attachment.,olivve sent an attachment
instagram_csv,,cliente,😍,
instagram_csv,,cliente,https://www.instagram.com/_nata.oficial/profilecard/,<url>
instagram_csv,,cliente,[sem conteúdo detectável],sem conteudo detectavel
instagram_csv,,cliente,e a calça é de onde?,e a calca e de onde
instagram_csv,,curadobia,"oi, julia! tudo bem? essa é da egrey, mais antiga… estamos a poucos dias de lançar novos modelos de jeans de uma nova marca que entrará no curadobia! assim que lançarmos, te mandamos aqui😄",oi julia tudo bem essa e da egrey mais antiga estamos a poucos dias de lancar novos modelos de jeans de uma nova marca que entrara no curadobia assim que lancarmos te mandamos aqui
instagram_csv,,cliente,[sem conteúdo detectável],sem conteudo detectavel
instagram_csv,,cliente,ola! estou tentando finalizar uma compra mas aparece o seguinte erro,ola estou tentando finalizar uma compra mas aparece o seguinte erro
instagram_csv,,cliente,imagem enviada,imagem enviada
instagram_csv,,curadobia,"ola amanda, obrigada pelo contato e pedimos desculpas pela falha. já estamos verificando o que houve para que consiga finalizar sua compra",ola amanda obrigada pelo contato e pedimos desculpas pela falha ja estamos verificando o que houve para que consiga finalizar sua compra
instagram_csv,,cliente,obrigada,obrigada
instagram_csv,,cliente,bia sent an attachment.,bia sent an attachment
instagram_csv,,cliente,[sem conteúdo detectável],sem conteudo detectavel
instagram_csv,,cliente,bia sent an attachment.,bia sent an attachment
instagram_csv,,cliente,curtiu uma mensagem,curtiu uma mensagem
instagram_csv,,cliente,[sem conteúdo detectável],sem conteudo detectavel
instagram_csv,,cliente,[sem conteúdo detectável],sem conteudo detectavel
instagram_csv,,cliente,ola! por favor algum retorno?,ola por favor algum retorno
instagram_csv,,cliente,bia sent an attachment.,bia sent an attachment
instagram_csv,,cliente,bom dia! consegue me mandar o vídeo?,bom dia consegue me mandar o video
instagram_csv,,curadobia,"olá amanda, bom dia! peço desculpas pela demora mas o nosso pessoa técnico ainda não conseguiu simular um erro igual ao que ocorreu com voce. por isso a demora em lhe retornar",ola amanda bom dia peco desculpas pela demora mas o nosso pessoa tecnico ainda nao conseguiu simular um erro igual ao que ocorreu com voce por isso a demora em lhe retornar
instagram_csv,,curadobia,pensamos que poderia ser a senha criada mas quando ocorre algum ponto nesse aspecto surge uma mensagem abaixo. você se importaria em tentar novamente apenas para checarmos se continua ocorrendo o mesmo erro?,pensamos que poderia ser a senha criada mas quando ocorre algum ponto nesse aspecto surge uma mensagem abaixo voce se importaria em tentar novamente apenas para checarmos se continua ocorrendo o mesmo erro
instagram_csv,,curadobia,"olá van, bom dia! te enviaremos ainda hoje",ola van bom dia te enviaremos ainda hoje
instagram_csv,,curadobia,a bia irá gravar o vídeo e te enviar,a bia ira gravar o video e te enviar
instagram_csv,,curadobia,"inclusive, muito obrigada pela solicitação, pois em função dela estamos criando esse mês um destaque aqui no insta trazendo e salvando vídeos mostrando essa é mais outras peças que podem gerar dúvidas",inclusive muito obrigada pela solicitacao pois em funcao dela estamos criando esse mes um destaque aqui no insta trazendo e salvando videos mostrando essa e mais outras pecas que podem gerar duvidas
instagram_csv,,cliente,obrigada,obrigada
instagram_csv,,cliente,que legal! vai ajudar muito!,que legal vai ajudar muito
instagram_csv,,curadobia,amanda nosso pessoal técnico pediu (se possível) se cadastrar através desse link,amanda nosso pessoal tecnico pediu se possivel se cadastrar atraves desse link
instagram_csv,,curadobia,https://www.curadobia.com.br/usuario/novo,<url>
instagram_csv,,curadobia,imagina!,imagina
instagram_csv,,cliente,[sem conteúdo detectável],sem conteudo detectavel
instagram_csv,,cliente,[sem conteúdo detectável],sem conteudo detectavel
instagram_csv,,cliente,deu certo mas a peça que eu queria acabou…,deu certo mas a peca que eu queria acabou
instagram_csv,,curadobia,ahhh qual era a peça? podemos checar se haverá reposição,ahhh qual era a peca podemos checar se havera reposicao
instagram_csv,,curadobia,mas ficamos felizes que conseguiu concluir seu cadastro de qualquer forma,mas ficamos felizes que conseguiu concluir seu cadastro de qualquer forma
instagram_csv,,curadobia,link compartilhado,link compartilhado
instagram_csv,,cliente,obaaaa,obaaaa
instagram_csv,,cliente,"a jaqueta branca. uma pena eu não conseguir comprar por problemas técnicos, uma experiência de consumidor mto ruim",a jaqueta branca uma pena eu nao conseguir comprar por problemas tecnicos uma experiencia de consumidor mto ruim
instagram_csv,,cliente,😍,
instagram_csv,,curadobia,"oi amanda, nossas sinceras desculpas por todo esse ocorrido. somos um marketplace com operações a todo vapor e infelizmente não estamos livres de erros técnicos e tecnológicos acontecerem☹️. checamos com a marca e por enquanto estamos com o tamanho 2 e 3 prontos para a venda. seguimos à disposição para te auxiliar em todas as dúvidas e questões necessárias aqui com à gente! como seu cadastro está certinho, acredito que não teremos mais essa situação ocorrendo! obrigada por estar conosco! equipe curadobia💕",oi amanda nossas sinceras desculpas por todo esse ocorrido somos um marketplace com operacoes a todo vapor e infelizmente nao estamos livres de erros tecnicos e tecnologicos acontecerem checamos com a marca e por enquanto estamos com o tamanho <num> e <num> prontos para a venda seguimos a disposicao para te auxiliar em todas as duvidas e questoes necessarias aqui com a gente como seu cadastro esta certinho acredito que nao teremos mais essa situacao ocorrendo obrigada por estar conosco equipe curadobia
instagram_csv,,curadobia,"oi amanda, nossas sinceras desculpas por todo esse ocorrido. somos um marketplace com operações a todo vapor e infelizmente não estamos livres de erros técnicos e tecnológicos acontecerem☹️. checamos com a marca e por enquanto estamos com o tamanho 2 e 3 prontos para a venda. seguimos à disposição para te auxiliar em todas as dúvidas e questões necessárias aqui com a gente! como seu cadastro está certinho, acredito que não teremos mais essa situação ocorrendo! obrigada por estar conosco! equipe curadobia💕 (edited)",oi amanda nossas sinceras desculpas por todo esse ocorrido somos um marketplace com operacoes a todo vapor e infelizmente nao estamos livres de erros tecnicos e tecnologicos acontecerem checamos com a marca e por enquanto estamos com o tamanho <num> e <num> prontos para a venda seguimos a disposicao para te auxiliar em todas as duvidas e questoes necessarias aqui com a gente como seu cadastro esta certinho acredito que nao teremos mais essa situacao ocorrendo obrigada por estar conosco equipe curadobia edited
instagram_csv,,curadobia,you sent an attachment.,you sent an attachment
instagram_csv,,curadobia,you shared a product.,you shared a product
instagram_csv,,cliente,[sem conteúdo detectável],sem conteudo detectavel
instagram_csv,,cliente,marta sent an attachment.,marta sent an attachment
instagram_csv,,cliente,como comprar ?,como comprar
instagram_csv,,cliente,[sem conteúdo detectável],sem conteudo detectavel
instagram_csv,,curadobia,link compartilhado,link compartilhado
instagram_csv,,curadobia,"olá marta! claro, com certeza!",ola marta claro com certeza
instagram_csv,,cliente,[sem conteúdo detectável],sem conteudo detectavel
instagram_csv,,cliente,paula sent an attachment.,paula sent an attachment
instagram_csv,,cliente,parabéns!!! excelente ideia!!! vim pelo insta da glória kalil 😍 - torcendo por mais um sucesso!,parabens excelente ideia vim pelo insta da gloria kalil torcendo por mais um sucesso
instagram_csv,,curadobia,"oi, sandra! tudo bem? passando aqui para te avisar que o jeans preto que você se interessou no nosso reels um tempinho atrás está disponível!😍",oi sandra tudo bem passando aqui para te avisar que o jeans preto que voce se interessou no nosso reels um tempinho atras esta disponivel
instagram_csv,,curadobia,imagem enviada,imagem enviada
instagram_csv,,curadobia,https://www.curadobia.com.br/yes-i-am-jeans/produto/a-pantalona-jeans,<url>
instagram_csv,,curadobia,"segue o link dele! qualquer dúvida ou questão, estamos à disposição! obrigada por nos acompanhar! equipe curadobia 💕",segue o link dele qualquer duvida ou questao estamos a disposicao obrigada por nos acompanhar equipe curadobia
instagram_csv,,cliente,curtiu uma mensagem,curtiu uma mensagem
instagram_csv,,curadobia,segue o link da jaqueta: https://www.curadobia.com.br/nauanin/produto/jaqueta-bacanuda,segue o link da jaqueta <url>
instagram_csv,,curadobia,"qualquer dúvida ou questão, estamos à disposição! obrigada por nos acompanhar! equipe curadobia 💕",qualquer duvida ou questao estamos a disposicao obrigada por nos acompanhar equipe curadobia
instagram_csv,,curadobia,oi ineia! tudo bem? segue o valor do casaco que você se interessou,oi ineia tudo bem segue o valor do casaco que voce se interessou
instagram_csv,,curadobia,you sent an attachment.,you sent an attachment
instagram_csv,,curadobia,"r$: 630,00",r <num> <num>
instagram_csv,,curadobia,https://www.curadobia.com.br/nauanin/produto/casaco-resolvedor,<url>
instagram_csv,,curadobia,"segue o link dele! qualquer dúvida ou questão, estamos à disposição! obrigada por nos acompanhar! equipe curadobia 💕",segue o link dele qualquer duvida ou questao estamos a disposicao obrigada por nos acompanhar equipe curadobia
instagram_csv,,cliente,😍,
instagram_csv,,cliente,curtiu uma mensagem,curtiu uma mensagem
instagram_csv,,cliente,ibaaaa,ibaaaa
instagram_csv,,cliente,experimentei essa jaqueta. maravilhosa,experimentei essa jaqueta maravilhosa
instagram_csv,,cliente,marilene sent an attachment.,marilene sent an attachment
instagram_csv,,cliente,tenho interesse nessa jaqueta,tenho interesse nessa jaqueta
instagram_csv,,curadobia,olá marilene boa noite! tudo bem?,ola marilene boa noite tudo bem
instagram_csv,,curadobia,adoramos ela!,adoramos ela
instagram_csv,,curadobia,para adquirir essa peça basta clicar no link da jaqueta e finalizar a compra pelo site: https://www.curadobia.com.br/nauanin/produto/jaqueta-bacanuda,para adquirir essa peca basta clicar no link da jaqueta e finalizar a compra pelo site <url>
instagram_csv,,curadobia,temos ela ainda no tamanho 2 e 3,temos ela ainda no tamanho <num> e <num>
instagram_csv,,cliente,curtiu uma mensagem,curtiu uma mensagem
instagram_csv,,cliente,👏,
instagram_csv,,cliente,https://www.instagram.com/tatho.brasil/profilecard/,<url>
instagram_csv,,cliente,👏,
instagram_csv,,cliente,https://www.instagram.com/agola__/profilecard/,<url>
instagram_csv,,cliente,👏,
instagram_csv,,cliente,adoro…!,adoro
instagram_csv,,cliente,você é linda e de uma delicadeza admirável,voce e linda e de uma delicadeza admiravel
instagram_csv,,cliente,lindíssima,lindissima
instagram_csv,,cliente,😍,
instagram_csv,,cliente,[sem conteúdo detectável],sem conteudo detectavel
instagram_csv,,cliente,[sem conteúdo detectável],sem conteudo detectavel
instagram_csv,,cliente,[sem conteúdo detectável],sem conteudo detectavel
instagram_csv,,cliente,[sem conteúdo detectável],sem conteudo detectavel
instagram_csv,,cliente,[sem conteúdo detectável],sem conteudo detectavel
instagram_csv,,cliente,link compartilhado,link compartilhado
instagram_csv,,cliente,link compartilhado,link compartilhado
instagram_csv,,cliente,link compartilhado,link compartilhado
instagram_csv,,cliente,link compartilhado,link compartilhado
instagram_csv,,cliente,link compartilhado,link compartilhado
instagram_csv,,cliente,bia sent an attachment.,bia sent an attachment
instagram_csv,,curadobia,link compartilhado,link compartilhado
instagram_csv,,curadobia,link compartilhado,link compartilhado
instagram_csv,,curadobia,link compartilhado,link compartilhado
instagram_csv,,curadobia,link compartilhado,link compartilhado
instagram_csv,,curadobia,link compartilhado,link compartilhado
instagram_csv,,cliente,bia sent an attachment.,bia sent an attachment
instagram_csv,,cliente,😍,
instagram_csv,,cliente,😍,
instagram_csv,,cliente,😍,
instagram_csv,,cliente,onde posso comprar?,onde posso comprar
instagram_csv,,cliente,"bom dia! sou a gianina marques, mineira, mãe e autora de joias artesanais. gostaria de deixar meu insta para vcs conhecerem minhas joias feita com carinho e totalmente exclusiva. aguardo o retorno de vcs q tem tanto conhecimento na área. desde já obrigada! @gianinamarques",bom dia sou a gianina marques mineira mae e autora de joias artesanais gostaria de deixar meu insta para vcs conhecerem minhas joias feita com carinho e totalmente exclusiva aguardo o retorno de vcs q tem tanto conhecimento na area desde ja obrigada <user>
instagram_csv,,curadobia,https://www.curadobia.com.br/categorias/collab,<url>
instagram_csv,,curadobia,😉😉,
instagram_csv,,curadobia,aqui ou nas lojas da paula ferber,aqui ou nas lojas da paula ferber
instagram_csv,,cliente,andrea sent an attachment.,andrea sent an attachment
instagram_csv,,cliente,eu amei a que tem a ponta. duvida. tem que ter tornozelo fino? obrigada,eu amei a que tem a ponta duvida tem que ter tornozelo fino obrigada
instagram_csv,,curadobia,com certeza nao. exatamente por isso que pensamos nesse material que se molda nos pes 😉,com certeza nao exatamente por isso que pensamos nesse material que se molda nos pes
instagram_csv,,cliente,bia sent an attachment.,bia sent an attachment
instagram_csv,,cliente,legal. obrigada,legal obrigada
instagram_csv,,cliente,não tenho nada da paula ferber. a numeração é normal a forma?,nao tenho nada da paula ferber a numeracao e normal a forma
instagram_csv,,curadobia,super normal a forma,super normal a forma
instagram_csv,,cliente,curtiu uma mensagem,curtiu uma mensagem
instagram_csv,,cliente,👏,
instagram_csv,,curadobia,"olá, gostaríamos de orçar com vocês o aluguel de algumas peças/objetos de vocês para um dia de evento que vamos fazer. é possível? obrigada desde já!",ola gostariamos de orcar com voces o aluguel de algumas pecas objetos de voces para um dia de evento que vamos fazer e possivel obrigada desde ja
instagram_csv,,curadobia,"oi, roberta! bom dia! tudo bem? estamos entrando em contato porque identificamos que há um tempo você demonstrou interesse nos sapatos da bia, que apareceram em um dos nossos reels! agora eles estão disponíveis no site do curadobia! 😍😍 o link clicável segue na próxima mensagem. obrigada por nos acompanhar, roberta! qualquer dúvida, estamos à disposição! equipe curadobia 💕",oi roberta bom dia tudo bem estamos entrando em contato porque identificamos que ha um tempo voce demonstrou interesse nos sapatos da bia que apareceram em um dos nossos reels agora eles estao disponiveis no site do curadobia o link clicavel segue na proxima mensagem obrigada por nos acompanhar roberta qualquer duvida estamos a disposicao equipe curadobia
instagram_csv,,curadobia,https://www.curadobia.com.br/marcas/paula-ferber,<url>
instagram_csv,,cliente,curtiu uma mensagem,curtiu uma mensagem
instagram_csv,,cliente,já vi e amei!! esperando a virada do cartao pra perder os juízo!,ja vi e amei esperando a virada do cartao pra perder os juizo
instagram_csv,,cliente,👏,
instagram_csv,,cliente,vocês tem loja física?,voces tem loja fisica
instagram_csv,,cliente,link compartilhado,link compartilhado
instagram_csv,,cliente,cecilia sent an attachment.,cecilia sent an attachment
instagram_csv,,cliente,comprei a jaqueta 😻,comprei a jaqueta
instagram_csv,,curadobia,link compartilhado,link compartilhado
instagram_csv,,cliente,[sem conteúdo detectável],sem conteudo detectavel
instagram_csv,,curadobia,ah que ótimo monica! esperamos que aproveite muito ela. e se quiser compartilhar com a gente os looks que criar com ela vamos amar ver!,ah que otimo monica esperamos que aproveite muito ela e se quiser compartilhar com a gente os looks que criar com ela vamos amar ver
instagram_csv,,curadobia,"olá gloria, não temos, apenas vendas on-line no site www.curadobia.com.br",ola gloria nao temos apenas vendas on line no site www curadobia com br
instagram_csv,,curadobia,porém teremos em dezembro um evento presencial para trazer as peças ao vivo para quem quiser conhecer pessoalmente essa curadobia incrível feita pela bia,porem teremos em dezembro um evento presencial para trazer as pecas ao vivo para quem quiser conhecer pessoalmente essa curadobia incrivel feita pela bia
instagram_csv,,curadobia,em breve divulgaremos mais a respeito. se quiser informar seu whats podemos ir te atualizando por lá o que acha?,em breve divulgaremos mais a respeito se quiser informar seu whats podemos ir te atualizando por la o que acha
instagram_csv,,cliente,oii comprei a bico fino. o dedo fica um pouquinho de lado pra fora né? mas super confortável,oii comprei a bico fino o dedo fica um pouquinho de lado pra fora ne mas super confortavel
instagram_csv,,curadobia,um tiquinho por conta do bico fino mesmo,um tiquinho por conta do bico fino mesmo
instagram_csv,,curadobia,mas que bom que achou confortável,mas que bom que achou confortavel
instagram_csv,,cliente,lindaaaa,lindaaaa
instagram_csv,,cliente,imagem enviada,imagem enviada
instagram_csv,,cliente,acha melhor pegar maior?,acha melhor pegar maior
instagram_csv,,cliente,11 99635.2663,<num> <num> <num>
instagram_csv,,curadobia,acho melhor sim. esta um pouco certa demais,acho melhor sim esta um pouco certa demais
instagram_csv,,cliente,vou amanhã. obrigada,vou amanha obrigada
instagram_csv,,curadobia,"perfeito glória, já colocamos aqui na nossa lista e vamos te informar quando estiver mais próximo da data!",perfeito gloria ja colocamos aqui na nossa lista e vamos te informar quando estiver mais proximo da data
instagram_csv,,curadobia,"olá, katia! tudo bem?",ola katia tudo bem
instagram_csv,,curadobia,"estamos entrando em contato porque identificamos que há um tempo você demonstrou interesse nas sandálias da bia, que apareceram em um dos nossos reels! agora eles estão disponíveis no site do curadobia! 😍😍 o link clicável segue na próxima mensagem. obrigada por nos acompanhar, katia! qualquer dúvida, estamos à disposição! equipe curadobia 💕",estamos entrando em contato porque identificamos que ha um tempo voce demonstrou interesse nas sandalias da bia que apareceram em um dos nossos reels agora eles estao disponiveis no site do curadobia o link clicavel segue na proxima mensagem obrigada por nos acompanhar katia qualquer duvida estamos a disposicao equipe curadobia
instagram_csv,,curadobia,https://www.curadobia.com.br/marcas/paula-ferber,<url>
instagram_csv,,curadobia,"olá, pati! boa tarde! tudo bem? estamos entrando em contato porque identificamos que há um tempo você demonstrou interesse nas sandálias da bia, que apareceram em um dos nossos reels! agora eles estão disponíveis no site do curadobia! 😍😍 segue o link: https://www.curadobia.com.br/produtos/buscar?search=paula+ferber obrigada por nos acompanhar, patrícia! qualquer dúvida, estamos à disposição! equipe curadobia 💕",ola pati boa tarde tudo bem estamos entrando em contato porque identificamos que ha um tempo voce demonstrou interesse nas sandalias da bia que apareceram em um dos nossos reels agora eles estao disponiveis no site do curadobia segue o link <url> obrigada por nos acompanhar patricia qualquer duvida estamos a disposicao equipe curadobia
instagram_csv,,curadobia,"olá, alessandra! boa tarde! tudo bem? estamos entrando em contato porque identificamos que há um tempo você demonstrou interesse nas sandálias da bia, que apareceram em um dos nossos reels! agora eles estão disponíveis no site do curadobia! 😍😍 segue o link: https://www.curadobia.com.br/produtos/buscar?search=paula+ferber obrigada por nos acompanhar, alessandra! qualquer dúvida, estamos à disposição! equipe curadobia 💕",ola alessandra boa tarde tudo bem estamos entrando em contato porque identificamos que ha um tempo voce demonstrou interesse nas sandalias da bia que apareceram em um dos nossos reels agora eles estao disponiveis no site do curadobia segue o link <url> obrigada por nos acompanhar alessandra qualquer duvida estamos a disposicao equipe curadobia
instagram_csv,,curadobia,"olá, andrea! boa tarde! tudo bem? estamos entrando em contato porque identificamos que há um tempo você demonstrou interesse nas sandálias da bia, que apareceram em um dos nossos reels! agora eles estão disponíveis no site do curadobia! 😍😍 segue o link: https://www.curadobia.com.br/produtos/buscar?search=paula+ferber obrigada por nos acompanhar, andrea! qualquer dúvida, estamos à disposição! equipe curadobia 💕",ola andrea boa tarde tudo bem estamos entrando em contato porque identificamos que ha um tempo voce demonstrou interesse nas sandalias da bia que apareceram em um dos nossos reels agora eles estao disponiveis no site do curadobia segue o link <url> obrigada por nos acompanhar andrea qualquer duvida estamos a disposicao equipe curadobia
instagram_csv,,curadobia,"olá! boa tarde! tudo bem? estamos entrando em contato porque identificamos que há um tempo você demonstrou interesse nas sandálias da bia, que apareceram em um dos nossos reels! agora eles estão disponíveis no site do curadobia! 😍😍 segue o link: https://www.curadobia.com.br/produtos/buscar?search=paula+ferber obrigada por nos acompanhar! qualquer dúvida, estamos à disposição! equipe curadobia 💕",ola boa tarde tudo bem estamos entrando em contato porque identificamos que ha um tempo voce demonstrou interesse nas sandalias da bia que apareceram em um dos nossos reels agora eles estao disponiveis no site do curadobia segue o link <url> obrigada por nos acompanhar qualquer duvida estamos a disposicao equipe curadobia
instagram_csv,,curadobia,"olá, rosangela! boa tarde! tudo bem? estamos entrando em contato porque identificamos que há um tempo você demonstrou interesse nas rasteiras da bia, que apareceram em um dos nossos reels! agora eles estão disponíveis no site do curadobia! 😍😍 segue o link: https://www.curadobia.com.br/produtos/buscar?search=paula+ferber obrigada por nos acompanhar, rosangela! qualquer dúvida, estamos à disposição! equipe curadobia 💕",ola rosangela boa tarde tudo bem estamos entrando em contato porque identificamos que ha um tempo voce demonstrou interesse nas rasteiras da bia que apareceram em um dos nossos reels agora eles estao disponiveis no site do curadobia segue o link <url> obrigada por nos acompanhar rosangela qualquer duvida estamos a disposicao equipe curadobia
instagram_csv,,curadobia,"olá, dri! boa tarde! tudo bem? estamos entrando em contato porque identificamos que há um tempo você demonstrou interesse nas sandálias da bia, que apareceram em um dos nossos reels! agora eles estão disponíveis no site do curadobia! 😍😍 segue o link: https://www.curadobia.com.br/produtos/buscar?search=paula+ferber obrigada por nos acompanhar, dri! qualquer dúvida, estamos à disposição! equipe curadobia 💕",ola dri boa tarde tudo bem estamos entrando em contato porque identificamos que ha um tempo voce demonstrou interesse nas sandalias da bia que apareceram em um dos nossos reels agora eles estao disponiveis no site do curadobia segue o link <url> obrigada por nos acompanhar dri qualquer duvida estamos a disposicao equipe curadobia
instagram_csv,,curadobia,"olá, karyna! boa tarde! tudo bem? estamos entrando em contato porque identificamos que há um tempo você demonstrou interesse nos sapatos da bia, que apareceram em um dos nossos reels! agora eles estão disponíveis no site do curadobia! 😍😍 segue o link: https://www.curadobia.com.br/produtos/buscar?search=paula+ferber obrigada por nos acompanhar, karyna! qualquer dúvida, estamos à disposição! equipe curadobia 💕",ola karyna boa tarde tudo bem estamos entrando em contato porque identificamos que ha um tempo voce demonstrou interesse nos sapatos da bia que apareceram em um dos nossos reels agora eles estao disponiveis no site do curadobia segue o link <url> obrigada por nos acompanhar karyna qualquer duvida estamos a disposicao equipe curadobia
instagram_csv,,curadobia,"olá, sandra! boa tarde! tudo bem? estamos entrando em contato porque identificamos que há um tempo você demonstrou interesse nos sapatos da bia, que apareceram em um dos nossos reels! agora eles estão disponíveis no site do curadobia! 😍😍 segue o link: https://www.curadobia.com.br/produtos/buscar?search=paula+ferber obrigada por nos acompanhar, sandra! qualquer dúvida, estamos à disposição! equipe curadobia 💕",ola sandra boa tarde tudo bem estamos entrando em contato porque identificamos que ha um tempo voce demonstrou interesse nos sapatos da bia que apareceram em um dos nossos reels agora eles estao disponiveis no site do curadobia segue o link <url> obrigada por nos acompanhar sandra qualquer duvida estamos a disposicao equipe curadobia
instagram_csv,,cliente,curtiu uma mensagem,curtiu uma mensagem
instagram_csv,,curadobia,"olá, silvana! boa tarde! tudo bem? estamos entrando em contato porque identificamos que há um tempo você demonstrou interesse nas sapatilhas da bia, que apareceram em um dos nossos reels! agora eles estão disponíveis no site do curadobia! 😍😍 segue o link: https://www.curadobia.com.br/produtos/buscar?search=paula+ferber obrigada por nos acompanhar, silvana! qualquer dúvida, estamos à disposição! equipe curadobia 💕",ola silvana boa tarde tudo bem estamos entrando em contato porque identificamos que ha um tempo voce demonstrou interesse nas sapatilhas da bia que apareceram em um dos nossos reels agora eles estao disponiveis no site do curadobia segue o link <url> obrigada por nos acompanhar silvana qualquer duvida estamos a disposicao equipe curadobia
instagram_csv,,curadobia,"olá, juliana! boa tarde! tudo bem? estamos entrando em contato porque identificamos que há um tempo você demonstrou interesse nos sapatos da bia, que apareceram em um dos nossos reels! agora eles estão disponíveis no site do curadobia! 😍😍 segue o link: https://www.curadobia.com.br/produtos/buscar?search=paula+ferber obrigada por nos acompanhar, juliana! qualquer dúvida, estamos à disposição! equipe curadobia 💕",ola juliana boa tarde tudo bem estamos entrando em contato porque identificamos que ha um tempo voce demonstrou interesse nos sapatos da bia que apareceram em um dos nossos reels agora eles estao disponiveis no site do curadobia segue o link <url> obrigada por nos acompanhar juliana qualquer duvida estamos a disposicao equipe curadobia
instagram_csv,,curadobia,"olá, ana! boa tarde! tudo bem? estamos entrando em contato porque identificamos que há um tempo você demonstrou interesse nos sapatos da bia, que apareceram em um dos nossos reels! agora eles estão disponíveis no site do curadobia! 😍😍 segue o link: https://www.curadobia.com.br/produtos/buscar?search=paula+ferber obrigada por nos acompanhar, ana! qualquer dúvida, estamos à disposição! equipe curadobia 💕",ola ana boa tarde tudo bem estamos entrando em contato porque identificamos que ha um tempo voce demonstrou interesse nos sapatos da bia que apareceram em um dos nossos reels agora eles estao disponiveis no site do curadobia segue o link <url> obrigada por nos acompanhar ana qualquer duvida estamos a disposicao equipe curadobia
instagram_csv,,curadobia,"olá, halanna! boa tarde! tudo bem? estamos entrando em contato porque identificamos que há um tempo você demonstrou interesse nas sandálias da bia, que apareceram em um dos nossos reels! agora elas estão disponíveis no site do curadobia! 😍😍 segue o link: https://www.curadobia.com.br/produtos/buscar?search=paula+ferber obrigada por nos acompanhar, halanna! qualquer dúvida, estamos à disposição! equipe curadobia 💕",ola halanna boa tarde tudo bem estamos entrando em contato porque identificamos que ha um tempo voce demonstrou interesse nas sandalias da bia que apareceram em um dos nossos reels agora elas estao disponiveis no site do curadobia segue o link <url> obrigada por nos acompanhar halanna qualquer duvida estamos a disposicao equipe curadobia
instagram_csv,,cliente,"muito obrigada, elas entraram em contato comigo. realmente a sandália é linda , mas infelizmente fico um pouco fora $$$ pra mim !",muito obrigada elas entraram em contato comigo realmente a sandalia e linda mas infelizmente fico um pouco fora pra mim
instagram_csv,,cliente,curtiu uma mensagem,curtiu uma mensagem
instagram_csv,,cliente,reagiu com 👍🏿 à sua mensagem,reagiu com a sua mensagem
instagram_csv,,curadobia,"que pena, dri! entendemos! espero que outras peças no site te encontrem💕 estamos aqui qualquer coisa! obrigada pela mensagem!",que pena dri entendemos espero que outras pecas no site te encontrem estamos aqui qualquer coisa obrigada pela mensagem
instagram_csv,,cliente,obrigada,obrigada
instagram_csv,,cliente,curtiu uma mensagem,curtiu uma mensagem
instagram_csv,,cliente,curtiu uma mensagem,curtiu uma mensagem
instagram_csv,,cliente,já comprei! e acabou de chegar!!,ja comprei e acabou de chegar
instagram_csv,,cliente,https://www.instagram.com/wendyelborin/profilecard/,<url>
instagram_csv,,cliente,ai..me ajuda com o vídeo …. ainda não usei a blusa!!,ai me ajuda com o video ainda nao usei a blusa
instagram_csv,,cliente,imagem enviada,imagem enviada
instagram_csv,,cliente,não consigo deixá-la deste jeito,nao consigo deixa la deste jeito
instagram_csv,,curadobia,"com certeza, será um sucesso! obrigada, ana!💕",com certeza sera um sucesso obrigada ana
instagram_csv,,cliente,https://www.instagram.com/usemyk/profilecard/,<url>
instagram_csv,,cliente,maria shared a product.,maria shared a product
instagram_csv,,cliente,maria shared a product.,maria shared a product
instagram_csv,,cliente,essa sandália calça certo ?calço 36 .será que preciso comprar 37 ?,essa sandalia calca certo calco <num> sera que preciso comprar <num>
instagram_csv,,curadobia,"olá, maria! tudo bem? obrigada por ter entrado em contato conosco! te aconselhamos comprar o seu numero mesmo. no caso, o tamanho 36! qualquer outra dúvida pode sempre entrar em contato conosco! equipe curadobia 💕",ola maria tudo bem obrigada por ter entrado em contato conosco te aconselhamos comprar o seu numero mesmo no caso o tamanho <num> qualquer outra duvida pode sempre entrar em contato conosco equipe curadobia
instagram_csv,,cliente,obrigada !!,obrigada
instagram_csv,,cliente,[sem conteúdo detectável],sem conteudo detectavel
instagram_csv,,cliente,https://www.instagram.com/minimadeia/profilecard/,<url>
instagram_csv,,cliente,[sem conteúdo detectável],sem conteudo detectavel
instagram_csv,,cliente,[sem conteúdo detectável],sem conteudo detectavel
instagram_csv,,cliente,ola!,ola
instagram_csv,,cliente,fiz uma compra de um casaco com vcs e não vestiu bem. gostaria de trocar por uma calça fresquinha tamanho m.,fiz uma compra de um casaco com vcs e nao vestiu bem gostaria de trocar por uma calca fresquinha tamanho m
instagram_csv,,cliente,alguém poderia entrar em contato comigo por e-mail ou whatsapp? o site de vcs parece que está com problemas. não funciona direito não.,alguem poderia entrar em contato comigo por e mail ou whatsapp o site de vcs parece que esta com problemas nao funciona direito nao
instagram_csv,,cliente,meu tel 21 99245-3454,meu tel <num> <num> <num>
instagram_csv,,cliente,email: adrianaleitecarvalho@gmail.com,email adrianaleitecarvalho <user> com
instagram_csv,,cliente,muito obrigada!,muito obrigada
instagram_csv,,cliente,[sem conteúdo detectável],sem conteudo detectavel
instagram_csv,,cliente,bia sent an attachment.,bia sent an attachment
instagram_csv,,cliente,[sem conteúdo detectável],sem conteudo detectavel
instagram_csv,,curadobia,"olá, adriana, tudo bem? te encaminhamos uma mensagem pelo seu whatsapp. obrigada por ter entrado em contato conosco!",ola adriana tudo bem te encaminhamos uma mensagem pelo seu whatsapp obrigada por ter entrado em contato conosco
instagram_csv,,cliente,ola!,ola
instagram_csv,,cliente,este é meu whatsapp…,este e meu whatsapp
instagram_csv,,cliente,qual foi a mensagem?,qual foi a mensagem
instagram_csv,,curadobia,você não recebeu essa mensagem?,voce nao recebeu essa mensagem
instagram_csv,,curadobia,imagem enviada,imagem enviada
instagram_csv,,cliente,[sem conteúdo detectável],sem conteudo detectavel
instagram_csv,,cliente,bia sent an attachment.,bia sent an attachment
instagram_csv,,curadobia,"olá, tania! identificamos o seu comentário interessada nos valores das sandálias da bia! segue o link para que você possa conferir com calma: https://www.curadobia.com.br/categorias/collab",ola tania identificamos o seu comentario interessada nos valores das sandalias da bia segue o link para que voce possa conferir com calma <url>
instagram_csv,,curadobia,agradecemos o seu interesse e qualquer outra questão estamos à disposição! equipe curadobia 💕,agradecemos o seu interesse e qualquer outra questao estamos a disposicao equipe curadobia
instagram_csv,,cliente,maria shared a product.,maria shared a product
instagram_csv,,cliente,é acolchoada ?,e acolchoada
instagram_csv,,curadobia,"ola maria luiza, td bem? obrigada pelo seu interesse. a sandalia é feita de um material elástico que parece um neoprene. para trazer conforto e se moldar nos pés. 😉",ola maria luiza td bem obrigada pelo seu interesse a sandalia e feita de um material elastico que parece um neoprene para trazer conforto e se moldar nos pes
instagram_csv,,cliente,reagiu com 👍 à sua mensagem,reagiu com a sua mensagem
instagram_csv,,cliente,muito estilo,muito estilo
instagram_csv,,cliente,[sem conteúdo detectável],sem conteudo detectavel
instagram_csv,,cliente,lindas !!,lindas
instagram_csv,,cliente,"bom dia tudo bem? então eu tenho mito daqueles vestidos , com estampas, e alguns até são estampas geométricas e todas as opções possíveis . como posso fazer que não fiquem parecendo quando usar aquelas roupas que não tem nada haver comigo . eu estou em uma fase de camisa, calça jeans bem moderna . e roupas mais discretas . mas é esses vestido como usar ?",bom dia tudo bem entao eu tenho mito daqueles vestidos com estampas e alguns ate sao estampas geometricas e todas as opcoes possiveis como posso fazer que nao fiquem parecendo quando usar aquelas roupas que nao tem nada haver comigo eu estou em uma fase de camisa calca jeans bem moderna e roupas mais discretas mas e esses vestido como usar
instagram_csv,,cliente,bia sent an attachment.,bia sent an attachment
instagram_csv,,cliente,[sem conteúdo detectável],sem conteudo detectavel
instagram_csv,,cliente,[sem conteúdo detectável],sem conteudo detectavel
instagram_csv,,cliente,[sem conteúdo detectável],sem conteudo detectavel
instagram_csv,,curadobia,link compartilhado,link compartilhado
instagram_csv,,cliente,curtiu uma mensagem,curtiu uma mensagem
instagram_csv,,cliente,[sem conteúdo detectável],sem conteudo detectavel
instagram_csv,,curadobia,you sent an attachment.,you sent an attachment
instagram_csv,,curadobia,olha que legal essa ideia,olha que legal essa ideia
instagram_csv,,cliente,caraca muito!,caraca muito
instagram_csv,,cliente,https://www.instagram.com/___lourie___/profilecard/,<url>
instagram_csv,,cliente,bia sent an attachment.,bia sent an attachment
instagram_csv,,cliente,[sem conteúdo detectável],sem conteudo detectavel
instagram_csv,,cliente,[sem conteúdo detectável],sem conteudo detectavel
instagram_csv,,cliente,[sem conteúdo detectável],sem conteudo detectavel
instagram_csv,,cliente,[sem conteúdo detectável],sem conteudo detectavel
instagram_csv,,cliente,[sem conteúdo detectável],sem conteudo detectavel
instagram_csv,,cliente,bia sent an attachment.,bia sent an attachment
instagram_csv,,curadobia,link compartilhado,link compartilhado
instagram_csv,,curadobia,link compartilhado,link compartilhado
instagram_csv,,curadobia,link compartilhado,link compartilhado
instagram_csv,,curadobia,link compartilhado,link compartilhado
instagram_csv,,curadobia,link compartilhado,link compartilhado
instagram_csv,,cliente,"boa tarde, me interessei pelos macacões, com zíper mostrados pela bia.",boa tarde me interessei pelos macacoes com ziper mostrados pela bia
instagram_csv,,cliente,macacões com mangas,macacoes com mangas
instagram_csv,,cliente,gostei da corrente dourada também.,gostei da corrente dourada tambem
instagram_csv,,cliente,"os brincos argola frontal, não sei o nome da peça kkk",os brincos argola frontal nao sei o nome da peca kkk
instagram_csv,,cliente,oi bia. sou erika dos @brincosdiferentes. gostaria de saber como você trabalha em relação a promoção de produtos. meus brincos são autorais e os fabrico a 39 anos. a produção é 100% nacional. fabricamos desde a liga do metal até o banho de ouro 18k. nossos brincos são todos bordados a mão com um finíssimo arame de cobre e depois banhado a ouro. espero seu contato. obrigada.,oi bia sou erika dos <user> gostaria de saber como voce trabalha em relacao a promocao de produtos meus brincos sao autorais e os fabrico a <num> anos a producao e <num> nacional fabricamos desde a liga do metal ate o banho de ouro <num> k nossos brincos sao todos bordados a mao com um finissimo arame de cobre e depois banhado a ouro espero seu contato obrigada
instagram_csv,,cliente,sheila shared a product.,sheila shared a product
instagram_csv,,cliente,"por favor , me interessei por este macacão . quais tamanhos e como comprar ?",por favor me interessei por este macacao quais tamanhos e como comprar
instagram_csv,,curadobia,"olá! bom dia, sheila! tudo bem? que bom que gostou do nosso macacão cool! nós temos ele nos tamanhos 36, 38, 40 e 42. vou te encaminhar o link dele para que possa visualizar no nosso site: https://www.curadobia.com.br/olive-you/produto/macacao-cool-olive-you-u7xa",ola bom dia sheila tudo bem que bom que gostou do nosso macacao cool nos temos ele nos tamanhos <num> <num> <num> e <num> vou te encaminhar o link dele para que possa visualizar no nosso site <url>
instagram_csv,,curadobia,https://www.curadobia.com.br/olive-you/produto/macacao-cool-olive-you-u7xa,<url>
instagram_csv,,curadobia,é só clicar nessa mensagem com a imagem que lhe mandei! qualquer outra questão pode nos contatar! estamos à disposição! equipe curadobia💕,e so clicar nessa mensagem com a imagem que lhe mandei qualquer outra questao pode nos contatar estamos a disposicao equipe curadobia
instagram_csv,,curadobia,"olá, heloisa! bom dia, tudo bem? que bom que você gostou das peças da bia! vou te mandar os links das peças que você informou para que possa visualizar com mais calma e clareza todas as peças. qualquer outra duvida ou questão, estamos à disposição! equipe curadobia 💕",ola heloisa bom dia tudo bem que bom que voce gostou das pecas da bia vou te mandar os links das pecas que voce informou para que possa visualizar com mais calma e clareza todas as pecas qualquer outra duvida ou questao estamos a disposicao equipe curadobia
instagram_csv,,curadobia,https://www.curadobia.com.br/olive-you/produto/macacao-cool-olive-you-u7xa,<url>
instagram_csv,,curadobia,https://www.curadobia.com.br/d-aura/produto/macacao-tudo-d-aura,<url>
instagram_csv,,curadobia,https://www.curadobia.com.br/produtos/buscar?search=brinco,<url>
instagram_csv,,curadobia,basta clicar nas imagens e link que te enviei que você será redirecionada para os produtos! qualquer coisa estamos aqui!,basta clicar nas imagens e link que te enviei que voce sera redirecionada para os produtos qualquer coisa estamos aqui
instagram_csv,,cliente,[sem conteúdo detectável],sem conteudo detectavel
instagram_csv,,cliente,bia sent an attachment.,bia sent an attachment
instagram_csv,,cliente,[sem conteúdo detectável],sem conteudo detectavel
instagram_csv,,cliente,obrigada pelo retorno,obrigada pelo retorno
instagram_csv,,cliente,teria as medidas do 42,teria as medidas do <num>
instagram_csv,,cliente,"pois sou , em algumas marcas , 44",pois sou em algumas marcas <num>
instagram_csv,,cliente,"e em outras , 42",e em outras <num>
instagram_csv,,cliente,estou tentando contato para devolução de mercadoria e ninguém me atende! nem por whatsapp e nem e-mail. comprei um vestido que quero devolver. como devo proceder? cristina hees 11 970499507,estou tentando contato para devolucao de mercadoria e ninguem me atende nem por whatsapp e nem e mail comprei um vestido que quero devolver como devo proceder cristina hees <num> <num>
instagram_csv,,curadobia,"claro, nossas medidas do tamanho 42 para o macacão cool são: ombro: 51cm cintura total: 72cm comprimento: 151cm qualquer outra questão, estamos à disposição!",claro nossas medidas do tamanho <num> para o macacao cool sao ombro <num> cm cintura total <num> cm comprimento <num> cm qualquer outra questao estamos a disposicao
instagram_csv,,cliente,e quadril ?,e quadril
instagram_csv,,curadobia,"oi, cris, tudo bem? estamos nos comunicando pelo whatsapp. podemos continuar por lá? aproveito para te atualizar que já reforcei seu pedido com a marca mybasic nesta tarde. peço apenas sua compreensão em relação aos prazos que as marcas precisam para responder e resolver essas questões. já solicitei um adiantamento para o seu pedido, e pode ficar tranquila: você entrou em contato dentro do prazo de 7 dias corridos para solicitação de devolução, então seu pedido será atendido sem problemas. qualquer novidade, te aviso por lá!",oi cris tudo bem estamos nos comunicando pelo whatsapp podemos continuar por la aproveito para te atualizar que ja reforcei seu pedido com a marca mybasic nesta tarde peco apenas sua compreensao em relacao aos prazos que as marcas precisam para responder e resolver essas questoes ja solicitei um adiantamento para o seu pedido e pode ficar tranquila voce entrou em contato dentro do prazo de <num> dias corridos para solicitacao de devolucao entao seu pedido sera atendido sem problemas qualquer novidade te aviso por la
instagram_csv,,curadobia,"sheila, essa foi a tabela passada para nós pela marca, estamos em contato com eles para ter exatamente a medida do quadril, inclusive, obrigada pela pergunta, pois com ela vamos atualizar o nosso site. mas podemos te adiantar que ele tem uma estrutura folgada no quadril, então acreditamos que ele vai dar certo para ti no tamanho 42. para te passar outra base, nas fotos do produto no nosso site, a bia está vestindo o tamanho 38.",sheila essa foi a tabela passada para nos pela marca estamos em contato com eles para ter exatamente a medida do quadril inclusive obrigada pela pergunta pois com ela vamos atualizar o nosso site mas podemos te adiantar que ele tem uma estrutura folgada no quadril entao acreditamos que ele vai dar certo para ti no tamanho <num> para te passar outra base nas fotos do produto no nosso site a bia esta vestindo o tamanho <num>
instagram_csv,,curadobia,"sheila, segue resposta das meninas da olive you (marca do macacão): ""120cm circunferência total, mas explique a ela por favor, que esta peça tem uma modelagem ampla ao corpo ok?"" então acredito que se encaixa no que conversamos mesmo🙃 o que você acha? qualquer coisa, seguimos à disposição!",sheila segue resposta das meninas da olive you marca do macacao <num> cm circunferencia total mas explique a ela por favor que esta peca tem uma modelagem ampla ao corpo ok entao acredito que se encaixa no que conversamos mesmo o que voce acha qualquer coisa seguimos a disposicao
instagram_csv,,cliente,vou checar as minhas medidas e volto com vcs,vou checar as minhas medidas e volto com vcs
instagram_csv,,cliente,obrigada pelo retorno,obrigada pelo retorno
instagram_csv,,cliente,macacão precisa ser mais soltinho,macacao precisa ser mais soltinho
instagram_csv,,curadobia,beleza! qualquer coisa estamos aqui😉,beleza qualquer coisa estamos aqui
instagram_csv,,cliente,"oi bia, tudo bem? me chamo alice, sou sócia da monti, uma marca de moda que preza por estilo atemporal e peças de qualidade. estamos buscando consultoras de imagem parceiras para recomendar nossas peças aos seus clientes, e pensei que poderíamos criar algo bem legal juntas! o que acha de agendarmos um papo para te contar mais sobre a nossa história e a ideia de parceria? fico no aguardo!",oi bia tudo bem me chamo alice sou socia da monti uma marca de moda que preza por estilo atemporal e pecas de qualidade estamos buscando consultoras de imagem parceiras para recomendar nossas pecas aos seus clientes e pensei que poderiamos criar algo bem legal juntas o que acha de agendarmos um papo para te contar mais sobre a nossa historia e a ideia de parceria fico no aguardo
instagram_csv,,cliente,ok,ok
instagram_csv,,cliente,falamos por lá,falamos por la
instagram_csv,,cliente,curtiu uma mensagem,curtiu uma mensagem
instagram_csv,,cliente,[sem conteúdo detectável],sem conteudo detectavel
instagram_csv,,cliente,[sem conteúdo detectável],sem conteudo detectavel
instagram_csv,,cliente,[sem conteúdo detectável],sem conteudo detectavel
instagram_csv,,cliente,https://www.instagram.com/_nata.oficial/profilecard/,<url>
instagram_csv,,cliente,bia sent an attachment.,bia sent an attachment
instagram_csv,,cliente,[sem conteúdo detectável],sem conteudo detectavel
instagram_csv,,cliente,[sem conteúdo detectável],sem conteudo detectavel
instagram_csv,,cliente,[sem conteúdo detectável],sem conteudo detectavel
instagram_csv,,cliente,[sem conteúdo detectável],sem conteudo detectavel
instagram_csv,,cliente,[sem conteúdo detectável],sem conteudo detectavel
instagram_csv,,curadobia,"bom dia, sheila! tudo bem? você conseguiu ver direitinho os tamanhos? qualquer coisa estamos aqui!",bom dia sheila tudo bem voce conseguiu ver direitinho os tamanhos qualquer coisa estamos aqui
instagram_csv,,cliente,"ainda não , super correria",ainda nao super correria
instagram_csv,,cliente,bia sent an attachment.,bia sent an attachment
instagram_csv,,cliente,silvana sent an attachment.,silvana sent an attachment
instagram_csv,,cliente,"olá, quanto custa a pantalona?",ola quanto custa a pantalona
instagram_csv,,cliente,joyce sent an attachment.,joyce sent an attachment
instagram_csv,,curadobia,são bem bacanas as coisas dela mesmo! super obrigada joyce ✨,sao bem bacanas as coisas dela mesmo super obrigada joyce
instagram_csv,,cliente,link compartilhado,link compartilhado
instagram_csv,,curadobia,"olá! boa tarde, silvana! tudo bem? obrigada pela sua mensagem. a nossa pantalona jeans está saindo por r$: 619,00 qualquer coisa estamos aqui💕",ola boa tarde silvana tudo bem obrigada pela sua mensagem a nossa pantalona jeans esta saindo por r <num> <num> qualquer coisa estamos aqui
instagram_csv,,curadobia,link compartilhado,link compartilhado
instagram_csv,,cliente,👏,
instagram_csv,,cliente,link compartilhado,link compartilhado
instagram_csv,,cliente,"olá, eu encontro as medidas no site?",ola eu encontro as medidas no site
instagram_csv,,curadobia,"olá, bom dia! as medidas estão na descrição de cada peça",ola bom dia as medidas estao na descricao de cada peca
instagram_csv,,cliente,e a blusa?,e a blusa
instagram_csv,,cliente,link compartilhado,link compartilhado
instagram_csv,,curadobia,[sem conteúdo detectável],sem conteudo detectavel
instagram_csv,,cliente,😍,
instagram_csv,,cliente,"oiee tudo bem? amei a bota, tem curadoria dela? bjos",oiee tudo bem amei a bota tem curadoria dela bjos
instagram_csv,,cliente,link compartilhado,link compartilhado
instagram_csv,,cliente,"queria ver sua sapateira pq tudo é lindíssimo, mas seus sapatos são escolhidos a dedo, tudo a ver com vc sempre… esse é da laiá né?",queria ver sua sapateira pq tudo e lindissimo mas seus sapatos sao escolhidos a dedo tudo a ver com vc sempre esse e da laia ne
instagram_csv,,cliente,bia sent an attachment.,bia sent an attachment
instagram_csv,,cliente,link compartilhado,link compartilhado
instagram_csv,,curadobia,"oie, td bem e vc?! ainda nao. mas em breve terá",oie td bem e vc ainda nao mas em breve tera
instagram_csv,,cliente,uhuu,uhuu
instagram_csv,,curadobia,"oi, mariana! bom dia😍 o que acha desse modelo que temos no curadobia?",oi mariana bom dia o que acha desse modelo que temos no curadobia
instagram_csv,,curadobia,https://www.curadobia.com.br/revival-brasil/produto/body-arrumadao,<url>
instagram_csv,,curadobia,oi isabella! tudo bem? bom dia! que bom receber uma mensagem sua! o curadobia está se preparando para muitas novidades no ano que vem e com certeza estará no radar novos modelos de sapatos. espero que goste 💕 qualquer coisa pode sempre entrar em contato conosco.,oi isabella tudo bem bom dia que bom receber uma mensagem sua o curadobia esta se preparando para muitas novidades no ano que vem e com certeza estara no radar novos modelos de sapatos espero que goste qualquer coisa pode sempre entrar em contato conosco
instagram_csv,,curadobia,https://www.instagram.com/use_jardin/profilecard/,<url>
instagram_csv,,cliente,link compartilhado,link compartilhado
instagram_csv,,curadobia,essa da bia é da luiza perea,essa da bia e da luiza perea
instagram_csv,,cliente,curtiu uma mensagem,curtiu uma mensagem
instagram_csv,,cliente,curtiu uma mensagem,curtiu uma mensagem
instagram_csv,,cliente,curtiu uma mensagem,curtiu uma mensagem
instagram_csv,,cliente,👏,
instagram_csv,,cliente,"linda calça, qual é a marca?",linda calca qual e a marca
instagram_csv,,cliente,de onde é a sandália linda?,de onde e a sandalia linda
instagram_csv,,cliente,link compartilhado,link compartilhado
instagram_csv,,cliente,link compartilhado,link compartilhado
instagram_csv,,cliente,link compartilhado,link compartilhado
instagram_csv,,curadobia,link compartilhado,link compartilhado
instagram_csv,,curadobia,link compartilhado,link compartilhado
instagram_csv,,curadobia,link compartilhado,link compartilhado
instagram_csv,,curadobia,"olá alice, bom dia! tudo bem? aqui somos da parte de atendimento do curadobia. vou te pedir para encaminhar um e-mail para contato.curadobia@gmail.com",ola alice bom dia tudo bem aqui somos da parte de atendimento do curadobia vou te pedir para encaminhar um e mail para contato curadobia <user> com
instagram_csv,,curadobia,"bom dia, marcia!! tudo bem? obrigada pela sua mensagem, ficamos muito felizes que gostou da nossa pantalona jeans 😍 infelizmente ela está esgotada no momento, mas assim que tivermos a reposição, te avisamos!",bom dia marcia tudo bem obrigada pela sua mensagem ficamos muito felizes que gostou da nossa pantalona jeans infelizmente ela esta esgotada no momento mas assim que tivermos a reposicao te avisamos
instagram_csv,,curadobia,"que aí conseguimos encaminhar pro lá as tratativas o que acha? se puder esclarecer que seria algo mais voltado para o perfil pessoal da bia ou para o curadobia, seria bacana entendermos também para encaminhar de forma mais assertiva sua mensagem",que ai conseguimos encaminhar pro la as tratativas o que acha se puder esclarecer que seria algo mais voltado para o perfil pessoal da bia ou para o curadobia seria bacana entendermos tambem para encaminhar de forma mais assertiva sua mensagem
instagram_csv,,curadobia,vou te encaminhar o link: https://www.curadobia.com.br/yes-i-am-jeans/produto/a-pantalona-jeans,vou te encaminhar o link <url>
instagram_csv,,curadobia,"oi, anna!! que bom receber uma mensagem sua! feliz que gostou da sandália, ela é uma das queridinhas aqui no curadobia💕 vou te encaminhar o link dela!",oi anna que bom receber uma mensagem sua feliz que gostou da sandalia ela e uma das queridinhas aqui no curadobia vou te encaminhar o link dela
instagram_csv,,curadobia,https://www.curadobia.com.br/produtos/buscar?search=paula+ferber,<url>
instagram_csv,,cliente,reagiu com 👍 à sua mensagem,reagiu com a sua mensagem
instagram_csv,,cliente,https://www.instagram.com/durgashop/profilecard/,<url>
instagram_csv,,cliente,link compartilhado,link compartilhado
instagram_csv,,cliente,[sem conteúdo detectável],sem conteudo detectavel
instagram_csv,,curadobia,link compartilhado,link compartilhado
instagram_csv,,curadobia,link compartilhado,link compartilhado
instagram_csv,,cliente,https://www.instagram.com/voceamara/profilecard/,<url>
instagram_csv,,cliente,[sem conteúdo detectável],sem conteudo detectavel
instagram_csv,,cliente,curtiu uma mensagem,curtiu uma mensagem
instagram_csv,,cliente,"claro, mando tudo la",claro mando tudo la
instagram_csv,,cliente,obrigada pelo retorno!,obrigada pelo retorno
instagram_csv,,cliente,"olá, tudo bem?! meu nome é leonardo, trabalho na importadora @lulitex_textil @lulitexfashion vi o instagram da marca e vocês tem o perfil lulitex, muito sofisticação e bom gosto. trabalhamos com pronta entrega e importação de tecidos exclusivos de acordo com a demanda do cliente. nosso showroom tem um acervo enorme. será um prazer recebe-los em uma visita. poderia me passar o contato do estilo ou compras? desde já agradeço a atenção. att, leonardo josé e-mail: leonardo@lulitex.com.br pabx: +55 11 2105 1541 whatsapp: 11 9.9600-2547 www.lulitex.com.br",ola tudo bem meu nome e leonardo trabalho na importadora <user> <user> vi o instagram da marca e voces tem o perfil lulitex muito sofisticacao e bom gosto trabalhamos com pronta entrega e importacao de tecidos exclusivos de acordo com a demanda do cliente nosso showroom tem um acervo enorme sera um prazer recebe los em uma visita poderia me passar o contato do estilo ou compras desde ja agradeco a atencao att leonardo jose e mail leonardo <user> com br pabx <num> <num> <num> <num> whatsapp <num> <num> <num> <num> www lulitex com br
instagram_csv,,cliente,😍,
instagram_csv,,cliente,[sem conteúdo detectável],sem conteudo detectavel
instagram_csv,,curadobia,link compartilhado,link compartilhado
instagram_csv,,cliente,[sem conteúdo detectável],sem conteudo detectavel
instagram_csv,,curadobia,link compartilhado,link compartilhado
instagram_csv,,cliente,[sem conteúdo detectável],sem conteudo detectavel
instagram_csv,,cliente,cecilia sent an attachment.,cecilia sent an attachment
instagram_csv,,cliente,olá!! como vai funcionar? onde vai ser? obrigada!!,ola como vai funcionar onde vai ser obrigada
instagram_csv,,cliente,https://www.instagram.com/giom.ei/profilecard/,<url>
instagram_csv,,cliente,iveasey sent an attachment.,iveasey sent an attachment
instagram_csv,,cliente,de onde é esse macacão maravilhoso!!! amo ❤️,de onde e esse macacao maravilhoso amo
instagram_csv,,cliente,bia sent an attachment.,bia sent an attachment
instagram_csv,,cliente,bia sent an attachment.,bia sent an attachment
instagram_csv,,cliente,bia sent an attachment.,bia sent an attachment
instagram_csv,,cliente,[sem conteúdo detectável],sem conteudo detectavel
instagram_csv,,cliente,[sem conteúdo detectável],sem conteudo detectavel
instagram_csv,,cliente,[sem conteúdo detectável],sem conteudo detectavel
instagram_csv,,cliente,[sem conteúdo detectável],sem conteudo detectavel
instagram_csv,,cliente,"bom dia gostei muito de uma calça mais gostaria de ter informações dos tamanhos , se te tabela de medidas , como faço para saber , poderiam me ajudar ? no aguardo grata adriana baggio",bom dia gostei muito de uma calca mais gostaria de ter informacoes dos tamanhos se te tabela de medidas como faco para saber poderiam me ajudar no aguardo grata adriana baggio
instagram_csv,,cliente,adriana shared a product.,adriana shared a product
instagram_csv,,cliente,"olá vcs tem uma tabela de medidas para essa calça , amei e gostaria de escolher o tamanho certo visto 40 e tenho 1.05 de quadril , então não tenho certeza do p ou m poderiam me ajudar ? no aguardo grata adriana baggio",ola vcs tem uma tabela de medidas para essa calca amei e gostaria de escolher o tamanho certo visto <num> e tenho <num> <num> de quadril entao nao tenho certeza do p ou m poderiam me ajudar no aguardo grata adriana baggio
instagram_csv,,cliente,bia sent an attachment.,bia sent an attachment
instagram_csv,,curadobia,https://www.curadobia.com.br/olive-you/produto/macacao-cool-olive-you-u7xa,<url>
instagram_csv,,curadobia,sera um dia de vendas presenciais de todas as peças do mix 😉,sera um dia de vendas presenciais de todas as pecas do mix
instagram_csv,,curadobia,dia 3/12 das 12hs as 20hs,dia <num> <num> das <num> hs as <num> hs
instagram_csv,,curadobia,rua peixoto gomite 1781,rua peixoto gomite <num>
instagram_csv,,curadobia,"ola adriana, td bem? pode escolher a p. atendera sua numeração tranquilamente. obrigada time curadobia ✨",ola adriana td bem pode escolher a p atendera sua numeracao tranquilamente obrigada time curadobia
instagram_csv,,cliente,"certo, obrigada !!! o prazo de entrega são 19 dias mesmo ?",certo obrigada o prazo de entrega sao <num> dias mesmo
instagram_csv,,cliente,bia sent an attachment.,bia sent an attachment
instagram_csv,,cliente,bia sent an attachment.,bia sent an attachment
instagram_csv,,cliente,bia sent an attachment.,bia sent an attachment
instagram_csv,,cliente,bia sent an attachment.,bia sent an attachment
instagram_csv,,cliente,bia sent an attachment.,bia sent an attachment
instagram_csv,,cliente,[sem conteúdo detectável],sem conteudo detectavel
instagram_csv,,cliente,[sem conteúdo detectável],sem conteudo detectavel
instagram_csv,,cliente,bia sent an attachment.,bia sent an attachment
instagram_csv,,cliente,bia sent an attachment.,bia sent an attachment
instagram_csv,,cliente,curtiu uma mensagem,curtiu uma mensagem
instagram_csv,,cliente,bia sent an attachment.,bia sent an attachment
instagram_csv,,cliente,[sem conteúdo detectável],sem conteudo detectavel
instagram_csv,,cliente,[sem conteúdo detectável],sem conteudo detectavel
instagram_csv,,cliente,[sem conteúdo detectável],sem conteudo detectavel
instagram_csv,,curadobia,link compartilhado,link compartilhado
instagram_csv,,curadobia,link compartilhado,link compartilhado
instagram_csv,,curadobia,link compartilhado,link compartilhado
instagram_csv,,cliente,[sem conteúdo detectável],sem conteudo detectavel
instagram_csv,,cliente,bia sent an attachment.,bia sent an attachment
instagram_csv,,cliente,link compartilhado,link compartilhado
instagram_csv,,cliente,[sem conteúdo detectável],sem conteudo detectavel
instagram_csv,,cliente,"oi, pessoal, tudo bem? mariele da icon aqui. adoraria apresentar a agência e os talentos que representamos para vocês. acredito que temos uma super sinergia e que seria lindo colaborarmos futuramente! qual o melhor contato para falarmos disso, por favor? muito obrigada!",oi pessoal tudo bem mariele da icon aqui adoraria apresentar a agencia e os talentos que representamos para voces acredito que temos uma super sinergia e que seria lindo colaborarmos futuramente qual o melhor contato para falarmos disso por favor muito obrigada
instagram_csv,,cliente,[sem conteúdo detectável],sem conteudo detectavel
instagram_csv,,cliente,[sem conteúdo detectável],sem conteudo detectavel
instagram_csv,,cliente,[sem conteúdo detectável],sem conteudo detectavel
instagram_csv,,curadobia,link compartilhado,link compartilhado
instagram_csv,,curadobia,link compartilhado,link compartilhado
instagram_csv,,cliente,link compartilhado,link compartilhado
instagram_csv,,cliente,[sem conteúdo detectável],sem conteudo detectavel
instagram_csv,,cliente,[sem conteúdo detectável],sem conteudo detectavel
instagram_csv,,cliente,[sem conteúdo detectável],sem conteudo detectavel
instagram_csv,,cliente,[sem conteúdo detectável],sem conteudo detectavel
instagram_csv,,cliente,[sem conteúdo detectável],sem conteudo detectavel
instagram_csv,,cliente,[sem conteúdo detectável],sem conteudo detectavel
instagram_csv,,cliente,[sem conteúdo detectável],sem conteudo detectavel
instagram_csv,,cliente,[sem conteúdo detectável],sem conteudo detectavel
instagram_csv,,cliente,link compartilhado,link compartilhado
instagram_csv,,cliente,[sem conteúdo detectável],sem conteudo detectavel
instagram_csv,,cliente,[sem conteúdo detectável],sem conteudo detectavel
instagram_csv,,curadobia,[sem conteúdo detectável],sem conteudo detectavel
instagram_csv,,curadobia,link compartilhado,link compartilhado
instagram_csv,,curadobia,link compartilhado,link compartilhado
instagram_csv,,curadobia,link compartilhado,link compartilhado
instagram_csv,,curadobia,link compartilhado,link compartilhado
instagram_csv,,curadobia,link compartilhado,link compartilhado
instagram_csv,,curadobia,link compartilhado,link compartilhado
instagram_csv,,curadobia,link compartilhado,link compartilhado
instagram_csv,,cliente,👏,
instagram_csv,,cliente,tô chegando!,to chegando
instagram_csv,,cliente,link compartilhado,link compartilhado
instagram_csv,,cliente,link compartilhado,link compartilhado
instagram_csv,,cliente,curtiu uma mensagem,curtiu uma mensagem
instagram_csv,,cliente,[sem conteúdo detectável],sem conteudo detectavel
instagram_csv,,cliente,[sem conteúdo detectável],sem conteudo detectavel
instagram_csv,,cliente,[sem conteúdo detectável],sem conteudo detectavel
instagram_csv,,cliente,[sem conteúdo detectável],sem conteudo detectavel
instagram_csv,,curadobia,link compartilhado,link compartilhado
instagram_csv,,curadobia,link compartilhado,link compartilhado
instagram_csv,,curadobia,link compartilhado,link compartilhado
instagram_csv,,curadobia,link compartilhado,link compartilhado
instagram_csv,,curadobia,link compartilhado,link compartilhado
instagram_csv,,curadobia,link compartilhado,link compartilhado
instagram_csv,,curadobia,"obrigada pela presença, renata! vai arrasar demais com o conjuntinho mascavo (nosso íntimo terracota) 🥰",obrigada pela presenca renata vai arrasar demais com o conjuntinho mascavo nosso intimo terracota
instagram_csv,,curadobia,obrigada pela presença ju!! amamos te receber e te atender 🤍🖤,obrigada pela presenca ju amamos te receber e te atender
instagram_csv,,curadobia,obrigada pela presença! foi incrível atender e receber vocês de pertinho 🖤🤍,obrigada pela presenca foi incrivel atender e receber voces de pertinho
instagram_csv,,curadobia,obrigada pela presença! foi incrível te receber 🤍🖤,obrigada pela presenca foi incrivel te receber
instagram_csv,,curadobia,obrigada pelo prestígio! foi incrível te ter de pertinho hoje🤍🖤,obrigada pelo prestigio foi incrivel te ter de pertinho hoje
instagram_csv,,curadobia,obrigada pelo prestígio! foi incrível te atender e receber você de pertinho 🖤🤍,obrigada pelo prestigio foi incrivel te atender e receber voce de pertinho
instagram_csv,,curadobia,obrigada pelo prestígio! foi incrível te ter de pertinho hoje🤍🖤,obrigada pelo prestigio foi incrivel te ter de pertinho hoje
instagram_csv,,curadobia,obrigada pelo prestígio! foi incrível te ter de pertinho hoje🤍🖤,obrigada pelo prestigio foi incrivel te ter de pertinho hoje
instagram_csv,,cliente,🖤🖤🖤,
instagram_csv,,cliente,"precisei sair correndo por um problema com minha filha, que ja esta bem! mas nem consegui me despedir! obrigada queridas pelo convite!!!",precisei sair correndo por um problema com minha filha que ja esta bem mas nem consegui me despedir obrigada queridas pelo convite
instagram_csv,,curadobia,"imagina, ju! ainda bem que sua filha está bem♥️🙏🏼",imagina ju ainda bem que sua filha esta bemhearts
instagram_csv,,cliente,curtiu uma mensagem,curtiu uma mensagem
instagram_csv,,cliente,[sem conteúdo detectável],sem conteudo detectavel
instagram_csv,,curadobia,link compartilhado,link compartilhado
instagram_csv,,curadobia,obrigada pelo prestígio! 🤍🖤,obrigada pelo prestigio
instagram_csv,,cliente,[sem conteúdo detectável],sem conteudo detectavel
instagram_csv,,cliente,😍,
instagram_csv,,cliente,❤️❤️,
instagram_csv,,cliente,[sem conteúdo detectável],sem conteudo detectavel
instagram_csv,,cliente,😁😁,
instagram_csv,,cliente,[sem conteúdo detectável],sem conteudo detectavel
instagram_csv,,cliente,[sem conteúdo detectável],sem conteudo detectavel
instagram_csv,,cliente,[sem conteúdo detectável],sem conteudo detectavel
instagram_csv,,cliente,[sem conteúdo detectável],sem conteudo detectavel
instagram_csv,,cliente,[sem conteúdo detectável],sem conteudo detectavel
instagram_csv,,cliente,[sem conteúdo detectável],sem conteudo detectavel
instagram_csv,,cliente,curtiu uma mensagem,curtiu uma mensagem
instagram_csv,,curadobia,link compartilhado,link compartilhado
instagram_csv,,curadobia,link compartilhado,link compartilhado
instagram_csv,,curadobia,link compartilhado,link compartilhado
instagram_csv,,curadobia,link compartilhado,link compartilhado
instagram_csv,,curadobia,link compartilhado,link compartilhado
instagram_csv,,curadobia,link compartilhado,link compartilhado
instagram_csv,,curadobia,link compartilhado,link compartilhado
instagram_csv,,cliente,[sem conteúdo detectável],sem conteudo detectavel
instagram_csv,,cliente,[sem conteúdo detectável],sem conteudo detectavel
instagram_csv,,cliente,[sem conteúdo detectável],sem conteudo detectavel
instagram_csv,,cliente,[sem conteúdo detectável],sem conteudo detectavel
instagram_csv,,cliente,[sem conteúdo detectável],sem conteudo detectavel
instagram_csv,,cliente,curtiu uma mensagem,curtiu uma mensagem
instagram_csv,,cliente,curtiu uma mensagem,curtiu uma mensagem
instagram_csv,,cliente,[sem conteúdo detectável],sem conteudo detectavel
instagram_csv,,cliente,[sem conteúdo detectável],sem conteudo detectavel
instagram_csv,,cliente,[sem conteúdo detectável],sem conteudo detectavel
instagram_csv,,cliente,[sem conteúdo detectável],sem conteudo detectavel
instagram_csv,,cliente,curtiu uma mensagem,curtiu uma mensagem
instagram_csv,,cliente,[sem conteúdo detectável],sem conteudo detectavel
instagram_csv,,cliente,[sem conteúdo detectável],sem conteudo detectavel
instagram_csv,,cliente,[sem conteúdo detectável],sem conteudo detectavel
instagram_csv,,cliente,curtiu uma mensagem,curtiu uma mensagem
instagram_csv,,cliente,[sem conteúdo detectável],sem conteudo detectavel
instagram_csv,,curadobia,link compartilhado,link compartilhado
instagram_csv,,curadobia,link compartilhado,link compartilhado
instagram_csv,,curadobia,link compartilhado,link compartilhado
instagram_csv,,cliente,[sem conteúdo detectável],sem conteudo detectavel
instagram_csv,,curadobia,link compartilhado,link compartilhado
instagram_csv,,cliente,[sem conteúdo detectável],sem conteudo detectavel
instagram_csv,,curadobia,link compartilhado,link compartilhado
instagram_csv,,cliente,[sem conteúdo detectável],sem conteudo detectavel
instagram_csv,,cliente,[sem conteúdo detectável],sem conteudo detectavel
instagram_csv,,cliente,"aaaah, perdi! quando vai ter offline de novo?",aaaah perdi quando vai ter offline de novo
instagram_csv,,curadobia,link compartilhado,link compartilhado
instagram_csv,,curadobia,link compartilhado,link compartilhado
instagram_csv,,curadobia,link compartilhado,link compartilhado
instagram_csv,,curadobia,link compartilhado,link compartilhado
instagram_csv,,curadobia,obrigada pelo prestígio! foi incrível te ter de pertinho ontem🤍🖤,obrigada pelo prestigio foi incrivel te ter de pertinho ontem
instagram_csv,,curadobia,obrigada pelo prestígio! foi incrível te ter de pertinho ontem🤍🖤,obrigada pelo prestigio foi incrivel te ter de pertinho ontem
instagram_csv,,curadobia,obrigada pelo prestígio! foi incrível te ter de pertinho ontem🤍🖤,obrigada pelo prestigio foi incrivel te ter de pertinho ontem
instagram_csv,,curadobia,"oi, tatiane! tudo bem? obrigada pela sua mensagem. vamos nos planejar para outros momentos offline, com certeza! 💕 postaremos por aqui!",oi tatiane tudo bem obrigada pela sua mensagem vamos nos planejar para outros momentos offline com certeza postaremos por aqui
instagram_csv,,cliente,😍,
instagram_csv,,cliente,curtiu uma mensagem,curtiu uma mensagem
instagram_csv,,cliente,🥰,
instagram_csv,,cliente,obrigada pelo convite! adorei a minha sandalia nova! ♥️,obrigada pelo convite adorei a minha sandalia nova hearts
instagram_csv,,cliente,👏,
instagram_csv,,cliente,👏,
instagram_csv,,cliente,https://www.instagram.com/wendyelborin/profilecard/,<url>
instagram_csv,,cliente,boa tarde! a jaqueta off da nauanim voltou?,boa tarde a jaqueta off da nauanim voltou
instagram_csv,,cliente,[sem conteúdo detectável],sem conteudo detectavel
instagram_csv,,cliente,bia sent an attachment.,bia sent an attachment
instagram_csv,,cliente,[sem conteúdo detectável],sem conteudo detectavel
instagram_csv,,cliente,bia sent an attachment.,bia sent an attachment
instagram_csv,,curadobia,link compartilhado,link compartilhado
instagram_csv,,cliente,curtiu uma mensagem,curtiu uma mensagem
instagram_csv,,cliente,bia sent an attachment.,bia sent an attachment
instagram_csv,,cliente,😍,
instagram_csv,,cliente,bia sent an attachment.,bia sent an attachment
instagram_csv,,curadobia,"bom dia, alessandra! acredito que te respondemos pelo whatsapp! mas aproveito para confirmar que, por enquanto, ela está disponível apenas no tamanho 2, que equivale a um tamanho m",bom dia alessandra acredito que te respondemos pelo whatsapp mas aproveito para confirmar que por enquanto ela esta disponivel apenas no tamanho <num> que equivale a um tamanho m
instagram_csv,,curadobia,"qualquer coisa, seguimos à disposição!",qualquer coisa seguimos a disposicao
instagram_csv,,cliente,"sim, obrigada",sim obrigada
instagram_csv,,cliente,[sem conteúdo detectável],sem conteudo detectavel
instagram_csv,,cliente,😮,
instagram_csv,,cliente,https://www.instagram.com/luiseramirezbrand/profilecard/,<url>
instagram_csv,,cliente,brenda sent an attachment.,brenda sent an attachment
instagram_csv,,cliente,bia sent an attachment.,bia sent an attachment
instagram_csv,,cliente,bia sent an attachment.,bia sent an attachment
instagram_csv,,cliente,https://www.instagram.com/numerodez.numerodez/profilecard/,<url>
instagram_csv,,cliente,[sem conteúdo detectável],sem conteudo detectavel
instagram_csv,,cliente,[sem conteúdo detectável],sem conteudo detectavel
instagram_csv,,cliente,stella sent an attachment.,stella sent an attachment
instagram_csv,,cliente,[sem conteúdo detectável],sem conteudo detectavel
instagram_csv,,cliente,[sem conteúdo detectável],sem conteudo detectavel
instagram_csv,,cliente,bia sent an attachment.,bia sent an attachment
instagram_csv,,cliente,[sem conteúdo detectável],sem conteudo detectavel
instagram_csv,,cliente,[sem conteúdo detectável],sem conteudo detectavel
instagram_csv,,cliente,bia sent an attachment.,bia sent an attachment
instagram_csv,,cliente,bia sent an attachment.,bia sent an attachment
instagram_csv,,cliente,bia sent an attachment.,bia sent an attachment
instagram_csv,,cliente,bia sent an attachment.,bia sent an attachment
instagram_csv,,cliente,bia sent an attachment.,bia sent an attachment
instagram_csv,,cliente,[sem conteúdo detectável],sem conteudo detectavel
instagram_csv,,cliente,[sem conteúdo detectável],sem conteudo detectavel
instagram_csv,,cliente,[sem conteúdo detectável],sem conteudo detectavel
instagram_csv,,cliente,[sem conteúdo detectável],sem conteudo detectavel
instagram_csv,,curadobia,link compartilhado,link compartilhado
instagram_csv,,cliente,[sem conteúdo detectável],sem conteudo detectavel
instagram_csv,,cliente,😍,
instagram_csv,,cliente,😍,
instagram_csv,,cliente,[sem conteúdo detectável],sem conteudo detectavel
instagram_csv,,cliente,[sem conteúdo detectável],sem conteudo detectavel
instagram_csv,,cliente,[sem conteúdo detectável],sem conteudo detectavel
instagram_csv,,cliente,o site está passando por problemas?,o site esta passando por problemas
instagram_csv,,curadobia,"oi, karyna, tudo bem? estamos passando algumas instabilidades com o site mas acredito que logo mais isso vai se resolver. você precisa de suporte com algo? estamos aqui para o que precisar💕",oi karyna tudo bem estamos passando algumas instabilidades com o site mas acredito que logo mais isso vai se resolver voce precisa de suporte com algo estamos aqui para o que precisar
instagram_csv,,cliente,bia sent an attachment.,bia sent an attachment
instagram_csv,,cliente,so.mimimi sent an attachment.,so mimimi sent an attachment
instagram_csv,,cliente,"oi pessoal! tudo bem? acredito que essa calça tenha esgotado, certo? vai ter reposição dela? aguardo retorno! obrigada, milene",oi pessoal tudo bem acredito que essa calca tenha esgotado certo vai ter reposicao dela aguardo retorno obrigada milene
instagram_csv,,curadobia,"ola milene, bom dia! que bacana que se interessou por essa peça. infelizmente ela esta fora de estoque no momento. mas em breve com reposição. avisamos assim que voltar. obrigada e um abraço. equipe curadobia ✨",ola milene bom dia que bacana que se interessou por essa peca infelizmente ela esta fora de estoque no momento mas em breve com reposicao avisamos assim que voltar obrigada e um abraco equipe curadobia
instagram_csv,,cliente,perfeito! fico no aguardo! abraço,perfeito fico no aguardo abraco
instagram_csv,,cliente,[sem conteúdo detectável],sem conteudo detectavel
instagram_csv,,cliente,ola boa tarde tudo bem? tenho uma confecção trabalho com tecido plano e malha faço todo desenvolvimento da peça começando da peça piloto e entrego a produção passada e embalada caso tenha interesse meu número é 11948549084 obrigada,ola boa tarde tudo bem tenho uma confeccao trabalho com tecido plano e malha faco todo desenvolvimento da peca comecando da peca piloto e entrego a producao passada e embalada caso tenha interesse meu numero e <num> obrigada
instagram_csv,,cliente,[sem conteúdo detectável],sem conteudo detectavel
instagram_csv,,curadobia,link compartilhado,link compartilhado
instagram_csv,,cliente,😍,
instagram_csv,,cliente,curtiu uma mensagem,curtiu uma mensagem
instagram_csv,,cliente,😍,
instagram_csv,,cliente,[sem conteúdo detectável],sem conteudo detectavel
instagram_csv,,cliente,que roupa bonita,que roupa bonita
instagram_csv,,curadobia,link compartilhado,link compartilhado
instagram_csv,,cliente,curtiu uma mensagem,curtiu uma mensagem
instagram_csv,,cliente,[sem conteúdo detectável],sem conteudo detectavel
instagram_csv,,curadobia,[sem conteúdo detectável],sem conteudo detectavel
instagram_csv,,curadobia,link compartilhado,link compartilhado
instagram_csv,,cliente,[sem conteúdo detectável],sem conteudo detectavel
instagram_csv,,cliente,[sem conteúdo detectável],sem conteudo detectavel
instagram_csv,,cliente,[sem conteúdo detectável],sem conteudo detectavel
instagram_csv,,curadobia,link compartilhado,link compartilhado
instagram_csv,,curadobia,link compartilhado,link compartilhado
instagram_csv,,curadobia,link compartilhado,link compartilhado
instagram_csv,,cliente,"olá! primeiramente quero dizer que a curadobia está fantástica! vi que vários produtos estão indisponíveis no site, como a blusa pah e phyna por exemplo tem alguma previsão de retorno ao estoque?",ola primeiramente quero dizer que a curadobia esta fantastica vi que varios produtos estao indisponiveis no site como a blusa pah e phyna por exemplo tem alguma previsao de retorno ao estoque
instagram_csv,,curadobia,"olá, fabiana! obrigada pela sua mensagem e carinho conosco! alguns de nossos parceiros ainda estão organizando a volta dos estoques pós recesso de final e inicio de ano. entramos em contato com a lounge 39, produtoras da blusa pah e phyna, e elas nos informaram que provavelmente amanhã mesmo as blusas já estejam de volta em estoque. pode ficar tranquila que a gente te avisa. qualquer coisa, seguimos aqui💕",ola fabiana obrigada pela sua mensagem e carinho conosco alguns de nossos parceiros ainda estao organizando a volta dos estoques pos recesso de final e inicio de ano entramos em contato com a lounge <num> produtoras da blusa pah e phyna e elas nos informaram que provavelmente amanha mesmo as blusas ja estejam de volta em estoque pode ficar tranquila que a gente te avisa qualquer coisa seguimos aqui
instagram_csv,,cliente,reagiu com 💜 à sua mensagem,reagiu com a sua mensagem
instagram_csv,,cliente,"obrigada pelo retorno! vou acompanhar, então. beijo beijo 💋 💋",obrigada pelo retorno vou acompanhar entao beijo beijo
instagram_csv,,cliente,curtiu uma mensagem,curtiu uma mensagem
instagram_csv,,curadobia,"boa tarde, fabiana! como vai? passando para avisar que as blusas acabaram de ser repostas no site/estoque.",boa tarde fabiana como vai passando para avisar que as blusas acabaram de ser repostas no site estoque
instagram_csv,,curadobia,"qualquer outra dúvida, seguimos aqui💕",qualquer outra duvida seguimos aqui
instagram_csv,,cliente,bia sent an attachment.,bia sent an attachment
instagram_csv,,cliente,stella sent an attachment.,stella sent an attachment
instagram_csv,,cliente,"olá! sua curadoria, projeto editorial e gráfico, são incríveis. parabéns! mas sua plataforma de e-commerce não funciona bem, estou desde ontem tentando fazer compras, mas páginas não carregam, carrinhos esvaziam. muito difícil!",ola sua curadoria projeto editorial e grafico sao incriveis parabens mas sua plataforma de e commerce nao funciona bem estou desde ontem tentando fazer compras mas paginas nao carregam carrinhos esvaziam muito dificil
instagram_csv,,curadobia,"ola pamela, td bem? obrigada pela mensagem. sentimos muito que esteja com esses problemas para conseguir efetuar as suas compras com a gente. de fato o sistema passou por algumas instabilidades. poderia nos dizer quais peças se interessou para tentarmos solucionar por aqui?",ola pamela td bem obrigada pela mensagem sentimos muito que esteja com esses problemas para conseguir efetuar as suas compras com a gente de fato o sistema passou por algumas instabilidades poderia nos dizer quais pecas se interessou para tentarmos solucionar por aqui
instagram_csv,,cliente,"olá, tudo bem? seriam essas peças:",ola tudo bem seriam essas pecas
instagram_csv,,cliente,imagem enviada,imagem enviada
instagram_csv,,cliente,"as duas camisas, o body, a calça e o colar. eu visto p.",as duas camisas o body a calca e o colar eu visto p
instagram_csv,,cliente,[sem conteúdo detectável],sem conteudo detectavel
instagram_csv,,cliente,[sem conteúdo detectável],sem conteudo detectavel
instagram_csv,,curadobia,link compartilhado,link compartilhado
instagram_csv,,curadobia,[sem conteúdo detectável],sem conteudo detectavel
instagram_csv,,cliente,[sem conteúdo detectável],sem conteudo detectavel
instagram_csv,,curadobia,link compartilhado,link compartilhado
instagram_csv,,curadobia,"bom dia, pamela! tudo bem? revisamos aqui o nosso sistema e fizemos testes e tudo parece funcionar bem. esperamos que você tenha uma boa experiência agora. o que aconselhamos também é entrar no site pelo google chrome caso você ainda não tenha acessado por lá ☺️ vou te encaminhar os links dos produtos que você nos encaminhou: https://www.curadobia.com.br/helena-pontes/produto/camisa-arquitetonica https://www.curadobia.com.br/stella-bastos/produto/camisa-diferentona https://www.curadobia.com.br/revival-brasil/produto/body-modernoso https://www.curadobia.com.br/valeria-mansur/produto/pantalona-casual https://www.curadobia.com.br/paula-marques/produto/a-corrente",bom dia pamela tudo bem revisamos aqui o nosso sistema e fizemos testes e tudo parece funcionar bem esperamos que voce tenha uma boa experiencia agora o que aconselhamos tambem e entrar no site pelo google chrome caso voce ainda nao tenha acessado por la vou te encaminhar os links dos produtos que voce nos encaminhou <url> <url> <url> <url> <url>
instagram_csv,,curadobia,"qualquer coisa, seguimos aqui💕",qualquer coisa seguimos aqui
instagram_csv,,cliente,adorei a dica!,adorei a dica
instagram_csv,,cliente,😍,
instagram_csv,,cliente,bia sent an attachment.,bia sent an attachment
instagram_csv,,cliente,bia sent an attachment.,bia sent an attachment
instagram_csv,,cliente,[sem conteúdo detectável],sem conteudo detectavel
instagram_csv,,cliente,"olá, fiz uma compra com vocês. tudo certo?",ola fiz uma compra com voces tudo certo
instagram_csv,,curadobia,link compartilhado,link compartilhado
instagram_csv,,curadobia,oi claudia! que mensagem boa! ficamos felizes de você gostar dos nossos produtos. vou confirmar sua compra e te aviso!,oi claudia que mensagem boa ficamos felizes de voce gostar dos nossos produtos vou confirmar sua compra e te aviso
instagram_csv,,curadobia,obaa!💕,obaa
instagram_csv,,curadobia,"obrigada pelo feedback, maria!",obrigada pelo feedback maria
instagram_csv,,curadobia,"claudia, pedido confirmado! foi uma regata nadadora, tamanho m da mybasic, correto? esperamos que você adore sua compra💕",claudia pedido confirmado foi uma regata nadadora tamanho m da mybasic correto esperamos que voce adore sua compra
instagram_csv,,cliente,curtiu uma mensagem,curtiu uma mensagem
instagram_csv,,cliente,oba! ❤️,oba
instagram_csv,,cliente,bia sent an attachment.,bia sent an attachment
instagram_csv,,cliente,"oi, pessoal. tudo bem? estou com dúvida sobre numeração de uma peça de vocês. aguardo retorno, obrigada! milene",oi pessoal tudo bem estou com duvida sobre numeracao de uma peca de voces aguardo retorno obrigada milene
instagram_csv,,cliente,[sem conteúdo detectável],sem conteudo detectavel
instagram_csv,,cliente,[sem conteúdo detectável],sem conteudo detectavel
instagram_csv,,curadobia,link compartilhado,link compartilhado
instagram_csv,,curadobia,"olá, milene! bom dia. como vai? claro, estamos aqui para ajudar, qual a sua dúvida?",ola milene bom dia como vai claro estamos aqui para ajudar qual a sua duvida
instagram_csv,,cliente,[sem conteúdo detectável],sem conteudo detectavel
instagram_csv,,cliente,tudo bem e vocês?,tudo bem e voces
instagram_csv,,cliente,joia,joia
instagram_csv,,cliente,estou de olho nessa peça aqui 👇🏻,estou de olho nessa peca aqui
instagram_csv,,cliente,imagem enviada,imagem enviada
instagram_csv,,cliente,porém na dúvida do melhor tamanho,porem na duvida do melhor tamanho
instagram_csv,,cliente,eu costumo usar p ou pp se a confecção é grande,eu costumo usar p ou pp se a confeccao e grande
instagram_csv,,cliente,36 ou 38,<num> ou <num>
instagram_csv,,curadobia,"entendi. esse modelo ele é oversized, ou seja, possui uma estrutura mais larga. você já chegou a usar modelos assim?🙂",entendi esse modelo ele e oversized ou seja possui uma estrutura mais larga voce ja chegou a usar modelos assim
instagram_csv,,cliente,não rsrs,nao rsrs
instagram_csv,,curadobia,temos o vídeo nos nossos stories de hoje com a bia usando ela! de uma olhada 😍,temos o video nos nossos stories de hoje com a bia usando ela de uma olhada
instagram_csv,,cliente,vou olhar,vou olhar
instagram_csv,,curadobia,link compartilhado,link compartilhado
instagram_csv,,cliente,"na verdade eu já assisti ao vídeo do casaco no site curadobia várias vezes para tentar chegar a essa conclusão, mas não consegui",na verdade eu ja assisti ao video do casaco no site curadobia varias vezes para tentar chegar a essa conclusao mas nao consegui
instagram_csv,,curadobia,"boa tarde, pamela! deu tudo certo com a sua experiência no site? se precisar, estamos aqui!",boa tarde pamela deu tudo certo com a sua experiencia no site se precisar estamos aqui
instagram_csv,,curadobia,"milene, perguntamos para a bia e ela te indicou comprar o tamanho 0 dessa jaqueta por você não estar acostumada a roupas oversized. o que acha?🙂",milene perguntamos para a bia e ela te indicou comprar o tamanho <num> dessa jaqueta por voce nao estar acostumada a roupas oversized o que acha
instagram_csv,,cliente,joia,joia
instagram_csv,,cliente,"posso trocar, caso eu experimente e prefira uma maior?",posso trocar caso eu experimente e prefira uma maior
instagram_csv,,cliente,outra dúvida é sobre o tom certinho dessa jaqueta. no site achei que estava num tom diferente dos stories,outra duvida e sobre o tom certinho dessa jaqueta no site achei que estava num tom diferente dos stories
instagram_csv,,curadobia,claro!,claro
instagram_csv,,cliente,joia,joia
instagram_csv,,cliente,outra dúvida é sobre o tom certinho dessa jaqueta. no site achei que estava num tom diferente dos stories,outra duvida e sobre o tom certinho dessa jaqueta no site achei que estava num tom diferente dos stories
instagram_csv,,curadobia,o tom certo é o que esta no site. os stories que a bia postou hoje modificaram um pouco o tom.,o tom certo e o que esta no site os stories que a bia postou hoje modificaram um pouco o tom
instagram_csv,,cliente,perfeito,perfeito
instagram_csv,,cliente,eu amo todos os seus looks! combina 100% com o meu estilo! queria ter todas as peças para mim! pena que moro do outro lado do mundo.,eu amo todos os seus looks combina <num> com o meu estilo queria ter todas as pecas para mim pena que moro do outro lado do mundo
instagram_csv,,curadobia,"oi, patricia! bom dia. caraca, que legal receber essa mensagem sua💕 ficamos muito felizes com isso! nos avise quando estiver por aqui que fazemos uma entrega especial🥰",oi patricia bom dia caraca que legal receber essa mensagem sua ficamos muito felizes com isso nos avise quando estiver por aqui que fazemos uma entrega especial
instagram_csv,,curadobia,"olá pessoal, como vão? meu nome é ana e trabalho junto com a bia paes de barros no curadobia.com.br (insta: @curadobia.oficial). o curadobia é um marketplace que nasceu com o propósito de reunir em um só lugar peças que fazem toda a diferença no armário e ao mesmo tempo são fáceis de usar: os chamados neutros com tcharanz. acreditamos que a wendyel borin super se conecta com essa proposta. com quem poderia conversar para falar mais sobre? aguardo vocês💕",ola pessoal como vao meu nome e ana e trabalho junto com a bia paes de barros no curadobia com br insta <user> oficial o curadobia e um marketplace que nasceu com o proposito de reunir em um so lugar pecas que fazem toda a diferenca no armario e ao mesmo tempo sao faceis de usar os chamados neutros com tcharanz acreditamos que a wendyel borin super se conecta com essa proposta com quem poderia conversar para falar mais sobre aguardo voces
instagram_csv,,cliente,curtiu uma mensagem,curtiu uma mensagem
instagram_csv,,cliente,bia sent an attachment.,bia sent an attachment
instagram_csv,,cliente,bia sent an attachment.,bia sent an attachment
instagram_csv,,cliente,[sem conteúdo detectável],sem conteudo detectavel
instagram_csv,,cliente,[sem conteúdo detectável],sem conteudo detectavel
instagram_csv,,cliente,bia sent an attachment.,bia sent an attachment
instagram_csv,,cliente,[sem conteúdo detectável],sem conteudo detectavel
instagram_csv,,curadobia,"olá pessoal, como vão? meu nome é ana e trabalho junto com a bia paes de barros no curadobia.com.br o curadobia é um marketplace que nasceu com o propósito de reunir em um só lugar peças que fazem toda a diferença no armário e ao mesmo tempo são fáceis de usar: os chamados neutros com tcharanz. acreditamos que a argi super se conecta com essa proposta. com quem poderia conversar para falar mais sobre? aguardo vocês!",ola pessoal como vao meu nome e ana e trabalho junto com a bia paes de barros no curadobia com br o curadobia e um marketplace que nasceu com o proposito de reunir em um so lugar pecas que fazem toda a diferenca no armario e ao mesmo tempo sao faceis de usar os chamados neutros com tcharanz acreditamos que a argi super se conecta com essa proposta com quem poderia conversar para falar mais sobre aguardo voces
instagram_csv,,curadobia,"olá pessoal, como vão? meu nome é ana e trabalho junto com a bia paes de barros no curadobia.com.br o curadobia é um marketplace que nasceu com o propósito de reunir em um só lugar peças que fazem toda a diferença no armário e ao mesmo tempo são fáceis de usar: os chamados neutros com tcharanz. acreditamos que a fernanda yamamoto super se conecta com essa proposta. com quem poderia conversar para falar mais sobre? aguardo vocês!",ola pessoal como vao meu nome e ana e trabalho junto com a bia paes de barros no curadobia com br o curadobia e um marketplace que nasceu com o proposito de reunir em um so lugar pecas que fazem toda a diferenca no armario e ao mesmo tempo sao faceis de usar os chamados neutros com tcharanz acreditamos que a fernanda yamamoto super se conecta com essa proposta com quem poderia conversar para falar mais sobre aguardo voces
instagram_csv,,curadobia,"olá! como vão? muito prazer, meu nome é ana e trabalho aqui no curadobia. não sei se recordam, porém conversamos no primeiro semestre do ano passado (2024) sobre esse projeto da bia paes de barros. desde lá, evoluímos bastante e estamos concretizados como um marketplace em potencial crescimento. queremos compartilhar com vocês nosso site para darem uma olhada curadobia.com.br ainda temos a jörg em foco! o que acham de retomarmos contato? aguardo vocês!",ola como vao muito prazer meu nome e ana e trabalho aqui no curadobia nao sei se recordam porem conversamos no primeiro semestre do ano passado <num> sobre esse projeto da bia paes de barros desde la evoluimos bastante e estamos concretizados como um marketplace em potencial crescimento queremos compartilhar com voces nosso site para darem uma olhada curadobia com br ainda temos a jorg em foco o que acham de retomarmos contato aguardo voces
instagram_csv,,cliente,https://revistamarieclaire.globo.com/moda/noticia/2024/08/bia-paes-de-barros-usa-expertise-em-consultoria-de-moda-e-lanca-curadoria-de-pecas-em-site-de-garimpo.ghtml?fbclid=pazxh0bgnhzw0cmteaaabtooq7rft69-14p2vewwiwwndqxvdl2mr4hkmrlgelvmjri66dz7p8__4_aem_r0ojw7surovb9xnwndzvwq,<url>
instagram_csv,,curadobia,"olá pessoal, como vão? muito prazer, meu nome é ana e trabalho junto com a bia paes de barros no curadobia.com.br o curadobia é um marketplace que nasceu com o propósito de reunir em um só lugar peças que fazem toda a diferença no armário e ao mesmo tempo são fáceis de usar: os chamados neutros com tcharanz. acreditamos que a lourie super se conecta com essa proposta. com quem poderia conversar para falar mais sobre? aguardo vocês!",ola pessoal como vao muito prazer meu nome e ana e trabalho junto com a bia paes de barros no curadobia com br o curadobia e um marketplace que nasceu com o proposito de reunir em um so lugar pecas que fazem toda a diferenca no armario e ao mesmo tempo sao faceis de usar os chamados neutros com tcharanz acreditamos que a lourie super se conecta com essa proposta com quem poderia conversar para falar mais sobre aguardo voces
instagram_csv,,curadobia,"olá! como vão? muito prazer, meu nome é ana e trabalho aqui no curadobia. não sei se recordam, porém conversamos no primeiro semestre do ano passado (2024) sobre esse projeto da bia paes de barros. desde lá, evoluímos bastante e estamos concretizados como um marketplace em potencial crescimento. queremos compartilhar com vocês nosso site para darem uma olhada curadobia.com.br ainda temos a nua em foco! o que acham de retomarmos contato? aguardo vocês!",ola como vao muito prazer meu nome e ana e trabalho aqui no curadobia nao sei se recordam porem conversamos no primeiro semestre do ano passado <num> sobre esse projeto da bia paes de barros desde la evoluimos bastante e estamos concretizados como um marketplace em potencial crescimento queremos compartilhar com voces nosso site para darem uma olhada curadobia com br ainda temos a nua em foco o que acham de retomarmos contato aguardo voces
instagram_csv,,curadobia,"olá! como vai? muito prazer, meu nome é ana e trabalho aqui no curadobia. não sei se recordam, porém conversamos no primeiro semestre do ano passado (2024) sobre esse projeto da bia paes de barros. desde lá, evoluímos bastante e estamos concretizados como um marketplace em potencial crescimento. queremos compartilhar com vocês nosso site para darem uma olhada curadobia.com.br ainda temos a patú em foco! o que acham de retomarmos contato? aguardo vocês!",ola como vai muito prazer meu nome e ana e trabalho aqui no curadobia nao sei se recordam porem conversamos no primeiro semestre do ano passado <num> sobre esse projeto da bia paes de barros desde la evoluimos bastante e estamos concretizados como um marketplace em potencial crescimento queremos compartilhar com voces nosso site para darem uma olhada curadobia com br ainda temos a patu em foco o que acham de retomarmos contato aguardo voces
instagram_csv,,curadobia,"olá pessoal, como vão? meu nome é ana e trabalho junto com a bia paes de barros no curadobia.com.br o curadobia é um marketplace que nasceu com o propósito de reunir em um só lugar peças que fazem toda a diferença no armário e ao mesmo tempo são fáceis de usar: os chamados neutros com tcharanz. acreditamos que a rocio canvas super se conecta com essa proposta. com quem poderia conversar para falar mais sobre? aguardo vocês!",ola pessoal como vao meu nome e ana e trabalho junto com a bia paes de barros no curadobia com br o curadobia e um marketplace que nasceu com o proposito de reunir em um so lugar pecas que fazem toda a diferenca no armario e ao mesmo tempo sao faceis de usar os chamados neutros com tcharanz acreditamos que a rocio canvas super se conecta com essa proposta com quem poderia conversar para falar mais sobre aguardo voces
instagram_csv,,curadobia,"olá pessoal, como vão? meu nome é ana e trabalho junto com a bia paes de barros no curadobia.com.br o curadobia é um marketplace que nasceu com o propósito de reunir em um só lugar peças que fazem toda a diferença no armário e ao mesmo tempo são fáceis de usar: os chamados neutros com tcharanz. acreditamos que a projeto zero um super se conecta com essa proposta. com quem poderia conversar para falar mais sobre? aguardo vocês!",ola pessoal como vao meu nome e ana e trabalho junto com a bia paes de barros no curadobia com br o curadobia e um marketplace que nasceu com o proposito de reunir em um so lugar pecas que fazem toda a diferenca no armario e ao mesmo tempo sao faceis de usar os chamados neutros com tcharanz acreditamos que a projeto zero um super se conecta com essa proposta com quem poderia conversar para falar mais sobre aguardo voces
instagram_csv,,curadobia,"olá! como vai? muito prazer, meu nome é ana e trabalho aqui no curadobia. não sei se recordam, porém conversamos no primeiro semestre do ano passado (2024) sobre esse projeto da bia paes de barros. desde lá, evoluímos bastante e estamos concretizados como um marketplace em potencial crescimento. queremos compartilhar com vocês nosso site para darem uma olhada curadobia.com.br ainda temos a toruss em foco! o que acham de retomarmos contato? aguardo vocês!",ola como vai muito prazer meu nome e ana e trabalho aqui no curadobia nao sei se recordam porem conversamos no primeiro semestre do ano passado <num> sobre esse projeto da bia paes de barros desde la evoluimos bastante e estamos concretizados como um marketplace em potencial crescimento queremos compartilhar com voces nosso site para darem uma olhada curadobia com br ainda temos a toruss em foco o que acham de retomarmos contato aguardo voces
instagram_csv,,curadobia,"olá pessoal, como vão? meu nome é ana e trabalho junto com a bia paes de barros no curadobia.com.br o curadobia é um marketplace que nasceu com o propósito de reunir em um só lugar peças que fazem toda a diferença no armário e ao mesmo tempo são fáceis de usar: os chamados neutros com tcharanz. acreditamos que a elisa atheniense super se conecta com essa proposta. com quem poderia conversar para falar mais sobre? aguardo vocês!",ola pessoal como vao meu nome e ana e trabalho junto com a bia paes de barros no curadobia com br o curadobia e um marketplace que nasceu com o proposito de reunir em um so lugar pecas que fazem toda a diferenca no armario e ao mesmo tempo sao faceis de usar os chamados neutros com tcharanz acreditamos que a elisa atheniense super se conecta com essa proposta com quem poderia conversar para falar mais sobre aguardo voces
instagram_csv,,curadobia,"olá! como vão? muito prazer, meu nome é ana e trabalho aqui no curadobia. não sei se recordam, porém conversamos no primeiro semestre do ano passado (2024) sobre esse projeto da bia paes de barros. desde lá, evoluímos bastante e estamos concretizados como um marketplace em potencial crescimento. queremos compartilhar com vocês nosso site para darem uma olhada curadobia.com.br ainda temos a tempo em foco! o que acham de retomarmos contato? aguardo vocês!",ola como vao muito prazer meu nome e ana e trabalho aqui no curadobia nao sei se recordam porem conversamos no primeiro semestre do ano passado <num> sobre esse projeto da bia paes de barros desde la evoluimos bastante e estamos concretizados como um marketplace em potencial crescimento queremos compartilhar com voces nosso site para darem uma olhada curadobia com br ainda temos a tempo em foco o que acham de retomarmos contato aguardo voces
instagram_csv,,cliente,bom dia,bom dia
instagram_csv,,cliente,entrar em contato com a luciana nossa gerente comercial no email gerencia@elisaatheniense.com.br,entrar em contato com a luciana nossa gerente comercial no email gerencia <user> com br
instagram_csv,,curadobia,"olá pessoal, como vão? meu nome é ana e trabalho junto com a bia paes de barros no curadobia.com.br o curadobia é um marketplace que nasceu com o propósito de reunir em um só lugar peças que fazem toda a diferença no armário e ao mesmo tempo são fáceis de usar: os chamados neutros com tcharanz. acreditamos que a a-aurora super se conecta com essa proposta. com quem poderia conversar para falar mais sobre? aguardo vocês!",ola pessoal como vao meu nome e ana e trabalho junto com a bia paes de barros no curadobia com br o curadobia e um marketplace que nasceu com o proposito de reunir em um so lugar pecas que fazem toda a diferenca no armario e ao mesmo tempo sao faceis de usar os chamados neutros com tcharanz acreditamos que a a aurora super se conecta com essa proposta com quem poderia conversar para falar mais sobre aguardo voces
instagram_csv,,curadobia,essa conta não pode receber sua mensagem porque não aceita novas solicitações de contato de todos.,essa conta nao pode receber sua mensagem porque nao aceita novas solicitacoes de contato de todos
instagram_csv,,curadobia,muito obrigada!,muito obrigada
instagram_csv,,cliente,por nada!,por nada
instagram_csv,,curadobia,"olá pessoal, como vão? meu nome é ana e trabalho junto com a bia paes de barros no curadobia.com.br (insta: @curadobia.oficial). o curadobia é um marketplace que nasceu com o propósito de reunir em um só lugar peças que fazem toda a diferença no armário e ao mesmo tempo são fáceis de usar: os chamados neutros com tcharanz. acreditamos que a aim super se conecta com essa proposta. com quem poderia conversar para falar mais sobre? aguardo vocês!",ola pessoal como vao meu nome e ana e trabalho junto com a bia paes de barros no curadobia com br insta <user> oficial o curadobia e um marketplace que nasceu com o proposito de reunir em um so lugar pecas que fazem toda a diferenca no armario e ao mesmo tempo sao faceis de usar os chamados neutros com tcharanz acreditamos que a aim super se conecta com essa proposta com quem poderia conversar para falar mais sobre aguardo voces
instagram_csv,,cliente,"olá, tudo bem e com vcs ? vi que vcs enviaram um e-mail para nós, vou responder vcs por lá, ok? um beijo e muito obrigada pelo contato <3",ola tudo bem e com vcs vi que vcs enviaram um e mail para nos vou responder vcs por la ok um beijo e muito obrigada pelo contato < <num>
instagram_csv,,cliente,oi,oi
instagram_csv,,cliente,a regata chiquetosa vai voltar pro estoque?,a regata chiquetosa vai voltar pro estoque
instagram_csv,,cliente,[sem conteúdo detectável],sem conteudo detectavel
instagram_csv,,curadobia,olá! bom dia. como vão? aguardamos a resposta de vocês por lá então. obrigada.,ola bom dia como vao aguardamos a resposta de voces por la entao obrigada
instagram_csv,,curadobia,"oi, karyna! bom dia, tudo bem? vamos verificar!",oi karyna bom dia tudo bem vamos verificar
instagram_csv,,curadobia,"karyna, estoque atualizado!😍",karyna estoque atualizado
instagram_csv,,cliente,reagiu com 🖤 à sua mensagem,reagiu com a sua mensagem
instagram_csv,,cliente,e a regata arrumadona?,e a regata arrumadona
instagram_csv,,cliente,volta pro estoque?,volta pro estoque
instagram_csv,,cliente,boa tarde!! fiz um pedido de uma blusa brilhei no dia 13/01. não recebi nenhum e-mail de confirmação. será que está tudo certo? meu nome é cristiane rocha loures brenner.,boa tarde fiz um pedido de uma blusa brilhei no dia <num> <num> nao recebi nenhum e mail de confirmacao sera que esta tudo certo meu nome e cristiane rocha loures brenner
instagram_csv,,curadobia,"oi cristiane, tudo bem? obrigada pelo seu contato. pode ficar tranquila, vamos verificar para você.",oi cristiane tudo bem obrigada pelo seu contato pode ficar tranquila vamos verificar para voce
instagram_csv,,curadobia,"olá pessoal, como vão? meu nome é ana e trabalho junto com a bia paes de barros no curadobia.com.br o curadobia é um marketplace que nasceu com o propósito de reunir em um só lugar peças que fazem toda a diferença no armário e ao mesmo tempo são fáceis de usar: os chamados neutros com tcharanz. acreditamos que a aylla super se conecta com essa proposta. com quem poderia conversar para falar mais sobre? aguardo vocês!",ola pessoal como vao meu nome e ana e trabalho junto com a bia paes de barros no curadobia com br o curadobia e um marketplace que nasceu com o proposito de reunir em um so lugar pecas que fazem toda a diferenca no armario e ao mesmo tempo sao faceis de usar os chamados neutros com tcharanz acreditamos que a aylla super se conecta com essa proposta com quem poderia conversar para falar mais sobre aguardo voces
instagram_csv,,cliente,ok! obrigada. vi que foi lançado no meu cartão de crédito.,ok obrigada vi que foi lancado no meu cartao de credito
instagram_csv,,curadobia,"olá pessoal, como vão? meu nome é ana e trabalho junto com a bia paes de barros no curadobia.com.br o curadobia é um marketplace que nasceu com o propósito de reunir em um só lugar peças que fazem toda a diferença no armário e ao mesmo tempo são fáceis de usar: os chamados neutros com tcharanz. acreditamos que a escudero & co super se conecta com essa proposta. com quem poderia conversar para falar mais sobre? aguardo vocês!",ola pessoal como vao meu nome e ana e trabalho junto com a bia paes de barros no curadobia com br o curadobia e um marketplace que nasceu com o proposito de reunir em um so lugar pecas que fazem toda a diferenca no armario e ao mesmo tempo sao faceis de usar os chamados neutros com tcharanz acreditamos que a escudero co super se conecta com essa proposta com quem poderia conversar para falar mais sobre aguardo voces
instagram_csv,,curadobia,"olá pessoal, como vão? meu nome é ana e trabalho junto com a bia paes de barros no curadobia.com.br o curadobia é um marketplace que nasceu com o propósito de reunir em um só lugar peças que fazem toda a diferença no armário e ao mesmo tempo são fáceis de usar: os chamados neutros com tcharanz. acreditamos que a gammba super se conecta com essa proposta. com quem poderia conversar para falar mais sobre? aguardo vocês!",ola pessoal como vao meu nome e ana e trabalho junto com a bia paes de barros no curadobia com br o curadobia e um marketplace que nasceu com o proposito de reunir em um so lugar pecas que fazem toda a diferenca no armario e ao mesmo tempo sao faceis de usar os chamados neutros com tcharanz acreditamos que a gammba super se conecta com essa proposta com quem poderia conversar para falar mais sobre aguardo voces
instagram_csv,,curadobia,"olá pessoal, como vão? meu nome é ana e trabalho junto com a bia paes de barros no curadobia.com.br o curadobia é um marketplace que nasceu com o propósito de reunir em um só lugar peças que fazem toda a diferença no armário e ao mesmo tempo são fáceis de usar: os chamados neutros com tcharanz. acreditamos que a giomei super se conecta com essa proposta. com quem poderia conversar para falar mais sobre? aguardo vocês!",ola pessoal como vao meu nome e ana e trabalho junto com a bia paes de barros no curadobia com br o curadobia e um marketplace que nasceu com o proposito de reunir em um so lugar pecas que fazem toda a diferenca no armario e ao mesmo tempo sao faceis de usar os chamados neutros com tcharanz acreditamos que a giomei super se conecta com essa proposta com quem poderia conversar para falar mais sobre aguardo voces
instagram_csv,,curadobia,"olá pessoal, como vão? meu nome é ana e trabalho junto com a bia paes de barros no curadobia.com.br o curadobia é um marketplace que nasceu com o propósito de reunir em um só lugar peças que fazem toda a diferença no armário e ao mesmo tempo são fáceis de usar: os chamados neutros com tcharanz. acreditamos que a mareu nitschke super se conecta com essa proposta. com quem poderia conversar para falar mais sobre? aguardo vocês!",ola pessoal como vao meu nome e ana e trabalho junto com a bia paes de barros no curadobia com br o curadobia e um marketplace que nasceu com o proposito de reunir em um so lugar pecas que fazem toda a diferenca no armario e ao mesmo tempo sao faceis de usar os chamados neutros com tcharanz acreditamos que a mareu nitschke super se conecta com essa proposta com quem poderia conversar para falar mais sobre aguardo voces
instagram_csv,,curadobia,"olá pessoal, como vão? meu nome é ana e trabalho junto com a bia paes de barros no curadobia.com.br o curadobia é um marketplace que nasceu com o propósito de reunir em um só lugar peças que fazem toda a diferença no armário e ao mesmo tempo são fáceis de usar: os chamados neutros com tcharanz. acreditamos que a natu super se conecta com essa proposta. com quem poderia conversar para falar mais sobre? aguardo vocês!",ola pessoal como vao meu nome e ana e trabalho junto com a bia paes de barros no curadobia com br o curadobia e um marketplace que nasceu com o proposito de reunir em um so lugar pecas que fazem toda a diferenca no armario e ao mesmo tempo sao faceis de usar os chamados neutros com tcharanz acreditamos que a natu super se conecta com essa proposta com quem poderia conversar para falar mais sobre aguardo voces
instagram_csv,,cliente,"olá curadobia, tudo bem? agradecemos o interesse pela marca. para garantir que você receba a atenção e cuidado adequados, pedimos a gentileza de encaminhar mais informações como contatos, rede social e portfólio para mkt.conteudo@escuderoonline.com.br. nossa equipe de marketing é especializada nesse assunto. dessa forma, tenho certeza de que eles avaliarão e, se houver interesse, entrarão em contato prontamente. fique à vontade para entrar em contato caso tenha alguma dúvida. estamos aqui para ajudar.",ola curadobia tudo bem agradecemos o interesse pela marca para garantir que voce receba a atencao e cuidado adequados pedimos a gentileza de encaminhar mais informacoes como contatos rede social e portfolio para mkt conteudo <user> com br nossa equipe de marketing e especializada nesse assunto dessa forma tenho certeza de que eles avaliarao e se houver interesse entrarao em contato prontamente fique a vontade para entrar em contato caso tenha alguma duvida estamos aqui para ajudar
instagram_csv,,cliente,ei ana,ei ana
instagram_csv,,cliente,tudo bem?,tudo bem
instagram_csv,,cliente,em março eu vou produzir reposição e cores novas de tudo,em marco eu vou produzir reposicao e cores novas de tudo
instagram_csv,,cliente,agora estou organizando as coisas,agora estou organizando as coisas
instagram_csv,,cliente,aí entro em contato vocês,ai entro em contato voces
instagram_csv,,cliente,pode ser?,pode ser
instagram_csv,,cliente,[sem conteúdo detectável],sem conteudo detectavel
instagram_csv,,cliente,oi!,oi
instagram_csv,,cliente,a regata arrumadona m,a regata arrumadona m
instagram_csv,,cliente,volta pro estoque?,volta pro estoque
instagram_csv,,curadobia,"oie! obrigada pela resposta. conversamos com a bia e temos interesse em marcar uma reunião já por esses dias pois o curadobia está com uma nova metodologia e com novidades, e mesmo a produção de vocês para março, seria interessante conversar com vocês agora. o que acham? te aguardo!",oie obrigada pela resposta conversamos com a bia e temos interesse em marcar uma reuniao ja por esses dias pois o curadobia esta com uma nova metodologia e com novidades e mesmo a producao de voces para marco seria interessante conversar com voces agora o que acham te aguardo
instagram_csv,,curadobia,oi cristiane! foi confirmado seu pedido.,oi cristiane foi confirmado seu pedido
instagram_csv,,cliente,olá!! obrigada. qual a previsão de entrega?,ola obrigada qual a previsao de entrega
instagram_csv,,cliente,"como uma crítica construtiva, vcs deveriam mandar um e-mail para confirmar o pedido. compro bastante on-line e sempre vem o e-mail do status do pedido!! o cliente fica mais seguro da compra.",como uma critica construtiva vcs deveriam mandar um e mail para confirmar o pedido compro bastante on line e sempre vem o e mail do status do pedido o cliente fica mais seguro da compra
instagram_csv,,cliente,sim,sim
instagram_csv,,cliente,vamos marcar ☺️,vamos marcar
instagram_csv,,cliente,imagem enviada,imagem enviada
instagram_csv,,cliente,oi,oi
instagram_csv,,cliente,eu não recebi a confirmação dessa compra,eu nao recebi a confirmacao dessa compra
instagram_csv,,cliente,"oi ana a marcia fonseca esta em contato com vc, ne? vamos conversar sim, a fernanda tem mto interesse",oi ana a marcia fonseca esta em contato com vc ne vamos conversar sim a fernanda tem mto interesse
instagram_csv,,curadobia,"oi, karyna! bom dia. vimos que você mandou as mesmas mensagens pelo nosso whatsapp. vamos dar seguimento por lá então, tudo bem? obrigada!",oi karyna bom dia vimos que voce mandou as mesmas mensagens pelo nosso whatsapp vamos dar seguimento por la entao tudo bem obrigada
instagram_csv,,cliente,sim,sim
instagram_csv,,cliente,pode,pode
instagram_csv,,curadobia,"oi, cristiane, bom dia! obrigada pela sua mensagem. na verdade, todos os nossos pedidos são enviados o email de confirmação imediatamente, porém, realmente identificamos um erro no nosso sistema que os últimos pedidos não estão recebendo a confirmação. já estamos em contato com o nosso técnico para resolver. obrigada por ter nos informado!",oi cristiane bom dia obrigada pela sua mensagem na verdade todos os nossos pedidos sao enviados o email de confirmacao imediatamente porem realmente identificamos um erro no nosso sistema que os ultimos pedidos nao estao recebendo a confirmacao ja estamos em contato com o nosso tecnico para resolver obrigada por ter nos informado
instagram_csv,,curadobia,"com relação a previsão de entrega, por conta dessa questão na plataforma, as marcas também não receberam a notificação do pedido e por isso irá acabar atrasando um pouco a sua compra. mas nós também já entramos em contato com a stella bastos sobre a sua compra e logo mais ela estará com você. desculpa pelo ocorrido. qualquer coisa nos avise! obrigada por ser nossa cliente. equipe curadobia💕",com relacao a previsao de entrega por conta dessa questao na plataforma as marcas tambem nao receberam a notificacao do pedido e por isso ira acabar atrasando um pouco a sua compra mas nos tambem ja entramos em contato com a stella bastos sobre a sua compra e logo mais ela estara com voce desculpa pelo ocorrido qualquer coisa nos avise obrigada por ser nossa cliente equipe curadobia
instagram_csv,,cliente,ok!! entendi. obrigada pelo retorno. um abraço,ok entendi obrigada pelo retorno um abraco
instagram_csv,,cliente,bia sent an attachment.,bia sent an attachment
instagram_csv,,cliente,[sem conteúdo detectável],sem conteudo detectavel
instagram_csv,,cliente,"oiii boa tarde , me chamo talita e sou figurinista na emissora cnbc @cnbc licenciada pela @otimesbrasil , uma emissora nova que transmite jornalismo de negócios e é lider mundial no seu segmento. temos no nosso elenco grandes nomes do jornalismo incluido carol barcellos , rita wu, erica reis , christiane pelajo , zeca camargo, natalia ariade estou apenas dando um exemplo do time de peso que faz parte da emissora. as meninas são a cara da marca, elas postam , marcam o @, tem o manequim otimo e sao mega fotogênicas. podemos alinhar a produção , me ajudem rs vai ser uma parceria incrivel ! um beijo e aguardo retorno",oiii boa tarde me chamo talita e sou figurinista na emissora cnbc <user> licenciada pela <user> uma emissora nova que transmite jornalismo de negocios e e lider mundial no seu segmento temos no nosso elenco grandes nomes do jornalismo incluido carol barcellos rita wu erica reis christiane pelajo zeca camargo natalia ariade estou apenas dando um exemplo do time de peso que faz parte da emissora as meninas sao a cara da marca elas postam marcam o tem o manequim otimo e sao mega fotogenicas podemos alinhar a producao me ajudem rs vai ser uma parceria incrivel um beijo e aguardo retorno
instagram_csv,,cliente,bia sent an attachment.,bia sent an attachment
instagram_csv,,cliente,bia sent an attachment.,bia sent an attachment
instagram_csv,,cliente,[sem conteúdo detectável],sem conteudo detectavel
instagram_csv,,cliente,bia sent an attachment.,bia sent an attachment
instagram_csv,,cliente,"olá, tudo bem? entre em contato com nosso comercial, 085987859507",ola tudo bem entre em contato com nosso comercial <num>
instagram_csv,,cliente,bia sent an attachment.,bia sent an attachment
instagram_csv,,cliente,bia sent an attachment.,bia sent an attachment
instagram_csv,,cliente,oie,oie
instagram_csv,,cliente,chama no mkt@gammba.com,chama no mkt <user> com
instagram_csv,,curadobia,"olá, obrigada!",ola obrigada
instagram_csv,,cliente,[sem conteúdo detectável],sem conteudo detectavel
instagram_csv,,curadobia,"oi talita! muito bom receber sua mensagem. agradecemos demais o contato e que bacana vocês terem pensado na gente, porém nesse momento nós não estamos trabalhando com produção. de qualquer forma salvamos o teu contato para futuras oportunidades! atenciosamente, equipe curadobia💕",oi talita muito bom receber sua mensagem agradecemos demais o contato e que bacana voces terem pensado na gente porem nesse momento nos nao estamos trabalhando com producao de qualquer forma salvamos o teu contato para futuras oportunidades atenciosamente equipe curadobia
instagram_csv,,curadobia,you sent an attachment.,you sent an attachment
instagram_csv,,cliente,[sem conteúdo detectável],sem conteudo detectavel
instagram_csv,,cliente,brenda sent an attachment.,brenda sent an attachment
instagram_csv,,curadobia,"olá, tudo bem? bom dia! como funciona o orçamento de studios com vocês, por favor?",ola tudo bem bom dia como funciona o orcamento de studios com voces por favor
instagram_csv,,cliente,[sem conteúdo detectável],sem conteudo detectavel
instagram_csv,,curadobia,link compartilhado,link compartilhado
instagram_csv,,curadobia,"olá pessoal, como vão? meu nome é ana e trabalho junto com a bia paes de barros no curadobia.com.br o curadobia é um marketplace que nasceu com o propósito de reunir em um só lugar peças que fazem toda a diferença no armário e ao mesmo tempo são fáceis de usar: os chamados neutros com tcharanz. acreditamos que a iara wisnik super se conecta com essa proposta. com quem poderia conversar para falar mais sobre? aguardo vocês!",ola pessoal como vao meu nome e ana e trabalho junto com a bia paes de barros no curadobia com br o curadobia e um marketplace que nasceu com o proposito de reunir em um so lugar pecas que fazem toda a diferenca no armario e ao mesmo tempo sao faceis de usar os chamados neutros com tcharanz acreditamos que a iara wisnik super se conecta com essa proposta com quem poderia conversar para falar mais sobre aguardo voces
instagram_csv,,curadobia,"olá pessoal, como vão? meu nome é ana e trabalho junto com a bia paes de barros no curadobia.com.br o curadobia é um marketplace que nasceu com o propósito de reunir em um só lugar peças que fazem toda a diferença no armário e ao mesmo tempo são fáceis de usar: os chamados neutros com tcharanz. acreditamos que a l*dnim super se conecta com essa proposta. com quem poderia conversar para falar mais sobre? aguardo vocês!",ola pessoal como vao meu nome e ana e trabalho junto com a bia paes de barros no curadobia com br o curadobia e um marketplace que nasceu com o proposito de reunir em um so lugar pecas que fazem toda a diferenca no armario e ao mesmo tempo sao faceis de usar os chamados neutros com tcharanz acreditamos que a l dnim super se conecta com essa proposta com quem poderia conversar para falar mais sobre aguardo voces
instagram_csv,,cliente,bia sent an attachment.,bia sent an attachment
instagram_csv,,cliente,bia sent an attachment.,bia sent an attachment
instagram_csv,,cliente,bia sent an attachment.,bia sent an attachment
instagram_csv,,cliente,[sem conteúdo detectável],sem conteudo detectavel
instagram_csv,,curadobia,"olá pessoal, como vão? meu nome é ana e trabalho junto com a bia paes de barros no curadobia.com.br o curadobia é um marketplace que nasceu com o propósito de reunir em um só lugar peças que fazem toda a diferença no armário e ao mesmo tempo são fáceis de usar: os chamados neutros com tcharanz. acreditamos que a novamente pode se conectar com essa proposta. com quem poderia conversar para falar mais sobre? aguardo vocês!",ola pessoal como vao meu nome e ana e trabalho junto com a bia paes de barros no curadobia com br o curadobia e um marketplace que nasceu com o proposito de reunir em um so lugar pecas que fazem toda a diferenca no armario e ao mesmo tempo sao faceis de usar os chamados neutros com tcharanz acreditamos que a novamente pode se conectar com essa proposta com quem poderia conversar para falar mais sobre aguardo voces
instagram_csv,,cliente,[sem conteúdo detectável],sem conteudo detectavel
instagram_csv,,curadobia,[sem conteúdo detectável],sem conteudo detectavel
instagram_csv,,cliente,curtiu uma mensagem,curtiu uma mensagem
instagram_csv,,cliente,brenda sent an attachment.,brenda sent an attachment
instagram_csv,,cliente,bia sent an attachment.,bia sent an attachment
instagram_csv,,cliente,[sem conteúdo detectável],sem conteudo detectavel
instagram_csv,,cliente,[sem conteúdo detectável],sem conteudo detectavel
instagram_csv,,cliente,bia sent an attachment.,bia sent an attachment
instagram_csv,,cliente,bia sent an attachment.,bia sent an attachment
instagram_csv,,cliente,"bia, tudo bem? tenho uma festa bem legal e o traje é black and white. pensei na blusa pah, mas queria saber se o tecido fica vistoso e se você recomenda alguma calça mais festa para combinar. beijos julie",bia tudo bem tenho uma festa bem legal e o traje e black and white pensei na blusa pah mas queria saber se o tecido fica vistoso e se voce recomenda alguma calca mais festa para combinar beijos julie
instagram_csv,,cliente,bia sent an attachment.,bia sent an attachment
instagram_csv,,curadobia,oie! td e vc?! fica super vistoso. pode ficar bem. bacana com essa saia tmb,oie td e vc fica super vistoso pode ficar bem bacana com essa saia tmb
instagram_csv,,curadobia,https://www.curadobia.com.br/d-aura/produto/saia-unica,<url>
instagram_csv,,curadobia,😉😉,
instagram_csv,,cliente,brenda sent an attachment.,brenda sent an attachment
instagram_csv,,cliente,bia sent an attachment.,bia sent an attachment
instagram_csv,,cliente,boa noite ! haverá reposição da saia única preta no tamanho 1 ?,boa noite havera reposicao da saia unica preta no tamanho <num>
instagram_csv,,cliente,bia sent an attachment.,bia sent an attachment
instagram_csv,,curadobia,oie! bom dia? tudo bem? obrigada pela sua mensagem! entramos em contato com a marca d-aura que produz a saia e eles nos informaram que em 10 dias irão receber novos estoques da nossa saia única,oie bom dia tudo bem obrigada pela sua mensagem entramos em contato com a marca d aura que produz a saia e eles nos informaram que em <num> dias irao receber novos estoques da nossa saia unica
instagram_csv,,curadobia,quando ela estiver disponível nós vamos te avisar!,quando ela estiver disponivel nos vamos te avisar
instagram_csv,,cliente,[sem conteúdo detectável],sem conteudo detectavel
instagram_csv,,cliente,ok obrigada,ok obrigada
instagram_csv,,cliente,[sem conteúdo detectável],sem conteudo detectavel
instagram_csv,,cliente,[sem conteúdo detectável],sem conteudo detectavel
instagram_csv,,cliente,[sem conteúdo detectável],sem conteudo detectavel
instagram_csv,,cliente,[sem conteúdo detectável],sem conteudo detectavel
instagram_csv,,cliente,[sem conteúdo detectável],sem conteudo detectavel
instagram_csv,,cliente,[sem conteúdo detectável],sem conteudo detectavel
instagram_csv,,cliente,"oi time da curadobia tudo bem? sou joana, sigo o perfil e amo! tem uma calça que vi numa propaganda, que me apaixonei, mas não encontrei no site. queria saber de onde ela é, por favor. se puderem, vocês me contam? super obrigada! bj",oi time da curadobia tudo bem sou joana sigo o perfil e amo tem uma calca que vi numa propaganda que me apaixonei mas nao encontrei no site queria saber de onde ela e por favor se puderem voces me contam super obrigada bj
instagram_csv,,cliente,imagem enviada,imagem enviada
instagram_csv,,cliente,[sem conteúdo detectável],sem conteudo detectavel
instagram_csv,,cliente,[sem conteúdo detectável],sem conteudo detectavel
instagram_csv,,curadobia,link compartilhado,link compartilhado
instagram_csv,,curadobia,link compartilhado,link compartilhado
instagram_csv,,curadobia,link compartilhado,link compartilhado
instagram_csv,,curadobia,link compartilhado,link compartilhado
instagram_csv,,curadobia,link compartilhado,link compartilhado
instagram_csv,,curadobia,amamos!,amamos
instagram_csv,,cliente,brenda sent an attachment.,brenda sent an attachment
instagram_csv,,cliente,https://www.instagram.com/ac.gromann?igsh=mwe4dtziy2izetaxnw==,<url>
instagram_csv,,curadobia,"olá! que bom que você se interessou por nós!! muito bom receber tua mensagem, joana. infelizmente essa calça não está no curadobia e é acervo pessoal da bia mesmo😊 esse video tem a finalidade de apresentar as nossas camisas 💕 esperamos que goste!!",ola que bom que voce se interessou por nos muito bom receber tua mensagem joana infelizmente essa calca nao esta no curadobia e e acervo pessoal da bia mesmo esse video tem a finalidade de apresentar as nossas camisas esperamos que goste
instagram_csv,,curadobia,seguimos a disposição para o que precisar!,seguimos a disposicao para o que precisar
instagram_csv,,cliente,[sem conteúdo detectável],sem conteudo detectavel
instagram_csv,,curadobia,link compartilhado,link compartilhado
instagram_csv,,cliente,oi boa tarde,oi boa tarde
instagram_csv,,cliente,adquiri uma máxi pantalona valéria mansur,adquiri uma maxi pantalona valeria mansur
instagram_csv,,cliente,p,p
instagram_csv,,cliente,ficou enorme,ficou enorme
instagram_csv,,cliente,como proceder p troca?,como proceder p troca
instagram_csv,,cliente,imagem enviada,imagem enviada
instagram_csv,,cliente,"obrigada pelo retorno, as peças são incríveis! é que me apaixonei por essa calça, então foi ela que me prendeu o olhar! 😉☺️",obrigada pelo retorno as pecas sao incriveis e que me apaixonei por essa calca entao foi ela que me prendeu o olhar
instagram_csv,,cliente,bia sent an attachment.,bia sent an attachment
instagram_csv,,cliente,bia sent an attachment.,bia sent an attachment
instagram_csv,,cliente,[sem conteúdo detectável],sem conteudo detectavel
instagram_csv,,curadobia,"oi, fátima, bom dia! tudo bem? pode ficar tranquila que iremos dar seguimento com a sua solicitação.",oi fatima bom dia tudo bem pode ficar tranquila que iremos dar seguimento com a sua solicitacao
instagram_csv,,cliente,[sem conteúdo detectável],sem conteudo detectavel
instagram_csv,,cliente,bia sent an attachment.,bia sent an attachment
instagram_csv,,cliente,[sem conteúdo detectável],sem conteudo detectavel
instagram_csv,,curadobia,link compartilhado,link compartilhado
instagram_csv,,curadobia,"olá pessoal, como vão? meu nome é ana e trabalho junto com a bia paes de barros no curadobia.com.br o curadobia é um marketplace que nasceu com o propósito de reunir em um só lugar peças que fazem toda a diferença no armário e ao mesmo tempo são fáceis de usar: os chamados neutros com tcharanz. acreditamos que a marca de vocês pode se conectar com essa proposta. com quem poderia conversar para falar mais sobre? aguardo vocês!",ola pessoal como vao meu nome e ana e trabalho junto com a bia paes de barros no curadobia com br o curadobia e um marketplace que nasceu com o proposito de reunir em um so lugar pecas que fazem toda a diferenca no armario e ao mesmo tempo sao faceis de usar os chamados neutros com tcharanz acreditamos que a marca de voces pode se conectar com essa proposta com quem poderia conversar para falar mais sobre aguardo voces
instagram_csv,,cliente,até agora nada!,ate agora nada
instagram_csv,,cliente,"eu sugiro q vcs verifiquem melhor as parcerias de fornecedores, pois não comprarei mais nesta curadoria! infelizmente, gosto mto do trabalho da bia… mas assim inviabiliza!",eu sugiro q vcs verifiquem melhor as parcerias de fornecedores pois nao comprarei mais nesta curadoria infelizmente gosto mto do trabalho da bia mas assim inviabiliza
instagram_csv,,cliente,[sem conteúdo detectável],sem conteudo detectavel
instagram_csv,,curadobia,"oi fátima, tudo bem? bom dia😄 obrigada pela sua mensagem e feedback, é muito importante para nós! estamos conversando por whatsapp, podemos continuar nossa comunicação por lá?",oi fatima tudo bem bom dia obrigada pela sua mensagem e feedback e muito importante para nos estamos conversando por whatsapp podemos continuar nossa comunicacao por la
instagram_csv,,cliente,"olá meninas, tudo bem? comprei a saia preta da d aura em outubro, precisei trocar (foram rapidíssimos), mas só hoje eu soube que não levaram a sacola com a peça a ser trocada (ficou este tempo todo na minha portaria). como faço?",ola meninas tudo bem comprei a saia preta da d aura em outubro precisei trocar foram rapidissimos mas so hoje eu soube que nao levaram a sacola com a peca a ser trocada ficou este tempo todo na minha portaria como faco
instagram_csv,,cliente,linda gladiadora!,linda gladiadora
instagram_csv,,curadobia,oi cristina! que bom que gostou! ela está disponível no nosso site se quiser dar uma olhada: https://www.curadobia.com.br/paula-ferber/produto/gladiadora-elos-castanhoonix-paula-ferber,oi cristina que bom que gostou ela esta disponivel no nosso site se quiser dar uma olhada <url>
instagram_csv,,curadobia,qualquer dúvida sigo a disposição,qualquer duvida sigo a disposicao
instagram_csv,,curadobia,"oi, ana, tudo bem? na época o pessoal da d-aura te instruiu que iriam retirar na sua portaria?",oi ana tudo bem na epoca o pessoal da d aura te instruiu que iriam retirar na sua portaria
instagram_csv,,curadobia,não se preocupe! vamos resolver essa questão😀 que bom que você identificou isso,nao se preocupe vamos resolver essa questao que bom que voce identificou isso
instagram_csv,,curadobia,"fátima, te respondemos no whatsapp mas não recebemos seu retorno, está tudo bem? qualquer coisa sigo aqui à disposição💕",fatima te respondemos no whatsapp mas nao recebemos seu retorno esta tudo bem qualquer coisa sigo aqui a disposicao
instagram_csv,,cliente,sim!,sim
instagram_csv,,cliente,"na verdade foi o porteiro, rs!",na verdade foi o porteiro rs
instagram_csv,,cliente,"tranquilo, obrigada!",tranquilo obrigada
instagram_csv,,cliente,reagiu com 👍 à sua mensagem,reagiu com a sua mensagem
instagram_csv,,cliente,já respondi! sim no wzap,ja respondi sim no wzap
instagram_csv,,cliente,bia sent an attachment.,bia sent an attachment
instagram_csv,,cliente,pri sent an attachment.,pri sent an attachment
instagram_csv,,cliente,vocês irao vender oysho????,voces irao vender oysho
instagram_csv,,cliente,[sem conteúdo detectável],sem conteudo detectavel
instagram_csv,,curadobia,link compartilhado,link compartilhado
instagram_csv,,curadobia,"ana, vou verificar com eles. você pode me informar qual foi o número do seu pedido, por favor?",ana vou verificar com eles voce pode me informar qual foi o numero do seu pedido por favor
instagram_csv,,curadobia,"oi, pri! estão entrando muitas marcas incríveis novas no curadobia. porém, a oysho não é uma delas😊",oi pri estao entrando muitas marcas incriveis novas no curadobia porem a oysho nao e uma delas
instagram_csv,,cliente,é o pedido 502!,e o pedido <num>
instagram_csv,,cliente,[sem conteúdo detectável],sem conteudo detectavel
instagram_csv,,cliente,[sem conteúdo detectável],sem conteudo detectavel
instagram_csv,,cliente,curtiu uma mensagem,curtiu uma mensagem
instagram_csv,,cliente,olá tudo bem ana e vc? que bacana… vou passar o whatsapp da maiá pode falar com ela por gentileza! 11-983268095,ola tudo bem ana e vc que bacana vou passar o whatsapp da maia pode falar com ela por gentileza <num> <num>
instagram_csv,,curadobia,nan,nan
instagram_csv,,curadobia,"ana, já entrei em contato com o pessoal da d-aura para entendermos o que aconteceu",ana ja entrei em contato com o pessoal da d aura para entendermos o que aconteceu
instagram_csv,,curadobia,logo mais te passo novas informações,logo mais te passo novas informacoes
instagram_csv,,curadobia,obrigada ☺️,obrigada
instagram_csv,,curadobia,link compartilhado,link compartilhado
instagram_csv,,cliente,curtiu uma mensagem,curtiu uma mensagem
instagram_csv,,cliente,bia sent an attachment.,bia sent an attachment
instagram_csv,,cliente,bia sent an attachment.,bia sent an attachment
instagram_csv,,curadobia,olá! tudo bem? podemos falar pelo nosso whatsapp: +55 11 97231-7025,ola tudo bem podemos falar pelo nosso whatsapp <num> <num> <num> <num>
instagram_csv,,curadobia,obrigada pelo interesse 💕 aguardamos vocês,obrigada pelo interesse aguardamos voces
instagram_csv,,cliente,😍,
instagram_csv,,cliente,vou seguir.,vou seguir
instagram_csv,,cliente,[sem conteúdo detectável],sem conteudo detectavel
instagram_csv,,cliente,[sem conteúdo detectável],sem conteudo detectavel
instagram_csv,,curadobia,link compartilhado,link compartilhado
instagram_csv,,cliente,que honra 😍😍😍,que honra
instagram_csv,,cliente,já comprei 3 peças da curadobia,ja comprei <num> pecas da curadobia
instagram_csv,,cliente,amando ♥️♥️♥️,amando heartsheartshearts
instagram_csv,,cliente,😍,
instagram_csv,,curadobia,que maximo! marca a gente nos seus looks. muito feliz que esta curtindo a seleção de peças. logo mais teremos muitas novidades bacanas. 🤍,que maximo marca a gente nos seus looks muito feliz que esta curtindo a selecao de pecas logo mais teremos muitas novidades bacanas
instagram_csv,,cliente,curtiu uma mensagem,curtiu uma mensagem
instagram_csv,,cliente,linda essa blusa,linda essa blusa
instagram_csv,,curadobia,ficamos felizes que tenha curtido. ela é muito especial mesmo. segue aqui mais detalhes.,ficamos felizes que tenha curtido ela e muito especial mesmo segue aqui mais detalhes
instagram_csv,,curadobia,https://www.curadobia.com.br/lounge-39/produto/blusa-pah,<url>
instagram_csv,,cliente,não tem mais numeração 37,nao tem mais numeracao <num>
instagram_csv,,cliente,boa noite.,boa noite
instagram_csv,,cliente,"estou com duvidas sobre o tamanho da saia unica, visto 42 , mas as medidas no quadro de tamanhos parecem grandes, mas existe a informação de que o tamanho 1 corresponde ao 36….",estou com duvidas sobre o tamanho da saia unica visto <num> mas as medidas no quadro de tamanhos parecem grandes mas existe a informacao de que o tamanho <num> corresponde ao <num>
instagram_csv,,curadobia,"oi, suzane! bom dia, como você está?",oi suzane bom dia como voce esta
instagram_csv,,curadobia,solicitamos a reposição para a paula ferber. logo mais te atualizaremos sobre o estoque 🥰,solicitamos a reposicao para a paula ferber logo mais te atualizaremos sobre o estoque
instagram_csv,,cliente,bom dia … obrigada 🙏🏻,bom dia obrigada
instagram_csv,,curadobia,oie! tudo bem elaine? obrigada pela sua mensagem! você consegue nos confirmar suas medidas para que possamos verificar com mais precisão? 🙃,oie tudo bem elaine obrigada pela sua mensagem voce consegue nos confirmar suas medidas para que possamos verificar com mais precisao
instagram_csv,,curadobia,"elaine, para o tamanho 42, nós indicamos o tamanho 3 da saia",elaine para o tamanho <num> nos indicamos o tamanho <num> da saia
instagram_csv,,curadobia,oi suzane! infelizmente não estamos com previsão de reposição do tamanho 37 da nossa gladiadora🥺,oi suzane infelizmente nao estamos com previsao de reposicao do tamanho <num> da nossa gladiadora
instagram_csv,,cliente,poxa… que pena… quando tiverem me avise por favor,poxa que pena quando tiverem me avise por favor
instagram_csv,,curadobia,pode deixar!,pode deixar
instagram_csv,,curadobia,"qualquer outra dúvida, sigo a disposição!",qualquer outra duvida sigo a disposicao
instagram_csv,,cliente,ok,ok
instagram_csv,,cliente,obrigada,obrigada
instagram_csv,,cliente,cadê? quero,cade quero
instagram_csv,,cliente,"bia, td bom? não estou conseguindo finalizar a compra da ""regata podrinha"". coloquei os dados do cartão e no campo cvv eu ponho os números mas o sistema ignora que eu coloquei. tentei várias vezes, acho que está com problema…",bia td bom nao estou conseguindo finalizar a compra da regata podrinha coloquei os dados do cartao e no campo cvv eu ponho os numeros mas o sistema ignora que eu coloquei tentei varias vezes acho que esta com problema
instagram_csv,,cliente,[sem conteúdo detectável],sem conteudo detectavel
instagram_csv,,curadobia,"oi adriana! bom dia, como vai? obrigada pelo seu interesse conosco. estamos fazendo uma repaginação no site e assim que voltarmos te mando o link do nosso conjunto que você gostou 🥰",oi adriana bom dia como vai obrigada pelo seu interesse conosco estamos fazendo uma repaginacao no site e assim que voltarmos te mando o link do nosso conjunto que voce gostou
instagram_csv,,curadobia,qualquer coisa sigo aqui!,qualquer coisa sigo aqui
instagram_csv,,curadobia,"oi lais! bom dia, como vai? ana aqui, da equipe do curadobia. obrigada pelo seu interesse conosco. estamos fazendo uma repaginação no site e assim que voltarmos te aviso, tudo bem? 🥰",oi lais bom dia como vai ana aqui da equipe do curadobia obrigada pelo seu interesse conosco estamos fazendo uma repaginacao no site e assim que voltarmos te aviso tudo bem
instagram_csv,,curadobia,qualquer coisa sigo aqui💕,qualquer coisa sigo aqui
instagram_csv,,curadobia,"oi lais, boa noite! o site esta funcionando normalmente. esperamos que consiga finalizar seu pedido agora.",oi lais boa noite o site esta funcionando normalmente esperamos que consiga finalizar seu pedido agora
instagram_csv,,curadobia,qualquer duvida nos avise ok?,qualquer duvida nos avise ok
instagram_csv,,curadobia,https://www.curadobia.com.br/nauanin/produto/regata-podrinha,<url>
instagram_csv,,cliente,[sem conteúdo detectável],sem conteudo detectavel
instagram_csv,,cliente,bia sent an attachment.,bia sent an attachment
instagram_csv,,cliente,que lindoo😍,que lindoo
instagram_csv,,curadobia,"oi natalia, td bem? as meninas do enjoei me passaram seu contato. estou buscando uma pessoa para me ajudar em roteiros e conteudo. adoraria bater um papo com vc.",oi natalia td bem as meninas do enjoei me passaram seu contato estou buscando uma pessoa para me ajudar em roteiros e conteudo adoraria bater um papo com vc
instagram_csv,,curadobia,11 98115-2332,<num> <num> <num>
instagram_csv,,curadobia,bjs,bjs
instagram_csv,,curadobia,quem te escrever aqui é a bia paes de barros,quem te escrever aqui e a bia paes de barros
instagram_csv,,cliente,[sem conteúdo detectável],sem conteudo detectavel
instagram_csv,,cliente,[sem conteúdo detectável],sem conteudo detectavel
instagram_csv,,cliente,👏,
instagram_csv,,cliente,"boa tarde, pessoal! tudo bem? estava namorando um macacão verde no site da marca d-aura, porém não localizei mais 😕. saiu de coleção? não terá reposição? aguardo. obrigada milene",boa tarde pessoal tudo bem estava namorando um macacao verde no site da marca d aura porem nao localizei mais saiu de colecao nao tera reposicao aguardo obrigada milene
instagram_csv,,curadobia,"boa tarde milene, td bem e vc?! esse macacão nesse tom infelizmente não terá reposição. mas lançamos ontem o mesmo modelo em preto",boa tarde milene td bem e vc esse macacao nesse tom infelizmente nao tera reposicao mas lancamos ontem o mesmo modelo em preto
instagram_csv,,curadobia,https://www.curadobia.com.br/d-aura/produto/macacao-muderno-preto,<url>
instagram_csv,,cliente,tudo bem também. que pena 😕 eu queria exatamente o verde! 😩,tudo bem tambem que pena eu queria exatamente o verde
instagram_csv,,cliente,so.mimimi sent an attachment.,so mimimi sent an attachment
instagram_csv,,cliente,vai ter reposição dessa calça?,vai ter reposicao dessa calca
instagram_csv,,curadobia,https://www.curadobia.com.br/lounge-39/produto/blusa-pah,<url>
instagram_csv,,curadobia,"ola camila, td bem?! segue aqui o link da blusa que você gostou. qualquer duvida estamos a disposição ok? ✨",ola camila td bem segue aqui o link da blusa que voce gostou qualquer duvida estamos a disposicao ok
instagram_csv,,cliente,ola! muitíssimo obrigada 💋,ola muitissimo obrigada
instagram_csv,,cliente,link compartilhado,link compartilhado
instagram_csv,,curadobia,link compartilhado,link compartilhado
instagram_csv,,cliente,que calça maravilhosa,que calca maravilhosa
instagram_csv,,cliente,qual o preço?,qual o preco
instagram_csv,,curadobia,"bom dia maria luiza, que bacana que se interessou por essa calça. ela é muito especial mesmo. o valor r$ 990,00. caso tenha mais alguma duvida não deixe de nos constatar. equipe curadobia ✨",bom dia maria luiza que bacana que se interessou por essa calca ela e muito especial mesmo o valor r <num> <num> caso tenha mais alguma duvida nao deixe de nos constatar equipe curadobia
instagram_csv,,curadobia,https://www.curadobia.com.br/cecillia-echenique/produto/pantalona-pah-pre-venda,<url>
instagram_csv,,cliente,[sem conteúdo detectável],sem conteudo detectavel
instagram_csv,,curadobia,"olá, bom dia! infelizmente essa calça também saiu do nosso mix. estamos com novos produtos e novas marcas entrando no curadobia. esperamos que goste. qualquer coisa sigo aqui💕",ola bom dia infelizmente essa calca tambem saiu do nosso mix estamos com novos produtos e novas marcas entrando no curadobia esperamos que goste qualquer coisa sigo aqui
instagram_csv,,cliente,"link da calça, por gentileza",link da calca por gentileza
instagram_csv,,curadobia,"oi patricia! tudo bem? obrigada pela sua mensagem. infelizmente não temos mais essa calça disponível no nosso mix, mas temos diversos produtos únicos e selecionados pela bia paes de barros. o que acha dessas opções:",oi patricia tudo bem obrigada pela sua mensagem infelizmente nao temos mais essa calca disponivel no nosso mix mas temos diversos produtos unicos e selecionados pela bia paes de barros o que acha dessas opcoes
instagram_csv,,curadobia,https://www.curadobia.com.br/nauanin/produto/calca-diferentona,<url>
instagram_csv,,curadobia,https://www.curadobia.com.br/cecillia-echenique/produto/pantalona-pah-pre-venda,<url>
instagram_csv,,curadobia,https://www.curadobia.com.br/d-aura/produto/calca-tech-d-aura,<url>
instagram_csv,,curadobia,https://www.curadobia.com.br/cecillia-echenique/produto/calca-cecilia-echenique,<url>
instagram_csv,,curadobia,"qualquer coisa, meu nome é ana e sigo aqui para o que você precisar!💕",qualquer coisa meu nome e ana e sigo aqui para o que voce precisar
instagram_csv,,cliente,"olá, sou o gerente de vendas da pg game platform. quero falar com você sobre parcerias. nossa plataforma foi licenciada conjuntamente pelo governo federal brasileiro e pelo governo de curaçao em outubro. você pode se juntar a nós e lhe daremos altas comissões. entre em contato comigo pelo whatsapp: +13434802605",ola sou o gerente de vendas da pg game platform quero falar com voce sobre parcerias nossa plataforma foi licenciada conjuntamente pelo governo federal brasileiro e pelo governo de curacao em outubro voce pode se juntar a nos e lhe daremos altas comissoes entre em contato comigo pelo whatsapp <num>
instagram_csv,,curadobia,nan,nan
instagram_csv,,curadobia,you sent an attachment.,you sent an attachment
instagram_csv,,cliente,bia sent an attachment.,bia sent an attachment
instagram_csv,,cliente,[sem conteúdo detectável],sem conteudo detectavel
instagram_csv,,curadobia,link compartilhado,link compartilhado
instagram_csv,,cliente,bia sent an attachment.,bia sent an attachment
instagram_csv,,cliente,bia sent an attachment.,bia sent an attachment
instagram_csv,,curadobia,"oii karinne! tudo bem? aqui quem fala é a ana, do time curadobia. você acredita que estive olhando todos os dias desde que você demonstrou interesse se a nossa saia única voltaria ao estoque e somente hoje isso aconteceu? ela é a queridinha das nossas clientes e tem acabado rápido, então espero que consiga aproveitar essa oportunidade. te encaminho o link para o acesso dela:",oii karinne tudo bem aqui quem fala e a ana do time curadobia voce acredita que estive olhando todos os dias desde que voce demonstrou interesse se a nossa saia unica voltaria ao estoque e somente hoje isso aconteceu ela e a queridinha das nossas clientes e tem acabado rapido entao espero que consiga aproveitar essa oportunidade te encaminho o link para o acesso dela
instagram_csv,,curadobia,https://www.curadobia.com.br/d-aura/produto/saia-unica,<url>
instagram_csv,,curadobia,sigo aqui pra o que você precisar 💕,sigo aqui pra o que voce precisar
instagram_csv,,cliente,gostaria a camisa branca tamanho m. é possível?,gostaria a camisa branca tamanho m e possivel
instagram_csv,,cliente,bia sent an attachment.,bia sent an attachment
instagram_csv,,cliente,[sem conteúdo detectável],sem conteudo detectavel
instagram_csv,,cliente,[sem conteúdo detectável],sem conteudo detectavel
instagram_csv,,curadobia,"oi silvana, tudo bem? bom dia. quem fala com você é a ana, do time curadobia. posso confirmar com você se seria essa camisa que te interessou? segue:",oi silvana tudo bem bom dia quem fala com voce e a ana do time curadobia posso confirmar com voce se seria essa camisa que te interessou segue
instagram_csv,,curadobia,https://www.curadobia.com.br/my-basic/produto/a-camisa-branca,<url>
instagram_csv,,curadobia,link compartilhado,link compartilhado
instagram_csv,,curadobia,you sent an attachment.,you sent an attachment
instagram_csv,,curadobia,link compartilhado,link compartilhado
instagram_csv,,cliente,curtiu uma mensagem,curtiu uma mensagem
instagram_csv,,cliente,[sem conteúdo detectável],sem conteudo detectavel
instagram_csv,,cliente,"ola pessoal ! tudo bem?! sou a lalá cunha (@laisfcunha) e vim contar um pouco sobre o @coracora_studio estamos em sp e fazemos fotografia, vídeos em formato reels, direção de arte e styling para marcas, de acordo com a sua necessidade. fazemos trabalhos exclusivos para as marcas e, em breve (final de março) também faremos o nosso próximo shooting collab, uma diária criada para incluir várias marcas que têm produtos a serem fotografados, necessitam de um material de qualidade, mas que não querem ter um alto valor de investimento nisso. o proximo collab será em uma locação linda e as modelos foram escolhidas à dedo, e acho que combina muito com a marca de voces. abaixo mando mais infos. vamos conversar sobre essas possibilidades? fico aqui a disposição abraços, lalá 11 972686892",ola pessoal tudo bem sou a lala cunha <user> e vim contar um pouco sobre o <user> estamos em sp e fazemos fotografia videos em formato reels direcao de arte e styling para marcas de acordo com a sua necessidade fazemos trabalhos exclusivos para as marcas e em breve final de marco tambem faremos o nosso proximo shooting collab uma diaria criada para incluir varias marcas que tem produtos a serem fotografados necessitam de um material de qualidade mas que nao querem ter um alto valor de investimento nisso o proximo collab sera em uma locacao linda e as modelos foram escolhidas a dedo e acho que combina muito com a marca de voces abaixo mando mais infos vamos conversar sobre essas possibilidades fico aqui a disposicao abracos lala <num> <num>
instagram_csv,,cliente,imagem enviada,imagem enviada
instagram_csv,,cliente,bia sent an attachment.,bia sent an attachment
instagram_csv,,cliente,[sem conteúdo detectável],sem conteudo detectavel
instagram_csv,,cliente,[sem conteúdo detectável],sem conteudo detectavel
instagram_csv,,cliente,bia sent an attachment.,bia sent an attachment
instagram_csv,,cliente,bia sent an attachment.,bia sent an attachment
instagram_csv,,cliente,"olá!! bom dia!! sou muito fã da bia, mas nunca comprei no curadoria. uma dúvida: como faço para escolher um tamanho com mais segurança? tem uma tabela de medidas para servir de referência? obrigada",ola bom dia sou muito fa da bia mas nunca comprei no curadoria uma duvida como faco para escolher um tamanho com mais seguranca tem uma tabela de medidas para servir de referencia obrigada
instagram_csv,,curadobia,"oi alessandra! bom dia ☀️ como você está? aqui é a ana, da equipe do curadobia. a bia nos passou seu contato para tratar sobre o seu interesse nas nossa peças.",oi alessandra bom dia como voce esta aqui e a ana da equipe do curadobia a bia nos passou seu contato para tratar sobre o seu interesse nas nossa pecas
instagram_csv,,curadobia,"sobre a questão do frete, é possível unificar ele nas blusas da lounge que você gostou☺️. vou te mandar o link das duas",sobre a questao do frete e possivel unificar ele nas blusas da lounge que voce gostou vou te mandar o link das duas
instagram_csv,,curadobia,https://www.curadobia.com.br/lounge-39/produto/blusa-pah,<url>
instagram_csv,,curadobia,https://www.curadobia.com.br/lounge-39/produto/blusa-laco-lounge-39,<url>
instagram_csv,,curadobia,"com relação a outra blusa que você gostou, ela está em processo de lançamento e ainda não está a venda no nosso site. mas independente desse fator, não seria possível unificar o frete nesse caso pois o frete só fica unificado para as peças da mesma marca.",com relacao a outra blusa que voce gostou ela esta em processo de lancamento e ainda nao esta a venda no nosso site mas independente desse fator nao seria possivel unificar o frete nesse caso pois o frete so fica unificado para as pecas da mesma marca
instagram_csv,,curadobia,"mas pode ficar tranquila que assim que lançarmos a terceira peça que você gostou vou te mandar por aqui, tudo bem? não deixe de garantir suas peças da lounge a tempo💖",mas pode ficar tranquila que assim que lancarmos a terceira peca que voce gostou vou te mandar por aqui tudo bem nao deixe de garantir suas pecas da lounge a tempo
instagram_csv,,curadobia,qualquer coisa sigo aqui!,qualquer coisa sigo aqui
instagram_csv,,cliente,[sem conteúdo detectável],sem conteudo detectavel
instagram_csv,,curadobia,link compartilhado,link compartilhado
instagram_csv,,curadobia,"oi renata! boa tarde. aqui é a ana. acredito que te respondi por whatsapp, certo? qualquer coisa estou por aqui",oi renata boa tarde aqui e a ana acredito que te respondi por whatsapp certo qualquer coisa estou por aqui
instagram_csv,,cliente,curtiu uma mensagem,curtiu uma mensagem
instagram_csv,,cliente,🔥,
instagram_csv,,cliente,que lindo tudo!,que lindo tudo
instagram_csv,,cliente,[sem conteúdo detectável],sem conteudo detectavel
instagram_csv,,cliente,bia sent an attachment.,bia sent an attachment
instagram_csv,,cliente,"olá! bom dia! roupas lindas aqui! mas não encontrei muitas opções de tamanhos maiores. é isso mesmo? tenho uma cliente que se enquadraria perfeita nesse estilo mais contemporâneo, mas é um tamanho g, gg. 44/46. poderiam me sugerir algumas opções?",ola bom dia roupas lindas aqui mas nao encontrei muitas opcoes de tamanhos maiores e isso mesmo tenho uma cliente que se enquadraria perfeita nesse estilo mais contemporaneo mas e um tamanho g gg <num> <num> poderiam me sugerir algumas opcoes
instagram_csv,,curadobia,"olá julienne! bom dia, tudo bem? que bom receber sua mensagem! eu me chamo ana e sou do time curadobia.",ola julienne bom dia tudo bem que bom receber sua mensagem eu me chamo ana e sou do time curadobia
instagram_csv,,curadobia,claro! vou separar nossas opções disponíveis em tamanhos maiores e te mando aqui 💕,claro vou separar nossas opcoes disponiveis em tamanhos maiores e te mando aqui
instagram_csv,,curadobia,todas as peças da mybasic e da lounge 39 possuem uma ampla grade: https://www.curadobia.com.br/categorias/mybasic https://www.curadobia.com.br/categorias/lounge-39 os produtos da cecilia possuem uma modelagem mais ampla: https://www.curadobia.com.br/produtos/buscar?search=cecilia alguns dos produtos da nauanin chegam até a numeração xxgg equivalendo a um 48: https://www.curadobia.com.br/categorias/nauanin,todas as pecas da mybasic e da lounge <num> possuem uma ampla grade <url> <url> os produtos da cecilia possuem uma modelagem mais ampla <url> alguns dos produtos da nauanin chegam ate a numeracao xxgg equivalendo a um <num> <url>
instagram_csv,,curadobia,"os bodys da revival são excelentes peças neutras e básicas para ter no armário e possuem uma ampla grade de tamanhos: https://www.curadobia.com.br/categorias/revival-brasil além disso, temos nossos acessórios: https://www.curadobia.com.br/categorias/acessorio bolsas: https://www.curadobia.com.br/categorias/bolsas e sapatos: https://www.curadobia.com.br/categorias/sapatos",os bodys da revival sao excelentes pecas neutras e basicas para ter no armario e possuem uma ampla grade de tamanhos <url> alem disso temos nossos acessorios <url> bolsas <url> e sapatos <url>
instagram_csv,,curadobia,"com certeza você irá encontrar peças ideais para o seu objetivo nesses links que te mandei, julienne! qualquer coisa eu sigo aqui para o que você precisar!💕",com certeza voce ira encontrar pecas ideais para o seu objetivo nesses links que te mandei julienne qualquer coisa eu sigo aqui para o que voce precisar
instagram_csv,,cliente,olá! muito obrigada!! vou ver em breve!!,ola muito obrigada vou ver em breve
instagram_csv,,cliente,[sem conteúdo detectável],sem conteudo detectavel
instagram_csv,,cliente,[sem conteúdo detectável],sem conteudo detectavel
instagram_csv,,cliente,[sem conteúdo detectável],sem conteudo detectavel
instagram_csv,,cliente,[sem conteúdo detectável],sem conteudo detectavel
instagram_csv,,curadobia,link compartilhado,link compartilhado
instagram_csv,,curadobia,link compartilhado,link compartilhado
instagram_csv,,cliente,stella sent an attachment.,stella sent an attachment
instagram_csv,,curadobia,"bom dia, julienne? o que achou da nossa seleção?",bom dia julienne o que achou da nossa selecao
instagram_csv,,curadobia,sigo aqui para qualquer dúvida,sigo aqui para qualquer duvida
instagram_csv,,curadobia,"bom dia, julienne! o que achou da nossa seleção? (edited)",bom dia julienne o que achou da nossa selecao edited
instagram_csv,,cliente,preço?,preco
instagram_csv,,cliente,[sem conteúdo detectável],sem conteudo detectavel
instagram_csv,,curadobia,"bom dia, julienne, como vai? conseguiu analisar a seleção que fiz especificamente para você e sua cliente?",bom dia julienne como vai conseguiu analisar a selecao que fiz especificamente para voce e sua cliente
instagram_csv,,curadobia,qualquer coisa me avisa 💕,qualquer coisa me avisa
instagram_csv,,cliente,oii,oii
instagram_csv,,cliente,obrigada! eu aviso sim!! gostei bastante! vou levar para a cliente.,obrigada eu aviso sim gostei bastante vou levar para a cliente
instagram_csv,,curadobia,"olá! boa tarde, como vai?",ola boa tarde como vai
instagram_csv,,curadobia,"a nossa calça diferentex está saindo por r$: 878,00",a nossa calca diferentex esta saindo por r <num> <num>
instagram_csv,,curadobia,https://www.curadobia.com.br/my-basic/produto/calca-diferentex,<url>
instagram_csv,,curadobia,"meu nome é ana, sigo aqui para o que você precisar!",meu nome e ana sigo aqui para o que voce precisar
instagram_csv,,cliente,olá! tudo bem? teria um contato do responsável da marca ou comercial para falarmos? obrigada carol 🤍,ola tudo bem teria um contato do responsavel da marca ou comercial para falarmos obrigada carol
instagram_csv,,curadobia,"ola carol, td bem e vc?! pode nos enviar para contato.curadobia@gmail.com",ola carol td bem e vc pode nos enviar para contato curadobia <user> com
instagram_csv,,cliente,"olá, td bem? fiz uma compra com vc e recebi apenas o tricot. vc pode me ajudar ? muito obrigada desde já !",ola td bem fiz uma compra com vc e recebi apenas o tricot vc pode me ajudar muito obrigada desde ja
instagram_csv,,cliente,imagem enviada,imagem enviada
instagram_csv,,cliente,bia sent an attachment.,bia sent an attachment
instagram_csv,,cliente,[sem conteúdo detectável],sem conteudo detectavel
instagram_csv,,cliente,[sem conteúdo detectável],sem conteudo detectavel
instagram_csv,,cliente,[sem conteúdo detectável],sem conteudo detectavel
instagram_csv,,cliente,bia sent an attachment.,bia sent an attachment
instagram_csv,,cliente,[sem conteúdo detectável],sem conteudo detectavel
instagram_csv,,cliente,[sem conteúdo detectável],sem conteudo detectavel
instagram_csv,,cliente,[sem conteúdo detectável],sem conteudo detectavel
instagram_csv,,cliente,bia sent an attachment.,bia sent an attachment
instagram_csv,,curadobia,link compartilhado,link compartilhado
instagram_csv,,cliente,não estou conseguindo entrar no site para fazer compra,nao estou conseguindo entrar no site para fazer compra
instagram_csv,,curadobia,link compartilhado,link compartilhado
instagram_csv,,curadobia,link compartilhado,link compartilhado
instagram_csv,,curadobia,link compartilhado,link compartilhado
instagram_csv,,curadobia,link compartilhado,link compartilhado
instagram_csv,,curadobia,link compartilhado,link compartilhado
instagram_csv,,cliente,bia sent an attachment.,bia sent an attachment
instagram_csv,,cliente,bia sent an attachment.,bia sent an attachment
instagram_csv,,cliente,oiee,oiee
instagram_csv,,cliente,gosto muito dos looks mas percebo que ha muito jogo c volumes,gosto muito dos looks mas percebo que ha muito jogo c volumes
instagram_csv,,cliente,nao sei se ficaria legal p quem esta um.pouco acima do peso,nao sei se ficaria legal p quem esta um pouco acima do peso
instagram_csv,,cliente,sua roupa jeans é de onde?,sua roupa jeans e de onde
instagram_csv,,curadobia,oie! @curadobia.oficial 😉,oie <user> oficial
instagram_csv,,curadobia,[sem conteúdo detectável],sem conteudo detectavel
instagram_csv,,cliente,"perfeito, ana. obrigada pelo retorno. 😊",perfeito ana obrigada pelo retorno
instagram_csv,,cliente,[sem conteúdo detectável],sem conteudo detectavel
instagram_csv,,curadobia,"oi gabriela! tudo bem? ana aqui do time do curadobia. estávamos passando por algumas instabilidades, mas acredito que agora já está tudo resolvido. te encaminho aqui o site para ficar mais fácil o acesso:",oi gabriela tudo bem ana aqui do time do curadobia estavamos passando por algumas instabilidades mas acredito que agora ja esta tudo resolvido te encaminho aqui o site para ficar mais facil o acesso
instagram_csv,,curadobia,https://www.curadobia.com.br,<url>
instagram_csv,,curadobia,qualquer coisa sigo aqui💕,qualquer coisa sigo aqui
instagram_csv,,cliente,[sem conteúdo detectável],sem conteudo detectavel
instagram_csv,,cliente,[sem conteúdo detectável],sem conteudo detectavel
instagram_csv,,curadobia,link compartilhado,link compartilhado
instagram_csv,,cliente,ameiiiiiiii,ameiiiiiiii
instagram_csv,,cliente,"olá!! tudo bem? estou apaixonada por essa jaqueta bacanuda da foto. o preço de 546, pula pra setecentos e tanto na hora de comprar. é isso mesmo? entra um valor de comissão na hora da compra?",ola tudo bem estou apaixonada por essa jaqueta bacanuda da foto o preco de <num> pula pra setecentos e tanto na hora de comprar e isso mesmo entra um valor de comissao na hora da compra
instagram_csv,,cliente,imagem enviada,imagem enviada
instagram_csv,,curadobia,"ola livia, td e vc? ficamos felizes que gostou dessa jaqueta. acredito que tenha sido um erro da lojinha do instagram. o valor correto r$ 755",ola livia td e vc ficamos felizes que gostou dessa jaqueta acredito que tenha sido um erro da lojinha do instagram o valor correto r <num>
instagram_csv,,curadobia,https://www.curadobia.com.br/nauanin/produto/jaqueta-bacanuda,<url>
instagram_csv,,curadobia,"meu nome é ana, sigo aqui para o que precisar!",meu nome e ana sigo aqui para o que precisar
instagram_csv,,curadobia,praticamos sempre o mesmo valor das marcas. o que entrará de extra será o valor do frete que é calculado automaticamente. se tiver mais alguma dúvida nos avise ok?,praticamos sempre o mesmo valor das marcas o que entrara de extra sera o valor do frete que e calculado automaticamente se tiver mais alguma duvida nos avise ok
instagram_csv,,cliente,[sem conteúdo detectável],sem conteudo detectavel
instagram_csv,,curadobia,"olá! tudo bem? que bom receber sua mensagem! meu nome é ana e sou do time curadobia. com relação a sua dúvida, conversei com a própria bia e ela nos informou que volumes também podem funcionar para quem esta um pouco acima desde que tenha um pouco de pele de fora para trazer leveza😊",ola tudo bem que bom receber sua mensagem meu nome e ana e sou do time curadobia com relacao a sua duvida conversei com a propria bia e ela nos informou que volumes tambem podem funcionar para quem esta um pouco acima desde que tenha um pouco de pele de fora para trazer leveza
instagram_csv,,curadobia,você possui interesse em alguma peça em específico? sigo aqui para o que precisar,voce possui interesse em alguma peca em especifico sigo aqui para o que precisar
instagram_csv,,cliente,obrigada,obrigada
instagram_csv,,cliente,uma coisa de lindo!,uma coisa de lindo
instagram_csv,,curadobia,um dos meus modelos favoritos do site todinh,um dos meus modelos favoritos do site todinh
instagram_csv,,cliente,curtiu uma mensagem,curtiu uma mensagem
instagram_csv,,cliente,imagem enviada,imagem enviada
instagram_csv,,cliente,oi! esse conjunto marrom é vendido também ?,oi esse conjunto marrom e vendido tambem
instagram_csv,,cliente,[sem conteúdo detectável],sem conteudo detectavel
instagram_csv,,cliente,[sem conteúdo detectável],sem conteudo detectavel
instagram_csv,,curadobia,"bom dia! tudo bem? que bom receber sua mensagem, adriana! aqui é ana, do time do curadobia. esse conjunto também será um lançamento do curadobia😍 assim que ele estiver disponível no site, pode ficar tranquila que vou te avisar!",bom dia tudo bem que bom receber sua mensagem adriana aqui e ana do time do curadobia esse conjunto tambem sera um lancamento do curadobia assim que ele estiver disponivel no site pode ficar tranquila que vou te avisar
instagram_csv,,cliente,curtiu uma mensagem,curtiu uma mensagem
instagram_csv,,cliente,obrigada,obrigada
instagram_csv,,cliente,[sem conteúdo detectável],sem conteudo detectavel
instagram_csv,,cliente,[sem conteúdo detectável],sem conteudo detectavel
instagram_csv,,cliente,bia sent an attachment.,bia sent an attachment
instagram_csv,,cliente,imagem enviada,imagem enviada
instagram_csv,,cliente,bom dia. gostei da calça. vai ter no site? obrigada,bom dia gostei da calca vai ter no site obrigada
instagram_csv,,curadobia,link compartilhado,link compartilhado
instagram_csv,,curadobia,link compartilhado,link compartilhado
instagram_csv,,curadobia,"olá renata!! bom dia, que bom receber mensagem tua! me chamo ana e faço parte do time curadobia. nesse lindo look da bia nós temos somente a blusa disponível no curadobia ☺️",ola renata bom dia que bom receber mensagem tua me chamo ana e faco parte do time curadobia nesse lindo look da bia nos temos somente a blusa disponivel no curadobia
instagram_csv,,curadobia,"com relação a calça, nós temos essas duas opções que penso que vc pode gostar",com relacao a calca nos temos essas duas opcoes que penso que vc pode gostar
instagram_csv,,curadobia,https://www.curadobia.com.br/cecillia-echenique/produto/pantalona-pah-pre-venda,<url>
instagram_csv,,curadobia,https://www.curadobia.com.br/d-aura/produto/calca-tech-d-aura,<url>
instagram_csv,,curadobia,mas temos varias opções! qualquer coisa sigo aqui para te auxiliar💕,mas temos varias opcoes qualquer coisa sigo aqui para te auxiliar
instagram_csv,,cliente,[sem conteúdo detectável],sem conteudo detectavel
instagram_csv,,cliente,[sem conteúdo detectável],sem conteudo detectavel
instagram_csv,,curadobia,link compartilhado,link compartilhado
instagram_csv,,cliente,bia sent an attachment.,bia sent an attachment
instagram_csv,,cliente,bia sent an attachment.,bia sent an attachment
instagram_csv,,cliente,[sem conteúdo detectável],sem conteudo detectavel
instagram_csv,,curadobia,[sem conteúdo detectável],sem conteudo detectavel
instagram_csv,,curadobia,link compartilhado,link compartilhado
instagram_csv,,cliente,"bia, você acaba comigo com tantas coisas lindas do curadobia!!! queria muito que tivesse frete internacional ( canadá) eu fico aqui babando!!!! 😍",bia voce acaba comigo com tantas coisas lindas do curadobia queria muito que tivesse frete internacional canada eu fico aqui babando
instagram_csv,,curadobia,"oi, karen! que bom receber tua mensagem. aqui é a ana, faço parte do time curadobia. realmente nós ainda não trabalhamos com frete internacional 😭 mas não deixe de pedir para alguém te levar nossas peças quando for te visitar! várias clientes internacionais nossas fazem isso🙃",oi karen que bom receber tua mensagem aqui e a ana faco parte do time curadobia realmente nos ainda nao trabalhamos com frete internacional mas nao deixe de pedir para alguem te levar nossas pecas quando for te visitar varias clientes internacionais nossas fazem isso
instagram_csv,,curadobia,obrigada por nos acompanhar 💕 sigo aqui para o que você precisar,obrigada por nos acompanhar sigo aqui para o que voce precisar
instagram_csv,,curadobia,"oi, renata! boa tarde! ana aqui. você conseguiu dar uma olhada nas opções que te mandei? qualquer coisa sigo aqui para o que você precisar ta?",oi renata boa tarde ana aqui voce conseguiu dar uma olhada nas opcoes que te mandei qualquer coisa sigo aqui para o que voce precisar ta
instagram_csv,,curadobia,"oi, livia! boa tarde! ana aqui. você conseguiu dar uma olhada na jaqueta? qualquer coisa sigo aqui para o que você precisar viu?",oi livia boa tarde ana aqui voce conseguiu dar uma olhada na jaqueta qualquer coisa sigo aqui para o que voce precisar viu
instagram_csv,,curadobia,oi gabriela! tudo bem? vi que você conseguiu acessar o nosso site e realizou seu pedido certo? eles já estão em separação e logo mais estarão contigo😍 qualquer coisa sigo aqui para te ajudar!,oi gabriela tudo bem vi que voce conseguiu acessar o nosso site e realizou seu pedido certo eles ja estao em separacao e logo mais estarao contigo qualquer coisa sigo aqui para te ajudar
instagram_csv,,curadobia,"ola thais!! tudo bem? deu tudo certo com a chegada das peças faltantes? qualquer coisa sigo aqui para te ajudar, viu?",ola thais tudo bem deu tudo certo com a chegada das pecas faltantes qualquer coisa sigo aqui para te ajudar viu
instagram_csv,,curadobia,"oi, livia! boa tarde! ana aqui. você conseguiu dar uma olhada na calça? qualquer coisa sigo aqui para o que você precisar viu?",oi livia boa tarde ana aqui voce conseguiu dar uma olhada na calca qualquer coisa sigo aqui para o que voce precisar viu
instagram_csv,,curadobia,oi! boa tarde! ana aqui. você conseguiu dar uma olhada na calça? qualquer coisa sigo aqui para o que você precisar viu? (edited),oi boa tarde ana aqui voce conseguiu dar uma olhada na calca qualquer coisa sigo aqui para o que voce precisar viu edited
instagram_csv,,cliente,"oi ana, obrigada pela resposta! bom, eu vou continuar na torcida pra esse frete internacional se materializar um dia desses pq a gente quer comprar essas coisas lindas e usar logo, né? … infelizmente com o preço do dólar não tenho recebido as amigas aqui tão frequentemente mas é uma boa ideia também - obrigada!!!!",oi ana obrigada pela resposta bom eu vou continuar na torcida pra esse frete internacional se materializar um dia desses pq a gente quer comprar essas coisas lindas e usar logo ne infelizmente com o preco do dolar nao tenho recebido as amigas aqui tao frequentemente mas e uma boa ideia tambem obrigada
instagram_csv,,cliente,nossa . perfeito,nossa perfeito
instagram_csv,,curadobia,"oi, adriana! tudo bem? bom dia. aqui é a ana da equipe do curadobia. vimos que você se interessou pelo macacão no video da bia mas ná época ele ainda estava em lançamento. boa notícia, agora está disponível!😍 segue o link abaixo para que você possa dar uma olhada:",oi adriana tudo bem bom dia aqui e a ana da equipe do curadobia vimos que voce se interessou pelo macacao no video da bia mas na epoca ele ainda estava em lancamento boa noticia agora esta disponivel segue o link abaixo para que voce possa dar uma olhada
instagram_csv,,curadobia,https://www.curadobia.com.br/fernanda-yamamoto/produto/macac%c3%83o-pra-frentex%20,<url>
instagram_csv,,curadobia,sigo aqui para o que você precisar!,sigo aqui para o que voce precisar
instagram_csv,,curadobia,"oi, clau! tudo bem? bom dia. aqui é a ana da equipe do curadobia. vimos que você se interessou pelo macacão no video da bia mas na época ele ainda estava em lançamento. boa notícia, agora está disponível!😍 segue o link abaixo para que você possa dar uma olhada:",oi clau tudo bem bom dia aqui e a ana da equipe do curadobia vimos que voce se interessou pelo macacao no video da bia mas na epoca ele ainda estava em lancamento boa noticia agora esta disponivel segue o link abaixo para que voce possa dar uma olhada
instagram_csv,,curadobia,https://www.curadobia.com.br/fernanda-yamamoto/produto/macac%c3%83o-pra-frentex%20 www.curadobia.com.br,<url> www curadobia com br
instagram_csv,,curadobia,sigo aqui para o que você precisar!,sigo aqui para o que voce precisar
instagram_csv,,cliente,bem e vc ana!! muito obrigada,bem e vc ana muito obrigada
instagram_csv,,cliente,😮,
instagram_csv,,curadobia,link compartilhado,link compartilhado
instagram_csv,,curadobia,link compartilhado,link compartilhado
instagram_csv,,curadobia,link compartilhado,link compartilhado
instagram_csv,,curadobia,link compartilhado,link compartilhado
instagram_csv,,curadobia,link compartilhado,link compartilhado
instagram_csv,,cliente,[sem conteúdo detectável],sem conteudo detectavel
instagram_csv,,curadobia,link compartilhado,link compartilhado
instagram_csv,,curadobia,link compartilhado,link compartilhado
instagram_csv,,curadobia,link compartilhado,link compartilhado
instagram_csv,,cliente,bia sent an attachment.,bia sent an attachment
instagram_csv,,curadobia,"oi, anne! bom dia, tudo bem? aqui é a ana do time curadobia. a bia nos informou que você se interessou pela nossa bolsa molona, mas que infelizmente ela está indisponível no site",oi anne bom dia tudo bem aqui e a ana do time curadobia a bia nos informou que voce se interessou pela nossa bolsa molona mas que infelizmente ela esta indisponivel no site
instagram_csv,,curadobia,"mas venho com boas notícias, a partir de quarta-feira teremos reposição dela! 🥳 se você ainda tiver interesse, me avisa, pois ai assim que chegarem eu venho exclusivamente te avisaar!",mas venho com boas noticias a partir de quarta feira teremos reposicao dela se voce ainda tiver interesse me avisa pois ai assim que chegarem eu venho exclusivamente te avisaar
instagram_csv,,curadobia,"independente disso, sigo aqui para o que você precisar!😊",independente disso sigo aqui para o que voce precisar
instagram_csv,,cliente,bia sent an attachment.,bia sent an attachment
instagram_csv,,cliente,"deu certo, sim. obrigada",deu certo sim obrigada
instagram_csv,,cliente,adorei! como funciona ?🤩,adorei como funciona
instagram_csv,,curadobia,"olá, tudo bem? sobre qual funcionamento deseja saber?",ola tudo bem sobre qual funcionamento deseja saber
instagram_csv,,cliente,"oi ana boa tarde! obrigada pelo contato. sim, estou interessada. tentei comprar após a mensagem da bia mas ainda estava indisponível",oi ana boa tarde obrigada pelo contato sim estou interessada tentei comprar apos a mensagem da bia mas ainda estava indisponivel
instagram_csv,,cliente,"ótimo, me avise por favor. um abraço e obrigada",otimo me avise por favor um abraco e obrigada
instagram_csv,,cliente,lúcia shared a product.,lucia shared a product
instagram_csv,,cliente,"visto g, qual tamanho seria? quais cores tem? tem a calça tb?",visto g qual tamanho seria quais cores tem tem a calca tb
instagram_csv,,curadobia,"ola, somente essa cor. selecionamos sempre uma unica para estar aqui no curadobia",ola somente essa cor selecionamos sempre uma unica para estar aqui no curadobia
instagram_csv,,curadobia,a modelagem é grande pode ser tam 3,a modelagem e grande pode ser tam <num>
instagram_csv,,curadobia,tem sim a calça,tem sim a calca
instagram_csv,,curadobia,https://www.curadobia.com.br/d-aura/produto/calca-facinha,<url>
instagram_csv,,curadobia,pode ser 3 tambem,pode ser <num> tambem
instagram_csv,,cliente,uauuu ameiii! linda saia!,uauuu ameiii linda saia
instagram_csv,,cliente,[sem conteúdo detectável],sem conteudo detectavel
instagram_csv,,curadobia,link compartilhado,link compartilhado
instagram_csv,,curadobia,"oi lucia! bom dia, tudo bem? aqui é a ana do time curadobia. você conseguiu dar uma olhada em tudo que te mandamos? se tiver alguma dúvida sigo aqui",oi lucia bom dia tudo bem aqui e a ana do time curadobia voce conseguiu dar uma olhada em tudo que te mandamos se tiver alguma duvida sigo aqui
instagram_csv,,cliente,[sem conteúdo detectável],sem conteudo detectavel
instagram_csv,,cliente,bia sent an attachment.,bia sent an attachment
instagram_csv,,cliente,[sem conteúdo detectável],sem conteudo detectavel
instagram_csv,,cliente,[sem conteúdo detectável],sem conteudo detectavel
instagram_csv,,cliente,bia sent an attachment.,bia sent an attachment
instagram_csv,,cliente,link compartilhado,link compartilhado
instagram_csv,,cliente,bia sent an attachment.,bia sent an attachment
instagram_csv,,cliente,bia sent an attachment.,bia sent an attachment
instagram_csv,,cliente,[sem conteúdo detectável],sem conteudo detectavel
instagram_csv,,cliente,[sem conteúdo detectável],sem conteudo detectavel
instagram_csv,,cliente,[sem conteúdo detectável],sem conteudo detectavel
instagram_csv,,cliente,[sem conteúdo detectável],sem conteudo detectavel
instagram_csv,,curadobia,link compartilhado,link compartilhado
instagram_csv,,cliente,curtiu uma mensagem,curtiu uma mensagem
instagram_csv,,cliente,[sem conteúdo detectável],sem conteudo detectavel
instagram_csv,,cliente,[sem conteúdo detectável],sem conteudo detectavel
instagram_csv,,curadobia,link compartilhado,link compartilhado
instagram_csv,,cliente,❤️,
instagram_csv,,cliente,olá! esse conjunto ainda não está disponvel no site de vcs né ? poderia me dizer se onde é?,ola esse conjunto ainda nao esta disponvel no site de vcs ne poderia me dizer se onde e
instagram_csv,,cliente,[sem conteúdo detectável],sem conteudo detectavel
instagram_csv,,curadobia,link compartilhado,link compartilhado
instagram_csv,,cliente,curtiu uma mensagem,curtiu uma mensagem
instagram_csv,,cliente,😍,
instagram_csv,,curadobia,"oi adriana! isso, ainda não está disponível pois ele é um modelo exclusivo de são paulo fashion week. inclusive fomos semana passada prestigiar a marca, reptilia. nossa previsão é que esteja disponível na proxima semana.",oi adriana isso ainda nao esta disponivel pois ele e um modelo exclusivo de sao paulo fashion week inclusive fomos semana passada prestigiar a marca reptilia nossa previsao e que esteja disponivel na proxima semana
instagram_csv,,curadobia,pode ficar tranquila que irei te avisar!,pode ficar tranquila que irei te avisar
instagram_csv,,cliente,olá. tentei fazer uma compra e após entrar com os dados do cartão e senha vem a seguinte tela,ola tentei fazer uma compra e apos entrar com os dados do cartao e senha vem a seguinte tela
instagram_csv,,cliente,imagem enviada,imagem enviada
instagram_csv,,cliente,fiz o processo 2x será q cobrou 2x?,fiz o processo <num> x sera q cobrou <num> x
instagram_csv,,curadobia,"oi maria ângela! bom dia, como você está?",oi maria angela bom dia como voce esta
instagram_csv,,curadobia,que bom receber mensagem tua!,que bom receber mensagem tua
instagram_csv,,curadobia,"aqui é a ana, do time curadobia.",aqui e a ana do time curadobia
instagram_csv,,curadobia,"identificamos sua tentativa de compra! estavamos realizando uns ajustes no site e acabou tendo esse erro, já estamos verificando com a equipe de tecnologia se foi corrigido e assim que estiver tudo ok voltamos para lhe comunicar, tudo bem?",identificamos sua tentativa de compra estavamos realizando uns ajustes no site e acabou tendo esse erro ja estamos verificando com a equipe de tecnologia se foi corrigido e assim que estiver tudo ok voltamos para lhe comunicar tudo bem
instagram_csv,,curadobia,obrigada por ser nossa cliente!,obrigada por ser nossa cliente
instagram_csv,,cliente,ahh reptilia adoro,ahh reptilia adoro
instagram_csv,,cliente,😍,
instagram_csv,,cliente,bia sent an attachment.,bia sent an attachment
instagram_csv,,cliente,qual a marca do tenis?,qual a marca do tenis
instagram_csv,,cliente,"oii, bia! tudo bem? por favor, de onde é essa calça? yes i am? procurei aqui no feed e não encontrei… obrigada!",oii bia tudo bem por favor de onde e essa calca yes i am procurei aqui no feed e nao encontrei obrigada
instagram_csv,,curadobia,vans 😉,vans
instagram_csv,,curadobia,https://www.curadobia.com.br/nauanin/produto/calca-jeans-new-order,<url>
instagram_csv,,cliente,legal mto obrigada 💚,legal mto obrigada
instagram_csv,,cliente,curtiu uma mensagem,curtiu uma mensagem
instagram_csv,,cliente,obrigada!,obrigada
instagram_csv,,cliente,bia sent an attachment.,bia sent an attachment
instagram_csv,,cliente,salão sent an attachment.,salao sent an attachment
instagram_csv,,cliente,bia sent an attachment.,bia sent an attachment
instagram_csv,,cliente,[sem conteúdo detectável],sem conteudo detectavel
instagram_csv,,cliente,[sem conteúdo detectável],sem conteudo detectavel
instagram_csv,,curadobia,[sem conteúdo detectável],sem conteudo detectavel
instagram_csv,,cliente,[sem conteúdo detectável],sem conteudo detectavel
instagram_csv,,cliente,link compartilhado,link compartilhado
instagram_csv,,curadobia,"bom dia, adriana! como você está?",bom dia adriana como voce esta
instagram_csv,,curadobia,"venho com boas notícias, o conjunto que você se interessou acabou de subir no site com pouquíssimas unidades!",venho com boas noticias o conjunto que voce se interessou acabou de subir no site com pouquissimas unidades
instagram_csv,,curadobia,https://www.curadobia.com.br/reptilia/produto/saia-levissima,<url>
instagram_csv,,curadobia,https://www.curadobia.com.br/reptilia/produto/jaqueta-levissima,<url>
instagram_csv,,curadobia,não perca essa oportunidade!! qualquer coisa sigo aqui para o que você precisar 😊,nao perca essa oportunidade qualquer coisa sigo aqui para o que voce precisar
instagram_csv,,curadobia,link compartilhado,link compartilhado
instagram_csv,,cliente,[sem conteúdo detectável],sem conteudo detectavel
instagram_csv,,curadobia,link compartilhado,link compartilhado
instagram_csv,,cliente,[sem conteúdo detectável],sem conteudo detectavel
instagram_csv,,curadobia,link compartilhado,link compartilhado
instagram_csv,,cliente,bia sent an attachment.,bia sent an attachment
instagram_csv,,cliente,bia sent an attachment.,bia sent an attachment
instagram_csv,,cliente,bia sent an attachment.,bia sent an attachment
instagram_csv,,cliente,[sem conteúdo detectável],sem conteudo detectavel
instagram_csv,,cliente,[sem conteúdo detectável],sem conteudo detectavel
instagram_csv,,cliente,[sem conteúdo detectável],sem conteudo detectavel
instagram_csv,,cliente,[sem conteúdo detectável],sem conteudo detectavel
instagram_csv,,cliente,[sem conteúdo detectável],sem conteudo detectavel
instagram_csv,,cliente,[sem conteúdo detectável],sem conteudo detectavel
instagram_csv,,cliente,guarda sent an attachment.,guarda sent an attachment
instagram_csv,,cliente,"olá! bom dia! me chamo anelisa e gostaria de confirmar se meu pedido foi realizado. não sei se esse é o canal mais adequado para essa solicitação, mas como não achei no site um campo para falar com vocês, decidi vir aqui. fiz essa compra ontem pelo site e logo depois de finalizar, apareceu uma mensagem dizendo que o pagamento não estava confirmado. no entanto no site diz que o pagamento foi efetuado e não recebi nenhuma mensagem do banco dizendo que o pagamento foi negado. além disso também não recebi um e-mail com os dados do pedido. muito obrigada desde já!",ola bom dia me chamo anelisa e gostaria de confirmar se meu pedido foi realizado nao sei se esse e o canal mais adequado para essa solicitacao mas como nao achei no site um campo para falar com voces decidi vir aqui fiz essa compra ontem pelo site e logo depois de finalizar apareceu uma mensagem dizendo que o pagamento nao estava confirmado no entanto no site diz que o pagamento foi efetuado e nao recebi nenhuma mensagem do banco dizendo que o pagamento foi negado alem disso tambem nao recebi um e mail com os dados do pedido muito obrigada desde ja
instagram_csv,,cliente,imagem enviada,imagem enviada
instagram_csv,,curadobia,"oi anelisa! tudo bem? eu sou a ana, faço parte do time curadobia.",oi anelisa tudo bem eu sou a ana faco parte do time curadobia
instagram_csv,,curadobia,"estou verificando direitinho seu pedido, mas pode ficar tranquila que iremos resolver se tiver acontecido qualquer problema tudo bem?",estou verificando direitinho seu pedido mas pode ficar tranquila que iremos resolver se tiver acontecido qualquer problema tudo bem
instagram_csv,,cliente,"oi, ana! tudo e você? beleza, obrigada!",oi ana tudo e voce beleza obrigada
instagram_csv,,cliente,bia sent an attachment.,bia sent an attachment
instagram_csv,,cliente,[sem conteúdo detectável],sem conteudo detectavel
instagram_csv,,cliente,bia sent an attachment.,bia sent an attachment
instagram_csv,,cliente,[sem conteúdo detectável],sem conteudo detectavel
instagram_csv,,cliente,essa tshirt vai estar no evento? namoro tanto ela,essa tshirt vai estar no evento namoro tanto ela
instagram_csv,,cliente,[sem conteúdo detectável],sem conteudo detectavel
instagram_csv,,cliente,link compartilhado,link compartilhado
instagram_csv,,cliente,isso é curadobia hein!,isso e curadobia hein
instagram_csv,,cliente,bia sent an attachment.,bia sent an attachment
instagram_csv,,curadobia,super! ja falei mto com elas mas estao com muitas frentes abertas e nao conseguem fazer mais coisas,super ja falei mto com elas mas estao com muitas frentes abertas e nao conseguem fazer mais coisas
instagram_csv,,curadobia,mas amei a sugestão ju,mas amei a sugestao ju
instagram_csv,,curadobia,obrigada ❤️,obrigada
instagram_csv,,cliente,"ahh pena! mas na hora certa, vai dar!",ahh pena mas na hora certa vai dar
instagram_csv,,curadobia,super,super
instagram_csv,,cliente,bia! será que a tshirt angela motta branca com uma manga bafônica vai ter amanhã? preciso dela,bia sera que a tshirt angela motta branca com uma manga bafonica vai ter amanha preciso dela
instagram_csv,,curadobia,vai super! vai amar essa peça,vai super vai amar essa peca
instagram_csv,,cliente,obaaa!❤️❤️❤️,obaaa
instagram_csv,,cliente,[sem conteúdo detectável],sem conteudo detectavel
instagram_csv,,cliente,[sem conteúdo detectável],sem conteudo detectavel
instagram_csv,,cliente,[sem conteúdo detectável],sem conteudo detectavel
instagram_csv,,cliente,[sem conteúdo detectável],sem conteudo detectavel
instagram_csv,,curadobia,"anelisa, acabamos de confirmar seu pedido com a marca! tudo certo, ele já está para a produção",anelisa acabamos de confirmar seu pedido com a marca tudo certo ele ja esta para a producao
instagram_csv,,curadobia,"qualquer coisa, sigo aqui",qualquer coisa sigo aqui
instagram_csv,,curadobia,❤️,
instagram_csv,,cliente,[sem conteúdo detectável],sem conteudo detectavel
instagram_csv,,cliente,[sem conteúdo detectável],sem conteudo detectavel
instagram_csv,,cliente,[sem conteúdo detectável],sem conteudo detectavel
instagram_csv,,cliente,[sem conteúdo detectável],sem conteudo detectavel
instagram_csv,,cliente,[sem conteúdo detectável],sem conteudo detectavel
instagram_csv,,cliente,[sem conteúdo detectável],sem conteudo detectavel
instagram_csv,,curadobia,link compartilhado,link compartilhado
instagram_csv,,curadobia,link compartilhado,link compartilhado
instagram_csv,,curadobia,link compartilhado,link compartilhado
instagram_csv,,curadobia,link compartilhado,link compartilhado
instagram_csv,,cliente,eba!,eba
instagram_csv,,cliente,muito obrigada pelo retorno!,muito obrigada pelo retorno
instagram_csv,,cliente,endereço,endereco
instagram_csv,,cliente,[sem conteúdo detectável],sem conteudo detectavel
instagram_csv,,curadobia,link compartilhado,link compartilhado
instagram_csv,,curadobia,"olá susanna, bom dia! estaremos te esperando na rua venceslau flexa 209, jardim paulistano das 11h às 20h ah e teremos manobrista no local para maior tranquilidade",ola susanna bom dia estaremos te esperando na rua venceslau flexa <num> jardim paulistano das <num> h as <num> h ah e teremos manobrista no local para maior tranquilidade
instagram_csv,,cliente,[sem conteúdo detectável],sem conteudo detectavel
instagram_csv,,cliente,[sem conteúdo detectável],sem conteudo detectavel
instagram_csv,,cliente,[sem conteúdo detectável],sem conteudo detectavel
instagram_csv,,curadobia,[sem conteúdo detectável],sem conteudo detectavel
instagram_csv,,cliente,[sem conteúdo detectável],sem conteudo detectavel
instagram_csv,,cliente,[sem conteúdo detectável],sem conteudo detectavel
instagram_csv,,cliente,[sem conteúdo detectável],sem conteudo detectavel
instagram_csv,,cliente,[sem conteúdo detectável],sem conteudo detectavel
instagram_csv,,cliente,[sem conteúdo detectável],sem conteudo detectavel
instagram_csv,,cliente,[sem conteúdo detectável],sem conteudo detectavel
instagram_csv,,cliente,[sem conteúdo detectável],sem conteudo detectavel
instagram_csv,,cliente,[sem conteúdo detectável],sem conteudo detectavel
instagram_csv,,cliente,[sem conteúdo detectável],sem conteudo detectavel
instagram_csv,,curadobia,obrigada pela presença ♥️♥️,obrigada pela presenca heartshearts
instagram_csv,,curadobia,link compartilhado,link compartilhado
instagram_csv,,cliente,curtiu uma mensagem,curtiu uma mensagem
instagram_csv,,cliente,"adorei, obrigada vcs!",adorei obrigada vcs
instagram_csv,,cliente,[sem conteúdo detectável],sem conteudo detectavel
instagram_csv,,cliente,[sem conteúdo detectável],sem conteudo detectavel
instagram_csv,,curadobia,link compartilhado,link compartilhado
instagram_csv,,curadobia,"obrigada pela presença, silvia🤍",obrigada pela presenca silvia
instagram_csv,,curadobia,link compartilhado,link compartilhado
instagram_csv,,cliente,curtiu uma mensagem,curtiu uma mensagem
instagram_csv,,cliente,link compartilhado,link compartilhado
instagram_csv,,cliente,[sem conteúdo detectável],sem conteudo detectavel
instagram_csv,,cliente,[sem conteúdo detectável],sem conteudo detectavel
instagram_csv,,cliente,[sem conteúdo detectável],sem conteudo detectavel
instagram_csv,,cliente,[sem conteúdo detectável],sem conteudo detectavel
instagram_csv,,cliente,chico neto cd maré mar whatsapp 11965621065 http://palcomp3.com/chiconetodaparaiba/,chico neto cd mare mar whatsapp <num> <url>
instagram_csv,,cliente,[sem conteúdo detectável],sem conteudo detectavel
instagram_csv,,cliente,[sem conteúdo detectável],sem conteudo detectavel
instagram_csv,,cliente,[sem conteúdo detectável],sem conteudo detectavel
instagram_csv,,cliente,[sem conteúdo detectável],sem conteudo detectavel
instagram_csv,,cliente,sua camisa é linda,sua camisa e linda
instagram_csv,,cliente,[sem conteúdo detectável],sem conteudo detectavel
instagram_csv,,curadobia,🤍🤍🤍,
instagram_csv,,curadobia,"obrigada pela presença, stella!",obrigada pela presenca stella
instagram_csv,,curadobia,"obrigada pela presença, livia!",obrigada pela presenca livia
instagram_csv,,curadobia,obrigada pela presença!,obrigada pela presenca
instagram_csv,,cliente,curtiu uma mensagem,curtiu uma mensagem
instagram_csv,,cliente,lindo o evento! amei,lindo o evento amei
instagram_csv,,cliente,[sem conteúdo detectável],sem conteudo detectavel
instagram_csv,,cliente,[sem conteúdo detectável],sem conteudo detectavel
instagram_csv,,cliente,"oi, quanto custa a blusa modernosa? tem gg ?",oi quanto custa a blusa modernosa tem gg
instagram_csv,,cliente,[sem conteúdo detectável],sem conteudo detectavel
instagram_csv,,cliente,👏,
instagram_csv,,cliente,👏,
instagram_csv,,cliente,[sem conteúdo detectável],sem conteudo detectavel
instagram_csv,,cliente,[sem conteúdo detectável],sem conteudo detectavel
instagram_csv,,cliente,[sem conteúdo detectável],sem conteudo detectavel
instagram_csv,,cliente,[sem conteúdo detectável],sem conteudo detectavel
instagram_csv,,cliente,[sem conteúdo detectável],sem conteudo detectavel
instagram_csv,,cliente,[sem conteúdo detectável],sem conteudo detectavel
instagram_csv,,cliente,[sem conteúdo detectável],sem conteudo detectavel
instagram_csv,,cliente,[sem conteúdo detectável],sem conteudo detectavel
instagram_csv,,cliente,[sem conteúdo detectável],sem conteudo detectavel
instagram_csv,,cliente,[sem conteúdo detectável],sem conteudo detectavel
instagram_csv,,cliente,[sem conteúdo detectável],sem conteudo detectavel
instagram_csv,,cliente,[sem conteúdo detectável],sem conteudo detectavel
instagram_csv,,curadobia,link compartilhado,link compartilhado
instagram_csv,,curadobia,link compartilhado,link compartilhado
instagram_csv,,curadobia,link compartilhado,link compartilhado
instagram_csv,,curadobia,link compartilhado,link compartilhado
instagram_csv,,curadobia,link compartilhado,link compartilhado
instagram_csv,,curadobia,link compartilhado,link compartilhado
instagram_csv,,cliente,🥰,
instagram_csv,,curadobia,link compartilhado,link compartilhado
instagram_csv,,curadobia,link compartilhado,link compartilhado
instagram_csv,,curadobia,link compartilhado,link compartilhado
instagram_csv,,curadobia,link compartilhado,link compartilhado
instagram_csv,,curadobia,link compartilhado,link compartilhado
instagram_csv,,curadobia,link compartilhado,link compartilhado
instagram_csv,,curadobia,link compartilhado,link compartilhado
instagram_csv,,curadobia,link compartilhado,link compartilhado
instagram_csv,,curadobia,link compartilhado,link compartilhado
instagram_csv,,curadobia,link compartilhado,link compartilhado
instagram_csv,,cliente,curtiu uma mensagem,curtiu uma mensagem
instagram_csv,,cliente,curtiu uma mensagem,curtiu uma mensagem
instagram_csv,,cliente,[sem conteúdo detectável],sem conteudo detectavel
instagram_csv,,cliente,[sem conteúdo detectável],sem conteudo detectavel
instagram_csv,,cliente,[sem conteúdo detectável],sem conteudo detectavel
instagram_csv,,cliente,[sem conteúdo detectável],sem conteudo detectavel
instagram_csv,,cliente,[sem conteúdo detectável],sem conteudo detectavel
instagram_csv,,cliente,😍,
instagram_csv,,cliente,qual o endereço???,qual o endereco
instagram_csv,,cliente,curtiu uma mensagem,curtiu uma mensagem
instagram_csv,,cliente,👏,
instagram_csv,,cliente,😍,
instagram_csv,,cliente,foi só hoje ou vai ficar mais tempo?,foi so hoje ou vai ficar mais tempo
instagram_csv,,cliente,[sem conteúdo detectável],sem conteudo detectavel
instagram_csv,,cliente,[sem conteúdo detectável],sem conteudo detectavel
instagram_csv,,cliente,[sem conteúdo detectável],sem conteudo detectavel
instagram_csv,,curadobia,link compartilhado,link compartilhado
instagram_csv,,curadobia,link compartilhado,link compartilhado
instagram_csv,,curadobia,link compartilhado,link compartilhado
instagram_csv,,curadobia,link compartilhado,link compartilhado
instagram_csv,,cliente,essa gladiadora!! qual o número? tem 37??,essa gladiadora qual o numero tem <num>
instagram_csv,,curadobia,link compartilhado,link compartilhado
instagram_csv,,curadobia,infelizmente esse evento acontece um único dia,infelizmente esse evento acontece um unico dia
instagram_csv,,curadobia,link compartilhado,link compartilhado
instagram_csv,,curadobia,link compartilhado,link compartilhado
instagram_csv,,curadobia,link compartilhado,link compartilhado
instagram_csv,,curadobia,"olá anna, tem sim tamanho 37",ola anna tem sim tamanho <num>
instagram_csv,,cliente,curtiu uma mensagem,curtiu uma mensagem
instagram_csv,,cliente,curtiu uma mensagem,curtiu uma mensagem
instagram_csv,,cliente,curtiu uma mensagem,curtiu uma mensagem
instagram_csv,,cliente,curtiu uma mensagem,curtiu uma mensagem
instagram_csv,,cliente,e tem ela preta?,e tem ela preta
instagram_csv,,curadobia,"oi, anna! acabamos de olhar no nosso estoque, temos 1 preta no tamanho 37. você deseja?😍",oi anna acabamos de olhar no nosso estoque temos <num> preta no tamanho <num> voce deseja
instagram_csv,,curadobia,"oi, maria! tudo bem? bom dia! nosso evento é exclusivo para nossas clientes conhecerem o mix de perto e ocorre duas vezes ao ano. o próximo será em novembro, te esperamos!",oi maria tudo bem bom dia nosso evento e exclusivo para nossas clientes conhecerem o mix de perto e ocorre duas vezes ao ano o proximo sera em novembro te esperamos
instagram_csv,,curadobia,"oi, paola! como vai? temos ela disponível do tamanho 38 ao 46!",oi paola como vai temos ela disponivel do tamanho <num> ao <num>
instagram_csv,,curadobia,valor: 890,valor <num>
instagram_csv,,cliente,"eu quero sim, mas vc poderia me enviar a foto do modelo só pra eu confirmar",eu quero sim mas vc poderia me enviar a foto do modelo so pra eu confirmar
instagram_csv,,curadobia,claro!,claro
instagram_csv,,curadobia,https://www.curadobia.com.br/paula-ferber/produto/gladiadora-organica-preto-cirre-paula-ferber,<url>
instagram_csv,,curadobia,é essa?,e essa
instagram_csv,,cliente,"vou querer a 46, qual é sua chave pix?",vou querer a <num> qual e sua chave pix
instagram_csv,,curadobia,"paola, nossas vendas são realizadas pelo nosso site, te encaminho abaixo o link para que você possa acessar e fechar seu pedido:",paola nossas vendas sao realizadas pelo nosso site te encaminho abaixo o link para que voce possa acessar e fechar seu pedido
instagram_csv,,cliente,yes!!,yes
instagram_csv,,curadobia,https://www.curadobia.com.br/fernanda-yamamoto/produto/blusa-modernosa,<url>
instagram_csv,,curadobia,"qualquer coisa, sigo aqui! me chamo ana",qualquer coisa sigo aqui me chamo ana
instagram_csv,,cliente,37?? não creio,<num> nao creio
instagram_csv,,curadobia,"sim!! estoque atualizado especialmente para você, anna. agora ela é a única no estoque",sim estoque atualizado especialmente para voce anna agora ela e a unica no estoque
instagram_csv,,cliente,tô de olho faz tempooo,to de olho faz tempooo
instagram_csv,,cliente,"tá ótimo, obrigada",ta otimo obrigada
instagram_csv,,cliente,certo. qual o link da compra?,certo qual o link da compra
instagram_csv,,curadobia,esse mesmo que te mandei acima,esse mesmo que te mandei acima
instagram_csv,,cliente,maravilha,maravilha
instagram_csv,,curadobia,"qualquer coisa, sigo aqui! me chamo ana também🥰",qualquer coisa sigo aqui me chamo ana tambem
instagram_csv,,cliente,obrigada ana!!,obrigada ana
instagram_csv,,cliente,curtiu uma mensagem,curtiu uma mensagem
instagram_csv,,cliente,compra realizada,compra realizada
instagram_csv,,cliente,eu não recebi email confirmando a compra...,eu nao recebi email confirmando a compra
instagram_csv,,cliente,"gostei do conjunto, mas não vi no site",gostei do conjunto mas nao vi no site
instagram_csv,,curadobia,"oi, anna! sua compra foi realizada com sucesso, pode ficar tranquila, já conferimos aqui direitinho para você",oi anna sua compra foi realizada com sucesso pode ficar tranquila ja conferimos aqui direitinho para voce
instagram_csv,,cliente,🥰,
instagram_csv,,curadobia,link compartilhado,link compartilhado
instagram_csv,,cliente,[sem conteúdo detectável],sem conteudo detectavel
instagram_csv,,curadobia,[sem conteúdo detectável],sem conteudo detectavel
instagram_csv,,curadobia,[sem conteúdo detectável],sem conteudo detectavel
instagram_csv,,cliente,[sem conteúdo detectável],sem conteudo detectavel
instagram_csv,,cliente,foi muito legal,foi muito legal
instagram_csv,,cliente,eu adorei !! ja usei minha saia hj,eu adorei ja usei minha saia hj
instagram_csv,,cliente,[sem conteúdo detectável],sem conteudo detectavel
instagram_csv,,curadobia,ah que otimo monica! deve ter ficado incrível com toda a sua bossa,ah que otimo monica deve ter ficado incrivel com toda a sua bossa
instagram_csv,,cliente,❤️❤️❤️❤️❤️,
instagram_csv,,cliente,vamos pensar no q podemos fazer juntas🌺🌺,vamos pensar no q podemos fazer juntas
instagram_csv,,cliente,olá,ola
instagram_csv,,cliente,como eu poderia rastrear minha compra?,como eu poderia rastrear minha compra
instagram_csv,,curadobia,vamos super! ✨,vamos super
instagram_csv,,cliente,bia sent an attachment.,bia sent an attachment
instagram_csv,,cliente,bia sent an attachment.,bia sent an attachment
instagram_csv,,cliente,bom dia,bom dia
instagram_csv,,cliente,por onde posso acompanhar o envio da minha compra?,por onde posso acompanhar o envio da minha compra
instagram_csv,,curadobia,"olá anna, bom dia! seu produto vou enviado dia 08/05. você consegue acompanhar tudo pelo codigo de rastreio abaixo",ola anna bom dia seu produto vou enviado dia <num> <num> voce consegue acompanhar tudo pelo codigo de rastreio abaixo
instagram_csv,,curadobia,am407406766br,am <num> br
instagram_csv,,curadobia,qualquer dúvida por favor nos avise. 😉,qualquer duvida por favor nos avise
instagram_csv,,cliente,obrigada,obrigada
instagram_csv,,cliente,[sem conteúdo detectável],sem conteudo detectavel
instagram_csv,,cliente,[sem conteúdo detectável],sem conteudo detectavel
instagram_csv,,cliente,[sem conteúdo detectável],sem conteudo detectavel
instagram_csv,,cliente,"oi tudo bem? está com algum problema no site para pagar com cartão de crédito, o código cvv some",oi tudo bem esta com algum problema no site para pagar com cartao de credito o codigo cvv some
instagram_csv,,cliente,oiiii tudo bem?,oiiii tudo bem
instagram_csv,,cliente,imagem enviada,imagem enviada
instagram_csv,,cliente,quanto tá essa blusa?,quanto ta essa blusa
instagram_csv,,curadobia,https://www.curadobia.com.br/lounge-39/produto/blusa-pah,<url>
instagram_csv,,curadobia,"ola emily, td bem? segue aqui os detalhes da blusa que gostou. qualquer duvida estamos a disposição.",ola emily td bem segue aqui os detalhes da blusa que gostou qualquer duvida estamos a disposicao
instagram_csv,,cliente,obrigada,obrigada
instagram_csv,,curadobia,"olá priscila, td bem e vc? acabamos de fazer alguns testes e esta funcionando normalmente. poderia testar novamente para ver se da certo?",ola priscila td bem e vc acabamos de fazer alguns testes e esta funcionando normalmente poderia testar novamente para ver se da certo
instagram_csv,,curadobia,pedimos desculpas pelo transtorno.,pedimos desculpas pelo transtorno
instagram_csv,,curadobia,qualquer coisa seguimos a disposição por aqui ok?,qualquer coisa seguimos a disposicao por aqui ok
instagram_csv,,cliente,[sem conteúdo detectável],sem conteudo detectavel
instagram_csv,,curadobia,[sem conteúdo detectável],sem conteudo detectavel
instagram_csv,,cliente,[sem conteúdo detectável],sem conteudo detectavel
instagram_csv,,cliente,ok. obrigada 😊,ok obrigada
instagram_csv,,cliente,[sem conteúdo detectável],sem conteudo detectavel
instagram_csv,,curadobia,[sem conteúdo detectável],sem conteudo detectavel
instagram_csv,,curadobia,link compartilhado,link compartilhado
instagram_csv,,cliente,olá algum cupom de desconto na primeira compra?,ola algum cupom de desconto na primeira compra
instagram_csv,,curadobia,"oi, tatiana! tudo bem? infelizmente não temos o cupom",oi tatiana tudo bem infelizmente nao temos o cupom
instagram_csv,,curadobia,sigo aqui para o que você precisar,sigo aqui para o que voce precisar
instagram_csv,,cliente,oi! tudo certinho por aí? 💚 somos a ēcru e trabalhamos com embalagens sustentáveis e personalizáveis feitas em algodão cru! nossos principais produtos são: 💚 necessaire 💚 saquinhos 💚 ecobags nos identificamos muito com a sua empresa e adoraríamos te apresentar nosso catálogo! posso te enviar mais informações pelo e-mail ou whatsapp? ah! também aceitamos propostas de orçamento ou cobrimos valores de outros fornecedores!,oi tudo certinho por ai somos a ecru e trabalhamos com embalagens sustentaveis e personalizaveis feitas em algodao cru nossos principais produtos sao necessaire saquinhos ecobags nos identificamos muito com a sua empresa e adorariamos te apresentar nosso catalogo posso te enviar mais informacoes pelo e mail ou whatsapp ah tambem aceitamos propostas de orcamento ou cobrimos valores de outros fornecedores
instagram_csv,,cliente,bia sent an attachment.,bia sent an attachment
instagram_csv,,cliente,[sem conteúdo detectável],sem conteudo detectavel
instagram_csv,,curadobia,😍,
instagram_csv,,curadobia,link compartilhado,link compartilhado
instagram_csv,,cliente,bia sent an attachment.,bia sent an attachment
instagram_csv,,cliente,[sem conteúdo detectável],sem conteudo detectavel
instagram_csv,,cliente,[sem conteúdo detectável],sem conteudo detectavel
instagram_csv,,cliente,olá! como tirar dúvidas de tamanho da peça?,ola como tirar duvidas de tamanho da peca
instagram_csv,,cliente,"boa tarde. estava previsto pra chegar hoje minha encomenda, porém nada foi entregue",boa tarde estava previsto pra chegar hoje minha encomenda porem nada foi entregue
instagram_csv,,cliente,"vc poderia checar se houve algum problema com os correios de são paulo, pois nem chegou no correio de curitiba",vc poderia checar se houve algum problema com os correios de sao paulo pois nem chegou no correio de curitiba
instagram_csv,,cliente,scorro shared a product.,scorro shared a product
instagram_csv,,cliente,quero comprar mas preciso saber se ela calça certinho o número do calço o número 35. devo comprar o mesmo?,quero comprar mas preciso saber se ela calca certinho o numero do calco o numero <num> devo comprar o mesmo
instagram_csv,,curadobia,"olá, pode comprar o numero certinho mesmo.",ola pode comprar o numero certinho mesmo
instagram_csv,,cliente,parece que o contato por aqui não é satisfatório...,parece que o contato por aqui nao e satisfatorio
instagram_csv,,cliente,mari sent an attachment.,mari sent an attachment
instagram_csv,,cliente,oie!! essa calça vai ter reposição na curadoria?,oie essa calca vai ter reposicao na curadoria
instagram_csv,,cliente,bia sent an attachment.,bia sent an attachment
instagram_csv,,cliente,bom dia,bom dia
instagram_csv,,cliente,vc teria alguma informação sobre a minha encomenda?,vc teria alguma informacao sobre a minha encomenda
instagram_csv,,cliente,bia sent an attachment.,bia sent an attachment
instagram_csv,,cliente,link compartilhado,link compartilhado
instagram_csv,,cliente,bia sent an attachment.,bia sent an attachment
instagram_csv,,curadobia,"oi, anna! bom dia, tudo bem? nos desculpe a falta de resposta, vou te mandar mensagem via whatsapp para ficar melhor a nossa comunicação, tudo bem? mas pode ficar tranquila, pois realmente nosso atendimento funciona prioritariamente durante a semana e não vamos te deixar desamparada!",oi anna bom dia tudo bem nos desculpe a falta de resposta vou te mandar mensagem via whatsapp para ficar melhor a nossa comunicacao tudo bem mas pode ficar tranquila pois realmente nosso atendimento funciona prioritariamente durante a semana e nao vamos te deixar desamparada
instagram_csv,,curadobia,"oi, danuza! bom dia, tudo bem? pode nos informar por aqui a dúvida ou se preferir uma comunicação mais ágil pode nos chamar no nosso whatsapp:",oi danuza bom dia tudo bem pode nos informar por aqui a duvida ou se preferir uma comunicacao mais agil pode nos chamar no nosso whatsapp
instagram_csv,,curadobia,+55 11 97231-7025,<num> <num> <num> <num>
instagram_csv,,curadobia,"oi, mari! bom dia, tudo bem? infelizmente essa calça não teremos mais reposição no curadobia. mas estamos com diversas novidades no site. qualquer coisa sigo aqui para o que você precisar!",oi mari bom dia tudo bem infelizmente essa calca nao teremos mais reposicao no curadobia mas estamos com diversas novidades no site qualquer coisa sigo aqui para o que voce precisar
instagram_csv,,curadobia,https://www.curadobia.com.br/my-basic/produto/calca-diferentex,<url>
instagram_csv,,curadobia,https://www.curadobia.com.br/d-aura/produto/calca-facinha,<url>
instagram_csv,,curadobia,https://www.curadobia.com.br/nauanin/produto/calca-terno-fresquinho,<url>
instagram_csv,,curadobia,https://www.curadobia.com.br/nauanin/produto/calca-relax,<url>
instagram_csv,,curadobia,o que acha dessas opções?😃,o que acha dessas opcoes
instagram_csv,,cliente,"oie!!! são lindas... porém aquele modelo foi o que mais me agradou...mas tranquilo, super obrigada pela atenção",oie sao lindas porem aquele modelo foi o que mais me agradou mas tranquilo super obrigada pela atencao
instagram_csv,,curadobia,"olá, bom dia! tudo bem? vocês tem um pdf com o portifolio de produtos que trabalham",ola bom dia tudo bem voces tem um pdf com o portifolio de produtos que trabalham
instagram_zip,2024-10-31 19:48:39.173,Curadobia,Agradecemos o seu interesse e qualquer outra questÃ£o estamos Ã disposiÃ§Ã£o! Equipe Curadobia ð,agradecemos o seu interesse e qualquer outra questa o estamos a disposia a o equipe curadobia d
instagram_zip,2024-10-31 19:48:24.613,Curadobia,"OlÃ¡, Tania! Identificamos o seu comentÃ¡rio interessada nos valores das sandÃ¡lias da Bia! Segue o link para que vocÃª possa conferir com calma: https://www.curadobia.com.br/categorias/collab",ola tania identificamos o seu comenta rio interessada nos valores das sanda lias da bia segue o link para que vocaa possa conferir com calma <url>
instagram_zip,2025-04-07 17:00:51.783,Curadobia,"Oi, Renata! Boa tarde! Ana aqui. VocÃª conseguiu dar uma olhada nas opÃ§Ãµes que te mandei? Qualquer coisa sigo aqui para o que vocÃª precisar ta?",oi renata boa tarde ana aqui vocaa conseguiu dar uma olhada nas opa aues que te mandei qualquer coisa sigo aqui para o que vocaa precisar ta
instagram_zip,2025-04-04 13:58:56.108,Curadobia,Mas temos varias opÃ§Ãµes! Qualquer coisa sigo aqui para te auxiliarð,mas temos varias opa aues qualquer coisa sigo aqui para te auxiliard
instagram_zip,2025-04-04 13:58:37.084,Curadobia,https://www.curadobia.com.br/d-aura/produto/calca-tech-d-aura,<url>
instagram_zip,2025-04-04 13:58:28.047,Curadobia,https://www.curadobia.com.br/cecillia-echenique/produto/pantalona-pah-pre-venda,<url>
instagram_zip,2025-04-04 13:58:08.429,Curadobia,"Com relaÃ§Ã£o a calÃ§a, nÃ³s temos essas duas opÃ§Ãµes que penso que vc pode gostar",com relaa a o a cala a na <num> s temos essas duas opa aues que penso que vc pode gostar
instagram_zip,2025-04-04 13:57:30.941,Curadobia,"OlÃ¡ Renata!! Bom dia, que bom receber mensagem tua! Me chamo Ana e faÃ§o parte do time Curadobia. Nesse lindo look da Bia nÃ³s temos somente a blusa disponÃ­vel no Curadobia âºï¸",ola renata bom dia que bom receber mensagem tua me chamo ana e faa o parte do time curadobia nesse lindo look da bia na <num> s temos somente a blusa disponavel no curadobia aoi
instagram_zip,2025-04-04 12:20:56.365,Dra. Renata Cavalheiro | Oftalmologista,Bom dia. Gostei da calÃ§a. Vai ter no site? Obrigada,bom dia gostei da cala a vai ter no site obrigada
instagram_zip,2025-04-04 12:20:44.777,Dra. Renata Cavalheiro | Oftalmologista,,
instagram_zip,2024-08-04 14:15:45.402,DUE PANNO,DUE sent an attachment.,due sent an attachment
instagram_zip,2025-05-10 14:25:44.374,Curadobia,Qualquer coisa seguimos a disposiÃ§Ã£o por aqui ok?,qualquer coisa seguimos a disposia a o por aqui ok
instagram_zip,2025-05-10 14:25:32.549,Curadobia,Pedimos desculpas pelo transtorno.,pedimos desculpas pelo transtorno
instagram_zip,2025-05-10 14:24:49.419,Curadobia,"OlÃ¡ Priscila, td bem e vc? Acabamos de fazer alguns testes e esta funcionando normalmente. Poderia testar novamente para ver se da certo?",ola priscila td bem e vc acabamos de fazer alguns testes e esta funcionando normalmente poderia testar novamente para ver se da certo
instagram_zip,2025-05-10 13:05:19.563,Priscilla Burity,"Oi tudo bem? EstÃ¡ com algum problema no site para pagar com cartÃ£o de crÃ©dito, o cÃ³digo cvv some",oi tudo bem esta com algum problema no site para pagar com carta o de cra c dito o ca <num> digo cvv some
instagram_zip,2024-08-04 12:31:25.548,MyBasic,MyBasic sent an attachment.,mybasic sent an attachment
instagram_zip,2024-08-04 12:29:33.421,MyBasic,MyBasic sent an attachment.,mybasic sent an attachment
instagram_zip,2025-05-06 15:33:01.712,Instagram User,,
instagram_zip,2025-05-05 16:20:04.523,Instagram User,,
instagram_zip,2025-04-09 19:54:36.605,Instagram User,,
instagram_zip,2025-04-09 19:52:23.821,Curadobia,,
instagram_zip,2025-03-19 15:40:55.219,Curadobia,You sent an attachment.,you sent an attachment
instagram_zip,2025-03-11 17:26:15.880,Instagram User,Que lindooð,que lindood
instagram_zip,2024-09-29 21:32:13.268,Curadobia,Que tamanho costuma usar?,que tamanho costuma usar
instagram_zip,2024-09-29 21:32:03.796,Curadobia,"Ola, boa tarde! O 1 Ã© equivalente ao P , 3 M e 5 G",ola boa tarde o <num> a c equivalente ao p <num> m e <num> g
instagram_zip,2024-09-29 13:35:12.017,Jussara Leprevost,Qual tamanho?,qual tamanho
instagram_zip,2024-09-29 13:35:11.485,Jussara Leprevost,Jussara shared a product.,jussara shared a product
instagram_zip,2024-10-23 19:03:27.509,Silvana Pimenta,Reagiu com ðð¿ Ã sua mensagem,reagiu com dd a sua mensagem
instagram_zip,2024-10-23 16:23:33.413,Curadobia,"OlÃ¡, Silvana! Boa tarde! Tudo bem? Estamos entrando em contato porque identificamos que hÃ¡ um tempo vocÃª demonstrou interesse nas sapatilhas da Bia, que apareceram em um dos nossos reels! Agora eles estÃ£o disponÃ­veis no site do Curadobia! ðð segue o link: https://www.curadobia.com.br/produtos/buscar?search=Paula+ferber Obrigada por nos acompanhar, Silvana! Qualquer dÃºvida, estamos Ã disposiÃ§Ã£o! Equipe Curadobia ð",ola silvana boa tarde tudo bem estamos entrando em contato porque identificamos que ha um tempo vocaa demonstrou interesse nas sapatilhas da bia que apareceram em um dos nossos reels agora eles esta o disponaveis no site do curadobia dd segue o link <url> obrigada por nos acompanhar silvana qualquer daovida estamos a disposia a o equipe curadobia d
instagram_zip,2025-03-10 14:53:12.915,Curadobia,Qualquer coisa sigo aqui!,qualquer coisa sigo aqui
instagram_zip,2025-03-10 14:53:07.944,Curadobia,"Oi Adriana! Bom dia, como vai? Obrigada pelo seu interesse conosco. Estamos fazendo uma repaginaÃ§Ã£o no site e assim que voltarmos te mando o link do nosso conjunto que vocÃª gostou ð¥°",oi adriana bom dia como vai obrigada pelo seu interesse conosco estamos fazendo uma repaginaa a o no site e assim que voltarmos te mando o link do nosso conjunto que vocaa gostou d deg
instagram_zip,2025-03-08 00:49:45.080,Adriana H. Fischmann,CadÃª? Quero,cadaa quero
instagram_zip,2025-05-05 18:26:29.542,Rosa GuimarÃ£es | Cor + Estilo + Imagem,,
instagram_zip,2025-05-05 18:23:42.927,Rosa GuimarÃ£es | Cor + Estilo + Imagem,,
instagram_zip,2025-05-05 18:19:03.108,Rosa GuimarÃ£es | Cor + Estilo + Imagem,,
instagram_zip,2025-01-20 18:38:59.880,Curadobia,"OlÃ¡ pessoal, como vÃ£o? Meu nome Ã© Ana e trabalho junto com a Bia Paes de Barros no CURADOBIA.COM.BR O Curadobia Ã© um marketplace que nasceu com o propÃ³sito de reunir em um sÃ³ lugar peÃ§as que fazem toda a diferenÃ§a no armÃ¡rio e ao mesmo tempo sÃ£o fÃ¡ceis de usar: os chamados neutros com tcharanz. Acreditamos que a ROCIO CANVAS super se conecta com essa proposta. Com quem poderia conversar para falar mais sobre? Aguardo vocÃªs!",ola pessoal como va o meu nome a c ana e trabalho junto com a bia paes de barros no curadobia com br o curadobia a c um marketplace que nasceu com o propa <num> sito de reunir em um sa <num> lugar pea as que fazem toda a diferena a no arma rio e ao mesmo tempo sa o fa ceis de usar os chamados neutros com tcharanz acreditamos que a rocio canvas super se conecta com essa proposta com quem poderia conversar para falar mais sobre aguardo vocaas
instagram_zip,2025-02-14 18:34:34.526,Joana Ribeiro (Joe),"Obrigada pelo retorno, as peÃ§as sÃ£o incrÃ­veis! Ã que me apaixonei por essa calÃ§a, entÃ£o foi ela que me prendeu o olhar! ðâºï¸",obrigada pelo retorno as pea as sa o incraveis a que me apaixonei por essa cala a enta o foi ela que me prendeu o olhar daoi
instagram_zip,2025-02-14 15:47:48.116,Curadobia,Seguimos a disposiÃ§Ã£o para o que precisar!,seguimos a disposia a o para o que precisar
instagram_zip,2025-02-14 15:47:37.324,Curadobia,"OlÃ¡! Que bom que vocÃª se interessou por nÃ³s!! Muito bom receber tua mensagem, Joana. Infelizmente essa calÃ§a nÃ£o estÃ¡ no Curadobia e Ã© acervo pessoal da Bia mesmoð Esse video tem a finalidade de apresentar as nossas camisas ð esperamos que goste!!",ola que bom que vocaa se interessou por na <num> s muito bom receber tua mensagem joana infelizmente essa cala a na o esta no curadobia e a c acervo pessoal da bia mesmod esse video tem a finalidade de apresentar as nossas camisas d esperamos que goste
instagram_zip,2025-02-13 14:53:06.278,Joana Ribeiro (Joe),,
instagram_zip,2025-02-13 14:52:54.963,Joana Ribeiro (Joe),"Oi Time da Curadobia tudo bem? Sou Joana, sigo o perfil e amo! Tem uma calÃ§a que vi numa propaganda, que me apaixonei, mas nÃ£o encontrei no site. Queria saber de onde ela Ã©, por favor. Se puderem, vocÃªs me contam? Super obrigada! Bj",oi time da curadobia tudo bem sou joana sigo o perfil e amo tem uma cala a que vi numa propaganda que me apaixonei mas na o encontrei no site queria saber de onde ela a c por favor se puderem vocaas me contam super obrigada bj
instagram_zip,2024-08-22 12:55:32.122,Camila Soeiro Consultoria,ð,d
instagram_zip,2024-08-14 10:30:24.168,Camila Soeiro Consultoria,,
instagram_zip,2024-08-04 15:34:50.934,Camila Soeiro Consultoria,,
instagram_zip,2025-04-04 17:05:16.955,Curadobia,,
instagram_zip,2025-04-04 16:44:43.707,D-AURA,,
instagram_zip,2025-04-03 12:54:57.638,D-AURA,,
instagram_zip,2024-11-05 19:30:07.555,D-AURA,,
instagram_zip,2024-10-22 17:31:00.710,D-AURA,,
instagram_zip,2024-09-28 12:12:37.252,D-AURA,,
instagram_zip,2025-04-10 18:24:27.001,Curadobia,"OlÃ¡, tudo bem? Sobre qual funcionamento deseja saber?",ola tudo bem sobre qual funcionamento deseja saber
instagram_zip,2025-04-10 18:06:18.965,M A R T I N  M E D E I R O S  | 100% LINHO,Adorei! Como funciona ?ð¤©,adorei como funciona d c
instagram_zip,2024-10-21 17:01:44.920,Curadobia,"OlÃ¡, gostarÃ­amos de orÃ§ar com vocÃªs o aluguel de algumas peÃ§as/objetos de vocÃªs para um dia de evento que vamos fazer. Ã possÃ­vel? Obrigada desde jÃ¡!",ola gostaraamos de ora ar com vocaas o aluguel de algumas pea as objetos de vocaas para um dia de evento que vamos fazer a possavel obrigada desde ja
instagram_zip,2024-10-23 15:59:04.621,Curadobia,"OlÃ¡, Alessandra! Boa tarde! Tudo bem? Estamos entrando em contato porque identificamos que hÃ¡ um tempo vocÃª demonstrou interesse nas sandÃ¡lias da Bia, que apareceram em um dos nossos reels! Agora eles estÃ£o disponÃ­veis no site do Curadobia! ðð segue o link: https://www.curadobia.com.br/produtos/buscar?search=Paula+ferber Obrigada por nos acompanhar, Alessandra! Qualquer dÃºvida, estamos Ã disposiÃ§Ã£o! Equipe Curadobia ð",ola alessandra boa tarde tudo bem estamos entrando em contato porque identificamos que ha um tempo vocaa demonstrou interesse nas sanda lias da bia que apareceram em um dos nossos reels agora eles esta o disponaveis no site do curadobia dd segue o link <url> obrigada por nos acompanhar alessandra qualquer daovida estamos a disposia a o equipe curadobia d
instagram_zip,2024-12-04 02:30:00.746,CECILIA ECHENIQUE I Moda e design de objetos,,
instagram_zip,2024-12-04 02:29:47.426,CECILIA ECHENIQUE I Moda e design de objetos,,
instagram_zip,2024-12-03 20:23:14.030,CECILIA ECHENIQUE I Moda e design de objetos,TÃ´ chegando!,ta chegando
instagram_zip,2024-11-29 20:05:02.633,CECILIA ECHENIQUE I Moda e design de objetos,CECILIA sent an attachment.,cecilia sent an attachment
instagram_zip,2024-10-22 12:49:50.501,CECILIA ECHENIQUE I Moda e design de objetos,CECILIA sent an attachment.,cecilia sent an attachment
instagram_zip,2024-10-10 21:41:00.094,CECILIA ECHENIQUE I Moda e design de objetos,Tutu. Meu filho Ã© Tutu. Arthur kkkk,tutu meu filho a c tutu arthur kkkk
instagram_zip,2024-07-31 18:07:46.407,CECILIA ECHENIQUE I Moda e design de objetos,,
instagram_zip,2024-07-31 17:22:16.288,Curadobia,,
instagram_zip,2024-07-31 15:52:21.306,CECILIA ECHENIQUE I Moda e design de objetos,,
instagram_zip,2024-07-31 01:35:35.955,CECILIA ECHENIQUE I Moda e design de objetos,CECILIA sent an attachment.,cecilia sent an attachment
instagram_zip,2024-07-15 16:25:55.126,CECILIA ECHENIQUE I Moda e design de objetos,,
instagram_zip,2024-09-02 12:02:16.701,Curadobia,NÃ£o temos cupom de desconto no momento,na o temos cupom de desconto no momento
instagram_zip,2024-09-02 12:02:08.420,Curadobia,"OlÃ¡ Kari, bom dia! Tudo bem?",ola kari bom dia tudo bem
instagram_zip,2024-09-01 17:59:31.311,Kari Kotake,Tem cupom de desconto primeira compra?,tem cupom de desconto primeira compra
instagram_zip,2025-01-20 18:46:47.862,Curadobia,"OlÃ¡! Como vai? Muito prazer, meu nome Ã© Ana e trabalho aqui no Curadobia. NÃ£o sei se recordam, porÃ©m conversamos no primeiro semestre do ano passado (2024) sobre esse projeto da Bia Paes de Barros. Desde lÃ¡, evoluÃ­mos bastante e estamos concretizados como um marketplace em potencial crescimento. Queremos compartilhar com vocÃªs nosso site para darem uma olhada CURADOBIA.COM.BR Ainda temos a Toruss em foco! O que acham de retomarmos contato? Aguardo vocÃªs!",ola como vai muito prazer meu nome a c ana e trabalho aqui no curadobia na o sei se recordam pora c m conversamos no primeiro semestre do ano passado <num> sobre esse projeto da bia paes de barros desde la evoluamos bastante e estamos concretizados como um marketplace em potencial crescimento queremos compartilhar com vocaas nosso site para darem uma olhada curadobia com br ainda temos a toruss em foco o que acham de retomarmos contato aguardo vocaas
instagram_zip,2024-12-01 22:20:19.793,bibshoffmann,Curtiu uma mensagem,curtiu uma mensagem
instagram_zip,2024-12-01 13:42:08.489,Curadobia,Rua Peixoto Gomite 1781,rua peixoto gomite <num>
instagram_zip,2024-12-01 13:41:57.219,Curadobia,Dia 3/12 das 12hs as 20hs,dia <num> <num> das <num> hs as <num> hs
instagram_zip,2024-12-01 13:38:28.225,Curadobia,Sera um dia de vendas presenciais de todas as peÃ§as do mix ð,sera um dia de vendas presenciais de todas as pea as do mix d
instagram_zip,2024-11-30 00:47:40.721,bibshoffmann,OlÃ¡!! Como vai funcionar? Onde vai ser? Obrigada!!,ola como vai funcionar onde vai ser obrigada
instagram_zip,2024-12-01 13:37:34.494,Curadobia,https://www.curadobia.com.br/olive-you/produto/macacao-cool-olive-you-U7XA,<url>
instagram_zip,2024-12-01 12:38:50.539,Iveasey,De onde Ã© esse MacacÃ£o maravilhoso!!! Amo â¤ï¸,de onde a c esse macaca o maravilhoso amo a i
instagram_zip,2024-12-01 12:38:50.272,Iveasey,Iveasey sent an attachment.,iveasey sent an attachment
instagram_zip,2025-03-14 09:49:44.554,Curadobia,https://www.curadobia.com.br/cecillia-echenique/produto/pantalona-pah-pre-venda,<url>
instagram_zip,2025-03-14 09:49:13.808,Curadobia,"Bom dia Maria Luiza, que bacana que se interessou por essa calÃ§a. Ela Ã© muito especial mesmo. O valor R$ 990,00. Caso tenha mais alguma duvida nÃ£o deixe de nos constatar. Equipe Curadobia â¨",bom dia maria luiza que bacana que se interessou por essa cala a ela a c muito especial mesmo o valor r <num> <num> caso tenha mais alguma duvida na o deixe de nos constatar equipe curadobia a
instagram_zip,2025-03-13 22:28:35.839,Maria luiza Souza Pinto Soeiro,Qual o preÃ§o?,qual o prea o
instagram_zip,2025-03-13 22:28:24.169,Maria luiza Souza Pinto Soeiro,Que calÃ§a maravilhosa,que cala a maravilhosa
instagram_zip,2024-11-02 04:08:18.799,Maria luiza Souza Pinto Soeiro,Lindas !!,lindas
instagram_zip,2024-11-01 13:55:41.484,Maria luiza Souza Pinto Soeiro,Reagiu com ð Ã sua mensagem,reagiu com d a sua mensagem
instagram_zip,2024-11-01 13:37:06.621,Curadobia,"Ola Maria Luiza, td bem? Obrigada pelo seu interesse. A sandalia Ã© feita de um material elÃ¡stico que parece um neoprene. Para trazer conforto e se moldar nos pÃ©s. ð",ola maria luiza td bem obrigada pelo seu interesse a sandalia a c feita de um material ela stico que parece um neoprene para trazer conforto e se moldar nos pa c s d
instagram_zip,2024-10-31 22:05:47.974,Maria luiza Souza Pinto Soeiro,Ã acolchoada ?,a acolchoada
instagram_zip,2024-10-31 22:05:47.596,Maria luiza Souza Pinto Soeiro,Maria shared a product.,maria shared a product
instagram_zip,2024-10-25 21:39:42.518,Maria luiza Souza Pinto Soeiro,Obrigada !!,obrigada
instagram_zip,2024-10-25 17:45:42.535,Curadobia,"OlÃ¡, Maria! Tudo bem? Obrigada por ter entrado em contato conosco! Te aconselhamos comprar o seu numero mesmo. No caso, o tamanho 36! Qualquer outra dÃºvida pode sempre entrar em contato conosco! Equipe Curadobia ð",ola maria tudo bem obrigada por ter entrado em contato conosco te aconselhamos comprar o seu numero mesmo no caso o tamanho <num> qualquer outra daovida pode sempre entrar em contato conosco equipe curadobia d
instagram_zip,2024-10-25 17:36:24.314,Maria luiza Souza Pinto Soeiro,Essa sandÃ¡lia calÃ§a certo ?CalÃ§o 36 .SerÃ¡ que preciso comprar 37 ?,essa sanda lia cala a certo cala o <num> sera que preciso comprar <num>
instagram_zip,2024-10-25 17:36:23.923,Maria luiza Souza Pinto Soeiro,Maria shared a product.,maria shared a product
instagram_zip,2024-10-25 17:32:29.987,Maria luiza Souza Pinto Soeiro,Maria shared a product.,maria shared a product
instagram_zip,2025-02-21 01:41:38.250,Pri Lima,Curtiu uma mensagem,curtiu uma mensagem
instagram_zip,2025-02-20 17:53:54.384,Curadobia,"Oi, Pri! EstÃ£o entrando muitas marcas incrÃ­veis novas no Curadobia. PorÃ©m, a Oysho nÃ£o Ã© uma delasð",oi pri esta o entrando muitas marcas incraveis novas no curadobia pora c m a oysho na o a c uma delasd
instagram_zip,2025-02-20 14:42:15.281,Pri Lima,VocÃªs irao vender Oysho????,vocaas irao vender oysho
instagram_zip,2025-02-20 14:41:48.125,Pri Lima,Pri sent an attachment.,pri sent an attachment
instagram_zip,2025-05-19 12:50:18.868,Bia Paes de Barros,Bia sent an attachment.,bia sent an attachment
instagram_zip,2025-05-19 12:49:27.928,Bia Paes de Barros,,
instagram_zip,2025-05-19 12:25:48.641,Bia Paes de Barros,Bia sent an attachment.,bia sent an attachment
instagram_zip,2025-05-19 11:30:10.178,Bia Paes de Barros,Bia sent an attachment.,bia sent an attachment
instagram_zip,2025-05-15 12:47:36.974,Bia Paes de Barros,,
instagram_zip,2025-05-14 12:23:49.837,Bia Paes de Barros,Bia sent an attachment.,bia sent an attachment
instagram_zip,2025-05-13 11:02:36.695,Bia Paes de Barros,Bia sent an attachment.,bia sent an attachment
instagram_zip,2025-05-12 12:52:10.790,Bia Paes de Barros,,
instagram_zip,2025-05-09 15:33:30.715,Bia Paes de Barros,,
instagram_zip,2025-05-09 12:10:37.790,Bia Paes de Barros,Bia sent an attachment.,bia sent an attachment
instagram_zip,2025-05-09 11:59:40.603,Bia Paes de Barros,Bia sent an attachment.,bia sent an attachment
instagram_zip,2025-05-08 12:41:43.058,Bia Paes de Barros,,
instagram_zip,2025-05-06 15:44:11.200,Bia Paes de Barros,,
instagram_zip,2025-05-06 14:08:35.087,Bia Paes de Barros,,
instagram_zip,2025-05-06 13:04:31.637,Curadobia,,
instagram_zip,2025-05-06 12:39:30.271,Bia Paes de Barros,,
instagram_zip,2025-05-05 22:04:37.095,Curadobia,,
instagram_zip,2025-05-05 22:04:29.615,Curadobia,,
instagram_zip,2025-05-05 22:04:20.604,Curadobia,,
instagram_zip,2025-05-05 22:04:12.742,Curadobia,,
instagram_zip,2025-05-05 21:38:33.083,Bia Paes de Barros,,
instagram_zip,2025-05-05 21:38:28.488,Bia Paes de Barros,,
instagram_zip,2025-05-05 21:38:23.590,Bia Paes de Barros,,
instagram_zip,2025-05-05 21:38:18.713,Bia Paes de Barros,,
instagram_zip,2025-05-05 21:38:13.772,Bia Paes de Barros,,
instagram_zip,2025-05-05 21:38:08.925,Bia Paes de Barros,,
instagram_zip,2025-05-04 15:37:10.455,Bia Paes de Barros,Bia sent an attachment.,bia sent an attachment
instagram_zip,2025-05-04 13:33:39.164,Bia Paes de Barros,Bia sent an attachment.,bia sent an attachment
instagram_zip,2025-05-04 13:24:27.393,Bia Paes de Barros,,
instagram_zip,2025-05-04 12:30:04.985,Bia Paes de Barros,Bia sent an attachment.,bia sent an attachment
instagram_zip,2025-04-29 15:57:14.820,Bia Paes de Barros,,
instagram_zip,2025-04-28 13:21:40.256,Bia Paes de Barros,,
instagram_zip,2025-04-28 13:20:50.989,Bia Paes de Barros,,
instagram_zip,2025-04-27 16:09:35.056,Bia Paes de Barros,Bia sent an attachment.,bia sent an attachment
instagram_zip,2025-04-27 16:06:15.850,Bia Paes de Barros,Bia sent an attachment.,bia sent an attachment
instagram_zip,2025-04-27 13:48:26.272,Bia Paes de Barros,Bia sent an attachment.,bia sent an attachment
instagram_zip,2025-04-25 14:11:14.656,Curadobia,,
instagram_zip,2025-04-24 18:31:27.817,Bia Paes de Barros,,
instagram_zip,2025-04-21 21:57:43.626,Bia Paes de Barros,Bia sent an attachment.,bia sent an attachment
instagram_zip,2025-04-19 12:23:22.735,Bia Paes de Barros,Bia sent an attachment.,bia sent an attachment
instagram_zip,2025-04-18 12:47:32.010,Bia Paes de Barros,Bia sent an attachment.,bia sent an attachment
instagram_zip,2025-04-13 19:49:52.270,Bia Paes de Barros,Curtiu uma mensagem,curtiu uma mensagem
instagram_zip,2025-04-13 19:20:07.708,Curadobia,,
instagram_zip,2025-04-13 19:19:10.804,Bia Paes de Barros,,
instagram_zip,2025-04-13 19:19:06.893,Bia Paes de Barros,,
instagram_zip,2025-04-13 19:19:03.136,Bia Paes de Barros,,
instagram_zip,2025-04-13 19:18:58.527,Bia Paes de Barros,,
instagram_zip,2025-04-13 19:02:09.072,Bia Paes de Barros,Bia sent an attachment.,bia sent an attachment
instagram_zip,2025-04-13 18:56:55.219,Bia Paes de Barros,Bia sent an attachment.,bia sent an attachment
instagram_zip,2025-04-13 18:51:22.273,Bia Paes de Barros,,
instagram_zip,2025-04-13 13:36:23.022,Bia Paes de Barros,Bia sent an attachment.,bia sent an attachment
instagram_zip,2025-04-13 13:07:20.296,Bia Paes de Barros,,
instagram_zip,2025-04-13 12:28:04.718,Bia Paes de Barros,,
instagram_zip,2025-04-13 12:00:05.194,Bia Paes de Barros,Bia sent an attachment.,bia sent an attachment
instagram_zip,2025-04-11 17:17:50.532,Bia Paes de Barros,,
instagram_zip,2025-04-10 16:03:18.828,Bia Paes de Barros,Bia sent an attachment.,bia sent an attachment
instagram_zip,2025-04-10 11:38:02.712,Bia Paes de Barros,Bia sent an attachment.,bia sent an attachment
instagram_zip,2025-04-09 19:52:23.827,Curadobia,,
instagram_zip,2025-04-07 15:19:47.762,Curadobia,,
instagram_zip,2025-04-07 15:15:22.554,Curadobia,,
instagram_zip,2025-04-07 13:10:50.537,Bia Paes de Barros,,
instagram_zip,2025-04-05 14:34:20.855,Bia Paes de Barros,Bia sent an attachment.,bia sent an attachment
instagram_zip,2025-04-05 14:33:56.168,Bia Paes de Barros,Bia sent an attachment.,bia sent an attachment
instagram_zip,2025-04-04 14:59:17.463,Bia Paes de Barros,,
instagram_zip,2025-04-04 13:49:45.277,Curadobia,,
instagram_zip,2025-04-04 13:49:26.866,Curadobia,,
instagram_zip,2025-04-04 11:57:10.703,Bia Paes de Barros,Bia sent an attachment.,bia sent an attachment
instagram_zip,2025-04-03 21:32:40.264,Bia Paes de Barros,,
instagram_zip,2025-04-03 21:28:02.815,Bia Paes de Barros,,
instagram_zip,2025-04-03 12:26:08.986,Bia Paes de Barros,,
instagram_zip,2025-04-02 13:38:52.840,Bia Paes de Barros,,
instagram_zip,2025-03-31 21:09:59.769,Bia Paes de Barros,,
instagram_zip,2025-03-31 18:28:34.927,Bia Paes de Barros,,
instagram_zip,2025-03-30 19:38:13.413,Bia Paes de Barros,Bia sent an attachment.,bia sent an attachment
instagram_zip,2025-03-30 18:38:23.325,Bia Paes de Barros,Bia sent an attachment.,bia sent an attachment
instagram_zip,2025-03-30 16:17:03.941,Curadobia,,
instagram_zip,2025-03-30 16:16:52.303,Curadobia,,
instagram_zip,2025-03-30 16:16:38.527,Curadobia,,
instagram_zip,2025-03-30 16:16:29.017,Curadobia,,
instagram_zip,2025-03-30 16:15:57.858,Curadobia,,
instagram_zip,2025-03-30 12:10:26.347,Bia Paes de Barros,Bia sent an attachment.,bia sent an attachment
instagram_zip,2025-03-30 12:08:45.737,Bia Paes de Barros,,
instagram_zip,2025-03-30 12:06:35.973,Bia Paes de Barros,,
instagram_zip,2025-03-30 12:03:47.318,Bia Paes de Barros,,
instagram_zip,2025-03-30 12:01:54.674,Bia Paes de Barros,Bia sent an attachment.,bia sent an attachment
instagram_zip,2025-03-30 11:56:44.182,Bia Paes de Barros,,
instagram_zip,2025-03-30 11:50:59.556,Bia Paes de Barros,,
instagram_zip,2025-03-30 11:30:03.376,Bia Paes de Barros,Bia sent an attachment.,bia sent an attachment
instagram_zip,2025-03-28 13:19:46.011,Bia Paes de Barros,,
instagram_zip,2025-03-26 15:10:14.084,Bia Paes de Barros,,
instagram_zip,2025-03-25 12:14:14.111,Bia Paes de Barros,Bia sent an attachment.,bia sent an attachment
instagram_zip,2025-03-24 20:58:55.668,Bia Paes de Barros,,
instagram_zip,2025-03-23 22:29:31.339,Bia Paes de Barros,Bia sent an attachment.,bia sent an attachment
instagram_zip,2025-03-23 22:28:26.145,Bia Paes de Barros,Bia sent an attachment.,bia sent an attachment
instagram_zip,2025-03-23 13:00:01.861,Bia Paes de Barros,,
instagram_zip,2025-03-23 12:58:28.722,Bia Paes de Barros,,
instagram_zip,2025-03-23 12:00:04.891,Bia Paes de Barros,Bia sent an attachment.,bia sent an attachment
instagram_zip,2025-03-21 13:29:12.541,Bia Paes de Barros,,
instagram_zip,2025-03-19 15:08:42.906,Curadobia,,
instagram_zip,2025-03-19 12:36:30.429,Bia Paes de Barros,,
instagram_zip,2025-03-19 12:18:16.388,Bia Paes de Barros,,
instagram_zip,2025-03-18 22:11:21.661,Bia Paes de Barros,Bia sent an attachment.,bia sent an attachment
instagram_zip,2025-03-18 00:57:55.291,Bia Paes de Barros,Bia sent an attachment.,bia sent an attachment
instagram_zip,2025-03-18 00:57:09.627,Bia Paes de Barros,Bia sent an attachment.,bia sent an attachment
instagram_zip,2025-03-16 13:28:53.983,Bia Paes de Barros,Bia sent an attachment.,bia sent an attachment
instagram_zip,2025-03-14 13:28:41.880,Bia Paes de Barros,,
instagram_zip,2025-03-13 15:12:33.291,Curadobia,,
instagram_zip,2025-03-13 15:03:09.439,Bia Paes de Barros,,
instagram_zip,2025-03-12 13:32:15.789,Bia Paes de Barros,,
instagram_zip,2025-03-12 00:02:45.938,Bia Paes de Barros,,
instagram_zip,2025-03-11 11:30:04.799,Bia Paes de Barros,Bia sent an attachment.,bia sent an attachment
instagram_zip,2025-03-10 22:02:05.437,Bia Paes de Barros,,
instagram_zip,2025-03-10 13:34:32.450,Bia Paes de Barros,,
instagram_zip,2025-02-24 13:31:39.245,Bia Paes de Barros,,
instagram_zip,2025-02-21 14:51:50.727,Bia Paes de Barros,Bia sent an attachment.,bia sent an attachment
instagram_zip,2025-02-21 14:46:23.786,Bia Paes de Barros,Bia sent an attachment.,bia sent an attachment
instagram_zip,2025-02-21 14:40:01.145,Bia Paes de Barros,Curtiu uma mensagem,curtiu uma mensagem
instagram_zip,2025-02-21 13:46:08.364,Curadobia,,
instagram_zip,2025-02-20 19:23:52.302,Bia Paes de Barros,,
instagram_zip,2025-02-20 15:41:59.437,Curadobia,,
instagram_zip,2025-02-20 15:40:37.767,Bia Paes de Barros,,
instagram_zip,2025-02-20 11:30:05.928,Bia Paes de Barros,Bia sent an attachment.,bia sent an attachment
instagram_zip,2025-02-19 13:01:36.237,Bia Paes de Barros,,
instagram_zip,2025-02-18 17:36:32.927,Curadobia,,
instagram_zip,2025-02-18 17:01:47.238,Bia Paes de Barros,,
instagram_zip,2025-02-18 13:14:43.351,Bia Paes de Barros,Bia sent an attachment.,bia sent an attachment
instagram_zip,2025-02-17 14:55:04.805,Bia Paes de Barros,,
instagram_zip,2025-02-17 13:12:47.643,Bia Paes de Barros,,
instagram_zip,2025-02-16 13:31:46.250,Bia Paes de Barros,Bia sent an attachment.,bia sent an attachment
instagram_zip,2025-02-16 13:28:20.658,Bia Paes de Barros,Bia sent an attachment.,bia sent an attachment
instagram_zip,2025-02-14 17:22:02.349,Curadobia,,
instagram_zip,2025-02-14 16:43:57.903,Bia Paes de Barros,,
instagram_zip,2025-02-13 15:38:25.627,Bia Paes de Barros,,
instagram_zip,2025-02-13 12:50:42.894,Bia Paes de Barros,,
instagram_zip,2025-02-11 16:16:18.222,Bia Paes de Barros,,
instagram_zip,2025-02-11 14:12:05.960,Bia Paes de Barros,Bia sent an attachment.,bia sent an attachment
instagram_zip,2025-02-10 14:25:12.990,Bia Paes de Barros,Bia sent an attachment.,bia sent an attachment
instagram_zip,2025-02-09 22:08:47.643,Bia Paes de Barros,Bia sent an attachment.,bia sent an attachment
instagram_zip,2025-02-07 21:47:39.792,Bia Paes de Barros,Bia sent an attachment.,bia sent an attachment
instagram_zip,2025-02-06 16:12:46.166,Bia Paes de Barros,Bia sent an attachment.,bia sent an attachment
instagram_zip,2025-02-06 16:00:43.778,Bia Paes de Barros,,
instagram_zip,2025-02-06 11:30:05.667,Bia Paes de Barros,Bia sent an attachment.,bia sent an attachment
instagram_zip,2025-02-04 14:44:41.969,Bia Paes de Barros,Curtiu uma mensagem,curtiu uma mensagem
instagram_zip,2025-02-04 13:42:26.104,Curadobia,,
instagram_zip,2025-02-04 13:31:37.791,Bia Paes de Barros,,
instagram_zip,2025-02-03 12:49:54.776,Bia Paes de Barros,,
instagram_zip,2025-02-02 13:06:41.942,Bia Paes de Barros,Bia sent an attachment.,bia sent an attachment
instagram_zip,2025-02-02 12:19:05.583,Bia Paes de Barros,Bia sent an attachment.,bia sent an attachment
instagram_zip,2025-02-02 12:09:37.547,Bia Paes de Barros,Bia sent an attachment.,bia sent an attachment
instagram_zip,2025-01-31 16:20:55.703,Curadobia,,
instagram_zip,2025-01-31 12:42:11.079,Bia Paes de Barros,,
instagram_zip,2025-01-28 12:47:26.726,Bia Paes de Barros,,
instagram_zip,2025-01-27 20:07:16.744,Curadobia,You sent an attachment.,you sent an attachment
instagram_zip,2025-01-27 13:46:31.099,Bia Paes de Barros,,
instagram_zip,2025-01-26 22:39:14.969,Bia Paes de Barros,Bia sent an attachment.,bia sent an attachment
instagram_zip,2025-01-26 22:38:01.744,Bia Paes de Barros,Bia sent an attachment.,bia sent an attachment
instagram_zip,2025-01-26 21:42:21.401,Bia Paes de Barros,Bia sent an attachment.,bia sent an attachment
instagram_zip,2025-01-26 14:14:18.818,Bia Paes de Barros,,
instagram_zip,2025-01-26 13:31:38.457,Bia Paes de Barros,Bia sent an attachment.,bia sent an attachment
instagram_zip,2025-01-26 12:00:21.506,Bia Paes de Barros,Bia sent an attachment.,bia sent an attachment
instagram_zip,2025-01-24 22:09:27.914,Bia Paes de Barros,Bia sent an attachment.,bia sent an attachment
instagram_zip,2025-01-22 12:30:50.551,Bia Paes de Barros,,
instagram_zip,2025-01-20 15:24:36.037,Bia Paes de Barros,https://revistamarieclaire.globo.com/moda/noticia/2024/08/bia-paes-de-barros-usa-expertise-em-consultoria-de-moda-e-lanca-curadoria-de-pecas-em-site-de-garimpo.ghtml?fbclid=PAZXh0bgNhZW0CMTEAAabToOQ7rfT69-14p2vEwWIwwNDqxvDl2MR4HKmRLgelVmjRi66dZ7P8__4_aem_r0oJw7sURovB9xnwNdzvWQ,<url>
instagram_zip,2025-01-20 13:54:18.086,Bia Paes de Barros,,
instagram_zip,2025-01-20 13:13:30.022,Bia Paes de Barros,Bia sent an attachment.,bia sent an attachment
instagram_zip,2025-01-19 20:19:18.803,Bia Paes de Barros,Bia sent an attachment.,bia sent an attachment
instagram_zip,2025-01-18 13:47:54.179,Bia Paes de Barros,Bia sent an attachment.,bia sent an attachment
instagram_zip,2025-01-15 18:13:49.382,Curadobia,,
instagram_zip,2025-01-15 13:18:55.956,Bia Paes de Barros,,
instagram_zip,2025-01-15 13:00:59.437,Curadobia,,
instagram_zip,2025-01-15 12:57:30.842,Bia Paes de Barros,,
instagram_zip,2025-01-15 12:42:15.271,Bia Paes de Barros,,
instagram_zip,2025-01-15 11:20:01.811,Bia Paes de Barros,Bia sent an attachment.,bia sent an attachment
instagram_zip,2025-01-14 17:40:02.138,Curadobia,,
instagram_zip,2025-01-14 12:47:34.518,Bia Paes de Barros,,
instagram_zip,2025-01-14 12:41:04.034,Bia Paes de Barros,Bia sent an attachment.,bia sent an attachment
instagram_zip,2025-01-14 02:08:56.133,Bia Paes de Barros,Bia sent an attachment.,bia sent an attachment
instagram_zip,2025-01-13 13:54:30.876,Curadobia,,
instagram_zip,2025-01-13 13:53:24.814,Bia Paes de Barros,,
instagram_zip,2025-01-13 13:38:56.841,Curadobia,,
instagram_zip,2025-01-13 13:38:05.892,Curadobia,,
instagram_zip,2025-01-13 13:12:34.771,Bia Paes de Barros,,
instagram_zip,2025-01-13 12:59:18.070,Bia Paes de Barros,,
instagram_zip,2025-01-10 21:24:14.768,Bia Paes de Barros,Bia sent an attachment.,bia sent an attachment
instagram_zip,2025-01-09 19:54:20.923,Bia Paes de Barros,Curtiu uma mensagem,curtiu uma mensagem
instagram_zip,2025-01-09 14:42:19.010,Curadobia,,
instagram_zip,2025-01-09 14:41:32.283,Curadobia,,
instagram_zip,2025-01-09 14:40:49.609,Curadobia,,
instagram_zip,2025-01-09 12:53:26.633,Bia Paes de Barros,,
instagram_zip,2025-01-09 12:51:41.397,Bia Paes de Barros,,
instagram_zip,2025-01-09 12:50:17.443,Bia Paes de Barros,,
instagram_zip,2025-01-08 18:18:51.965,Curadobia,,
instagram_zip,2025-01-08 15:08:40.062,Curadobia,,
instagram_zip,2025-01-08 13:07:31.165,Bia Paes de Barros,,
instagram_zip,2025-01-07 18:29:35.872,Bia Paes de Barros,Curtiu uma mensagem,curtiu uma mensagem
instagram_zip,2025-01-07 16:58:46.855,Curadobia,,
instagram_zip,2025-01-07 15:26:19.569,Bia Paes de Barros,,
instagram_zip,2025-01-06 19:40:01.367,Bia Paes de Barros,Curtiu uma mensagem,curtiu uma mensagem
instagram_zip,2025-01-06 17:15:57.390,Curadobia,,
instagram_zip,2025-01-06 16:56:47.129,Bia Paes de Barros,,
instagram_zip,2024-12-21 14:03:24.365,Bia Paes de Barros,Bia sent an attachment.,bia sent an attachment
instagram_zip,2024-12-18 14:01:00.675,Bia Paes de Barros,,
instagram_zip,2024-12-17 18:30:00.234,Curadobia,,
instagram_zip,2024-12-17 17:35:03.317,Bia Paes de Barros,,
instagram_zip,2024-12-16 23:23:58.198,Bia Paes de Barros,,
instagram_zip,2024-12-16 15:23:50.151,Bia Paes de Barros,,
instagram_zip,2024-12-16 13:14:24.507,Bia Paes de Barros,Bia sent an attachment.,bia sent an attachment
instagram_zip,2024-12-16 02:01:20.838,Bia Paes de Barros,Bia sent an attachment.,bia sent an attachment
instagram_zip,2024-12-15 13:00:32.935,Bia Paes de Barros,Bia sent an attachment.,bia sent an attachment
instagram_zip,2024-12-14 20:51:02.428,Bia Paes de Barros,Bia sent an attachment.,bia sent an attachment
instagram_zip,2024-12-14 14:45:17.295,Bia Paes de Barros,Bia sent an attachment.,bia sent an attachment
instagram_zip,2024-12-14 14:23:06.916,Bia Paes de Barros,,
instagram_zip,2024-12-14 14:14:36.537,Bia Paes de Barros,,
instagram_zip,2024-12-14 12:00:26.562,Bia Paes de Barros,Bia sent an attachment.,bia sent an attachment
instagram_zip,2024-12-13 12:34:56.418,Bia Paes de Barros,,
instagram_zip,2024-12-13 12:34:12.451,Bia Paes de Barros,,
instagram_zip,2024-12-11 13:14:20.219,Bia Paes de Barros,,
instagram_zip,2024-12-10 17:33:40.169,Bia Paes de Barros,Bia sent an attachment.,bia sent an attachment
instagram_zip,2024-12-10 15:29:42.396,Bia Paes de Barros,Bia sent an attachment.,bia sent an attachment
instagram_zip,2024-12-09 16:14:58.232,Bia Paes de Barros,,
instagram_zip,2024-12-09 11:53:49.785,Bia Paes de Barros,Bia sent an attachment.,bia sent an attachment
instagram_zip,2024-12-08 23:01:29.930,Bia Paes de Barros,Bia sent an attachment.,bia sent an attachment
instagram_zip,2024-12-08 12:49:31.768,Bia Paes de Barros,Bia sent an attachment.,bia sent an attachment
instagram_zip,2024-12-06 22:12:24.255,Bia Paes de Barros,Bia sent an attachment.,bia sent an attachment
instagram_zip,2024-12-03 20:02:43.564,Curadobia,,
instagram_zip,2024-12-03 19:56:39.209,Curadobia,,
instagram_zip,2024-12-03 17:05:56.419,Bia Paes de Barros,,
instagram_zip,2024-12-03 13:27:11.228,Bia Paes de Barros,,
instagram_zip,2024-12-03 11:35:20.109,Bia Paes de Barros,Bia sent an attachment.,bia sent an attachment
instagram_zip,2024-12-02 20:24:54.659,Bia Paes de Barros,,
instagram_zip,2024-12-02 18:39:10.204,Curadobia,,
instagram_zip,2024-12-02 18:38:57.180,Curadobia,,
instagram_zip,2024-12-02 18:33:38.061,Bia Paes de Barros,,
instagram_zip,2024-12-02 18:28:26.222,Bia Paes de Barros,,
instagram_zip,2024-12-02 11:12:32.027,Bia Paes de Barros,Bia sent an attachment.,bia sent an attachment
instagram_zip,2024-12-01 15:56:27.915,Bia Paes de Barros,Bia sent an attachment.,bia sent an attachment
instagram_zip,2024-12-01 15:56:17.911,Bia Paes de Barros,Bia sent an attachment.,bia sent an attachment
instagram_zip,2024-12-01 15:16:11.285,Bia Paes de Barros,Bia sent an attachment.,bia sent an attachment
instagram_zip,2024-12-01 15:08:44.054,Bia Paes de Barros,Bia sent an attachment.,bia sent an attachment
instagram_zip,2024-12-01 15:08:32.549,Bia Paes de Barros,Bia sent an attachment.,bia sent an attachment
instagram_zip,2024-12-01 15:07:48.729,Bia Paes de Barros,Bia sent an attachment.,bia sent an attachment
instagram_zip,2024-12-01 14:05:26.512,Bia Paes de Barros,Bia sent an attachment.,bia sent an attachment
instagram_zip,2024-12-01 13:16:52.058,Bia Paes de Barros,Bia sent an attachment.,bia sent an attachment
instagram_zip,2024-12-01 12:55:33.394,Bia Paes de Barros,,
instagram_zip,2024-12-01 12:52:28.514,Bia Paes de Barros,,
instagram_zip,2024-12-01 12:48:23.268,Bia Paes de Barros,,
instagram_zip,2024-12-01 12:45:18.820,Bia Paes de Barros,,
instagram_zip,2024-12-01 12:42:10.257,Bia Paes de Barros,Bia sent an attachment.,bia sent an attachment
instagram_zip,2024-12-01 12:41:16.941,Bia Paes de Barros,Bia sent an attachment.,bia sent an attachment
instagram_zip,2024-12-01 12:40:47.947,Bia Paes de Barros,Bia sent an attachment.,bia sent an attachment
instagram_zip,2024-11-29 19:43:27.186,Curadobia,,
instagram_zip,2024-11-29 19:07:05.681,Bia Paes de Barros,,
instagram_zip,2024-11-28 12:25:52.143,Bia Paes de Barros,,
instagram_zip,2024-11-26 21:31:28.785,Bia Paes de Barros,,
instagram_zip,2024-11-26 18:53:59.039,Curadobia,,
instagram_zip,2024-11-26 15:28:11.905,Curadobia,,
instagram_zip,2024-11-26 13:41:45.461,Bia Paes de Barros,,
instagram_zip,2024-11-25 13:46:44.874,Curadobia,,
instagram_zip,2024-11-25 13:46:33.397,Curadobia,,
instagram_zip,2024-11-25 13:46:31.841,Curadobia,,
instagram_zip,2024-11-24 13:30:54.623,Bia Paes de Barros,,
instagram_zip,2024-11-24 13:22:50.097,Bia Paes de Barros,,
instagram_zip,2024-11-24 13:15:00.887,Bia Paes de Barros,,
instagram_zip,2024-11-22 11:19:06.430,Bia Paes de Barros,,
instagram_zip,2024-11-21 12:12:20.813,Bia Paes de Barros,,
instagram_zip,2024-11-20 22:04:19.507,Bia Paes de Barros,Bia sent an attachment.,bia sent an attachment
instagram_zip,2024-11-20 09:59:31.365,Bia Paes de Barros,,
instagram_zip,2024-11-19 16:24:06.745,Curadobia,,
instagram_zip,2024-11-19 16:09:50.846,Bia Paes de Barros,,
instagram_zip,2024-11-18 17:03:09.474,Bia Paes de Barros,,
instagram_zip,2024-11-18 16:46:23.778,Curadobia,,
instagram_zip,2024-11-18 16:33:41.991,Bia Paes de Barros,,
instagram_zip,2024-11-14 21:40:50.113,Bia Paes de Barros,Bia sent an attachment.,bia sent an attachment
instagram_zip,2024-11-13 11:43:23.151,Bia Paes de Barros,,
instagram_zip,2024-11-13 11:41:24.976,Bia Paes de Barros,,
instagram_zip,2024-11-13 11:39:40.606,Bia Paes de Barros,,
instagram_zip,2024-11-13 11:37:53.212,Bia Paes de Barros,,
instagram_zip,2024-11-13 11:35:43.673,Bia Paes de Barros,,
instagram_zip,2024-11-13 11:25:17.346,Bia Paes de Barros,Bia sent an attachment.,bia sent an attachment
instagram_zip,2024-11-11 15:54:27.361,Bia Paes de Barros,Bia sent an attachment.,bia sent an attachment
instagram_zip,2024-11-11 15:38:23.181,Bia Paes de Barros,,
instagram_zip,2024-11-10 13:42:54.870,Curadobia,,
instagram_zip,2024-11-10 13:42:45.253,Curadobia,,
instagram_zip,2024-11-10 13:42:36.691,Curadobia,,
instagram_zip,2024-11-10 13:42:26.963,Curadobia,,
instagram_zip,2024-11-10 13:42:22.545,Curadobia,,
instagram_zip,2024-11-10 13:08:38.532,Bia Paes de Barros,Bia sent an attachment.,bia sent an attachment
instagram_zip,2024-11-10 12:32:11.508,Bia Paes de Barros,,
instagram_zip,2024-11-10 12:31:34.118,Bia Paes de Barros,,
instagram_zip,2024-11-10 12:30:50.204,Bia Paes de Barros,,
instagram_zip,2024-11-10 12:30:12.338,Bia Paes de Barros,,
instagram_zip,2024-11-10 12:29:26.076,Bia Paes de Barros,,
instagram_zip,2024-11-10 12:28:49.793,Bia Paes de Barros,Bia sent an attachment.,bia sent an attachment
instagram_zip,2024-11-07 13:47:12.335,Bia Paes de Barros,,
instagram_zip,2024-11-06 15:42:18.385,Bia Paes de Barros,Curtiu uma mensagem,curtiu uma mensagem
instagram_zip,2024-11-06 14:31:23.443,Curadobia,,
instagram_zip,2024-11-06 13:04:59.109,Bia Paes de Barros,,
instagram_zip,2024-11-05 12:20:40.106,Bia Paes de Barros,,
instagram_zip,2024-11-04 15:55:35.912,Bia Paes de Barros,Bia sent an attachment.,bia sent an attachment
instagram_zip,2024-11-01 23:21:54.236,Bia Paes de Barros,,
instagram_zip,2024-10-31 12:15:33.235,Bia Paes de Barros,Bia sent an attachment.,bia sent an attachment
instagram_zip,2024-10-30 12:48:29.729,Bia Paes de Barros,,
instagram_zip,2024-10-29 12:37:33.428,Bia Paes de Barros,,
instagram_zip,2024-10-29 12:05:59.572,Bia Paes de Barros,Bia sent an attachment.,bia sent an attachment
instagram_zip,2024-10-28 13:24:09.392,Bia Paes de Barros,,
instagram_zip,2024-10-22 15:24:08.160,Curadobia,,
instagram_zip,2024-10-22 12:34:06.715,Bia Paes de Barros,,
instagram_zip,2024-10-20 15:32:06.641,Bia Paes de Barros,Bia sent an attachment.,bia sent an attachment
instagram_zip,2024-10-20 13:02:58.355,Bia Paes de Barros,Bia sent an attachment.,bia sent an attachment
instagram_zip,2024-10-20 12:53:25.584,Curadobia,,
instagram_zip,2024-10-20 12:53:14.150,Curadobia,,
instagram_zip,2024-10-20 12:53:06.287,Curadobia,,
instagram_zip,2024-10-20 12:52:58.826,Curadobia,,
instagram_zip,2024-10-20 12:52:53.198,Curadobia,,
instagram_zip,2024-10-20 12:35:10.398,Bia Paes de Barros,Bia sent an attachment.,bia sent an attachment
instagram_zip,2024-10-20 12:33:24.305,Bia Paes de Barros,,
instagram_zip,2024-10-20 12:32:09.507,Bia Paes de Barros,,
instagram_zip,2024-10-20 12:31:24.054,Bia Paes de Barros,,
instagram_zip,2024-10-20 12:30:36.814,Bia Paes de Barros,,
instagram_zip,2024-10-20 12:29:35.243,Bia Paes de Barros,,
instagram_zip,2024-10-20 12:26:19.745,Bia Paes de Barros,,
instagram_zip,2024-10-20 12:25:34.378,Bia Paes de Barros,,
instagram_zip,2024-10-20 12:24:11.983,Bia Paes de Barros,,
instagram_zip,2024-10-20 12:21:34.317,Bia Paes de Barros,,
instagram_zip,2024-10-20 12:19:06.134,Bia Paes de Barros,,
instagram_zip,2024-10-18 15:31:28.154,Bia Paes de Barros,,
instagram_zip,2024-10-17 16:04:33.109,Curadobia,You shared a product.,you shared a product
instagram_zip,2024-10-17 16:02:06.487,Curadobia,You sent an attachment.,you sent an attachment
instagram_zip,2024-10-16 12:39:58.881,Curadobia,,
instagram_zip,2024-10-15 20:48:40.491,Bia Paes de Barros,,
instagram_zip,2024-10-14 23:21:11.165,Bia Paes de Barros,Bia sent an attachment.,bia sent an attachment
instagram_zip,2024-10-14 12:46:27.122,Bia Paes de Barros,,
instagram_zip,2024-10-11 22:12:02.694,Bia Paes de Barros,Bia sent an attachment.,bia sent an attachment
instagram_zip,2024-10-11 21:54:58.539,Bia Paes de Barros,Bia sent an attachment.,bia sent an attachment
instagram_zip,2024-10-11 16:06:18.651,Bia Paes de Barros,,
instagram_zip,2024-10-09 13:08:09.692,Bia Paes de Barros,,
instagram_zip,2024-10-08 13:13:51.333,Bia Paes de Barros,,
instagram_zip,2024-10-03 13:56:11.025,Bia Paes de Barros,,
instagram_zip,2024-09-30 11:49:22.574,Bia Paes de Barros,Bia sent an attachment.,bia sent an attachment
instagram_zip,2024-09-29 22:48:54.545,Bia Paes de Barros,Bia sent an attachment.,bia sent an attachment
instagram_zip,2024-09-29 20:59:02.288,Bia Paes de Barros,Bia sent an attachment.,bia sent an attachment
instagram_zip,2024-09-29 20:58:01.774,Bia Paes de Barros,Bia sent an attachment.,bia sent an attachment
instagram_zip,2024-09-29 20:53:05.439,Bia Paes de Barros,Bia sent an attachment.,bia sent an attachment
instagram_zip,2024-09-29 12:18:28.454,Bia Paes de Barros,Bia sent an attachment.,bia sent an attachment
instagram_zip,2024-09-29 12:18:08.593,Bia Paes de Barros,Bia sent an attachment.,bia sent an attachment
instagram_zip,2024-09-29 12:16:07.344,Bia Paes de Barros,Bia sent an attachment.,bia sent an attachment
instagram_zip,2024-09-29 12:05:11.219,Curadobia,,
instagram_zip,2024-09-29 12:04:57.504,Curadobia,,
instagram_zip,2024-09-29 12:04:48.362,Curadobia,,
instagram_zip,2024-09-29 12:04:38.658,Curadobia,,
instagram_zip,2024-09-29 12:04:32.567,Curadobia,,
instagram_zip,2024-09-29 12:04:22.845,Curadobia,,
instagram_zip,2024-09-29 11:21:46.359,Bia Paes de Barros,Bia sent an attachment.,bia sent an attachment
instagram_zip,2024-09-29 11:20:24.389,Bia Paes de Barros,,
instagram_zip,2024-09-29 11:19:30.378,Bia Paes de Barros,,
instagram_zip,2024-09-29 11:18:35.280,Bia Paes de Barros,,
instagram_zip,2024-09-29 11:17:47.650,Bia Paes de Barros,,
instagram_zip,2024-09-29 11:17:08.247,Bia Paes de Barros,,
instagram_zip,2024-09-29 11:16:12.848,Bia Paes de Barros,,
instagram_zip,2024-09-28 21:29:11.652,Bia Paes de Barros,,
instagram_zip,2024-09-28 21:24:47.781,Bia Paes de Barros,,
instagram_zip,2024-09-28 11:20:59.395,Bia Paes de Barros,Bia sent an attachment.,bia sent an attachment
instagram_zip,2024-09-28 10:33:27.867,Bia Paes de Barros,Bia sent an attachment.,bia sent an attachment
instagram_zip,2024-09-24 17:13:44.981,Curadobia,,
instagram_zip,2024-09-24 15:53:01.146,Bia Paes de Barros,,
instagram_zip,2024-09-22 22:14:59.219,Bia Paes de Barros,Bia sent an attachment.,bia sent an attachment
instagram_zip,2024-09-22 22:11:41.541,Bia Paes de Barros,Bia sent an attachment.,bia sent an attachment
instagram_zip,2024-09-20 15:27:03.588,Bia Paes de Barros,,
instagram_zip,2024-09-17 13:23:49.392,Bia Paes de Barros,,
instagram_zip,2024-09-16 16:04:14.290,Curadobia,,
instagram_zip,2024-09-16 13:23:56.316,Bia Paes de Barros,,
instagram_zip,2024-09-16 13:22:41.451,Bia Paes de Barros,,
instagram_zip,2024-09-15 21:37:38.582,Bia Paes de Barros,Bia sent an attachment.,bia sent an attachment
instagram_zip,2024-09-15 21:07:08.751,Bia Paes de Barros,Bia sent an attachment.,bia sent an attachment
instagram_zip,2024-09-15 14:38:37.936,Bia Paes de Barros,Bia sent an attachment.,bia sent an attachment
instagram_zip,2024-09-15 14:18:26.901,Bia Paes de Barros,Bia sent an attachment.,bia sent an attachment
instagram_zip,2024-09-15 14:02:14.929,Bia Paes de Barros,Bia sent an attachment.,bia sent an attachment
instagram_zip,2024-09-15 13:43:56.249,Bia Paes de Barros,Bia sent an attachment.,bia sent an attachment
instagram_zip,2024-09-15 13:43:13.304,Bia Paes de Barros,Bia sent an attachment.,bia sent an attachment
instagram_zip,2024-09-15 13:05:16.896,Curadobia,,
instagram_zip,2024-09-15 13:05:09.891,Curadobia,,
instagram_zip,2024-09-15 13:04:51.773,Curadobia,,
instagram_zip,2024-09-15 13:04:27.549,Curadobia,,
instagram_zip,2024-09-15 13:04:22.951,Curadobia,,
instagram_zip,2024-09-15 11:22:29.115,Bia Paes de Barros,,
instagram_zip,2024-09-15 11:21:39.518,Bia Paes de Barros,,
instagram_zip,2024-09-15 11:21:01.610,Bia Paes de Barros,,
instagram_zip,2024-09-15 11:20:16.763,Bia Paes de Barros,,
instagram_zip,2024-09-15 11:19:02.115,Bia Paes de Barros,,
instagram_zip,2024-09-15 11:18:18.575,Bia Paes de Barros,Bia sent an attachment.,bia sent an attachment
instagram_zip,2024-09-14 13:14:13.744,Bia Paes de Barros,Bia sent an attachment.,bia sent an attachment
instagram_zip,2024-09-13 12:49:19.976,Curadobia,,
instagram_zip,2024-09-13 12:11:14.786,Bia Paes de Barros,,
instagram_zip,2024-09-11 13:26:09.952,Curadobia,,
instagram_zip,2024-09-11 12:42:58.372,Bia Paes de Barros,,
instagram_zip,2024-09-09 16:26:33.386,Curadobia,,
instagram_zip,2024-09-09 13:50:55.644,Bia Paes de Barros,,
instagram_zip,2024-09-05 22:41:39.540,Bia Paes de Barros,,
instagram_zip,2024-09-05 15:23:10.286,Curadobia,,
instagram_zip,2024-09-05 12:51:10.809,Bia Paes de Barros,,
instagram_zip,2024-09-03 13:19:11.272,Bia Paes de Barros,,
instagram_zip,2024-09-03 13:13:41.586,Bia Paes de Barros,,
instagram_zip,2024-09-03 11:41:06.467,Bia Paes de Barros,Bia sent an attachment.,bia sent an attachment
instagram_zip,2024-09-02 21:09:29.201,Curadobia,,
instagram_zip,2024-09-02 21:08:37.500,Bia Paes de Barros,,
instagram_zip,2024-09-01 20:10:09.954,Bia Paes de Barros,Bia sent an attachment.,bia sent an attachment
instagram_zip,2024-08-29 11:41:21.507,Curadobia,,
instagram_zip,2024-08-29 11:05:47.295,Bia Paes de Barros,Bia sent an attachment.,bia sent an attachment
instagram_zip,2024-08-29 07:44:57.400,Bia Paes de Barros,,
instagram_zip,2024-08-25 23:01:04.095,Bia Paes de Barros,,
instagram_zip,2024-08-25 12:22:34.558,Curadobia,You sent an attachment.,you sent an attachment
instagram_zip,2024-08-24 16:18:02.011,Bia Paes de Barros,Bia sent an attachment.,bia sent an attachment
instagram_zip,2024-08-23 19:44:32.439,Curadobia,,
instagram_zip,2024-08-23 19:43:26.028,Bia Paes de Barros,,
instagram_zip,2024-08-21 16:23:49.368,Bia Paes de Barros,,
instagram_zip,2024-08-21 14:53:32.963,Curadobia,,
instagram_zip,2024-08-20 22:19:37.617,Bia Paes de Barros,,
instagram_zip,2024-08-20 12:58:36.726,Bia Paes de Barros,,
instagram_zip,2024-08-18 22:46:07.581,Curadobia,,
instagram_zip,2024-08-18 22:45:01.830,Bia Paes de Barros,,
instagram_zip,2024-08-15 23:07:56.294,Bia Paes de Barros,,
instagram_zip,2024-08-15 23:06:37.054,Curadobia,,
instagram_zip,2024-08-15 22:51:59.807,Curadobia,You sent an attachment.,you sent an attachment
instagram_zip,2024-08-15 21:44:59.556,Bia Paes de Barros,,
instagram_zip,2024-08-14 13:48:17.093,Bia Paes de Barros,,
instagram_zip,2024-08-12 22:18:58.038,Bia Paes de Barros,Bia sent an attachment.,bia sent an attachment
instagram_zip,2024-08-12 12:33:01.752,Bia Paes de Barros,,
instagram_zip,2024-08-12 12:11:56.592,Bia Paes de Barros,Bia sent an attachment.,bia sent an attachment
instagram_zip,2024-08-11 14:31:49.727,Bia Paes de Barros,Bia sent an attachment.,bia sent an attachment
instagram_zip,2024-08-10 12:19:54.627,Bia Paes de Barros,Bia sent an attachment.,bia sent an attachment
instagram_zip,2024-08-09 14:19:36.144,Bia Paes de Barros,,
instagram_zip,2024-08-08 18:13:35.658,Bia Paes de Barros,Bia sent an attachment.,bia sent an attachment
instagram_zip,2024-08-06 13:06:19.643,Bia Paes de Barros,,
instagram_zip,2024-08-05 20:20:44.763,Bia Paes de Barros,,
instagram_zip,2024-08-04 22:58:46.220,Bia Paes de Barros,Bia sent an attachment.,bia sent an attachment
instagram_zip,2024-08-04 22:30:14.592,Bia Paes de Barros,Bia sent an attachment.,bia sent an attachment
instagram_zip,2024-08-04 20:40:24.403,Bia Paes de Barros,Bia sent an attachment.,bia sent an attachment
instagram_zip,2024-08-04 20:24:58.523,Bia Paes de Barros,Bia sent an attachment.,bia sent an attachment
instagram_zip,2024-08-04 19:49:13.192,Bia Paes de Barros,Bia sent an attachment.,bia sent an attachment
instagram_zip,2024-08-04 19:43:56.473,Bia Paes de Barros,Bia sent an attachment.,bia sent an attachment
instagram_zip,2024-08-04 13:41:58.207,Bia Paes de Barros,Bia sent an attachment.,bia sent an attachment
instagram_zip,2024-08-04 13:41:09.943,Bia Paes de Barros,Bia sent an attachment.,bia sent an attachment
instagram_zip,2024-08-04 13:40:42.699,Bia Paes de Barros,Bia sent an attachment.,bia sent an attachment
instagram_zip,2024-08-04 11:33:16.000,Bia Paes de Barros,,
instagram_zip,2024-08-04 11:31:46.905,Bia Paes de Barros,,
instagram_zip,2024-08-04 11:30:22.480,Bia Paes de Barros,,
instagram_zip,2024-08-04 11:26:30.977,Bia Paes de Barros,,
instagram_zip,2024-08-04 11:24:23.301,Bia Paes de Barros,,
instagram_zip,2024-08-04 11:23:27.909,Bia Paes de Barros,Bia sent an attachment.,bia sent an attachment
instagram_zip,2024-08-03 11:30:51.444,Bia Paes de Barros,Bia sent an attachment.,bia sent an attachment
instagram_zip,2024-08-03 11:17:33.061,Bia Paes de Barros,Bia sent an attachment.,bia sent an attachment
instagram_zip,2024-08-02 17:12:31.839,Bia Paes de Barros,,
instagram_zip,2024-07-30 14:54:15.693,Curadobia,,
instagram_zip,2024-07-30 14:54:06.620,Curadobia,,
instagram_zip,2024-07-30 14:16:41.746,Bia Paes de Barros,,
instagram_zip,2024-07-30 12:52:09.737,Bia Paes de Barros,,
instagram_zip,2024-07-30 12:46:25.898,Bia Paes de Barros,,
instagram_zip,2024-07-29 22:44:40.609,Bia Paes de Barros,Bia sent an attachment.,bia sent an attachment
instagram_zip,2024-07-29 21:56:21.496,Bia Paes de Barros,Bia sent an attachment.,bia sent an attachment
instagram_zip,2024-07-29 15:18:31.561,Bia Paes de Barros,,
instagram_zip,2024-07-26 11:56:09.231,Curadobia,,
instagram_zip,2024-07-25 23:18:17.966,Bia Paes de Barros,,
instagram_zip,2024-07-25 15:10:57.046,Bia Paes de Barros,Bia sent an attachment.,bia sent an attachment
instagram_zip,2024-07-25 15:10:15.262,Bia Paes de Barros,Bia sent an attachment.,bia sent an attachment
instagram_zip,2024-07-24 13:01:06.478,Bia Paes de Barros,,
instagram_zip,2024-07-23 14:29:16.654,Curadobia,,
instagram_zip,2024-07-23 14:29:06.784,Curadobia,,
instagram_zip,2024-07-23 14:29:00.433,Curadobia,,
instagram_zip,2024-07-23 14:28:54.862,Curadobia,,
instagram_zip,2024-07-23 14:28:47.507,Curadobia,,
instagram_zip,2024-07-23 13:37:21.805,Bia Paes de Barros,Bia sent an attachment.,bia sent an attachment
instagram_zip,2024-07-23 13:36:34.794,Bia Paes de Barros,Bia sent an attachment.,bia sent an attachment
instagram_zip,2024-07-23 12:02:21.995,Bia Paes de Barros,,
instagram_zip,2024-07-23 11:55:27.016,Bia Paes de Barros,Bia sent an attachment.,bia sent an attachment
instagram_zip,2024-07-23 11:49:40.958,Bia Paes de Barros,,
instagram_zip,2024-07-23 11:48:24.741,Bia Paes de Barros,,
instagram_zip,2024-07-23 11:47:20.413,Bia Paes de Barros,,
instagram_zip,2024-07-23 11:46:09.186,Bia Paes de Barros,,
instagram_zip,2024-07-23 11:44:44.157,Bia Paes de Barros,,
instagram_zip,2024-07-23 11:42:23.873,Bia Paes de Barros,Bia sent an attachment.,bia sent an attachment
instagram_zip,2024-07-22 14:30:36.595,Curadobia,,
instagram_zip,2024-07-22 13:24:39.372,Bia Paes de Barros,,
instagram_zip,2024-07-22 13:18:07.555,Bia Paes de Barros,,
instagram_zip,2024-07-21 14:07:02.117,Bia Paes de Barros,Bia sent an attachment.,bia sent an attachment
instagram_zip,2024-07-16 12:57:11.841,Bia Paes de Barros,,
instagram_zip,2024-07-12 21:49:23.009,Bia Paes de Barros,Bia sent an attachment.,bia sent an attachment
instagram_zip,2024-07-12 15:48:56.863,Bia Paes de Barros,,
instagram_zip,2024-07-11 13:35:56.648,Bia Paes de Barros,,
instagram_zip,2024-07-10 14:02:40.351,Curadobia,,
instagram_zip,2024-07-10 13:19:02.277,Bia Paes de Barros,,
instagram_zip,2024-07-07 11:32:30.281,Bia Paes de Barros,Bia sent an attachment.,bia sent an attachment
instagram_zip,2024-07-02 15:29:44.882,Bia Paes de Barros,ð,d
instagram_zip,2024-07-02 15:29:28.755,Curadobia,You sent an attachment.,you sent an attachment
instagram_zip,2024-09-14 16:35:53.687,Studio EPCA,,
instagram_zip,2024-08-15 22:02:33.276,Studio EPCA,Studio sent an attachment.,studio sent an attachment
instagram_zip,2024-08-15 13:03:39.374,anna_chaia,ð,d
instagram_zip,2024-08-15 13:03:37.024,anna_chaia,,
instagram_zip,2024-08-15 13:00:41.498,Curadobia,,
instagram_zip,2024-08-15 12:58:49.853,anna_chaia,,
instagram_zip,2024-11-10 17:36:32.956,Brincos Diferentes,Oi BIA. Sou Erika dos @brincosdiferentes. Gostaria de saber como vocÃª trabalha em relaÃ§Ã£o a promoÃ§Ã£o de produtos. Meus brincos sÃ£o autorais e os fabrico a 39 anos. A produÃ§Ã£o Ã© 100% nacional. Fabricamos desde a liga do metal atÃ© o banho de ouro 18k. Nossos brincos sÃ£o todos bordados a mÃ£o com um finÃ­ssimo arame de cobre e depois banhado a ouro. Espero seu contato. Obrigada.,oi bia sou erika dos <user> gostaria de saber como vocaa trabalha em relaa a o a promoa a o de produtos meus brincos sa o autorais e os fabrico a <num> anos a produa a o a c <num> nacional fabricamos desde a liga do metal ata c o banho de ouro <num> k nossos brincos sa o todos bordados a ma o com um finassimo arame de cobre e depois banhado a ouro espero seu contato obrigada
instagram_zip,2025-03-13 10:44:24.812,Camila Alves l Consultoria de Estilo,Ola! MuitÃ­ssimo obrigada ð,ola muitassimo obrigada d
instagram_zip,2025-03-12 19:52:24.869,Curadobia,"Ola Camila, td bem?! Segue aqui o link da blusa que vocÃª gostou. Qualquer duvida estamos a disposiÃ§Ã£o ok? â¨",ola camila td bem segue aqui o link da blusa que vocaa gostou qualquer duvida estamos a disposia a o ok a
instagram_zip,2025-03-12 19:51:51.915,Curadobia,https://www.curadobia.com.br/lounge-39/produto/blusa-pah,<url>
instagram_zip,2024-12-04 02:30:04.744,Curadobia,,
instagram_zip,2024-12-04 00:34:38.634,vitÃ³ria assato,,
instagram_zip,2024-12-04 00:33:49.165,vitÃ³ria assato,,
instagram_zip,2025-01-26 22:31:27.416,PATÃ,"OlÃ¡, Tudo bem? Entre em contato com nosso comercial, 085987859507",ola tudo bem entre em contato com nosso comercial <num>
instagram_zip,2025-01-20 18:35:06.747,Curadobia,"OlÃ¡! Como vai? Muito prazer, meu nome Ã© Ana e trabalho aqui no Curadobia. NÃ£o sei se recordam, porÃ©m conversamos no primeiro semestre do ano passado (2024) sobre esse projeto da Bia Paes de Barros. Desde lÃ¡, evoluÃ­mos bastante e estamos concretizados como um marketplace em potencial crescimento. Queremos compartilhar com vocÃªs nosso site para darem uma olhada CURADOBIA.COM.BR Ainda temos a PATÃ em foco! O que acham de retomarmos contato? Aguardo vocÃªs!",ola como vai muito prazer meu nome a c ana e trabalho aqui no curadobia na o sei se recordam pora c m conversamos no primeiro semestre do ano passado <num> sobre esse projeto da bia paes de barros desde la evoluamos bastante e estamos concretizados como um marketplace em potencial crescimento queremos compartilhar com vocaas nosso site para darem uma olhada curadobia com br ainda temos a pata em foco o que acham de retomarmos contato aguardo vocaas
instagram_zip,2024-12-01 15:22:22.441,Ana Luiza Peres,,
instagram_zip,2024-09-29 23:32:40.245,Dallen Fragoso,,
instagram_zip,2024-09-29 23:28:17.768,Dallen Fragoso,,
instagram_zip,2024-09-29 23:26:03.975,Dallen Fragoso,,
instagram_zip,2024-11-19 10:15:26.220,Curadobia,"OlÃ¡, bom dia! As medidas estÃ£o na descriÃ§Ã£o de cada peÃ§a",ola bom dia as medidas esta o na descria a o de cada pea a
instagram_zip,2024-11-19 02:00:08.831,Silvana Bressan,"OlÃ¡, eu encontro as medidas no site?",ola eu encontro as medidas no site
instagram_zip,2024-11-18 16:45:49.906,Curadobia,"OlÃ¡! Boa tarde, Silvana! Tudo bem? Obrigada pela sua mensagem. A nossa Pantalona Jeans estÃ¡ saindo por R$: 619,00 Qualquer coisa estamos aquið",ola boa tarde silvana tudo bem obrigada pela sua mensagem a nossa pantalona jeans esta saindo por r <num> <num> qualquer coisa estamos aquid
instagram_zip,2024-11-17 03:43:23.534,Silvana Bressan,"OlÃ¡, quanto custa a pantalona?",ola quanto custa a pantalona
instagram_zip,2024-11-17 03:43:23.261,Silvana Bressan,Silvana sent an attachment.,silvana sent an attachment
instagram_zip,2025-05-07 06:48:15.499,Luciana Ulrich,Curtiu uma mensagem,curtiu uma mensagem
instagram_zip,2025-05-07 01:02:37.165,Curadobia,,
instagram_zip,2025-05-07 01:02:35.230,Curadobia,,
instagram_zip,2025-05-07 01:02:30.928,Curadobia,,
instagram_zip,2025-05-07 01:02:18.240,Curadobia,,
instagram_zip,2025-05-06 22:19:47.354,Luciana Ulrich,,
instagram_zip,2025-05-06 22:18:53.568,Luciana Ulrich,,
instagram_zip,2025-05-06 22:18:48.144,Luciana Ulrich,,
instagram_zip,2025-05-06 22:18:00.219,Luciana Ulrich,,
instagram_zip,2025-01-27 14:52:44.062,Curadobia,"Oi Talita! Muito bom receber sua mensagem. Agradecemos demais o contato e que bacana vocÃªs terem pensado na gente, porÃ©m nesse momento nÃ³s nÃ£o estamos trabalhando com produÃ§Ã£o. De qualquer forma salvamos o teu contato para futuras oportunidades! Atenciosamente, Equipe Curadobiað",oi talita muito bom receber sua mensagem agradecemos demais o contato e que bacana vocaas terem pensado na gente pora c m nesse momento na <num> s na o estamos trabalhando com produa a o de qualquer forma salvamos o teu contato para futuras oportunidades atenciosamente equipe curadobiad
instagram_zip,2025-01-26 10:41:19.523,Talita Sanches,"Oiii boa tarde , Me chamo Talita e sou figurinista na emissora CNBC @cnbc licenciada pela @otimesbrasil , uma emissora nova que transmite jornalismo de negÃ³cios e Ã© lider mundial no seu segmento. Temos no nosso elenco grandes nomes do jornalismo incluido Carol Barcellos , Rita Wu, Erica Reis , Christiane Pelajo , Zeca Camargo, Natalia Ariade estou apenas dando um exemplo do time de peso que faz parte da emissora. As meninas sÃ£o a cara da marca, elas postam , marcam o @, tem o manequim otimo e sao mega fotogÃªnicas. Podemos alinhar a produÃ§Ã£o , me ajudem rs vai ser uma parceria incrivel ! um beijo e aguardo retorno",oiii boa tarde me chamo talita e sou figurinista na emissora cnbc <user> licenciada pela <user> uma emissora nova que transmite jornalismo de nega <num> cios e a c lider mundial no seu segmento temos no nosso elenco grandes nomes do jornalismo incluido carol barcellos rita wu erica reis christiane pelajo zeca camargo natalia ariade estou apenas dando um exemplo do time de peso que faz parte da emissora as meninas sa o a cara da marca elas postam marcam o tem o manequim otimo e sao mega fotogaanicas podemos alinhar a produa a o me ajudem rs vai ser uma parceria incrivel um beijo e aguardo retorno
instagram_zip,2025-03-19 14:01:46.609,Curadobia,https://www.curadobia.com.br/my-basic/produto/a-camisa-branca,<url>
instagram_zip,2025-03-19 14:01:35.187,Curadobia,"Oi Silvana, tudo bem? Bom dia. Quem fala com vocÃª Ã© a Ana, do time Curadobia. Posso confirmar com vocÃª se seria essa camisa que te interessou? Segue:",oi silvana tudo bem bom dia quem fala com vocaa a c a ana do time curadobia posso confirmar com vocaa se seria essa camisa que te interessou segue
instagram_zip,2025-03-18 16:52:35.842,Silvana Mariel Tempestini,Gostaria a camisa branca tamanho M. Ã possÃ­vel?,gostaria a camisa branca tamanho m a possavel
instagram_zip,2024-09-06 18:32:24.893,Dany CavalcÃ¥nti,Curtiu uma mensagem,curtiu uma mensagem
instagram_zip,2024-09-06 15:58:47.555,Curadobia,"Imagina! Qualquer coisa estamos por aqui, sÃ³ chamar. AbraÃ§os ð",imagina qualquer coisa estamos por aqui sa <num> chamar abraa os d
instagram_zip,2024-09-06 13:58:54.703,Dany CavalcÃ¥nti,Mto obrigada msm,mto obrigada msm
instagram_zip,2024-09-06 13:58:52.394,Dany CavalcÃ¥nti,"Sim! A Carol entrou em contato comigo! Uma fofa , super atenciosa",sim a carol entrou em contato comigo uma fofa super atenciosa
instagram_zip,2024-09-06 13:58:23.136,Dany CavalcÃ¥nti,Oiee! Bom dia,oiee bom dia
instagram_zip,2024-09-06 13:58:16.662,Dany CavalcÃ¥nti,Curtiu uma mensagem,curtiu uma mensagem
instagram_zip,2024-09-06 11:53:31.440,Curadobia,Oie Dany. Bom dia! A ValÃ©ria e a Lunna entraram em contato com vocÃª correto?,oie dany bom dia a vala c ria e a lunna entraram em contato com vocaa correto
instagram_zip,2024-09-05 20:33:33.283,Dany CavalcÃ¥nti,Mto obrigada pelo retorno,mto obrigada pelo retorno
instagram_zip,2024-09-05 20:33:28.780,Dany CavalcÃ¥nti,Oie,oie
instagram_zip,2024-09-05 18:11:34.788,Curadobia,"OlÃ¡ Dany, boa tarde! Tudo bem sim e com vocÃª? PeÃ§o desculpas por essa demora estou verificando sobre porque ainda nÃ£o foi dada sequÃªncia na troca. O processo interno nosso jÃ¡ foi encaminhado com a troca para o tamanho P",ola dany boa tarde tudo bem sim e com vocaa pea o desculpas por essa demora estou verificando sobre porque ainda na o foi dada sequaancia na troca o processo interno nosso ja foi encaminhado com a troca para o tamanho p
instagram_zip,2024-09-05 17:18:15.137,Dany CavalcÃ¥nti,Conseguem me ajudar por aqui?,conseguem me ajudar por aqui
instagram_zip,2024-09-05 17:18:08.603,Dany CavalcÃ¥nti,"Sobre a troca da calÃ§a que comprei (quero trocar por um tamanho menor). Recebi um e-mail de vcs no dia 29/08/24 , respondi mas, dps disso nÃ£o tive mais retorno",sobre a troca da cala a que comprei quero trocar por um tamanho menor recebi um e mail de vcs no dia <num> <num> <num> respondi mas dps disso na o tive mais retorno
instagram_zip,2024-09-05 15:38:46.353,Dany CavalcÃ¥nti,Td bem?,td bem
instagram_zip,2024-09-05 15:38:44.375,Dany CavalcÃ¥nti,OlÃ¡ bom dia,ola bom dia
instagram_zip,2024-08-29 14:50:55.535,Curadobia,Dany vou pedir para vocÃª me informar qual o seu melhor e-mail para que a marca encaminhe as orientaÃ§Ãµes,dany vou pedir para vocaa me informar qual o seu melhor e mail para que a marca encaminhe as orientaa aues
instagram_zip,2024-08-29 14:50:14.297,Curadobia,"Oi Dany, bom dia! Desculpa ontem nÃ£o ter te dado um retorno a marca havia informado que estaria chegando ontem mesmo",oi dany bom dia desculpa ontem na o ter te dado um retorno a marca havia informado que estaria chegando ontem mesmo
instagram_zip,2024-08-28 18:13:06.586,Dany CavalcÃ¥nti,Como Ã© o processo da troca?,como a c o processo da troca
instagram_zip,2024-08-28 18:12:56.311,Dany CavalcÃ¥nti,"Mas, ficou grandeð«",mas ficou granded<<
instagram_zip,2024-08-28 18:12:46.631,Dany CavalcÃ¥nti,Meu pedido chegou hj!!,meu pedido chegou hj
instagram_zip,2024-08-28 18:12:40.489,Dany CavalcÃ¥nti,OlÃ¡!!,ola
instagram_zip,2024-08-28 12:19:05.774,Dany CavalcÃ¥nti,Eu queria usar nas fotos que irei fazer amanhÃ£,eu queria usar nas fotos que irei fazer amanha
instagram_zip,2024-08-28 12:18:56.380,Dany CavalcÃ¥nti,Aiiiin que pena,aiiiin que pena
instagram_zip,2024-08-28 11:50:41.319,Curadobia,Perfeito. Estamos entrando em contato com a marca e jÃ¡ lhe posicionamos. Tivemos alguns problemas com pedidos em funÃ§Ã£o da greve dos correios e isso pode estar atrelado,perfeito estamos entrando em contato com a marca e ja lhe posicionamos tivemos alguns problemas com pedidos em funa a o da greve dos correios e isso pode estar atrelado
instagram_zip,2024-08-28 11:50:08.084,Curadobia,"OlÃ¡ Dany, bom dia!",ola dany bom dia
instagram_zip,2024-08-28 10:07:31.939,Dany CavalcÃ¥nti,Vc consegue rastrear o meu pedido?,vc consegue rastrear o meu pedido
instagram_zip,2024-08-28 10:07:14.861,Dany CavalcÃ¥nti,E ainda nÃ£o chegou,e ainda na o chegou
instagram_zip,2024-08-28 10:07:10.053,Dany CavalcÃ¥nti,Eu comprei a calÃ§a pantalona branca no dia 13/08,eu comprei a cala a pantalona branca no dia <num> <num>
instagram_zip,2024-08-28 10:06:47.870,Dany CavalcÃ¥nti,"OlÃ¡ , bom dia",ola bom dia
instagram_zip,2024-08-28 08:43:37.393,Curadobia,"Ola Dany, podemos ajudar sim claro",ola dany podemos ajudar sim claro
instagram_zip,2024-08-27 22:16:17.738,Dany CavalcÃ¥nti,OlÃ¡,ola
instagram_zip,2024-08-27 16:36:32.734,Dany CavalcÃ¥nti,Preciso de uma ajudinha com o meu pedido,preciso de uma ajudinha com o meu pedido
instagram_zip,2024-08-27 16:36:21.529,Dany CavalcÃ¥nti,"OlÃ¡, boa tarde",ola boa tarde
instagram_zip,2024-08-08 17:29:19.681,Curadobia,Imagina! Estamos por aqui qualquer coisa que precisar!,imagina estamos por aqui qualquer coisa que precisar
instagram_zip,2024-08-08 13:18:04.094,Dany CavalcÃ¥nti,Ainda hj vou efetuar a compra da calÃ§a,ainda hj vou efetuar a compra da cala a
instagram_zip,2024-08-08 13:17:55.859,Dany CavalcÃ¥nti,Mto obrigada,mto obrigada
instagram_zip,2024-08-08 13:17:52.127,Dany CavalcÃ¥nti,Ahhh maravilha,ahhh maravilha
instagram_zip,2024-08-08 12:32:06.036,Curadobia,NÃ³s seguimos acompanhando todo o processo atÃ© sua finalizaÃ§Ã£o,na <num> s seguimos acompanhando todo o processo ata c sua finalizaa a o
instagram_zip,2024-08-08 12:31:55.330,Curadobia,"OlÃ¡ Dany, bom dia! Caso tenha algum problema com o tamanho vocÃª pode optar por trocar ou devolver o produto. Basta nos informar pelo e-mail contato.curadobia@gmail.com que iremos encaminhar sua solicitaÃ§Ã£o para a Marca responsÃ¡vel. A marca irÃ¡ proceder com os prÃ³ximos passos como envio do cÃ³digo de logÃ­stica reversa e tudo mais",ola dany bom dia caso tenha algum problema com o tamanho vocaa pode optar por trocar ou devolver o produto basta nos informar pelo e mail contato curadobia <user> com que iremos encaminhar sua solicitaa a o para a marca responsa vel a marca ira proceder com os pra <num> ximos passos como envio do ca <num> digo de logastica reversa e tudo mais
instagram_zip,2024-08-08 12:28:57.166,Dany CavalcÃ¥nti,"Caso nÃ£o fique com, como funciona a troca?",caso na o fique com como funciona a troca
instagram_zip,2024-08-08 12:28:47.390,Dany CavalcÃ¥nti,Bom dia,bom dia
instagram_zip,2024-08-08 12:28:44.574,Dany CavalcÃ¥nti,Oieee,oieee
instagram_zip,2024-08-08 12:26:09.363,Curadobia,Imagina!,imagina
instagram_zip,2024-08-07 19:29:43.035,Dany CavalcÃ¥nti,Mto obrigada msm,mto obrigada msm
instagram_zip,2024-08-07 19:29:24.728,Dany CavalcÃ¥nti,Maravilha!,maravilha
instagram_zip,2024-08-07 19:00:35.454,Curadobia,AgradeÃ§o o feedback,agradea o o feedback
instagram_zip,2024-08-07 19:00:26.985,Curadobia,Estaremos atualizando no site para conter essa tabela que realmente estava faltando,estaremos atualizando no site para conter essa tabela que realmente estava faltando
instagram_zip,2024-08-07 19:00:13.901,Curadobia,"Seguem as medidas: P- cÃ³s 80cm, e veste quadril atÃ© 102cm M- cÃ³s 85cm, e veste um quadril atÃ© 106cm G- cÃ³s 90cm, e veste um quadril atÃ© 110cm",seguem as medidas p ca <num> s <num> cm e veste quadril ata c <num> cm m ca <num> s <num> cm e veste um quadril ata c <num> cm g ca <num> s <num> cm e veste um quadril ata c <num> cm
instagram_zip,2024-08-07 18:59:55.267,Curadobia,"OlÃ¡ Dany! Boa tarde, tudo bem?",ola dany boa tarde tudo bem
instagram_zip,2024-08-06 21:12:39.665,Dany CavalcÃ¥nti,,
instagram_zip,2024-08-06 21:12:24.437,Dany CavalcÃ¥nti,Gostaria de saber o tamanho da cintura dessa calÃ§a no tamanho M,gostaria de saber o tamanho da cintura dessa cala a no tamanho m
instagram_zip,2024-08-06 21:12:10.503,Dany CavalcÃ¥nti,"OlÃ¡, boa noite",ola boa noite
instagram_zip,2024-10-19 12:54:46.789,Arakcy Belalian Figueiro,LindÃ­ssima,lindassima
instagram_zip,2025-01-07 11:18:09.445,lindri,ð,d
instagram_zip,2025-03-28 14:27:25.774,Julienne Bini,Obrigada! Eu aviso sim!! Gostei bastante! Vou levar para a cliente.,obrigada eu aviso sim gostei bastante vou levar para a cliente
instagram_zip,2025-03-28 14:27:05.108,Julienne Bini,Oii,oii
instagram_zip,2025-03-28 14:20:09.385,Curadobia,Qualquer coisa me avisa ð,qualquer coisa me avisa d
instagram_zip,2025-03-28 14:20:03.083,Curadobia,"Bom dia, Julienne, como vai? Conseguiu analisar a seleÃ§Ã£o que fiz especificamente para vocÃª e sua cliente?",bom dia julienne como vai conseguiu analisar a selea a o que fiz especificamente para vocaa e sua cliente
instagram_zip,2025-03-27 13:33:37.404,Curadobia,"Bom dia, Julienne! O que achou da nossa seleÃ§Ã£o? (edited)",bom dia julienne o que achou da nossa selea a o edited
instagram_zip,2025-03-27 13:33:22.796,Curadobia,Sigo aqui para qualquer dÃºvida,sigo aqui para qualquer daovida
instagram_zip,2025-03-27 13:33:15.470,Curadobia,"Bom dia, Julienne? O que achou da nossa seleÃ§Ã£o?",bom dia julienne o que achou da nossa selea a o
instagram_zip,2025-03-26 13:50:17.097,Julienne Bini,OlÃ¡! Muito obrigada!! Vou ver em breve!!,ola muito obrigada vou ver em breve
instagram_zip,2025-03-26 13:49:48.024,Curadobia,"Com certeza vocÃª irÃ¡ encontrar peÃ§as ideais para o seu objetivo nesses links que te mandei, Julienne! Qualquer coisa eu sigo aqui para o que vocÃª precisar!ð",com certeza vocaa ira encontrar pea as ideais para o seu objetivo nesses links que te mandei julienne qualquer coisa eu sigo aqui para o que vocaa precisar d
instagram_zip,2025-03-26 13:48:50.752,Curadobia,"Os bodys da Revival sÃ£o excelentes peÃ§as neutras e bÃ¡sicas para ter no armÃ¡rio e possuem uma ampla grade de tamanhos: https://www.curadobia.com.br/categorias/revival-brasil AlÃ©m disso, temos nossos acessÃ³rios: https://www.curadobia.com.br/categorias/acessorio Bolsas: https://www.curadobia.com.br/categorias/bolsas E sapatos: https://www.curadobia.com.br/categorias/sapatos",os bodys da revival sa o excelentes pea as neutras e ba sicas para ter no arma rio e possuem uma ampla grade de tamanhos <url> ala c m disso temos nossos acessa <num> rios <url> bolsas <url> e sapatos <url>
instagram_zip,2025-03-26 13:44:52.215,Curadobia,Todas as peÃ§as da MyBasic e da Lounge 39 possuem uma ampla grade: https://www.curadobia.com.br/categorias/mybasic https://www.curadobia.com.br/categorias/lounge-39 Os produtos da Cecilia possuem uma modelagem mais ampla: https://www.curadobia.com.br/produtos/buscar?search=Cecilia Alguns dos produtos da Nauanin chegam atÃ© a numeraÃ§Ã£o XXGG equivalendo a um 48: https://www.curadobia.com.br/categorias/nauanin,todas as pea as da mybasic e da lounge <num> possuem uma ampla grade <url> <url> os produtos da cecilia possuem uma modelagem mais ampla <url> alguns dos produtos da nauanin chegam ata c a numeraa a o xxgg equivalendo a um <num> <url>
instagram_zip,2025-03-26 13:29:59.745,Curadobia,Claro! Vou separar nossas opÃ§Ãµes disponÃ­veis em tamanhos maiores e te mando aqui ð,claro vou separar nossas opa aues disponaveis em tamanhos maiores e te mando aqui d
instagram_zip,2025-03-26 13:29:22.791,Curadobia,"OlÃ¡ Julienne! Bom dia, tudo bem? Que bom receber sua mensagem! Eu me chamo Ana e sou do time Curadobia.",ola julienne bom dia tudo bem que bom receber sua mensagem eu me chamo ana e sou do time curadobia
instagram_zip,2025-03-25 12:40:13.597,Julienne Bini,"OlÃ¡! Bom dia! Roupas lindas aqui! Mas nÃ£o encontrei muitas opÃ§Ãµes de tamanhos maiores. Ã isso mesmo? Tenho uma cliente que se enquadraria perfeita nesse estilo mais contemporÃ¢neo, mas Ã© um tamanho G, GG. 44/46. Poderiam me sugerir algumas opÃ§Ãµes?",ola bom dia roupas lindas aqui mas na o encontrei muitas opa aues de tamanhos maiores a isso mesmo tenho uma cliente que se enquadraria perfeita nesse estilo mais contempora neo mas a c um tamanho g gg <num> <num> poderiam me sugerir algumas opa aues
instagram_zip,2024-10-29 17:21:38.167,Curadobia,,
instagram_zip,2024-10-29 17:21:37.375,Curadobia,VocÃª nÃ£o recebeu essa mensagem?,vocaa na o recebeu essa mensagem
instagram_zip,2024-10-29 17:11:05.011,Adriana Leite Carvalho,Qual foi a mensagem?,qual foi a mensagem
instagram_zip,2024-10-29 17:10:55.154,Adriana Leite Carvalho,Este Ã© meu WhatsAppâ¦,este a c meu whatsappa
instagram_zip,2024-10-29 17:10:45.929,Adriana Leite Carvalho,Ola!,ola
instagram_zip,2024-10-29 13:41:33.138,Curadobia,"OlÃ¡, Adriana, tudo bem? Te encaminhamos uma mensagem pelo seu WhatsApp. Obrigada por ter entrado em contato conosco!",ola adriana tudo bem te encaminhamos uma mensagem pelo seu whatsapp obrigada por ter entrado em contato conosco
instagram_zip,2024-10-28 17:35:26.667,Adriana Leite Carvalho,Muito obrigada!,muito obrigada
instagram_zip,2024-10-28 17:35:21.208,Adriana Leite Carvalho,Email: adrianaleitecarvalho@gmail.com,email adrianaleitecarvalho <user> com
instagram_zip,2024-10-28 17:35:01.508,Adriana Leite Carvalho,Meu tel 21 99245-3454,meu tel <num> <num> <num>
instagram_zip,2024-10-28 17:34:51.441,Adriana Leite Carvalho,AlguÃ©m poderia entrar em contato comigo por e-mail ou WhatsApp? O site de vcs parece que estÃ¡ com problemas. NÃ£o funciona direito nÃ£o.,algua c m poderia entrar em contato comigo por e mail ou whatsapp o site de vcs parece que esta com problemas na o funciona direito na o
instagram_zip,2024-10-28 17:33:58.750,Adriana Leite Carvalho,Fiz uma compra de um casaco com vcs e nÃ£o vestiu bem. Gostaria de trocar por uma calÃ§a fresquinha tamanho M.,fiz uma compra de um casaco com vcs e na o vestiu bem gostaria de trocar por uma cala a fresquinha tamanho m
instagram_zip,2024-10-28 17:33:18.743,Adriana Leite Carvalho,Ola!,ola
instagram_zip,2025-01-20 17:47:28.648,Curadobia,"OlÃ¡ pessoal, como vÃ£o? Muito prazer, meu nome Ã© Ana e trabalho junto com a Bia Paes de Barros no CURADOBIA.COM.BR O Curadobia Ã© um marketplace que nasceu com o propÃ³sito de reunir em um sÃ³ lugar peÃ§as que fazem toda a diferenÃ§a no armÃ¡rio e ao mesmo tempo sÃ£o fÃ¡ceis de usar: os chamados neutros com tcharanz. Acreditamos que a LOURIE super se conecta com essa proposta. Com quem poderia conversar para falar mais sobre? Aguardo vocÃªs!",ola pessoal como va o muito prazer meu nome a c ana e trabalho junto com a bia paes de barros no curadobia com br o curadobia a c um marketplace que nasceu com o propa <num> sito de reunir em um sa <num> lugar pea as que fazem toda a diferena a no arma rio e ao mesmo tempo sa o fa ceis de usar os chamados neutros com tcharanz acreditamos que a lourie super se conecta com essa proposta com quem poderia conversar para falar mais sobre aguardo vocaas
instagram_zip,2025-05-07 01:32:41.043,Daniela SÃ©ve Duvivier,Curtiu uma mensagem,curtiu uma mensagem
instagram_zip,2025-05-07 01:04:18.693,Curadobia,,
instagram_zip,2025-05-06 22:50:29.687,Daniela SÃ©ve Duvivier,,
instagram_zip,2024-12-17 16:01:17.985,TATA,,
instagram_zip,2024-11-11 16:12:13.518,TATA,,
instagram_zip,2024-08-13 00:03:56.259,TATA,,
instagram_zip,2024-07-30 12:59:50.364,TATA,,
instagram_zip,2024-07-12 17:41:00.651,TATA,,
instagram_zip,2025-01-23 11:22:06.925,Escudero & Co,,
instagram_zip,2025-01-23 09:40:46.100,Escudero & Co,"OlÃ¡ Curadobia, tudo bem? Agradecemos o interesse pela marca. Para garantir que vocÃª receba a atenÃ§Ã£o e cuidado adequados, pedimos a gentileza de encaminhar mais informaÃ§Ãµes como contatos, rede social e portfÃ³lio para mkt.conteudo@escuderoonline.com.br. Nossa equipe de marketing Ã© especializada nesse assunto. Dessa forma, tenho certeza de que eles avaliarÃ£o e, se houver interesse, entrarÃ£o em contato prontamente. Fique Ã vontade para entrar em contato caso tenha alguma dÃºvida. Estamos aqui para ajudar.",ola curadobia tudo bem agradecemos o interesse pela marca para garantir que vocaa receba a atena a o e cuidado adequados pedimos a gentileza de encaminhar mais informaa aues como contatos rede social e portfa <num> lio para mkt conteudo <user> com br nossa equipe de marketing a c especializada nesse assunto dessa forma tenho certeza de que eles avaliara o e se houver interesse entrara o em contato prontamente fique a vontade para entrar em contato caso tenha alguma daovida estamos aqui para ajudar
instagram_zip,2025-01-23 01:06:32.944,Curadobia,"OlÃ¡ pessoal, como vÃ£o? Meu nome Ã© Ana e trabalho junto com a Bia Paes de Barros no CURADOBIA.COM.BR O Curadobia Ã© um marketplace que nasceu com o propÃ³sito de reunir em um sÃ³ lugar peÃ§as que fazem toda a diferenÃ§a no armÃ¡rio e ao mesmo tempo sÃ£o fÃ¡ceis de usar: os chamados neutros com tcharanz. Acreditamos que a Escudero & Co super se conecta com essa proposta. Com quem poderia conversar para falar mais sobre? Aguardo vocÃªs!",ola pessoal como va o meu nome a c ana e trabalho junto com a bia paes de barros no curadobia com br o curadobia a c um marketplace que nasceu com o propa <num> sito de reunir em um sa <num> lugar pea as que fazem toda a diferena a no arma rio e ao mesmo tempo sa o fa ceis de usar os chamados neutros com tcharanz acreditamos que a escudero co super se conecta com essa proposta com quem poderia conversar para falar mais sobre aguardo vocaas
instagram_zip,2024-12-03 23:36:10.538,Le Alves,Curtiu uma mensagem,curtiu uma mensagem
instagram_zip,2024-12-03 23:12:25.626,Curadobia,,
instagram_zip,2024-12-03 23:12:12.491,Curadobia,,
instagram_zip,2024-12-03 22:46:29.506,Le Alves,,
instagram_zip,2024-12-03 22:40:53.761,Le Alves,,
instagram_zip,2025-01-21 18:05:41.186,Curadobia,"OlÃ¡ pessoal, como vÃ£o? Meu nome Ã© Ana e trabalho junto com a Bia Paes de Barros no CURADOBIA.COM.BR (insta: @curadobia.oficial). O Curadobia Ã© um marketplace que nasceu com o propÃ³sito de reunir em um sÃ³ lugar peÃ§as que fazem toda a diferenÃ§a no armÃ¡rio e ao mesmo tempo sÃ£o fÃ¡ceis de usar: os chamados neutros com tcharanz. Acreditamos que a AIM super se conecta com essa proposta. Com quem poderia conversar para falar mais sobre? Aguardo vocÃªs!",ola pessoal como va o meu nome a c ana e trabalho junto com a bia paes de barros no curadobia com br insta <user> oficial o curadobia a c um marketplace que nasceu com o propa <num> sito de reunir em um sa <num> lugar pea as que fazem toda a diferena a no arma rio e ao mesmo tempo sa o fa ceis de usar os chamados neutros com tcharanz acreditamos que a aim super se conecta com essa proposta com quem poderia conversar para falar mais sobre aguardo vocaas
instagram_zip,2025-01-22 18:38:54.222,Curadobia,"OlÃ¡ pessoal, como vÃ£o? Meu nome Ã© Ana e trabalho junto com a Bia Paes de Barros no CURADOBIA.COM.BR O Curadobia Ã© um marketplace que nasceu com o propÃ³sito de reunir em um sÃ³ lugar peÃ§as que fazem toda a diferenÃ§a no armÃ¡rio e ao mesmo tempo sÃ£o fÃ¡ceis de usar: os chamados neutros com tcharanz. Acreditamos que a AYLLA super se conecta com essa proposta. Com quem poderia conversar para falar mais sobre? Aguardo vocÃªs!",ola pessoal como va o meu nome a c ana e trabalho junto com a bia paes de barros no curadobia com br o curadobia a c um marketplace que nasceu com o propa <num> sito de reunir em um sa <num> lugar pea as que fazem toda a diferena a no arma rio e ao mesmo tempo sa o fa ceis de usar os chamados neutros com tcharanz acreditamos que a aylla super se conecta com essa proposta com quem poderia conversar para falar mais sobre aguardo vocaas
instagram_zip,2025-05-07 01:05:56.352,Curadobia,,
instagram_zip,2025-05-07 00:46:11.513,C A M I   M O R A T A,,
instagram_zip,2024-12-04 00:36:02.669,C A M I   M O R A T A,Curtiu uma mensagem,curtiu uma mensagem
instagram_zip,2024-12-03 21:45:08.795,Curadobia,Obrigada pelo prestÃ­gio! Foi incrÃ­vel te ter de pertinho hojeð¤ð¤,obrigada pelo prestagio foi incravel te ter de pertinho hojed d
instagram_zip,2024-12-03 19:55:21.716,Curadobia,,
instagram_zip,2024-12-03 18:15:05.230,C A M I   M O R A T A,,
instagram_zip,2024-09-30 10:36:27.351,SER ReLUZente | Lilian Mazoni,Reagiu com ð Ã sua mensagem,reagiu com d a sua mensagem
instagram_zip,2024-09-29 21:34:09.000,Curadobia,Elas estarÃ£o no Curadobia a partir de outubro ð,elas estara o no curadobia a partir de outubro d
instagram_zip,2024-09-29 21:08:47.179,SER ReLUZente | Lilian Mazoni,"Amoooo suas rasteiras, nÃ£o sÃ£o da sua Lj, mas poderia indicar aonde tÃªm aquela custo benefÃ­cio?",amoooo suas rasteiras na o sa o da sua lj mas poderia indicar aonde taam aquela custo benefacio
instagram_zip,2025-03-10 21:40:38.480,Curadobia,https://www.curadobia.com.br/nauanin/produto/regata-podrinha,<url>
instagram_zip,2025-03-10 21:38:51.401,Curadobia,Qualquer duvida nos avise ok?,qualquer duvida nos avise ok
instagram_zip,2025-03-10 21:38:22.503,Curadobia,"Oi Lais, boa noite! O site esta funcionando normalmente. Esperamos que consiga finalizar seu pedido agora.",oi lais boa noite o site esta funcionando normalmente esperamos que consiga finalizar seu pedido agora
instagram_zip,2025-03-10 14:54:13.809,Curadobia,Qualquer coisa sigo aquið,qualquer coisa sigo aquid
instagram_zip,2025-03-10 14:54:07.867,Curadobia,"Oi Lais! Bom dia, como vai? Ana aqui, da equipe do Curadobia. Obrigada pelo seu interesse conosco. Estamos fazendo uma repaginaÃ§Ã£o no site e assim que voltarmos te aviso, tudo bem? ð¥°",oi lais bom dia como vai ana aqui da equipe do curadobia obrigada pelo seu interesse conosco estamos fazendo uma repaginaa a o no site e assim que voltarmos te aviso tudo bem d deg
instagram_zip,2025-03-10 02:21:00.287,Lais Cardoso Peretto,"Bia, td bom? NÃ£o estou conseguindo finalizar a compra da âregata podrinhaâ. Coloquei os dados do cartÃ£o e no campo CVV eu ponho os nÃºmeros mas o sistema ignora que eu coloquei. Tentei vÃ¡rias vezes, acho que estÃ¡ com problemaâ¦",bia td bom na o estou conseguindo finalizar a compra da aregata podrinhaa coloquei os dados do carta o e no campo cvv eu ponho os naomeros mas o sistema ignora que eu coloquei tentei va rias vezes acho que esta com problemaa
instagram_zip,2025-01-23 01:20:43.432,Curadobia,"OlÃ¡ pessoal, como vÃ£o? Meu nome Ã© Ana e trabalho junto com a Bia Paes de Barros no CURADOBIA.COM.BR O Curadobia Ã© um marketplace que nasceu com o propÃ³sito de reunir em um sÃ³ lugar peÃ§as que fazem toda a diferenÃ§a no armÃ¡rio e ao mesmo tempo sÃ£o fÃ¡ceis de usar: os chamados neutros com tcharanz. Acreditamos que a MAREU NITSCHKE super se conecta com essa proposta. Com quem poderia conversar para falar mais sobre? Aguardo vocÃªs!",ola pessoal como va o meu nome a c ana e trabalho junto com a bia paes de barros no curadobia com br o curadobia a c um marketplace que nasceu com o propa <num> sito de reunir em um sa <num> lugar pea as que fazem toda a diferena a no arma rio e ao mesmo tempo sa o fa ceis de usar os chamados neutros com tcharanz acreditamos que a mareu nitschke super se conecta com essa proposta com quem poderia conversar para falar mais sobre aguardo vocaas
instagram_zip,2025-03-30 14:16:48.482,Curadobia,,
instagram_zip,2025-03-30 11:37:37.612,Angela Motta,,
instagram_zip,2025-03-24 18:13:48.031,Katia Senco,ð¥,d
instagram_zip,2025-05-07 01:04:53.926,Curadobia,,
instagram_zip,2025-05-07 01:04:28.023,Curadobia,,
instagram_zip,2025-05-07 01:03:50.271,Curadobia,,
instagram_zip,2025-05-06 19:10:52.383,Silvia Poppovic,Curtiu uma mensagem,curtiu uma mensagem
instagram_zip,2025-05-06 19:07:23.887,Curadobia,,
instagram_zip,2025-05-06 19:04:32.671,Curadobia,"Obrigada pela presenÃ§a, Silviað¤",obrigada pela presena a silviad
instagram_zip,2025-05-06 19:04:17.690,Curadobia,,
instagram_zip,2025-05-06 18:56:53.916,Silvia Poppovic,,
instagram_zip,2025-05-06 18:52:24.339,Silvia Poppovic,,
instagram_zip,2024-10-22 04:54:02.847,marga.alca,ð,d
instagram_zip,2024-10-01 14:53:48.555,Curadobia,"Bom dia, Gil! Infelizmente nÃ£o trabalhamos com cupom para 1Âª compra ainda. Mas estamos Ã disposiÃ§Ã£o para sanar qualquer dÃºvida!",bom dia gil infelizmente na o trabalhamos com cupom para <num> aa compra ainda mas estamos a disposia a o para sanar qualquer daovida
instagram_zip,2024-10-01 00:52:29.693,Gil Bastos,OlÃ¡! Tudo bem? Tem cupom para 1a compra?,ola tudo bem tem cupom para <num> a compra
instagram_zip,2024-07-19 20:08:47.315,Curadobia,Igualmente!,igualmente
instagram_zip,2024-07-19 19:09:19.686,Tiago Rodrigues,Muito obrigada!! Tenham um bom fim de semana!,muito obrigada tenham um bom fim de semana
instagram_zip,2024-07-19 18:49:13.962,Curadobia,"Claro, pode enviar para nosso e-mail contato.curadobia@gmail.com",claro pode enviar para nosso e mail contato curadobia <user> com
instagram_zip,2024-07-19 18:47:22.625,Tiago Rodrigues,VocÃª poderia me passar o contato dos responsÃ¡veis?!,vocaa poderia me passar o contato dos responsa veis
instagram_zip,2024-07-19 18:47:07.567,Tiago Rodrigues,"Somos uma produtora de Ã¡udio visual, e achamos que seria interessante apresentar o nosso trabalho e portifÃ³lio!",somos uma produtora de a udio visual e achamos que seria interessante apresentar o nosso trabalho e portifa <num> lio
instagram_zip,2024-07-19 18:46:01.655,Tiago Rodrigues,Tudo bem tambÃ©m!!,tudo bem tamba c m
instagram_zip,2024-07-19 18:43:28.932,Curadobia,"OlÃ¡, tudo bem sim e com vocÃª?",ola tudo bem sim e com vocaa
instagram_zip,2024-07-19 18:17:56.395,Tiago Rodrigues,"Oii, tudo bem??",oii tudo bem
instagram_zip,2025-05-06 19:50:51.696,Angela Rodrigues Resende Resende,Sua camisa Ã© linda,sua camisa a c linda
instagram_zip,2025-05-17 02:30:54.338,Curadobia,"OlÃ¡, pode comprar o numero certinho mesmo.",ola pode comprar o numero certinho mesmo
instagram_zip,2025-05-17 00:07:41.714,Scorro Dantas Alves,Quero comprar mas preciso saber se ela calÃ§a certinho o nÃºmero do calÃ§o o nÃºmero 35. Devo comprar o mesmo?,quero comprar mas preciso saber se ela cala a certinho o naomero do cala o o naomero <num> devo comprar o mesmo
instagram_zip,2025-05-17 00:07:40.973,Scorro Dantas Alves,Scorro shared a product.,scorro shared a product
instagram_zip,2024-11-21 13:25:08.563,Curadobia,https://www.curadobia.com.br/revival-brasil/produto/body-arrumadao,<url>
instagram_zip,2024-11-21 13:25:02.144,Curadobia,"Oi, Mariana! Bom diað O que acha desse modelo que temos no Curadobia?",oi mariana bom diad o que acha desse modelo que temos no curadobia
instagram_zip,2024-11-19 14:48:58.216,Mariana Genta,E a blusa?,e a blusa
instagram_zip,2024-10-12 11:02:57.457,Julia Hauck,Curtiu uma mensagem,curtiu uma mensagem
instagram_zip,2024-10-11 19:12:26.491,Curadobia,"Oi, Julia! Tudo bem? Essa Ã© da Egrey, mais antigaâ¦ Estamos a poucos dias de lanÃ§ar novos modelos de jeans de uma nova marca que entrarÃ¡ no Curadobia! Assim que lanÃ§armos, te mandamos aquið",oi julia tudo bem essa a c da egrey mais antigaa estamos a poucos dias de lana ar novos modelos de jeans de uma nova marca que entrara no curadobia assim que lana armos te mandamos aquid
instagram_zip,2024-10-11 18:04:08.010,Julia Hauck,E a calÃ§a Ã© de onde?,e a cala a a c de onde
instagram_zip,2024-09-23 14:52:37.912,Julia Hauck,"Muito obrigada, legal que sou do mesmo tamanho que ela!",muito obrigada legal que sou do mesmo tamanho que ela
instagram_zip,2024-09-23 14:28:12.173,Curadobia,"PorÃ©m, Ã© interessante frisar que a modelagem da calÃ§a Ã© uma cintura no lugar. Nem cintura baixa e nem cintura alta.",pora c m a c interessante frisar que a modelagem da cala a a c uma cintura no lugar nem cintura baixa e nem cintura alta
instagram_zip,2024-09-23 14:23:57.900,Curadobia,"Altura seria 1,78 Cintura 80 Quadril 100",altura seria <num> <num> cintura <num> quadril <num>
instagram_zip,2024-09-23 14:23:02.714,Curadobia,OlÃ¡ JÃºlia bom dia! Tudo bem?,ola jaolia bom dia tudo bem
instagram_zip,2024-09-22 22:27:37.022,Julia Hauck,Gostaria de saber qual a altura e medidas da Bia pra entender melhor o tamanho de referÃªncia.,gostaria de saber qual a altura e medidas da bia pra entender melhor o tamanho de referaancia
instagram_zip,2024-09-22 22:27:36.148,Julia Hauck,Julia sent an attachment.,julia sent an attachment
instagram_zip,2024-12-09 02:51:51.749,Ana Maria Castro,ð,d
instagram_zip,2025-05-07 14:45:45.203,Curadobia,,
instagram_zip,2025-05-07 12:41:47.709,Curadobia,,
instagram_zip,2025-05-07 12:41:25.082,Curadobia,,
instagram_zip,2025-05-07 11:47:15.814,e m m e,,
instagram_zip,2025-05-07 11:45:48.658,e m m e,,
instagram_zip,2025-05-06 17:18:27.789,Fernanda Yamamoto,,
instagram_zip,2025-04-14 17:13:37.945,Curadobia,,
instagram_zip,2025-04-14 17:09:57.467,Fernanda Yamamoto,,
instagram_zip,2025-02-06 15:05:49.978,Fernanda Yamamoto,,
instagram_zip,2025-01-24 10:45:17.826,Fernanda Yamamoto,"Oi Ana a Marcia Fonseca esta em contato com vc, ne? Vamos conversar sim, a Fernanda tem mto interesse",oi ana a marcia fonseca esta em contato com vc ne vamos conversar sim a fernanda tem mto interesse
instagram_zip,2025-01-20 15:03:25.076,Curadobia,"OlÃ¡ pessoal, como vÃ£o? Meu nome Ã© Ana e trabalho junto com a Bia Paes de Barros no CURADOBIA.COM.BR O Curadobia Ã© um marketplace que nasceu com o propÃ³sito de reunir em um sÃ³ lugar peÃ§as que fazem toda a diferenÃ§a no armÃ¡rio e ao mesmo tempo sÃ£o fÃ¡ceis de usar: os chamados neutros com tcharanz. Acreditamos que a FERNANDA YAMAMOTO super se conecta com essa proposta. Com quem poderia conversar para falar mais sobre? Aguardo vocÃªs!",ola pessoal como va o meu nome a c ana e trabalho junto com a bia paes de barros no curadobia com br o curadobia a c um marketplace que nasceu com o propa <num> sito de reunir em um sa <num> lugar pea as que fazem toda a diferena a no arma rio e ao mesmo tempo sa o fa ceis de usar os chamados neutros com tcharanz acreditamos que a fernanda yamamoto super se conecta com essa proposta com quem poderia conversar para falar mais sobre aguardo vocaas
instagram_zip,2024-09-26 13:44:17.760,Beatriz Kesselring | Psicanalista,Maravilha ðð¼,maravilha dd <num> <num>
instagram_zip,2024-09-26 13:33:14.753,Curadobia,"Bom dia, Beatriz! Tudo bem? Obrigada por ter entrado em contato conosco! Vamos te encaminhar uma mensagem pelo nosso WhatsApp oficial. (edited)",bom dia beatriz tudo bem obrigada por ter entrado em contato conosco vamos te encaminhar uma mensagem pelo nosso whatsapp oficial edited
instagram_zip,2024-09-26 13:32:39.738,Curadobia,"Bom dia, Beatriz! Tudo bem? Obrigada por ter entrado em contato conosco! Vamos entrar em contato com vocÃª pelo nosso WhatsApp oficial.",bom dia beatriz tudo bem obrigada por ter entrado em contato conosco vamos entrar em contato com vocaa pelo nosso whatsapp oficial
instagram_zip,2024-09-26 12:50:44.650,Beatriz Kesselring | Psicanalista,Ops Ã© a blusa Pah,ops a c a blusa pah
instagram_zip,2024-09-26 10:03:47.911,Beatriz Kesselring | Psicanalista,Obrigada,obrigada
instagram_zip,2024-09-26 10:03:44.854,Beatriz Kesselring | Psicanalista,Mas gostaria de experimentar antes de comprar. Ã possÃ­vel? Meu cel (11) 99904-7575,mas gostaria de experimentar antes de comprar a possavel meu cel <num> <num> <num>
instagram_zip,2024-09-26 10:02:58.793,Beatriz Kesselring | Psicanalista,Eu amei a blusa branca Tcharam ð¥°,eu amei a blusa branca tcharam d deg
instagram_zip,2024-09-26 10:02:18.222,Beatriz Kesselring | Psicanalista,OlÃ¡! Bom dia,ola bom dia
instagram_zip,2024-10-18 20:10:48.239,Sandra Meira | Estrategista Visual,Ibaaaa,ibaaaa
instagram_zip,2024-10-18 20:10:45.415,Sandra Meira | Estrategista Visual,Curtiu uma mensagem,curtiu uma mensagem
instagram_zip,2024-10-18 17:51:55.232,Curadobia,"Segue o link dele! Qualquer dÃºvida ou questÃ£o, estamos Ã disposiÃ§Ã£o! Obrigada por nos acompanhar! Equipe Curadobia ð",segue o link dele qualquer daovida ou questa o estamos a disposia a o obrigada por nos acompanhar equipe curadobia d
instagram_zip,2024-10-18 17:51:20.075,Curadobia,https://www.curadobia.com.br/yes-i-am-jeans/produto/a-pantalona-jeans,<url>
instagram_zip,2024-10-18 17:51:06.467,Curadobia,,
instagram_zip,2024-10-18 17:51:01.366,Curadobia,"Oi, Sandra! Tudo bem? Passando aqui para te avisar que o jeans preto que vocÃª se interessou no nosso reels um tempinho atrÃ¡s estÃ¡ disponÃ­vel!ð",oi sandra tudo bem passando aqui para te avisar que o jeans preto que vocaa se interessou no nosso reels um tempinho atra s esta disponavel d
instagram_zip,2024-07-09 11:20:29.048,Emilia freitas,Obrigada! Beijinhos,obrigada beijinhos
instagram_zip,2024-07-08 22:40:52.866,Curadobia,"OlÃ¡ Emilia, boa noite! Tudo bem? Agradecemos demais o feedback e pode ter certeza que uma das preocupaÃ§Ãµes que estamos tendo Ã© seguir na busca por marcas que tragam opÃ§Ãµes e grades que representam o maior nÃºmero de corpos possÃ­vel. Sobre a tabela de medida, estamos buscando ajustar. Obrigada por nos informar e seguiremos aprimorando cada vez mais. Bjos!ð·",ola emilia boa noite tudo bem agradecemos demais o feedback e pode ter certeza que uma das preocupaa aues que estamos tendo a c seguir na busca por marcas que tragam opa aues e grades que representam o maior naomero de corpos possavel sobre a tabela de medida estamos buscando ajustar obrigada por nos informar e seguiremos aprimorando cada vez mais bjos d
instagram_zip,2024-07-07 21:32:44.976,Emilia freitas,"Oi Bia, tudo bem? Adorei a @curadabia, (o nome ficou demais), e claro ja fui olhar as peÃ§as! NÃ£o localizei tabela de medidas! Porem, pelo tamanho das peÃ§as que vc veste o G provavelmente nÃ£o vai caber em mim! Uso 46/48, a depender da confecÃ§Ã£o! Pense com carinho em fazer uma curadoria para tamanhos normais! Desejo muito sucesso nessa nova empreitada! Que Deus te abenÃ§oe! Bjos!",oi bia tudo bem adorei a <user> o nome ficou demais e claro ja fui olhar as pea as na o localizei tabela de medidas porem pelo tamanho das pea as que vc veste o g provavelmente na o vai caber em mim uso <num> <num> a depender da confeca a o pense com carinho em fazer uma curadoria para tamanhos normais desejo muito sucesso nessa nova empreitada que deus te abena oe bjos
instagram_zip,2024-10-23 16:27:58.958,Curadobia,"OlÃ¡, Halanna! Boa tarde! Tudo bem? Estamos entrando em contato porque identificamos que hÃ¡ um tempo vocÃª demonstrou interesse nas sandÃ¡lias da Bia, que apareceram em um dos nossos reels! Agora elas estÃ£o disponÃ­veis no site do Curadobia! ðð segue o link: https://www.curadobia.com.br/produtos/buscar?search=Paula+ferber Obrigada por nos acompanhar, Halanna! Qualquer dÃºvida, estamos Ã disposiÃ§Ã£o! Equipe Curadobia ð",ola halanna boa tarde tudo bem estamos entrando em contato porque identificamos que ha um tempo vocaa demonstrou interesse nas sanda lias da bia que apareceram em um dos nossos reels agora elas esta o disponaveis no site do curadobia dd segue o link <url> obrigada por nos acompanhar halanna qualquer daovida estamos a disposia a o equipe curadobia d
instagram_zip,2025-05-10 14:07:33.739,Emilly,Obrigada,obrigada
instagram_zip,2025-05-10 13:26:30.304,Curadobia,"Ola Emily, td bem? Segue aqui os detalhes da blusa que gostou. Qualquer duvida estamos a disposiÃ§Ã£o.",ola emily td bem segue aqui os detalhes da blusa que gostou qualquer duvida estamos a disposia a o
instagram_zip,2025-05-10 13:26:09.480,Curadobia,https://www.curadobia.com.br/lounge-39/produto/blusa-pah,<url>
instagram_zip,2025-05-10 13:06:08.754,Emilly,Quanto tÃ¡ essa blusa?,quanto ta essa blusa
instagram_zip,2025-05-10 13:06:05.936,Emilly,,
instagram_zip,2025-05-10 13:06:01.833,Emilly,Oiiii tudo bem?,oiiii tudo bem
instagram_zip,2025-01-14 19:05:07.012,Claudia Caca Diniz,Oba! â¤ï¸,oba a i
instagram_zip,2025-01-14 19:05:02.058,Claudia Caca Diniz,Curtiu uma mensagem,curtiu uma mensagem
instagram_zip,2025-01-14 17:58:25.491,Curadobia,"Claudia, pedido confirmado! Foi uma regata nadadora, tamanho M da MyBasic, correto? Esperamos que vocÃª adore sua comprað",claudia pedido confirmado foi uma regata nadadora tamanho m da mybasic correto esperamos que vocaa adore sua comprad
instagram_zip,2025-01-14 17:40:44.226,Curadobia,Oi Claudia! Que mensagem boa! Ficamos felizes de vocÃª gostar dos nossos produtos. Vou confirmar sua compra e te aviso!,oi claudia que mensagem boa ficamos felizes de vocaa gostar dos nossos produtos vou confirmar sua compra e te aviso
instagram_zip,2025-01-14 14:14:19.305,Claudia Caca Diniz,"OlÃ¡, fiz uma compra com vocÃªs. Tudo certo?",ola fiz uma compra com vocaas tudo certo
instagram_zip,2024-07-23 21:15:51.443,Luciana Leite,ð,d
instagram_zip,2025-03-28 20:52:30.814,Curadobia,"Ola Carol, td bem e vc?! Pode nos enviar para contato.curadobia@gmail.com",ola carol td bem e vc pode nos enviar para contato curadobia <user> com
instagram_zip,2025-03-28 18:37:05.852,CarandaiÌ 25,OlÃ¡! Tudo bem? Teria um contato do responsÃ¡vel da marca ou comercial para falarmos? Obrigada Carol ð¤,ola tudo bem teria um contato do responsa vel da marca ou comercial para falarmos obrigada carol d
instagram_zip,2024-10-20 13:14:32.672,Ligia Gama Lobo,ð,d
instagram_zip,2025-03-19 22:46:33.617,Violeta Kertesz Noya,Curtiu uma mensagem,curtiu uma mensagem
instagram_zip,2025-03-19 19:45:59.366,Curadobia,,
instagram_zip,2024-11-25 20:24:30.299,Anna Maria Assaf M V Marotta,,
instagram_zip,2024-11-25 14:06:52.108,Curadobia,https://www.curadobia.com.br/produtos/buscar?search=Paula+ferber,<url>
instagram_zip,2024-11-25 14:05:15.529,Curadobia,"Oi, Anna!! Que bom receber uma mensagem sua! Feliz que gostou da sandÃ¡lia, ela Ã© uma das queridinhas aqui no Curadobiað Vou te encaminhar o link dela!",oi anna que bom receber uma mensagem sua feliz que gostou da sanda lia ela a c uma das queridinhas aqui no curadobiad vou te encaminhar o link dela
instagram_zip,2024-11-23 13:02:56.384,Anna Maria Assaf M V Marotta,De onde Ã© a sandÃ¡lia linda?,de onde a c a sanda lia linda
instagram_zip,2025-05-19 14:24:34.886,Curadobia,"OlÃ¡, bom dia! tudo bem? vocÃªs tem um pdf com o portifolio de produtos que trabalham",ola bom dia tudo bem vocaas tem um pdf com o portifolio de produtos que trabalham
instagram_zip,2025-05-12 19:24:58.629,EÌCRU | Embalagens,Oi! Tudo certinho por aÃ­? ð Somos a EÌCRU e trabalhamos com embalagens sustentÃ¡veis e personalizÃ¡veis feitas em algodÃ£o cru! Nossos principais produtos sÃ£o: ð Necessaire ð Saquinhos ð Ecobags Nos identificamos muito com a sua empresa e adorarÃ­amos te apresentar nosso catÃ¡logo! Posso te enviar mais informaÃ§Ãµes pelo e-mail ou Whatsapp? Ah! TambÃ©m aceitamos propostas de orÃ§amento ou cobrimos valores de outros fornecedores!,oi tudo certinho por aa d somos a eicru e trabalhamos com embalagens sustenta veis e personaliza veis feitas em algoda o cru nossos principais produtos sa o d necessaire d saquinhos d ecobags nos identificamos muito com a sua empresa e adoraraamos te apresentar nosso cata logo posso te enviar mais informaa aues pelo e mail ou whatsapp ah tamba c m aceitamos propostas de ora amento ou cobrimos valores de outros fornecedores
instagram_zip,2025-04-24 17:24:59.184,Raquel SodreÌ ð¿,,
instagram_zip,2025-02-21 18:17:42.002,Daniela Ogata,ð,d
instagram_zip,2024-08-15 23:07:35.523,Daniela Ogata,ð,d
instagram_zip,2025-01-31 16:55:02.857,Curadobia,"OlÃ¡ pessoal, como vÃ£o? Meu nome Ã© Ana e trabalho junto com a Bia Paes de Barros no CURADOBIA.COM.BR O Curadobia Ã© um marketplace que nasceu com o propÃ³sito de reunir em um sÃ³ lugar peÃ§as que fazem toda a diferenÃ§a no armÃ¡rio e ao mesmo tempo sÃ£o fÃ¡ceis de usar: os chamados neutros com tcharanz. Acreditamos que a L*Dnim super se conecta com essa proposta. Com quem poderia conversar para falar mais sobre? Aguardo vocÃªs!",ola pessoal como va o meu nome a c ana e trabalho junto com a bia paes de barros no curadobia com br o curadobia a c um marketplace que nasceu com o propa <num> sito de reunir em um sa <num> lugar pea as que fazem toda a diferena a no arma rio e ao mesmo tempo sa o fa ceis de usar os chamados neutros com tcharanz acreditamos que a l dnim super se conecta com essa proposta com quem poderia conversar para falar mais sobre aguardo vocaas
instagram_zip,2024-12-04 16:25:17.292,Curadobia,,
instagram_zip,2024-12-04 00:41:29.720,Carol Caliman,,
instagram_zip,2025-05-07 08:55:45.102,Ana Paula Werneck,ð,d
instagram_zip,2025-05-07 08:55:43.836,Ana Paula Werneck,ð,d
instagram_zip,2025-01-31 16:51:49.667,Curadobia,"OlÃ¡ pessoal, como vÃ£o? Meu nome Ã© Ana e trabalho junto com a Bia Paes de Barros no CURADOBIA.COM.BR O Curadobia Ã© um marketplace que nasceu com o propÃ³sito de reunir em um sÃ³ lugar peÃ§as que fazem toda a diferenÃ§a no armÃ¡rio e ao mesmo tempo sÃ£o fÃ¡ceis de usar: os chamados neutros com tcharanz. Acreditamos que a IARA WISNIK super se conecta com essa proposta. Com quem poderia conversar para falar mais sobre? Aguardo vocÃªs!",ola pessoal como va o meu nome a c ana e trabalho junto com a bia paes de barros no curadobia com br o curadobia a c um marketplace que nasceu com o propa <num> sito de reunir em um sa <num> lugar pea as que fazem toda a diferena a no arma rio e ao mesmo tempo sa o fa ceis de usar os chamados neutros com tcharanz acreditamos que a iara wisnik super se conecta com essa proposta com quem poderia conversar para falar mais sobre aguardo vocaas
instagram_zip,2025-01-20 18:42:36.730,Curadobia,"OlÃ¡ pessoal, como vÃ£o? Meu nome Ã© Ana e trabalho junto com a Bia Paes de Barros no CURADOBIA.COM.BR O Curadobia Ã© um marketplace que nasceu com o propÃ³sito de reunir em um sÃ³ lugar peÃ§as que fazem toda a diferenÃ§a no armÃ¡rio e ao mesmo tempo sÃ£o fÃ¡ceis de usar: os chamados neutros com tcharanz. Acreditamos que a PROJETO ZERO UM super se conecta com essa proposta. Com quem poderia conversar para falar mais sobre? Aguardo vocÃªs!",ola pessoal como va o meu nome a c ana e trabalho junto com a bia paes de barros no curadobia com br o curadobia a c um marketplace que nasceu com o propa <num> sito de reunir em um sa <num> lugar pea as que fazem toda a diferena a no arma rio e ao mesmo tempo sa o fa ceis de usar os chamados neutros com tcharanz acreditamos que a projeto zero um super se conecta com essa proposta com quem poderia conversar para falar mais sobre aguardo vocaas
instagram_zip,2024-12-04 16:46:15.682,Sarah Oliveira,ð,d
instagram_zip,2024-12-04 16:25:31.653,Curadobia,Obrigada pelo prestÃ­gio! Foi incrÃ­vel te ter de pertinho ontemð¤ð¤,obrigada pelo prestagio foi incravel te ter de pertinho ontemd d
instagram_zip,2024-12-04 16:25:18.891,Curadobia,,
instagram_zip,2024-12-04 00:48:36.252,Sarah Oliveira,,
instagram_zip,2024-12-04 00:46:28.404,Sarah Oliveira,,
instagram_zip,2025-01-07 15:53:39.492,AndreiaMaretti,Que roupa bonita,que roupa bonita
instagram_zip,2024-09-30 11:01:07.420,R O W E N â    K E T H E R,ð,d
instagram_zip,2025-04-15 12:44:15.931,Lulitex Fashion,â¤ï¸,a i
instagram_zip,2024-11-27 16:52:09.025,Lulitex Fashion,"OlÃ¡, tudo bem?! Meu nome Ã© Leonardo, trabalho na importadora @Lulitex_textil @lulitexfashion Vi o instagram da marca e vocÃªs tem o perfil Lulitex, muito sofisticaÃ§Ã£o e bom gosto. Trabalhamos com pronta entrega e importaÃ§Ã£o de tecidos exclusivos de acordo com a demanda do cliente. Nosso showroom tem um acervo enorme. SerÃ¡ um prazer recebe-los em uma visita. Poderia me passar o contato do estilo ou compras? Desde jÃ¡ agradeÃ§o a atenÃ§Ã£o. Att, Leonardo JosÃ© E-mail: leonardo@lulitex.com.br PABX: +55 11 2105 1541 WHATSAPP: 11 9.9600-2547 www.lulitex.com.br",ola tudo bem meu nome a c leonardo trabalho na importadora <user> <user> vi o instagram da marca e vocaas tem o perfil lulitex muito sofisticaa a o e bom gosto trabalhamos com pronta entrega e importaa a o de tecidos exclusivos de acordo com a demanda do cliente nosso showroom tem um acervo enorme sera um prazer recebe los em uma visita poderia me passar o contato do estilo ou compras desde ja agradea o a atena a o att leonardo josa c e mail leonardo <user> com br pabx <num> <num> <num> <num> whatsapp <num> <num> <num> <num> www lulitex com br
instagram_zip,2025-01-14 17:41:18.062,Curadobia,"Obrigada pelo feedback, Maria!",obrigada pelo feedback maria
instagram_zip,2025-01-14 17:40:59.764,Curadobia,Obaa!ð,obaa d
instagram_zip,2025-01-13 17:53:25.930,Maria Isabel Rodrigues Hetschko,Adorei a dica!,adorei a dica
instagram_zip,2024-08-04 12:02:57.710,Angelica Almeida Laviola ð,Adorei!!!! ððð·,adorei ddd
instagram_zip,2025-05-07 16:45:58.866,Curadobia,,
instagram_zip,2025-05-07 16:20:26.847,Curadobia,,
instagram_zip,2025-05-07 16:02:49.462,Andrea Azevedo,,
instagram_zip,2024-12-03 23:13:18.187,Andrea Azevedo,,
instagram_zip,2024-12-03 22:09:52.426,Curadobia,Obrigada pelo prestÃ­gio! ð¤ð¤,obrigada pelo prestagio d d
instagram_zip,2024-12-03 22:09:09.806,Curadobia,,
instagram_zip,2024-12-03 22:08:30.656,Andrea Azevedo,,
instagram_zip,2024-12-03 23:12:10.567,Curadobia,,
instagram_zip,2024-12-03 23:12:07.572,Curadobia,,
instagram_zip,2024-12-03 23:12:01.758,Curadobia,,
instagram_zip,2024-12-03 23:11:38.411,Curadobia,,
instagram_zip,2024-12-03 22:44:51.306,Renata Perlman | Consultora de estilo,,
instagram_zip,2024-12-03 22:41:56.256,Renata Perlman | Consultora de estilo,,
instagram_zip,2024-12-03 22:40:30.298,Renata Perlman | Consultora de estilo,,
instagram_zip,2024-12-03 22:38:59.380,Renata Perlman | Consultora de estilo,,
instagram_zip,2024-12-03 22:35:52.884,Renata Perlman | Consultora de estilo,,
instagram_zip,2024-11-03 13:54:06.042,Simone Vitor,"Bom dia tudo bem? EntÃ£o eu tenho mito daqueles vestidos , com estampas, e alguns atÃ© sÃ£o estampas geomÃ©tricas e todas as opÃ§Ãµes possÃ­veis . Como posso fazer que nÃ£o fiquem parecendo quando usar aquelas roupas que nÃ£o tem nada haver comigo . Eu estou em uma fase de camisa, calÃ§a jeans bem moderna . E roupas mais discretas . Mas Ã© esses vestido como usar ?",bom dia tudo bem enta o eu tenho mito daqueles vestidos com estampas e alguns ata c sa o estampas geoma c tricas e todas as opa aues possaveis como posso fazer que na o fiquem parecendo quando usar aquelas roupas que na o tem nada haver comigo eu estou em uma fase de camisa cala a jeans bem moderna e roupas mais discretas mas a c esses vestido como usar
instagram_zip,2025-04-01 15:12:25.945,Sandra Ricci,Ameiiiiiiii,ameiiiiiiii
instagram_zip,2024-12-03 22:31:16.457,Sandra Ricci,ð,d
instagram_zip,2024-10-19 01:39:59.795,Sandra Ricci,ð,d
instagram_zip,2024-08-20 17:13:11.084,Sandra Ricci,ð,d
instagram_zip,2025-05-07 01:04:08.053,Fabi Hussni,ð¥°,d deg
instagram_zip,2025-05-07 01:01:57.520,Curadobia,,
instagram_zip,2025-05-06 21:57:35.091,Fabi Hussni,,
instagram_zip,2025-03-06 16:48:35.356,Curadobia,"Qualquer outra dÃºvida, sigo a disposiÃ§Ã£o!",qualquer outra daovida sigo a disposia a o
instagram_zip,2025-03-06 16:48:25.456,Curadobia,Pode deixar!,pode deixar
instagram_zip,2025-03-06 16:48:01.120,Suzane Emmerich,Poxaâ¦ que penaâ¦ quando tiverem me avise por favor,poxaa que penaa quando tiverem me avise por favor
instagram_zip,2025-03-06 16:47:01.647,Curadobia,Oi Suzane! Infelizmente nÃ£o estamos com previsÃ£o de reposiÃ§Ã£o do tamanho 37 da nossa gladiadorað¥º,oi suzane infelizmente na o estamos com previsa o de reposia a o do tamanho <num> da nossa gladiadorad o
instagram_zip,2025-03-06 14:45:20.423,Suzane Emmerich,Bom dia â¦ obrigada ðð»,bom dia a obrigada dd>>
instagram_zip,2025-03-06 14:15:33.143,Curadobia,Solicitamos a reposiÃ§Ã£o para a Paula Ferber. Logo mais te atualizaremos sobre o estoque ð¥°,solicitamos a reposia a o para a paula ferber logo mais te atualizaremos sobre o estoque d deg
instagram_zip,2025-03-06 14:15:11.472,Curadobia,"Oi, Suzane! Bom dia, como vocÃª estÃ¡?",oi suzane bom dia como vocaa esta
instagram_zip,2025-02-28 02:10:04.825,Suzane Emmerich,NÃ£o tem mais numeraÃ§Ã£o 37,na o tem mais numeraa a o <num>
instagram_zip,2025-04-07 17:36:54.873,Karen Pentecost,"Oi Ana, obrigada pela resposta! Bom, eu vou continuar na torcida pra esse frete internacional se materializar um dia desses pq a gente quer comprar essas coisas lindas e usar logo, nÃ©? â¦ infelizmente com o preÃ§o do dÃ³lar nÃ£o tenho recebido as amigas aqui tÃ£o frequentemente mas Ã© uma boa ideia tambÃ©m - obrigada!!!!",oi ana obrigada pela resposta bom eu vou continuar na torcida pra esse frete internacional se materializar um dia desses pq a gente quer comprar essas coisas lindas e usar logo na c a infelizmente com o prea o do da <num> lar na o tenho recebido as amigas aqui ta o frequentemente mas a c uma boa ideia tamba c m obrigada
instagram_zip,2025-04-07 16:58:33.680,Curadobia,Obrigada por nos acompanhar ð Sigo aqui para o que vocÃª precisar,obrigada por nos acompanhar d sigo aqui para o que vocaa precisar
instagram_zip,2025-04-07 16:57:54.599,Curadobia,"Oi, Karen! Que bom receber tua mensagem. Aqui Ã© a Ana, faÃ§o parte do time Curadobia. Realmente nÃ³s ainda nÃ£o trabalhamos com frete internacional ð­ Mas nÃ£o deixe de pedir para alguÃ©m te levar nossas peÃ§as quando for te visitar! VÃ¡rias clientes internacionais nossas fazem issoð",oi karen que bom receber tua mensagem aqui a c a ana faa o parte do time curadobia realmente na <num> s ainda na o trabalhamos com frete internacional d mas na o deixe de pedir para algua c m te levar nossas pea as quando for te visitar va rias clientes internacionais nossas fazem issod
instagram_zip,2025-04-07 16:54:20.862,Karen Pentecost,"Bia, vocÃª acaba comigo com tantas coisas lindas do curadobia!!! Queria muito que tivesse frete internacional ( CanadÃ¡) eu fico aqui babando!!!! ð",bia vocaa acaba comigo com tantas coisas lindas do curadobia queria muito que tivesse frete internacional canada eu fico aqui babando d
instagram_zip,2025-05-07 14:15:27.750,á­á©Oáªá© á·Oáá´áªáªI,"TÃ¡ Ã³timo, obrigada",ta a <num> timo obrigada
instagram_zip,2025-05-07 14:14:45.318,Curadobia,"Qualquer coisa, sigo aqui! Me chamo Ana",qualquer coisa sigo aqui me chamo ana
instagram_zip,2025-05-07 14:14:38.227,Curadobia,https://www.curadobia.com.br/fernanda-yamamoto/produto/blusa-modernosa,<url>
instagram_zip,2025-05-07 14:14:32.687,Curadobia,"Paola, nossas vendas sÃ£o realizadas pelo nosso site, te encaminho abaixo o link para que vocÃª possa acessar e fechar seu pedido:",paola nossas vendas sa o realizadas pelo nosso site te encaminho abaixo o link para que vocaa possa acessar e fechar seu pedido
instagram_zip,2025-05-07 14:11:14.074,á­á©Oáªá© á·Oáá´áªáªI,"Vou querer a 46, qual Ã© sua chave pix?",vou querer a <num> qual a c sua chave pix
instagram_zip,2025-05-07 13:52:36.081,Curadobia,Valor: 890,valor <num>
instagram_zip,2025-05-07 13:52:28.517,Curadobia,"Oi, Paola! Como vai? Temos ela disponÃ­vel do tamanho 38 ao 46!",oi paola como vai temos ela disponavel do tamanho <num> ao <num>
instagram_zip,2025-05-06 20:54:52.265,á­á©Oáªá© á·Oáá´áªáªI,"Oi, quanto custa a blusa modernosa? Tem GG ?",oi quanto custa a blusa modernosa tem gg
instagram_zip,2024-12-01 13:55:02.672,Adriana Baggio,"Certo, obrigada !!! O prazo de entrega sÃ£o 19 dias mesmo ?",certo obrigada o prazo de entrega sa o <num> dias mesmo
instagram_zip,2024-12-01 13:53:28.368,Curadobia,"Ola Adriana, td bem? Pode escolher a P. Atendera sua numeraÃ§Ã£o tranquilamente. Obrigada Time Curadobia â¨",ola adriana td bem pode escolher a p atendera sua numeraa a o tranquilamente obrigada time curadobia a
instagram_zip,2024-12-01 13:15:29.647,Adriana Baggio,"OlÃ¡ vcs tem uma tabela de medidas para essa calÃ§a , amei e gostaria de escolher o tamanho certo visto 40 e tenho 1.05 de quadril , entÃ£o nÃ£o tenho certeza do p ou m Poderiam me ajudar ? No aguardo Grata Adriana Baggio",ola vcs tem uma tabela de medidas para essa cala a amei e gostaria de escolher o tamanho certo visto <num> e tenho <num> <num> de quadril enta o na o tenho certeza do p ou m poderiam me ajudar no aguardo grata adriana baggio
instagram_zip,2024-12-01 13:15:29.340,Adriana Baggio,Adriana shared a product.,adriana shared a product
instagram_zip,2024-12-01 13:07:33.773,Adriana Baggio,"Bom Dia Gostei muito de uma calÃ§a mais gostaria de ter informaÃ§Ãµes dos tamanhos , se te tabela de medidas , Como faÃ§o para saber , poderiam me Ajudar ? No aguardo Grata Adriana Baggio",bom dia gostei muito de uma cala a mais gostaria de ter informaa aues dos tamanhos se te tabela de medidas como faa o para saber poderiam me ajudar no aguardo grata adriana baggio
instagram_zip,2024-12-03 21:44:48.890,Curadobia,Obrigada pelo prestÃ­gio! Foi incrÃ­vel te atender e receber vocÃª de pertinho ð¤ð¤,obrigada pelo prestagio foi incravel te atender e receber vocaa de pertinho d d
instagram_zip,2024-12-03 19:56:42.714,Curadobia,,
instagram_zip,2024-12-03 19:55:44.541,Curadobia,,
instagram_zip,2024-12-03 17:58:56.926,Barbara Katz Migliori,,
instagram_zip,2024-12-03 17:58:50.765,Barbara Katz Migliori,,
instagram_zip,2024-12-03 17:56:41.438,Barbara Katz Migliori,,
instagram_zip,2024-12-03 17:52:56.536,Barbara Katz Migliori,,
instagram_zip,2024-08-18 16:32:41.597,Curadobia,Oie! Em breve trarei uma curadobia de bolsas por aqui tmb ð,oie em breve trarei uma curadobia de bolsas por aqui tmb d
instagram_zip,2024-08-18 12:18:55.419,Cristina Santana Machado Piana,Bia gosto muito das suas bolsas . Poderia passar umas dicas ?? NÃ£o encontrei no seu site â¦,bia gosto muito das suas bolsas poderia passar umas dicas na o encontrei no seu site a
instagram_zip,2024-11-21 13:06:27.132,Fernanda Maciel Garcez Mehler,Uhuu,uhuu
instagram_zip,2024-11-21 12:19:00.758,Curadobia,"Oie, td bem e vc?! Ainda nao. Mas em breve terÃ¡",oie td bem e vc ainda nao mas em breve tera
instagram_zip,2024-11-20 03:53:29.064,Fernanda Maciel Garcez Mehler,"Oiee tudo bem? Amei a bota, tem curadoria dela? Bjos",oiee tudo bem amei a bota tem curadoria dela bjos
instagram_zip,2025-04-02 13:50:08.455,Lerparasermelhor,Obrigada,obrigada
instagram_zip,2025-04-02 13:49:53.815,Curadobia,VocÃª possui interesse em alguma peÃ§a em especÃ­fico? Sigo aqui para o que precisar,vocaa possui interesse em alguma pea a em especafico sigo aqui para o que precisar
instagram_zip,2025-04-02 13:49:38.031,Curadobia,"OlÃ¡! Tudo bem? Que bom receber sua mensagem! Meu nome Ã© Ana e sou do time Curadobia. Com relaÃ§Ã£o a sua dÃºvida, conversei com a prÃ³pria Bia e ela nos informou que volumes tambÃ©m podem funcionar para quem esta um pouco acima desde que tenha um pouco de pele de fora para trazer levezað",ola tudo bem que bom receber sua mensagem meu nome a c ana e sou do time curadobia com relaa a o a sua daovida conversei com a pra <num> pria bia e ela nos informou que volumes tamba c m podem funcionar para quem esta um pouco acima desde que tenha um pouco de pele de fora para trazer levezad
instagram_zip,2025-03-30 21:19:49.842,Lerparasermelhor,Nao sei se ficaria legal p quem esta um.pouco acima do peso,nao sei se ficaria legal p quem esta um pouco acima do peso
instagram_zip,2025-03-30 21:19:26.365,Lerparasermelhor,Gosto muito dos looks mas percebo que ha muito jogo c volumes,gosto muito dos looks mas percebo que ha muito jogo c volumes
instagram_zip,2025-03-30 21:19:01.427,Lerparasermelhor,Oiee,oiee
instagram_zip,2024-12-03 22:35:59.506,Renata Pupo,ðð,dd
instagram_zip,2024-12-03 22:35:45.678,Renata Pupo,â¤ï¸â¤ï¸,a i a i
instagram_zip,2024-12-03 21:41:02.160,Curadobia,"Obrigada pela presenÃ§a, Renata! Vai arrasar demais com o conjuntinho mascavo (nosso Ã­ntimo terracota) ð¥°",obrigada pela presena a renata vai arrasar demais com o conjuntinho mascavo nosso antimo terracota d deg
instagram_zip,2024-12-03 21:36:44.837,Curadobia,,
instagram_zip,2024-12-03 21:36:22.067,Curadobia,,
instagram_zip,2024-12-03 20:30:20.633,Renata Pupo,,
instagram_zip,2024-12-03 20:28:42.518,Renata Pupo,,
instagram_zip,2025-04-07 17:02:46.106,Curadobia,"Oi, Livia! Boa tarde! Ana aqui. VocÃª conseguiu dar uma olhada na jaqueta? Qualquer coisa sigo aqui para o que vocÃª precisar viu?",oi livia boa tarde ana aqui vocaa conseguiu dar uma olhada na jaqueta qualquer coisa sigo aqui para o que vocaa precisar viu
instagram_zip,2025-04-01 18:14:21.463,Curadobia,Praticamos sempre o mesmo valor das marcas. O que entrarÃ¡ de extra serÃ¡ o valor do frete que Ã© calculado automaticamente. Se tiver mais alguma dÃºvida nos avise ok?,praticamos sempre o mesmo valor das marcas o que entrara de extra sera o valor do frete que a c calculado automaticamente se tiver mais alguma daovida nos avise ok
instagram_zip,2025-04-01 18:12:55.316,Curadobia,"Meu nome Ã© Ana, sigo aqui para o que precisar!",meu nome a c ana sigo aqui para o que precisar
instagram_zip,2025-04-01 18:12:51.139,Curadobia,https://www.curadobia.com.br/nauanin/produto/jaqueta-bacanuda,<url>
instagram_zip,2025-04-01 18:12:10.880,Curadobia,"Ola Livia, td e vc? Ficamos felizes que gostou dessa jaqueta. Acredito que tenha sido um erro da lojinha do instagram. O valor correto R$ 755",ola livia td e vc ficamos felizes que gostou dessa jaqueta acredito que tenha sido um erro da lojinha do instagram o valor correto r <num>
instagram_zip,2025-04-01 17:27:29.213,Livia FogaÃ§a,,
instagram_zip,2025-04-01 17:27:26.115,Livia FogaÃ§a,"OlÃ¡!! Tudo bem? Estou APAIXONADA por essa jaqueta bacanuda da foto. O preÃ§o de 546, pula pra setecentos e tanto na hora de comprar. Ã isso mesmo? Entra um valor de comissÃ£o na hora da compra?",ola tudo bem estou apaixonada por essa jaqueta bacanuda da foto o prea o de <num> pula pra setecentos e tanto na hora de comprar a isso mesmo entra um valor de comissa o na hora da compra
instagram_zip,2025-05-04 14:06:33.916,N A U A N I N,,
instagram_zip,2025-04-29 16:23:35.094,N A U A N I N,,
instagram_zip,2025-03-17 22:28:30.293,Curadobia,,
instagram_zip,2025-03-17 20:56:55.517,N A U A N I N,,
instagram_zip,2024-12-06 20:04:22.645,N A U A N I N,,
instagram_zip,2024-10-28 15:57:37.412,N A U A N I N,,
instagram_zip,2024-10-18 17:12:30.290,N A U A N I N,,
instagram_zip,2024-10-15 20:30:47.712,N A U A N I N,,
instagram_zip,2024-10-11 20:10:40.134,N A U A N I N,,
instagram_zip,2024-09-16 13:27:29.677,N A U A N I N,,
instagram_zip,2024-09-01 23:57:29.088,N A U A N I N,,
instagram_zip,2024-08-26 22:47:07.639,N A U A N I N,,
instagram_zip,2024-08-22 16:57:42.180,N A U A N I N,,
instagram_zip,2024-08-18 22:47:09.927,N A U A N I N,,
instagram_zip,2024-08-09 15:19:24.124,N A U A N I N,,
instagram_zip,2024-08-04 23:09:25.553,N A U A N I N,,
instagram_zip,2024-08-02 21:25:05.464,N A U A N I N,,
instagram_zip,2024-10-19 12:37:29.234,Fernanda Martins Pegoraro,VocÃª Ã© linda e de uma delicadeza admirÃ¡vel,vocaa a c linda e de uma delicadeza admira vel
instagram_zip,2025-05-12 14:31:15.499,Curadobia,,
instagram_zip,2025-05-12 14:31:00.500,Curadobia,,
instagram_zip,2025-05-12 00:12:43.298,Jenyffer Freire,,
instagram_zip,2025-05-06 18:26:52.251,Jenyffer Freire,"Adorei, obrigada vcs!",adorei obrigada vcs
instagram_zip,2025-05-06 18:26:41.371,Jenyffer Freire,Curtiu uma mensagem,curtiu uma mensagem
instagram_zip,2025-05-06 18:20:57.275,Curadobia,Obrigada pela presenÃ§a â¥ï¸â¥ï¸,obrigada pela presena a a i a i
instagram_zip,2025-05-06 16:10:23.859,Jenyffer Freire,,
instagram_zip,2024-11-19 17:05:36.813,Roberta Perlingeiro,ð,d
instagram_zip,2024-09-04 20:57:52.147,Juliana Cardoso,993811193,<num>
instagram_zip,2024-09-04 20:57:32.139,Juliana Cardoso,11,<num>
instagram_zip,2024-09-04 20:57:27.452,Juliana Cardoso,Pode me chamar novamente por favor?,pode me chamar novamente por favor
instagram_zip,2024-09-04 20:57:18.759,Juliana Cardoso,Oi,oi
instagram_zip,2024-09-04 20:56:45.430,Curadobia,NÃ£o reconheceu no whats esse nÃºmero,na o reconheceu no whats esse naomero
instagram_zip,2024-09-04 20:56:37.655,Curadobia,Seu ddd qual seria?,seu ddd qual seria
instagram_zip,2024-09-04 20:55:42.050,Juliana Cardoso,Muito obrigada,muito obrigada
instagram_zip,2024-09-04 20:55:29.182,Curadobia,"Podemos falar sim, vou te dar um oi no whats para entendermos melhor",podemos falar sim vou te dar um oi no whats para entendermos melhor
instagram_zip,2024-09-04 20:55:09.470,Curadobia,"OlÃ¡ Juliana, boa tarde! Tudo bem?",ola juliana boa tarde tudo bem
instagram_zip,2024-09-03 13:38:11.308,Juliana Cardoso,Bom dia. Comprei esta blusa mas a parte que passa encima do ombro estÃ¡ solta. Ã assim mesmo? Podemos falar para eu entender melhor? Obrigada. Meu cel 983389576,bom dia comprei esta blusa mas a parte que passa encima do ombro esta solta a assim mesmo podemos falar para eu entender melhor obrigada meu cel <num>
instagram_zip,2024-09-03 13:38:10.941,Juliana Cardoso,Juliana sent an attachment.,juliana sent an attachment
instagram_zip,2025-05-05 12:18:35.415,JÃºlia Molina,Obaaa!â¤ï¸â¤ï¸â¤ï¸,obaaa a i a i a i
instagram_zip,2025-05-05 11:35:39.490,Curadobia,Vai super! Vai amar essa peÃ§a,vai super vai amar essa pea a
instagram_zip,2025-05-05 10:48:14.960,JÃºlia Molina,Bia! SerÃ¡ que a tshirt Angela Motta branca com uma manga bafÃ´nica vai ter amanhÃ£? Preciso dela,bia sera que a tshirt angela motta branca com uma manga bafa nica vai ter amanha preciso dela
instagram_zip,2025-05-04 23:10:34.746,Curadobia,Super,super
instagram_zip,2025-05-04 20:59:28.759,JÃºlia Molina,"Ahh pena! Mas na hora certa, vai dar!",ahh pena mas na hora certa vai dar
instagram_zip,2025-05-04 20:13:20.373,Curadobia,Obrigada â¤ï¸,obrigada a i
instagram_zip,2025-05-04 20:13:16.332,Curadobia,Mas amei a sugestÃ£o Ju,mas amei a sugesta o ju
instagram_zip,2025-05-04 20:13:08.954,Curadobia,Super! Ja falei mto com elas mas estao com muitas frentes abertas e nao conseguem fazer mais coisas,super ja falei mto com elas mas estao com muitas frentes abertas e nao conseguem fazer mais coisas
instagram_zip,2025-05-04 15:35:53.636,JÃºlia Molina,Isso Ã© Curadobia hein!,isso a c curadobia hein
instagram_zip,2025-05-04 15:35:53.254,JÃºlia Molina,,
instagram_zip,2025-05-04 13:56:36.655,JÃºlia Molina,Essa tshirt vai estar no evento? Namoro tanto ela,essa tshirt vai estar no evento namoro tanto ela
instagram_zip,2025-05-04 13:56:22.377,JÃºlia Molina,,
instagram_zip,2025-04-02 20:47:37.850,JÃºlia Molina,Curtiu uma mensagem,curtiu uma mensagem
instagram_zip,2025-04-02 20:42:42.125,Curadobia,Um dos meus modelos favoritos do site todinh,um dos meus modelos favoritos do site todinh
instagram_zip,2025-04-02 19:53:28.483,JÃºlia Molina,Uma coisa de lindo!,uma coisa de lindo
instagram_zip,2025-04-15 17:31:11.023,NÃ¡dia Simonelli,ð,d
instagram_zip,2025-04-15 17:31:01.301,NÃ¡dia Simonelli,Curtiu uma mensagem,curtiu uma mensagem
instagram_zip,2025-04-15 17:30:23.948,Curadobia,,
instagram_zip,2025-04-15 17:22:06.623,NÃ¡dia Simonelli,,
instagram_zip,2025-02-21 13:07:58.170,Curadobia,,
instagram_zip,2025-02-21 13:07:56.910,Maia Zequi,OlÃ¡ tudo bem Ana e vc? Que bacanaâ¦ Vou passar o WhatsApp da MaiÃ¡ pode falar com ela por gentileza! 11-983268095,ola tudo bem ana e vc que bacanaa vou passar o whatsapp da maia pode falar com ela por gentileza <num> <num>
instagram_zip,2025-02-18 18:17:12.765,Curadobia,"OlÃ¡ pessoal, como vÃ£o? Meu nome Ã© Ana e trabalho junto com a Bia Paes de Barros no CURADOBIA.COM.BR O Curadobia Ã© um marketplace que nasceu com o propÃ³sito de reunir em um sÃ³ lugar peÃ§as que fazem toda a diferenÃ§a no armÃ¡rio e ao mesmo tempo sÃ£o fÃ¡ceis de usar: os chamados neutros com tcharanz. Acreditamos que a marca de vocÃªs pode se conectar com essa proposta. Com quem poderia conversar para falar mais sobre? Aguardo vocÃªs!",ola pessoal como va o meu nome a c ana e trabalho junto com a bia paes de barros no curadobia com br o curadobia a c um marketplace que nasceu com o propa <num> sito de reunir em um sa <num> lugar pea as que fazem toda a diferena a no arma rio e ao mesmo tempo sa o fa ceis de usar os chamados neutros com tcharanz acreditamos que a marca de vocaas pode se conectar com essa proposta com quem poderia conversar para falar mais sobre aguardo vocaas
instagram_zip,2024-12-03 21:45:22.785,Curadobia,Obrigada pelo prestÃ­gio! Foi incrÃ­vel te ter de pertinho hojeð¤ð¤,obrigada pelo prestagio foi incravel te ter de pertinho hojed d
instagram_zip,2024-12-03 18:13:02.922,Carolina Lis,,
instagram_zip,2024-10-18 22:46:07.356,Curadobia,Temos ela ainda no tamanho 2 e 3,temos ela ainda no tamanho <num> e <num>
instagram_zip,2024-10-18 22:45:57.913,Curadobia,Para adquirir essa peÃ§a basta clicar no link da jaqueta e finalizar a compra pelo site: https://www.curadobia.com.br/nauanin/produto/jaqueta-bacanuda,para adquirir essa pea a basta clicar no link da jaqueta e finalizar a compra pelo site <url>
instagram_zip,2024-10-18 22:44:29.232,Curadobia,OlÃ¡ Marilene boa noite! Tudo bem?,ola marilene boa noite tudo bem
instagram_zip,2024-10-18 21:02:31.531,marilene ludwig,tenho interesse nessa jaqueta,tenho interesse nessa jaqueta
instagram_zip,2024-10-18 21:02:31.110,marilene ludwig,marilene sent an attachment.,marilene sent an attachment
instagram_zip,2024-10-23 18:14:54.360,Juliana Cuzzi,Curtiu uma mensagem,curtiu uma mensagem
instagram_zip,2024-10-23 16:25:36.692,Curadobia,"OlÃ¡, Juliana! Boa tarde! Tudo bem? Estamos entrando em contato porque identificamos que hÃ¡ um tempo vocÃª demonstrou interesse nos sapatos da Bia, que apareceram em um dos nossos reels! Agora eles estÃ£o disponÃ­veis no site do Curadobia! ðð segue o link: https://www.curadobia.com.br/produtos/buscar?search=Paula+ferber Obrigada por nos acompanhar, Juliana! Qualquer dÃºvida, estamos Ã disposiÃ§Ã£o! Equipe Curadobia ð",ola juliana boa tarde tudo bem estamos entrando em contato porque identificamos que ha um tempo vocaa demonstrou interesse nos sapatos da bia que apareceram em um dos nossos reels agora eles esta o disponaveis no site do curadobia dd segue o link <url> obrigada por nos acompanhar juliana qualquer daovida estamos a disposia a o equipe curadobia d
instagram_zip,2024-10-22 23:48:50.927,andrea moraes,Vou amanhÃ£. Obrigada,vou amanha obrigada
instagram_zip,2024-10-22 23:34:01.361,Curadobia,Acho melhor sim. Esta um pouco certa demais,acho melhor sim esta um pouco certa demais
instagram_zip,2024-10-22 22:37:43.588,andrea moraes,Acha melhor pegar maior?,acha melhor pegar maior
instagram_zip,2024-10-22 22:37:37.142,andrea moraes,,
instagram_zip,2024-10-22 22:36:41.757,andrea moraes,Lindaaaa,lindaaaa
instagram_zip,2024-10-22 22:31:44.423,Curadobia,Mas que bom que achou confortÃ¡vel,mas que bom que achou conforta vel
instagram_zip,2024-10-22 22:31:34.247,Curadobia,Um tiquinho por conta do bico fino mesmo,um tiquinho por conta do bico fino mesmo
instagram_zip,2024-10-22 21:46:09.583,andrea moraes,Oii comprei a bico fino. O dedo fica um pouquinho de lado pra fora nÃ©? Mas super confortÃ¡vel,oii comprei a bico fino o dedo fica um pouquinho de lado pra fora na c mas super conforta vel
instagram_zip,2024-10-20 18:05:36.302,andrea moraes,Curtiu uma mensagem,curtiu uma mensagem
instagram_zip,2024-10-20 16:38:36.234,Curadobia,Super normal a forma,super normal a forma
instagram_zip,2024-10-20 16:16:11.567,andrea moraes,NÃ£o tenho nada da Paula Ferber. A numeraÃ§Ã£o Ã© normal a forma?,na o tenho nada da paula ferber a numeraa a o a c normal a forma
instagram_zip,2024-10-20 15:34:29.306,andrea moraes,Legal. Obrigada,legal obrigada
instagram_zip,2024-10-20 15:26:01.349,Curadobia,Com certeza nao. Exatamente por isso que pensamos nesse material que se molda nos pes ð,com certeza nao exatamente por isso que pensamos nesse material que se molda nos pes d
instagram_zip,2024-10-20 14:49:48.735,andrea moraes,Eu amei a que tem a ponta. Duvida. Tem que ter tornozelo fino? Obrigada,eu amei a que tem a ponta duvida tem que ter tornozelo fino obrigada
instagram_zip,2024-10-20 14:49:47.343,andrea moraes,andrea sent an attachment.,andrea sent an attachment
instagram_zip,2025-04-09 19:52:24.323,Curadobia,,
instagram_zip,2025-02-13 17:11:49.814,Brenda Luchese,https://www.instagram.com/ac.gromann?igsh=MWE4dTZiY2IzeTAxNw==,<url>
instagram_zip,2025-02-13 17:11:49.399,Brenda Luchese,Brenda sent an attachment.,brenda sent an attachment
instagram_zip,2025-02-10 12:25:38.465,Brenda Luchese,Brenda sent an attachment.,brenda sent an attachment
instagram_zip,2025-02-06 00:34:57.806,Brenda Luchese,Brenda sent an attachment.,brenda sent an attachment
instagram_zip,2025-01-28 20:42:20.018,Brenda Luchese,Brenda sent an attachment.,brenda sent an attachment
instagram_zip,2024-12-11 00:41:27.366,Brenda Luchese,https://www.instagram.com/numerodez.numerodez/profilecard/,<url>
instagram_zip,2024-12-10 00:52:07.738,Brenda Luchese,Brenda sent an attachment.,brenda sent an attachment
instagram_zip,2024-12-10 00:50:38.504,Brenda Luchese,https://www.instagram.com/luiseramirezbrand/profilecard/,<url>
instagram_zip,2024-12-06 02:41:48.684,Brenda Luchese,https://www.instagram.com/wendyelborin/profilecard/,<url>
instagram_zip,2024-11-30 00:49:42.414,Brenda Luchese,https://www.instagram.com/giom.ei/profilecard/,<url>
instagram_zip,2024-11-26 19:32:51.428,Brenda Luchese,https://www.instagram.com/voceamara/profilecard/,<url>
instagram_zip,2024-11-25 14:50:11.909,Brenda Luchese,https://www.instagram.com/durgashop/profilecard/,<url>
instagram_zip,2024-11-22 14:21:13.898,Brenda Luchese,Curtiu uma mensagem,curtiu uma mensagem
instagram_zip,2024-11-22 11:15:12.386,Curadobia,https://www.instagram.com/use_jardin/profilecard/,<url>
instagram_zip,2024-11-13 02:09:53.102,Brenda Luchese,https://www.instagram.com/_nata.oficial/profilecard/,<url>
instagram_zip,2024-11-10 03:12:02.859,Brenda Luchese,https://www.instagram.com/___lourie___/profilecard/,<url>
instagram_zip,2024-11-09 00:11:37.848,Brenda Luchese,Caraca muito!,caraca muito
instagram_zip,2024-11-08 21:47:52.697,Curadobia,Olha que legal essa ideia,olha que legal essa ideia
instagram_zip,2024-11-08 21:47:52.376,Curadobia,You sent an attachment.,you sent an attachment
instagram_zip,2024-10-27 15:45:03.649,Brenda Luchese,https://www.instagram.com/minimadeia/profilecard/,<url>
instagram_zip,2024-10-24 17:53:35.142,Brenda Luchese,https://www.instagram.com/usemyk/profilecard/,<url>
instagram_zip,2024-10-23 22:10:13.190,Brenda Luchese,https://www.instagram.com/wendyelborin/profilecard/,<url>
instagram_zip,2024-10-19 02:36:11.726,Brenda Luchese,https://www.instagram.com/agola__/profilecard/,<url>
instagram_zip,2024-10-19 02:29:18.553,Brenda Luchese,https://www.instagram.com/tatho.brasil/profilecard/,<url>
instagram_zip,2024-10-11 12:04:10.457,Brenda Luchese,https://www.instagram.com/_nata.oficial/profilecard/,<url>
instagram_zip,2024-10-09 01:25:45.631,Brenda Luchese,https://www.instagram.com/minimadeia/profilecard/,<url>
instagram_zip,2024-07-08 22:21:27.119,Brenda Luchese,https://www.instagram.com/_nata.oficial?igsh=N204dXp5bzN6azBz,<url>
instagram_zip,2024-07-08 22:21:26.830,Brenda Luchese,Brenda sent an attachment.,brenda sent an attachment
instagram_zip,2024-07-02 15:29:58.631,Brenda Luchese,ð body MyBasic,d body mybasic
instagram_zip,2024-07-02 15:29:46.709,Brenda Luchese,Curtiu uma mensagem,curtiu uma mensagem
instagram_zip,2024-07-02 15:29:32.402,Curadobia,You sent an attachment.,you sent an attachment
instagram_zip,2024-08-03 02:28:49.062,Bia Pb,Eu estou vendo mesmo que estÃ¡ demorando. Mas super obrigada! Bom final de semana Brenda,eu estou vendo mesmo que esta demorando mas super obrigada bom final de semana brenda
instagram_zip,2024-08-02 22:24:14.247,Curadobia,Mas acho que estÃ¡ âprocessandoâ para subir tudo,mas acho que esta aprocessandoa para subir tudo
instagram_zip,2024-08-02 22:23:59.973,Curadobia,"Bia, eu terminei de subir os produtos porÃ©m acho que estÃ¡ com um delay. AmanhÃ£ vou ver se terminou de atualizar. Na plataforma tÃ¡ tudo certinho (4 categorias que criei) com todo produtos, descriÃ§Ã£o, vÃ­deos, etc",bia eu terminei de subir os produtos pora c m acho que esta com um delay amanha vou ver se terminou de atualizar na plataforma ta tudo certinho <num> categorias que criei com todo produtos descria a o vadeos etc
instagram_zip,2024-08-02 20:45:11.078,Bia Pb,"Toque em ""Continuar"" para aceitar ou recusar o pedido.",toque em continuar para aceitar ou recusar o pedido
instagram_zip,2024-08-02 20:45:10.782,Bia Pb,,
instagram_zip,2024-07-26 13:57:43.767,Bia Pb,"Toque em ""Continuar"" para aceitar ou recusar o pedido.",toque em continuar para aceitar ou recusar o pedido
instagram_zip,2024-07-26 13:57:42.978,Bia Pb,,
instagram_zip,2024-10-10 22:07:18.583,olivve,olivve sent an attachment.,olivve sent an attachment
instagram_zip,2024-10-20 13:17:21.812,MarÃ­lia Cysneiros,ð,d
instagram_zip,2024-10-20 13:17:05.755,MarÃ­lia Cysneiros,ð,d
instagram_zip,2024-09-28 17:25:49.406,Revival,,
instagram_zip,2024-10-23 19:42:50.034,apazinvadiumeuser,Obrigada,obrigada
instagram_zip,2024-10-23 16:03:29.117,Curadobia,"OlÃ¡! Boa tarde! Tudo bem? Estamos entrando em contato porque identificamos que hÃ¡ um tempo vocÃª demonstrou interesse nas sandÃ¡lias da Bia, que apareceram em um dos nossos reels! Agora eles estÃ£o disponÃ­veis no site do Curadobia! ðð segue o link: https://www.curadobia.com.br/produtos/buscar?search=Paula+ferber Obrigada por nos acompanhar! Qualquer dÃºvida, estamos Ã disposiÃ§Ã£o! Equipe Curadobia ð",ola boa tarde tudo bem estamos entrando em contato porque identificamos que ha um tempo vocaa demonstrou interesse nas sanda lias da bia que apareceram em um dos nossos reels agora eles esta o disponaveis no site do curadobia dd segue o link <url> obrigada por nos acompanhar qualquer daovida estamos a disposia a o equipe curadobia d
instagram_zip,2024-10-20 14:23:01.363,Curadobia,Aqui ou nas lojas da Paula Ferber,aqui ou nas lojas da paula ferber
instagram_zip,2024-10-20 14:22:49.166,Curadobia,ðð,dd
instagram_zip,2024-10-20 14:22:48.782,Curadobia,https://www.curadobia.com.br/categorias/collab,<url>
instagram_zip,2024-10-20 13:19:19.395,Franci C.,Onde posso comprar?,onde posso comprar
instagram_zip,2025-03-21 17:38:42.708,Cora Cora,,
instagram_zip,2025-03-21 17:38:28.907,Cora Cora,"Ola pessoal ! Tudo bem?! Sou a LalÃ¡ Cunha (@laisfcunha) e vim contar um pouco sobre o @coracora_studio Estamos em SP e fazemos fotografia, vÃ­deos em formato reels, direÃ§Ã£o de arte e styling para marcas, de acordo com a sua necessidade. Fazemos trabalhos exclusivos para as marcas e, em breve (final de marÃ§o) tambÃ©m faremos o nosso prÃ³ximo SHOOTING COLLAB, uma diÃ¡ria criada para incluir vÃ¡rias marcas que tÃªm produtos a serem fotografados, necessitam de um material de qualidade, mas que nÃ£o querem ter um alto valor de investimento nisso. O proximo collab serÃ¡ em uma locaÃ§Ã£o linda e as modelos foram escolhidas Ã dedo, e acho que combina muito com a marca de voces. Abaixo mando mais infos. Vamos conversar sobre essas possibilidades? Fico aqui a disposiÃ§Ã£o AbraÃ§os, LalÃ¡ 11 972686892",ola pessoal tudo bem sou a lala cunha <user> e vim contar um pouco sobre o <user> estamos em sp e fazemos fotografia vadeos em formato reels direa a o de arte e styling para marcas de acordo com a sua necessidade fazemos trabalhos exclusivos para as marcas e em breve final de mara o tamba c m faremos o nosso pra <num> ximo shooting collab uma dia ria criada para incluir va rias marcas que taam produtos a serem fotografados necessitam de um material de qualidade mas que na o querem ter um alto valor de investimento nisso o proximo collab sera em uma locaa a o linda e as modelos foram escolhidas a dedo e acho que combina muito com a marca de voces abaixo mando mais infos vamos conversar sobre essas possibilidades fico aqui a disposia a o abraa os lala <num> <num>
instagram_zip,2025-01-15 18:18:49.444,Curadobia,"Boa Tarde, Pamela! Deu tudo certo com a sua experiÃªncia no site? Se precisar, estamos aqui!",boa tarde pamela deu tudo certo com a sua experiaancia no site se precisar estamos aqui
instagram_zip,2025-01-13 15:05:14.968,Curadobia,"Qualquer coisa, seguimos aquið",qualquer coisa seguimos aquid
instagram_zip,2025-01-13 15:05:08.233,Curadobia,"Bom dia, Pamela! Tudo bem? Revisamos aqui o nosso sistema e fizemos testes e tudo parece funcionar bem. Esperamos que vocÃª tenha uma boa experiÃªncia agora. O que aconselhamos tambÃ©m Ã© entrar no site pelo Google Chrome caso vocÃª ainda nÃ£o tenha acessado por lÃ¡ âºï¸ Vou te encaminhar os links dos produtos que vocÃª nos encaminhou: https://www.curadobia.com.br/helena-pontes/produto/camisa-arquitetonica https://www.curadobia.com.br/stella-bastos/produto/camisa-diferentona https://www.curadobia.com.br/revival-brasil/produto/body-modernoso https://www.curadobia.com.br/valeria-mansur/produto/pantalona-casual https://www.curadobia.com.br/paula-marques/produto/a-corrente",bom dia pamela tudo bem revisamos aqui o nosso sistema e fizemos testes e tudo parece funcionar bem esperamos que vocaa tenha uma boa experiaancia agora o que aconselhamos tamba c m a c entrar no site pelo google chrome caso vocaa ainda na o tenha acessado por la aoi vou te encaminhar os links dos produtos que vocaa nos encaminhou <url> <url> <url> <url> <url>
instagram_zip,2025-01-12 20:00:38.109,PÃ¢mela Vaiano,"As duas camisas, o body, a calÃ§a e o colar. Eu visto P.",as duas camisas o body a cala a e o colar eu visto p
instagram_zip,2025-01-12 20:00:23.626,PÃ¢mela Vaiano,,
instagram_zip,2025-01-12 20:00:08.735,PÃ¢mela Vaiano,"OlÃ¡, tudo bem? Seriam essas peÃ§as:",ola tudo bem seriam essas pea as
instagram_zip,2025-01-11 18:39:37.278,Curadobia,"Ola Pamela, td bem? Obrigada pela mensagem. Sentimos muito que esteja com esses problemas para conseguir efetuar as suas compras com a gente. De fato o sistema passou por algumas instabilidades. Poderia nos dizer quais peÃ§as se interessou para tentarmos solucionar por aqui?",ola pamela td bem obrigada pela mensagem sentimos muito que esteja com esses problemas para conseguir efetuar as suas compras com a gente de fato o sistema passou por algumas instabilidades poderia nos dizer quais pea as se interessou para tentarmos solucionar por aqui
instagram_zip,2025-01-11 14:29:54.800,PÃ¢mela Vaiano,"OlÃ¡! Sua curadoria, projeto editorial e grÃ¡fico, sÃ£o incrÃ­veis. ParabÃ©ns! Mas sua plataforma de e-commerce nÃ£o funciona bem, estou desde ontem tentando fazer compras, mas pÃ¡ginas nÃ£o carregam, carrinhos esvaziam. Muito difÃ­cil!",ola sua curadoria projeto editorial e gra fico sa o incraveis paraba c ns mas sua plataforma de e commerce na o funciona bem estou desde ontem tentando fazer compras mas pa ginas na o carregam carrinhos esvaziam muito difacil
instagram_zip,2025-04-08 14:12:39.531,Curadobia,Sigo aqui para o que vocÃª precisar!,sigo aqui para o que vocaa precisar
instagram_zip,2025-04-08 14:12:26.145,Curadobia,https://www.curadobia.com.br/fernanda-yamamoto/produto/MACAC%C3%83O-PRA-FRENTEX%20,<url>
instagram_zip,2025-04-08 14:11:39.722,Curadobia,"Oi, Adriana! Tudo bem? Bom dia. Aqui Ã© a Ana da equipe do Curadobia. Vimos que vocÃª se interessou pelo macacÃ£o no video da Bia mas nÃ¡ Ã©poca ele ainda estava em lanÃ§amento. Boa notÃ­cia, agora estÃ¡ disponÃ­vel!ð Segue o link abaixo para que vocÃª possa dar uma olhada:",oi adriana tudo bem bom dia aqui a c a ana da equipe do curadobia vimos que vocaa se interessou pelo macaca o no video da bia mas na a c poca ele ainda estava em lana amento boa notacia agora esta disponavel d segue o link abaixo para que vocaa possa dar uma olhada
instagram_zip,2025-04-07 17:07:00.658,Curadobia,Oi! Boa tarde! Ana aqui. VocÃª conseguiu dar uma olhada na calÃ§a? Qualquer coisa sigo aqui para o que vocÃª precisar viu? (edited),oi boa tarde ana aqui vocaa conseguiu dar uma olhada na cala a qualquer coisa sigo aqui para o que vocaa precisar viu edited
instagram_zip,2025-04-07 17:06:48.084,Curadobia,"Oi, Livia! Boa tarde! Ana aqui. VocÃª conseguiu dar uma olhada na calÃ§a? Qualquer coisa sigo aqui para o que vocÃª precisar viu?",oi livia boa tarde ana aqui vocaa conseguiu dar uma olhada na cala a qualquer coisa sigo aqui para o que vocaa precisar viu
instagram_zip,2025-03-28 18:14:05.430,Curadobia,"Meu nome Ã© Ana, sigo aqui para o que vocÃª precisar!",meu nome a c ana sigo aqui para o que vocaa precisar
instagram_zip,2025-03-28 18:14:02.121,Curadobia,https://www.curadobia.com.br/my-basic/produto/calca-diferentex,<url>
instagram_zip,2025-03-28 18:13:51.731,Curadobia,"A nossa CALÃA DIFERENTEX estÃ¡ saindo por R$: 878,00",a nossa calaa diferentex esta saindo por r <num> <num>
instagram_zip,2025-03-28 18:12:28.072,Curadobia,"OlÃ¡! Boa tarde, como vai?",ola boa tarde como vai
instagram_zip,2025-03-27 20:51:15.443,Bahia,PreÃ§o?,prea o
instagram_zip,2024-12-04 01:34:17.515,Barbara Bustolin,,
instagram_zip,2024-09-03 13:43:10.703,crisrocchi,"Obrigada pelo retorno! Namoro o modelo gladiador, me lembro dele, mas quando fui procurar, jÃ¡ nÃ£o tinha mais ð",obrigada pelo retorno namoro o modelo gladiador me lembro dele mas quando fui procurar ja na o tinha mais d
instagram_zip,2024-09-03 11:15:19.005,Curadobia,"Estamos estudando trazer essa categoria para o Curadobia, porÃ©m nada de imediato ainda, mas muito legal saber do interesse! Assim que tivermos iremos te manter avisada",estamos estudando trazer essa categoria para o curadobia pora c m nada de imediato ainda mas muito legal saber do interesse assim que tivermos iremos te manter avisada
instagram_zip,2024-09-03 11:14:16.995,Curadobia,"OlÃ¡ Cris, bom dia! Tudo bem?",ola cris bom dia tudo bem
instagram_zip,2024-09-03 00:31:09.503,crisrocchi,E esses sapatos incrÃ­veis? Teremos a chance de tÃª-los? Rs,e esses sapatos incraveis teremos a chance de taa los rs
instagram_zip,2024-08-04 14:45:03.444,Renata LourenÃ§o,JÃ¡ tÃ´ seguindo ðð»,ja ta seguindo dd>>
instagram_zip,2024-08-04 14:44:40.488,Curadobia,O meu Ã© @curadobia.oficial ð,o meu a c <user> oficial d
instagram_zip,2024-08-04 14:42:06.491,Renata LourenÃ§o,Esse Ã© o fechado,esse a c o fechado
instagram_zip,2024-08-04 14:41:54.993,Renata LourenÃ§o,,
instagram_zip,2025-03-14 17:16:47.468,Curadobia,"Qualquer coisa, meu nome Ã© Ana e sigo aqui para o que vocÃª precisar!ð",qualquer coisa meu nome a c ana e sigo aqui para o que vocaa precisar d
instagram_zip,2025-03-14 17:16:28.534,Curadobia,https://www.curadobia.com.br/cecillia-echenique/produto/calca-cecilia-echenique,<url>
instagram_zip,2025-03-14 17:16:20.830,Curadobia,https://www.curadobia.com.br/d-aura/produto/calca-tech-d-aura,<url>
instagram_zip,2025-03-14 17:16:10.624,Curadobia,https://www.curadobia.com.br/cecillia-echenique/produto/pantalona-pah-pre-venda,<url>
instagram_zip,2025-03-14 17:16:04.080,Curadobia,https://www.curadobia.com.br/nauanin/produto/calca-diferentona,<url>
instagram_zip,2025-03-14 17:15:46.544,Curadobia,"Oi Patricia! Tudo bem? Obrigada pela sua mensagem. Infelizmente nÃ£o temos mais essa calÃ§a disponÃ­vel no nosso mix, mas temos diversos produtos Ãºnicos e selecionados pela Bia Paes de Barros. O que acha dessas opÃ§Ãµes:",oi patricia tudo bem obrigada pela sua mensagem infelizmente na o temos mais essa cala a disponavel no nosso mix mas temos diversos produtos aonicos e selecionados pela bia paes de barros o que acha dessas opa aues
instagram_zip,2025-03-14 16:23:49.659,Patricia Dias Fernandes,"Link da calÃ§a, por gentileza",link da cala a por gentileza
instagram_zip,2025-04-24 17:09:28.176,Curadobia,,
instagram_zip,2025-04-24 13:27:58.412,SALAÌO CASAMODA,,
instagram_zip,2025-04-24 13:05:01.406,SALAÌO CASAMODA,,
instagram_zip,2025-04-20 19:34:27.090,SALAÌO CASAMODA,SALAÌO sent an attachment.,salaio sent an attachment
instagram_zip,2025-03-24 14:22:42.241,Curadobia,Qualquer coisa sigo aqui!,qualquer coisa sigo aqui
instagram_zip,2025-03-24 14:22:37.041,Curadobia,"Mas pode ficar tranquila que assim que lanÃ§armos a terceira peÃ§a que vocÃª gostou vou te mandar por aqui, tudo bem? NÃ£o deixe de garantir suas peÃ§as da Lounge a tempoð",mas pode ficar tranquila que assim que lana armos a terceira pea a que vocaa gostou vou te mandar por aqui tudo bem na o deixe de garantir suas pea as da lounge a tempod
instagram_zip,2025-03-24 14:20:49.724,Curadobia,"Com relaÃ§Ã£o a outra blusa que vocÃª gostou, ela estÃ¡ em processo de lanÃ§amento e ainda nÃ£o estÃ¡ a venda no nosso site. Mas independente desse fator, nÃ£o seria possÃ­vel unificar o frete nesse caso pois o frete sÃ³ fica unificado para as peÃ§as da mesma marca.",com relaa a o a outra blusa que vocaa gostou ela esta em processo de lana amento e ainda na o esta a venda no nosso site mas independente desse fator na o seria possavel unificar o frete nesse caso pois o frete sa <num> fica unificado para as pea as da mesma marca
instagram_zip,2025-03-24 14:19:12.460,Curadobia,https://www.curadobia.com.br/lounge-39/produto/blusa-laco-lounge-39,<url>
instagram_zip,2025-03-24 14:19:01.295,Curadobia,https://www.curadobia.com.br/lounge-39/produto/blusa-pah,<url>
instagram_zip,2025-03-24 14:18:17.056,Curadobia,"Sobre a questÃ£o do Frete, Ã© possÃ­vel unificar ele nas blusas da Lounge que vocÃª gostouâºï¸. Vou te mandar o link das duas",sobre a questa o do frete a c possavel unificar ele nas blusas da lounge que vocaa gostouaoi vou te mandar o link das duas
instagram_zip,2025-03-24 14:17:32.628,Curadobia,"Oi Alessandra! Bom dia âï¸ Como vocÃª estÃ¡? Aqui Ã© a Ana, da equipe do Curadobia. A Bia nos passou seu contato para tratar sobre o seu interesse nas nossa peÃ§as.",oi alessandra bom dia ai como vocaa esta aqui a c a ana da equipe do curadobia a bia nos passou seu contato para tratar sobre o seu interesse nas nossa pea as
instagram_zip,2024-09-05 22:09:54.476,Cristina Lanzo,Curtiu uma mensagem,curtiu uma mensagem
instagram_zip,2024-09-05 15:15:06.674,Curadobia,ð¥°ð¥°,d degd deg
instagram_zip,2024-09-05 15:14:59.681,Curadobia,Ahhhh que pena que nao nos falamos,ahhhh que pena que nao nos falamos
instagram_zip,2024-09-03 10:08:04.696,Cristina Lanzo,Bom dia! Ontem tive o prazer de conhecer vc ao vivo! Eu estava no Mil Plantas! Vc e lindÃ­ssima! â¤ï¸,bom dia ontem tive o prazer de conhecer vc ao vivo eu estava no mil plantas vc e lindassima a i
instagram_zip,2025-05-07 01:05:08.487,Curadobia,,
instagram_zip,2025-05-07 01:05:00.281,Curadobia,,
instagram_zip,2025-05-07 01:04:52.590,Curadobia,,
instagram_zip,2025-05-06 23:40:25.754,Guarda Mundo,,
instagram_zip,2025-05-06 23:35:12.959,Guarda Mundo,,
instagram_zip,2025-05-06 23:34:22.532,Guarda Mundo,,
instagram_zip,2025-05-06 23:30:15.486,Guarda Mundo,,
instagram_zip,2025-04-30 21:04:44.611,Guarda Mundo,Guarda sent an attachment.,guarda sent an attachment
instagram_zip,2025-03-24 16:31:06.803,Guarda Mundo,Curtiu uma mensagem,curtiu uma mensagem
instagram_zip,2025-03-24 16:09:27.472,Curadobia,,
instagram_zip,2025-03-24 16:05:17.465,Guarda Mundo,,
instagram_zip,2024-12-04 20:19:22.342,Clinica Dra Catarina Capela,Obrigada pelo convite! Adorei a minha sandalia nova! â¥ï¸,obrigada pelo convite adorei a minha sandalia nova a i
instagram_zip,2024-12-04 16:25:39.880,Curadobia,Obrigada pelo prestÃ­gio! Foi incrÃ­vel te ter de pertinho ontemð¤ð¤,obrigada pelo prestagio foi incravel te ter de pertinho ontemd d
instagram_zip,2024-12-04 00:59:28.443,Clinica Dra Catarina Capela,Curtiu uma mensagem,curtiu uma mensagem
instagram_zip,2024-12-03 23:11:06.973,Curadobia,,
instagram_zip,2024-12-03 22:21:40.548,Clinica Dra Catarina Capela,,
instagram_zip,2025-01-24 14:29:23.389,Karyna Carvalho Aires,Pode,pode
instagram_zip,2025-01-24 14:29:21.991,Karyna Carvalho Aires,Sim,sim
instagram_zip,2025-01-24 13:32:46.486,Curadobia,"Oi, Karyna! Bom dia. Vimos que vocÃª mandou as mesmas mensagens pelo nosso whatsapp. Vamos dar seguimento por lÃ¡ entÃ£o, tudo bem? Obrigada!",oi karyna bom dia vimos que vocaa mandou as mesmas mensagens pelo nosso whatsapp vamos dar seguimento por la enta o tudo bem obrigada
instagram_zip,2025-01-23 20:38:44.498,Karyna Carvalho Aires,Eu nÃ£o recebi a confirmaÃ§Ã£o dessa compra,eu na o recebi a confirmaa a o dessa compra
instagram_zip,2025-01-23 20:38:22.087,Karyna Carvalho Aires,Oi,oi
instagram_zip,2025-01-23 20:38:10.098,Karyna Carvalho Aires,,
instagram_zip,2025-01-23 13:19:23.908,Karyna Carvalho Aires,Volta pro estoque?,volta pro estoque
instagram_zip,2025-01-23 13:19:19.151,Karyna Carvalho Aires,A regata arrumadona M,a regata arrumadona m
instagram_zip,2025-01-23 13:19:06.859,Karyna Carvalho Aires,Oi!,oi
instagram_zip,2025-01-22 16:53:01.613,Karyna Carvalho Aires,Volta pro estoque?,volta pro estoque
instagram_zip,2025-01-22 16:47:25.010,Karyna Carvalho Aires,E a regata arrumadona?,e a regata arrumadona
instagram_zip,2025-01-22 15:08:57.512,Curadobia,"Karyna, estoque atualizado!ð",karyna estoque atualizado d
instagram_zip,2025-01-22 14:54:47.484,Curadobia,"Oi, Karyna! Bom dia, tudo bem? Vamos verificar!",oi karyna bom dia tudo bem vamos verificar
instagram_zip,2025-01-22 01:28:23.668,Karyna Carvalho Aires,A regata chiquetosa vai voltar pro estoque?,a regata chiquetosa vai voltar pro estoque
instagram_zip,2025-01-22 01:28:01.813,Karyna Carvalho Aires,Oi,oi
instagram_zip,2024-12-20 17:08:07.598,Curadobia,"Oi, Karyna, tudo bem? Estamos passando algumas instabilidades com o site mas acredito que logo mais isso vai se resolver. VocÃª precisa de suporte com algo? Estamos aqui para o que precisarð",oi karyna tudo bem estamos passando algumas instabilidades com o site mas acredito que logo mais isso vai se resolver vocaa precisa de suporte com algo estamos aqui para o que precisard
instagram_zip,2024-12-19 21:46:28.940,Karyna Carvalho Aires,O site estÃ¡ passando por problemas?,o site esta passando por problemas
instagram_zip,2024-10-23 16:16:01.561,Karyna Carvalho Aires,Curtiu uma mensagem,curtiu uma mensagem
instagram_zip,2024-10-23 16:12:00.182,Curadobia,"OlÃ¡, Karyna! Boa tarde! Tudo bem? Estamos entrando em contato porque identificamos que hÃ¡ um tempo vocÃª demonstrou interesse nos sapatos da Bia, que apareceram em um dos nossos reels! Agora eles estÃ£o disponÃ­veis no site do Curadobia! ðð segue o link: https://www.curadobia.com.br/produtos/buscar?search=Paula+ferber Obrigada por nos acompanhar, Karyna! Qualquer dÃºvida, estamos Ã disposiÃ§Ã£o! Equipe Curadobia ð",ola karyna boa tarde tudo bem estamos entrando em contato porque identificamos que ha um tempo vocaa demonstrou interesse nos sapatos da bia que apareceram em um dos nossos reels agora eles esta o disponaveis no site do curadobia dd segue o link <url> obrigada por nos acompanhar karyna qualquer daovida estamos a disposia a o equipe curadobia d
instagram_zip,2024-10-16 13:51:09.723,Karyna Carvalho Aires,ð,d
instagram_zip,2024-10-04 13:37:01.854,Curadobia,"Bom dia, Karyna! Infelizmente nÃ£o trabalhamos com cupom para 1Âª compra aindaâ¹ï¸ Mas estamos aqui para te auxiliar no processo inteiro!",bom dia karyna infelizmente na o trabalhamos com cupom para <num> aa compra aindaa <num> i mas estamos aqui para te auxiliar no processo inteiro
instagram_zip,2024-10-03 23:35:39.390,Karyna Carvalho Aires,Vcs tem desconto para primeira compra?,vcs tem desconto para primeira compra
instagram_zip,2024-10-03 14:00:17.910,Curadobia,Estamos aqui para o que precisar!,estamos aqui para o que precisar
instagram_zip,2024-10-03 13:59:51.170,Karyna Carvalho Aires,Muito obrigada pelos esclarecimentos,muito obrigada pelos esclarecimentos
instagram_zip,2024-10-03 13:51:00.956,Curadobia,"Karyna, bom dia! Tudo bem? Desculpe a demora para o esclarecimento da dÃºvida! Como somos um marketolace, trabalhamos com marcas Ãºnicas e diferentes. Como cada uma tem a sua produÃ§Ã£o, optamos por entrar em contato com a marca parceira da calÃ§a ontem para confirmar sua dÃºvida e te responder da melhor maneira possÃ­vel! A marca nos confirmou que as medidas do tamanho 1 estÃ£o corretas com a cintura e o quadril com a mesma medida mesmo. Isso ocorre pois como Ã© uma peÃ§a produzida com elÃ¡stico na cintura, ele acaba ficando na mesma medida do quadril se adequando ao formato do corpo que a usa. A Ãºnica correÃ§Ã£o que jÃ¡ aproveitamos para fazer que a marca tambÃ©m nos informou foi que o tamanho 3 fa calÃ§a tambÃ©m deveria estar com a mesma medida na cintura e no quadril (110cm) pelo mesmo motivo. JÃ¡ vamos corrigir isso no site! Qualquer outra questÃ£o estamos Ã disposiÃ§Ã£o, Karyna! ð",karyna bom dia tudo bem desculpe a demora para o esclarecimento da daovida como somos um marketolace trabalhamos com marcas aonicas e diferentes como cada uma tem a sua produa a o optamos por entrar em contato com a marca parceira da cala a ontem para confirmar sua daovida e te responder da melhor maneira possavel a marca nos confirmou que as medidas do tamanho <num> esta o corretas com a cintura e o quadril com a mesma medida mesmo isso ocorre pois como a c uma pea a produzida com ela stico na cintura ele acaba ficando na mesma medida do quadril se adequando ao formato do corpo que a usa a aonica correa a o que ja aproveitamos para fazer que a marca tamba c m nos informou foi que o tamanho <num> fa cala a tamba c m deveria estar com a mesma medida na cintura e no quadril <num> cm pelo mesmo motivo ja vamos corrigir isso no site qualquer outra questa o estamos a disposia a o karyna d
instagram_zip,2024-10-02 19:09:51.879,Curadobia,OlÃ¡ Karyna! Tudo bem? Obrigada por ter entrado em contato conosco ð,ola karyna tudo bem obrigada por ter entrado em contato conosco d
instagram_zip,2024-10-02 11:57:59.062,Karyna Carvalho Aires,,
instagram_zip,2024-10-02 11:57:14.195,Karyna Carvalho Aires,Eh isso mesmo?,eh isso mesmo
instagram_zip,2024-10-02 11:57:04.828,Karyna Carvalho Aires,"Fui olhar para comprar o tamanho 1 dessa calÃ§a, porÃ©m a largura da cintura e do quadril eh a mesma - 98",fui olhar para comprar o tamanho <num> dessa cala a pora c m a largura da cintura e do quadril eh a mesma <num>
instagram_zip,2024-10-02 11:56:20.548,Karyna Carvalho Aires,,
instagram_zip,2025-05-07 12:41:03.776,Curadobia,Infelizmente esse evento acontece um Ãºnico dia,infelizmente esse evento acontece um aonico dia
instagram_zip,2025-05-07 10:37:20.700,Teresa Lopes,Foi sÃ³ hoje ou vai ficar mais tempo?,foi sa <num> hoje ou vai ficar mais tempo
instagram_zip,2025-05-06 18:22:42.041,Curadobia,,
instagram_zip,2025-05-06 17:17:07.863,Kaazaa | ImoÌveis UÌnicos,,
instagram_zip,2025-01-05 18:04:00.195,Nivea Maria,Ola boa tarde tudo bem? Tenho uma confecÃ§Ã£o trabalho com tecido plano e malha faÃ§o todo desenvolvimento da peÃ§a comeÃ§ando da peÃ§a piloto e entrego a produÃ§Ã£o passada e embalada caso tenha interesse meu nÃºmero Ã© 11948549084 Obrigada,ola boa tarde tudo bem tenho uma confeca a o trabalho com tecido plano e malha faa o todo desenvolvimento da pea a comea ando da pea a piloto e entrego a produa a o passada e embalada caso tenha interesse meu naomero a c <num> obrigada
instagram_zip,2024-10-19 11:57:41.769,Maria Stefanello,Adoroâ¦!,adoroa
instagram_zip,2024-09-13 14:54:34.529,Evelyn Canalli,Obrigada ;) Enviarei!,obrigada enviarei
instagram_zip,2024-09-13 14:34:45.643,Curadobia,"Evelyn, obrigada pelo interesse. Para parcerias com o Curadobia, peÃ§o que envie apresentaÃ§Ãµes para o nosso email: Contato.curadobia@gmail.com E seguimos com as tratativas por lÃ¡ que fica mais fÃ¡cil ð E para interesses de parcerias diretamente com a Bia, Ã© preciso entrar em contato diretamente com ela pelo email: biapaesdebarros@gmail.com",evelyn obrigada pelo interesse para parcerias com o curadobia pea o que envie apresentaa aues para o nosso email contato curadobia <user> com e seguimos com as tratativas por la que fica mais fa cil d e para interesses de parcerias diretamente com a bia a c preciso entrar em contato diretamente com ela pelo email biapaesdebarros <user> com
instagram_zip,2024-09-13 13:39:04.147,Evelyn Canalli,Obrigada pelo retorno,obrigada pelo retorno
instagram_zip,2024-09-13 13:38:42.392,Evelyn Canalli,Como posso fazer essa apresentacao?,como posso fazer essa apresentacao
instagram_zip,2024-09-13 13:38:29.854,Evelyn Canalli,Bom dia!,bom dia
instagram_zip,2024-09-13 13:38:27.233,Evelyn Canalli,Ambos :),ambos
instagram_zip,2024-09-13 13:18:49.393,Curadobia,"OlÃ¡ Evelyn, bom dia! Tudo bem? Aqui somos do Curadobia. VocÃª teria interesse em apresentar a sua marca pensando em participar do Curadobia ou seria referente a parceria de divulgaÃ§Ã£o com a Bia?",ola evelyn bom dia tudo bem aqui somos do curadobia vocaa teria interesse em apresentar a sua marca pensando em participar do curadobia ou seria referente a parceria de divulgaa a o com a bia
instagram_zip,2024-09-10 22:51:17.335,Evelyn Canalli,"OlÃ¡ Bia! Te vi no post da teti gio Amei o seu perfil Eu tenho uma marca de joias autorais, com design minimalista e ouro sustentÃ¡vel Adoraria te apresentar @eunoyah_jewelry TambÃ©m gostaria de conversar sobre divulgacao, se houver interesse, claro :) Muito obrigada Um abraÃ§o Evelyn",ola bia te vi no post da teti gio amei o seu perfil eu tenho uma marca de joias autorais com design minimalista e ouro sustenta vel adoraria te apresentar <user> tamba c m gostaria de conversar sobre divulgacao se houver interesse claro muito obrigada um abraa o evelyn
instagram_zip,2025-05-12 17:11:37.843,Curadobia,Sigo aqui para o que vocÃª precisar,sigo aqui para o que vocaa precisar
instagram_zip,2025-05-12 17:11:31.686,Curadobia,"Oi, Tatiana! Tudo bem? Infelizmente nÃ£o temos o cupom",oi tatiana tudo bem infelizmente na o temos o cupom
instagram_zip,2025-05-12 15:04:40.139,Tatiana Leite,OlÃ¡ Algum cupom de desconto na primeira compra?,ola algum cupom de desconto na primeira compra
instagram_zip,2025-04-08 15:32:16.664,Studio de Beleza,Bem e vc Ana!! Muito obrigada,bem e vc ana muito obrigada
instagram_zip,2025-04-08 14:16:20.509,Curadobia,Sigo aqui para o que vocÃª precisar!,sigo aqui para o que vocaa precisar
instagram_zip,2025-04-08 14:16:18.008,Curadobia,https://www.curadobia.com.br/fernanda-yamamoto/produto/MACAC%C3%83O-PRA-FRENTEX%20 www.curadobia.com.br,<url> www curadobia com br
instagram_zip,2025-04-08 14:16:06.959,Curadobia,"Oi, Clau! Tudo bem? Bom dia. Aqui Ã© a Ana da equipe do Curadobia. Vimos que vocÃª se interessou pelo macacÃ£o no video da Bia mas na Ã©poca ele ainda estava em lanÃ§amento. Boa notÃ­cia, agora estÃ¡ disponÃ­vel!ð Segue o link abaixo para que vocÃª possa dar uma olhada:",oi clau tudo bem bom dia aqui a c a ana da equipe do curadobia vimos que vocaa se interessou pelo macaca o no video da bia mas na a c poca ele ainda estava em lana amento boa notacia agora esta disponavel d segue o link abaixo para que vocaa possa dar uma olhada
instagram_zip,2025-03-24 19:57:57.180,Mirian M Mendes,Que lindo tudo!,que lindo tudo
instagram_zip,2025-01-21 17:26:30.332,Elisa Atheniense,Por nada!,por nada
instagram_zip,2025-01-21 17:26:07.676,Curadobia,Muito obrigada!,muito obrigada
instagram_zip,2025-01-21 15:02:59.565,Elisa Atheniense,entrar em contato com a Luciana nossa gerente comercial no email gerencia@elisaatheniense.com.br,entrar em contato com a luciana nossa gerente comercial no email gerencia <user> com br
instagram_zip,2025-01-21 15:02:29.779,Elisa Atheniense,Bom dia,bom dia
instagram_zip,2025-01-21 14:24:55.271,Curadobia,"OlÃ¡ pessoal, como vÃ£o? Meu nome Ã© Ana e trabalho junto com a Bia Paes de Barros no CURADOBIA.COM.BR O Curadobia Ã© um marketplace que nasceu com o propÃ³sito de reunir em um sÃ³ lugar peÃ§as que fazem toda a diferenÃ§a no armÃ¡rio e ao mesmo tempo sÃ£o fÃ¡ceis de usar: os chamados neutros com tcharanz. Acreditamos que a Elisa Atheniense super se conecta com essa proposta. Com quem poderia conversar para falar mais sobre? Aguardo vocÃªs!",ola pessoal como va o meu nome a c ana e trabalho junto com a bia paes de barros no curadobia com br o curadobia a c um marketplace que nasceu com o propa <num> sito de reunir em um sa <num> lugar pea as que fazem toda a diferena a no arma rio e ao mesmo tempo sa o fa ceis de usar os chamados neutros com tcharanz acreditamos que a elisa atheniense super se conecta com essa proposta com quem poderia conversar para falar mais sobre aguardo vocaas
instagram_zip,2025-05-07 22:33:05.662,Assinatura De Estilo | Carol e Carlinha | Consultoria de imagem,,
instagram_zip,2025-01-05 12:27:18.559,Assinatura De Estilo | Carol e Carlinha | Consultoria de imagem,,
instagram_zip,2024-12-03 22:56:00.855,Assinatura De Estilo | Carol e Carlinha | Consultoria de imagem,Curtiu uma mensagem,curtiu uma mensagem
instagram_zip,2024-12-03 21:42:23.084,Curadobia,Obrigada pela presenÃ§a! Foi incrÃ­vel atender e receber vocÃªs de pertinho ð¤ð¤,obrigada pela presena a foi incravel atender e receber vocaas de pertinho d d
instagram_zip,2024-12-03 21:38:07.244,Curadobia,,
instagram_zip,2024-12-03 21:38:06.767,Curadobia,,
instagram_zip,2024-12-03 21:29:53.141,Assinatura De Estilo | Carol e Carlinha | Consultoria de imagem,,
instagram_zip,2025-02-10 01:42:24.793,Curadobia,ðð,dd
instagram_zip,2025-02-10 01:42:24.367,Curadobia,https://www.curadobia.com.br/d-aura/produto/saia-unica,<url>
instagram_zip,2025-02-10 01:41:20.346,Curadobia,Oie! Td e vc?! Fica super vistoso. Pode ficar bem. Bacana com essa saia tmb,oie td e vc fica super vistoso pode ficar bem bacana com essa saia tmb
instagram_zip,2025-02-09 21:29:15.160,Julie Orberg Piovezanni,"Bia, Tudo bem? Tenho uma festa bem legal e o traje Ã© black and white. Pensei na blusa Pah, mas queria saber se o tecido fica vistoso e se vocÃª recomenda alguma calÃ§a mais festa para combinar. Beijos Julie",bia tudo bem tenho uma festa bem legal e o traje a c black and white pensei na blusa pah mas queria saber se o tecido fica vistoso e se vocaa recomenda alguma cala a mais festa para combinar beijos julie
instagram_zip,2025-05-05 22:12:44.549,Anelisa Cavalcante Soares,Muito obrigada pelo retorno!,muito obrigada pelo retorno
instagram_zip,2025-05-05 22:12:39.293,Anelisa Cavalcante Soares,Eba!,eba
instagram_zip,2025-05-05 19:40:09.208,Curadobia,â¤ï¸,a i
instagram_zip,2025-05-05 19:40:07.968,Curadobia,"qualquer coisa, sigo aqui",qualquer coisa sigo aqui
instagram_zip,2025-05-05 19:40:02.426,Curadobia,"Anelisa, acabamos de confirmar seu pedido com a marca! Tudo certo, ele jÃ¡ estÃ¡ para a produÃ§Ã£o",anelisa acabamos de confirmar seu pedido com a marca tudo certo ele ja esta para a produa a o
instagram_zip,2025-05-02 21:02:27.087,Anelisa Cavalcante Soares,"Oi, Ana! Tudo e vocÃª? Beleza, obrigada!",oi ana tudo e vocaa beleza obrigada
instagram_zip,2025-05-02 19:05:44.621,Curadobia,"Estou verificando direitinho seu pedido, mas pode ficar tranquila que iremos resolver se tiver acontecido qualquer problema tudo bem?",estou verificando direitinho seu pedido mas pode ficar tranquila que iremos resolver se tiver acontecido qualquer problema tudo bem
instagram_zip,2025-05-02 19:05:17.144,Curadobia,"Oi Anelisa! Tudo bem? Eu sou a Ana, faÃ§o parte do time Curadobia.",oi anelisa tudo bem eu sou a ana faa o parte do time curadobia
instagram_zip,2025-05-02 12:26:50.202,Anelisa Cavalcante Soares,,
instagram_zip,2025-05-02 12:26:38.883,Anelisa Cavalcante Soares,"OlÃ¡! Bom dia! Me chamo Anelisa e gostaria de confirmar se meu pedido foi realizado. NÃ£o sei se esse Ã© o canal mais adequado para essa solicitaÃ§Ã£o, mas como nÃ£o achei no site um campo para falar com vocÃªs, decidi vir aqui. Fiz essa compra ontem pelo site e logo depois de finalizar, apareceu uma mensagem dizendo que o pagamento nÃ£o estava confirmado. No entanto no site diz que o pagamento foi efetuado e nÃ£o recebi nenhuma mensagem do banco dizendo que o pagamento foi negado. AlÃ©m disso tambÃ©m nÃ£o recebi um e-mail com os dados do pedido. Muito obrigada desde jÃ¡!",ola bom dia me chamo anelisa e gostaria de confirmar se meu pedido foi realizado na o sei se esse a c o canal mais adequado para essa solicitaa a o mas como na o achei no site um campo para falar com vocaas decidi vir aqui fiz essa compra ontem pelo site e logo depois de finalizar apareceu uma mensagem dizendo que o pagamento na o estava confirmado no entanto no site diz que o pagamento foi efetuado e na o recebi nenhuma mensagem do banco dizendo que o pagamento foi negado ala c m disso tamba c m na o recebi um e mail com os dados do pedido muito obrigada desde ja
instagram_zip,2025-01-21 17:22:57.111,Curadobia,Essa conta nÃ£o pode receber sua mensagem porque nÃ£o aceita novas solicitaÃ§Ãµes de contato de todos.,essa conta na o pode receber sua mensagem porque na o aceita novas solicitaa aues de contato de todos
instagram_zip,2025-01-21 17:22:53.814,Curadobia,"OlÃ¡ pessoal, como vÃ£o? Meu nome Ã© Ana e trabalho junto com a Bia Paes de Barros no CURADOBIA.COM.BR O Curadobia Ã© um marketplace que nasceu com o propÃ³sito de reunir em um sÃ³ lugar peÃ§as que fazem toda a diferenÃ§a no armÃ¡rio e ao mesmo tempo sÃ£o fÃ¡ceis de usar: os chamados neutros com tcharanz. Acreditamos que a A-AURORA super se conecta com essa proposta. Com quem poderia conversar para falar mais sobre? Aguardo vocÃªs!",ola pessoal como va o meu nome a c ana e trabalho junto com a bia paes de barros no curadobia com br o curadobia a c um marketplace que nasceu com o propa <num> sito de reunir em um sa <num> lugar pea as que fazem toda a diferena a no arma rio e ao mesmo tempo sa o fa ceis de usar os chamados neutros com tcharanz acreditamos que a a aurora super se conecta com essa proposta com quem poderia conversar para falar mais sobre aguardo vocaas
instagram_zip,2024-10-10 22:35:54.284,Instagram User,ð,d
instagram_zip,2024-10-21 17:28:00.309,Roberta Alarcon,JÃ¡ vi e amei!! Esperando a virada do cartao pra perder os juÃ­zo!,ja vi e amei esperando a virada do cartao pra perder os juazo
instagram_zip,2024-10-21 17:27:07.553,Roberta Alarcon,Curtiu uma mensagem,curtiu uma mensagem
instagram_zip,2024-10-21 17:03:22.227,Curadobia,https://www.curadobia.com.br/marcas/paula-ferber,<url>
instagram_zip,2024-10-21 17:03:03.569,Curadobia,"Oi, Roberta! Bom dia! Tudo bem? Estamos entrando em contato porque identificamos que hÃ¡ um tempo vocÃª demonstrou interesse nos sapatos da Bia, que apareceram em um dos nossos reels! Agora eles estÃ£o disponÃ­veis no site do Curadobia! ðð O link clicÃ¡vel segue na prÃ³xima mensagem. Obrigada por nos acompanhar, Roberta! Qualquer dÃºvida, estamos Ã disposiÃ§Ã£o! Equipe Curadobia ð",oi roberta bom dia tudo bem estamos entrando em contato porque identificamos que ha um tempo vocaa demonstrou interesse nos sapatos da bia que apareceram em um dos nossos reels agora eles esta o disponaveis no site do curadobia dd o link clica vel segue na pra <num> xima mensagem obrigada por nos acompanhar roberta qualquer daovida estamos a disposia a o equipe curadobia d
instagram_zip,2024-09-16 13:38:13.287,patifisch,Gosto da calÃ§a assim mais curta! Visto entre 38-40 (quadril 95),gosto da cala a assim mais curta visto entre <num> <num> quadril <num>
instagram_zip,2024-09-16 12:42:39.658,Curadobia,Qual seu manequim?,qual seu manequim
instagram_zip,2024-09-16 12:42:34.981,Curadobia,"Tenho 1,78. Essa calÃ§a esta mais curta para mim mesmo. Te aconselho a comprar um tamanho pequeno",tenho <num> <num> essa cala a esta mais curta para mim mesmo te aconselho a comprar um tamanho pequeno
instagram_zip,2024-09-16 12:42:00.230,Curadobia,Oie! Muito obrigada! Feliz que esta curtindo Curadobia,oie muito obrigada feliz que esta curtindo curadobia
instagram_zip,2024-09-16 12:22:33.571,patifisch,Bia! Esse seu Curadobia estÃ¡ um arraso! Muito tentador. ParabÃ©ns pelo projeto. Uma dÃºvida: qual a sua altura? Estou interessadÃ­ssima nessa calÃ§a mas sou baixa (160cm) e geralmente tenho que fazer a barras das calÃ§as - o que nÃ£o Ã© muito fÃ¡cil com essaâ¦ ð Obrigada,bia esse seu curadobia esta um arraso muito tentador paraba c ns pelo projeto uma daovida qual a sua altura estou interessadassima nessa cala a mas sou baixa <num> cm e geralmente tenho que fazer a barras das cala as o que na o a c muito fa cil com essaa d obrigada
instagram_zip,2024-09-16 12:22:33.253,patifisch,patifisch sent an attachment.,patifisch sent an attachment
instagram_zip,2024-10-04 14:24:00.374,Denize Freitas,Obrigada!,obrigada
instagram_zip,2024-10-04 13:54:15.871,Curadobia,"OlÃ¡! Bom dia, Denize, tudo bem? Estamos repondo o estoque da nossa CALÃA QUENTINHA e por isso ela estÃ¡ temporariamente indisponÃ­vel no nosso site. Assim que ela retornar, te avisamos!! Estamos Ã disposiÃ§Ã£o para qualquer dÃºvida! Obrigada por ter entrado em contato conosco!ð",ola bom dia denize tudo bem estamos repondo o estoque da nossa calaa quentinha e por isso ela esta temporariamente indisponavel no nosso site assim que ela retornar te avisamos estamos a disposia a o para qualquer daovida obrigada por ter entrado em contato conosco d
instagram_zip,2024-10-04 09:15:55.697,Denize Freitas,"Bom dia! Gostaria de adquirir essa calÃ§a, mas nÃ£o estÃ¡ mais disponÃ­vel. Podem me ajudar? Obrigada",bom dia gostaria de adquirir essa cala a mas na o esta mais disponavel podem me ajudar obrigada
instagram_zip,2024-10-04 09:15:55.537,Denize Freitas,Denize sent an attachment.,denize sent an attachment
instagram_zip,2025-05-15 12:49:46.002,Reptilia,,
instagram_zip,2025-04-09 22:02:51.882,Curadobia,,
instagram_zip,2025-04-09 19:55:17.246,Curadobia,,
instagram_zip,2025-04-09 19:20:36.582,Curadobia,,
instagram_zip,2025-02-19 23:58:15.749,FaÌtima Modenese,JÃ¡ respondi! Sim no wzap,ja respondi sim no wzap
instagram_zip,2025-02-19 23:57:50.314,FaÌtima Modenese,Reagiu com ð Ã sua mensagem,reagiu com d a sua mensagem
instagram_zip,2025-02-19 18:02:33.193,Curadobia,"FÃ¡tima, te respondemos no Whatsapp mas nÃ£o recebemos seu retorno, estÃ¡ tudo bem? Qualquer coisa sigo aqui Ã disposiÃ§Ã£oð",fa tima te respondemos no whatsapp mas na o recebemos seu retorno esta tudo bem qualquer coisa sigo aqui a disposia a od
instagram_zip,2025-02-19 14:07:07.389,Curadobia,"Oi FÃ¡tima, tudo bem? Bom diað Obrigada pela sua mensagem e feedback, Ã© muito importante para nÃ³s! Estamos conversando por WhatsApp, podemos continuar nossa comunicaÃ§Ã£o por lÃ¡?",oi fa tima tudo bem bom diad obrigada pela sua mensagem e feedback a c muito importante para na <num> s estamos conversando por whatsapp podemos continuar nossa comunicaa a o por la
instagram_zip,2025-02-19 10:22:00.504,FaÌtima Modenese,"Eu sugiro q vcs verifiquem melhor as parcerias de fornecedores, pois nÃ£o comprarei mais nesta Curadoria! Infelizmente, gosto mto do trabalho da Biaâ¦ mas assim inviabiliza!",eu sugiro q vcs verifiquem melhor as parcerias de fornecedores pois na o comprarei mais nesta curadoria infelizmente gosto mto do trabalho da biaa mas assim inviabiliza
instagram_zip,2025-02-19 10:20:36.241,FaÌtima Modenese,AtÃ© agora nada!,ata c agora nada
instagram_zip,2025-02-17 14:32:24.807,Curadobia,"Oi, FÃ¡tima, bom dia! Tudo bem? Pode ficar tranquila que iremos dar seguimento com a sua solicitaÃ§Ã£o.",oi fa tima bom dia tudo bem pode ficar tranquila que iremos dar seguimento com a sua solicitaa a o
instagram_zip,2025-02-14 17:46:45.234,FaÌtima Modenese,,
instagram_zip,2025-02-14 17:41:33.810,FaÌtima Modenese,Como proceder p troca?,como proceder p troca
instagram_zip,2025-02-14 17:41:22.770,FaÌtima Modenese,Ficou enorme,ficou enorme
instagram_zip,2025-02-14 17:41:08.234,FaÌtima Modenese,P,p
instagram_zip,2025-02-14 17:41:02.676,FaÌtima Modenese,Adquiri uma mÃ¡xi pantalona ValÃ©ria mansur,adquiri uma ma xi pantalona vala c ria mansur
instagram_zip,2025-02-14 17:40:40.164,FaÌtima Modenese,Oi boa tarde,oi boa tarde
instagram_zip,2024-10-18 19:51:25.086,Sonia Maggioli,ð,d
instagram_zip,2025-05-08 18:13:31.434,Curadobia,Vamos super! â¨,vamos super a
instagram_zip,2025-05-08 14:41:27.384,Monica Botelho,Vamos pensar no q podemos fazer juntasðºðº,vamos pensar no q podemos fazer juntasdodo
instagram_zip,2025-05-08 14:41:08.179,Monica Botelho,â¤ï¸â¤ï¸â¤ï¸â¤ï¸â¤ï¸,a i a i a i a i a i
instagram_zip,2025-05-08 12:48:11.986,Curadobia,Ah que otimo Monica! Deve ter ficado incrÃ­vel com toda a sua bossa,ah que otimo monica deve ter ficado incravel com toda a sua bossa
instagram_zip,2025-05-08 02:10:33.124,Monica Botelho,Eu adorei !! Ja usei minha saia hj,eu adorei ja usei minha saia hj
instagram_zip,2025-05-08 02:10:19.036,Monica Botelho,Foi muito legal,foi muito legal
instagram_zip,2024-07-24 14:13:27.991,Isabela,Curtiu uma mensagem,curtiu uma mensagem
instagram_zip,2024-07-24 14:10:50.347,Curadobia,"Ola Isabela, somos um marketplace sem loja fisica",ola isabela somos um marketplace sem loja fisica
instagram_zip,2024-07-24 14:08:57.601,Isabela,Onde e a loja?,onde e a loja
instagram_zip,2024-07-24 14:08:57.137,Isabela,Isabela sent an attachment.,isabela sent an attachment
instagram_zip,2025-03-14 13:56:50.649,Curadobia,"OlÃ¡, bom dia! Infelizmente essa calÃ§a tambÃ©m saiu do nosso mix. Estamos com novos produtos e novas marcas entrando no Curadobia. Esperamos que goste. Qualquer coisa sigo aquið",ola bom dia infelizmente essa cala a tamba c m saiu do nosso mix estamos com novos produtos e novas marcas entrando no curadobia esperamos que goste qualquer coisa sigo aquid
instagram_zip,2025-03-12 18:39:19.171,so.mimimi,Vai ter reposiÃ§Ã£o dessa calÃ§a?,vai ter reposia a o dessa cala a
instagram_zip,2025-03-12 18:39:18.729,so.mimimi,so.mimimi sent an attachment.,so mimimi sent an attachment
instagram_zip,2025-03-12 18:38:53.219,so.mimimi,Tudo bem tambÃ©m. Que pena ð Eu queria exatamente o verde! ð©,tudo bem tamba c m que pena d eu queria exatamente o verde d c
instagram_zip,2025-03-12 18:00:59.901,Curadobia,https://www.curadobia.com.br/d-aura/produto/macacao-muderno-preto,<url>
instagram_zip,2025-03-12 17:58:52.003,Curadobia,"Boa tarde Milene, td bem e vc?! Esse macacÃ£o nesse tom infelizmente nÃ£o terÃ¡ reposiÃ§Ã£o. Mas lanÃ§amos ontem o mesmo modelo em preto",boa tarde milene td bem e vc esse macaca o nesse tom infelizmente na o tera reposia a o mas lana amos ontem o mesmo modelo em preto
instagram_zip,2025-03-12 15:06:12.172,so.mimimi,"Boa tarde, pessoal! Tudo bem? Estava namorando um macacÃ£o verde no site da marca D-aura, porÃ©m nÃ£o localizei mais ð. Saiu de coleÃ§Ã£o? NÃ£o terÃ¡ reposiÃ§Ã£o? Aguardo. Obrigada Milene",boa tarde pessoal tudo bem estava namorando um macaca o verde no site da marca d aura pora c m na o localizei mais d saiu de colea a o na o tera reposia a o aguardo obrigada milene
instagram_zip,2025-01-15 22:18:15.883,so.mimimi,Perfeito,perfeito
instagram_zip,2025-01-15 19:00:48.832,Curadobia,O tom certo Ã© o que esta no site. Os stories que a Bia postou hoje modificaram um pouco o tom.,o tom certo a c o que esta no site os stories que a bia postou hoje modificaram um pouco o tom
instagram_zip,2025-01-15 19:00:17.790,so.mimimi,Outra dÃºvida Ã© sobre o tom certinho dessa jaqueta. No site achei que estava num tom diferente dos stories,outra daovida a c sobre o tom certinho dessa jaqueta no site achei que estava num tom diferente dos stories
instagram_zip,2025-01-15 19:00:06.667,so.mimimi,Joia,joia
instagram_zip,2025-01-15 18:37:14.670,Curadobia,claro!,claro
instagram_zip,2025-01-15 18:36:32.083,so.mimimi,Outra dÃºvida Ã© sobre o tom certinho dessa jaqueta. No site achei que estava num tom diferente dos stories,outra daovida a c sobre o tom certinho dessa jaqueta no site achei que estava num tom diferente dos stories
instagram_zip,2025-01-15 18:35:53.200,so.mimimi,"Posso trocar, caso eu experimente e prefira uma maior?",posso trocar caso eu experimente e prefira uma maior
instagram_zip,2025-01-15 18:35:28.248,so.mimimi,Joia,joia
instagram_zip,2025-01-15 18:20:12.956,Curadobia,"Milene, perguntamos para a Bia e ela te indicou comprar o tamanho 0 dessa jaqueta por vocÃª nÃ£o estar acostumada a roupas oversized. O que acha?ð",milene perguntamos para a bia e ela te indicou comprar o tamanho <num> dessa jaqueta por vocaa na o estar acostumada a roupas oversized o que acha d
instagram_zip,2025-01-15 18:13:54.789,so.mimimi,"Na verdade eu jÃ¡ assisti ao vÃ­deo do casaco no site Curadobia vÃ¡rias vezes para tentar chegar a essa conclusÃ£o, mas nÃ£o consegui",na verdade eu ja assisti ao vadeo do casaco no site curadobia va rias vezes para tentar chegar a essa conclusa o mas na o consegui
instagram_zip,2025-01-15 18:13:12.701,so.mimimi,Vou olhar,vou olhar
instagram_zip,2025-01-15 18:12:56.027,Curadobia,Temos o vÃ­deo nos nossos stories de hoje com a Bia usando ela! De uma olhada ð,temos o vadeo nos nossos stories de hoje com a bia usando ela de uma olhada d
instagram_zip,2025-01-15 18:12:51.891,so.mimimi,NÃ£o rsrs,na o rsrs
instagram_zip,2025-01-15 18:12:19.921,Curadobia,"Entendi. Esse modelo ele Ã© oversized, ou seja, possui uma estrutura mais larga. VocÃª jÃ¡ chegou a usar modelos assim?ð",entendi esse modelo ele a c oversized ou seja possui uma estrutura mais larga vocaa ja chegou a usar modelos assim d
instagram_zip,2025-01-15 13:24:52.053,so.mimimi,36 ou 38,<num> ou <num>
instagram_zip,2025-01-15 13:24:37.441,so.mimimi,Eu costumo usar P ou PP se a confecÃ§Ã£o Ã© grande,eu costumo usar p ou pp se a confeca a o a c grande
instagram_zip,2025-01-15 13:24:14.291,so.mimimi,PorÃ©m na dÃºvida do melhor tamanho,pora c m na daovida do melhor tamanho
instagram_zip,2025-01-15 13:24:05.968,so.mimimi,,
instagram_zip,2025-01-15 13:23:54.839,so.mimimi,Estou de olho nessa peÃ§a aqui ðð»,estou de olho nessa pea a aqui dd>>
instagram_zip,2025-01-15 13:23:15.593,so.mimimi,Joia,joia
instagram_zip,2025-01-15 13:23:13.167,so.mimimi,Tudo bem e vocÃªs?,tudo bem e vocaas
instagram_zip,2025-01-15 13:01:55.647,Curadobia,"OlÃ¡, Milene! Bom dia. Como vai? Claro, estamos aqui para ajudar, qual a sua dÃºvida?",ola milene bom dia como vai claro estamos aqui para ajudar qual a sua daovida
instagram_zip,2025-01-15 11:28:42.639,so.mimimi,"Oi, pessoal. Tudo bem? Estou com dÃºvida sobre numeraÃ§Ã£o de uma peÃ§a de vocÃªs. Aguardo retorno, obrigada! Milene",oi pessoal tudo bem estou com daovida sobre numeraa a o de uma pea a de vocaas aguardo retorno obrigada milene
instagram_zip,2025-01-02 19:18:25.601,so.mimimi,Perfeito! Fico no aguardo! AbraÃ§o,perfeito fico no aguardo abraa o
instagram_zip,2025-01-02 14:45:00.480,Curadobia,"Ola Milene, bom dia! Que bacana que se interessou por essa peÃ§a. Infelizmente ela esta fora de estoque no momento. Mas em breve com reposiÃ§Ã£o. Avisamos assim que voltar. Obrigada e um abraÃ§o. Equipe Curadobia â¨",ola milene bom dia que bacana que se interessou por essa pea a infelizmente ela esta fora de estoque no momento mas em breve com reposia a o avisamos assim que voltar obrigada e um abraa o equipe curadobia a
instagram_zip,2024-12-30 14:23:43.164,so.mimimi,"Oi pessoal! Tudo bem? Acredito que essa calÃ§a tenha esgotado, certo? Vai ter reposiÃ§Ã£o dela? Aguardo retorno! Obrigada, Milene",oi pessoal tudo bem acredito que essa cala a tenha esgotado certo vai ter reposia a o dela aguardo retorno obrigada milene
instagram_zip,2024-12-30 14:23:42.758,so.mimimi,so.mimimi sent an attachment.,so mimimi sent an attachment
instagram_zip,2025-02-21 19:36:01.472,Denize Aparecida C. C.,Vou seguir.,vou seguir
instagram_zip,2025-05-07 12:41:16.487,Curadobia,,
instagram_zip,2025-05-07 10:47:29.036,Paula Martins,,
instagram_zip,2025-02-19 17:48:32.342,Curadobia,qualquer dÃºvida sigo a disposiÃ§Ã£o,qualquer daovida sigo a disposia a o
instagram_zip,2025-02-19 17:48:26.887,Curadobia,Oi Cristina! Que bom que gostou! Ela estÃ¡ disponÃ­vel no nosso site se quiser dar uma olhada: https://www.curadobia.com.br/paula-ferber/produto/gladiadora-elos-castanhoonix-paula-ferber,oi cristina que bom que gostou ela esta disponavel no nosso site se quiser dar uma olhada <url>
instagram_zip,2025-02-19 15:45:18.681,Cristina Brito,Linda gladiadora!,linda gladiadora
instagram_zip,2024-11-22 11:41:47.856,Isabella Ianelli,Curtiu uma mensagem,curtiu uma mensagem
instagram_zip,2024-11-22 11:41:44.842,Isabella Ianelli,Curtiu uma mensagem,curtiu uma mensagem
instagram_zip,2024-11-22 11:38:56.503,Curadobia,Essa da Bia Ã© da Luiza Perea,essa da bia a c da luiza perea
instagram_zip,2024-11-22 11:14:30.534,Curadobia,Oi Isabella! Tudo bem? Bom dia! Que bom receber uma mensagem sua! O Curadobia estÃ¡ se preparando para muitas novidades no ano que vem e com certeza estarÃ¡ no radar novos modelos de sapatos. Espero que goste ð Qualquer coisa pode sempre entrar em contato conosco.,oi isabella tudo bem bom dia que bom receber uma mensagem sua o curadobia esta se preparando para muitas novidades no ano que vem e com certeza estara no radar novos modelos de sapatos espero que goste d qualquer coisa pode sempre entrar em contato conosco
instagram_zip,2024-11-20 19:33:56.717,Isabella Ianelli,"Queria ver sua sapateira pq tudo Ã© lindÃ­ssimo, mas seus sapatos sÃ£o escolhidos a dedo, tudo a ver com vc sempreâ¦ esse Ã© da laiÃ¡ nÃ©?",queria ver sua sapateira pq tudo a c lindassimo mas seus sapatos sa o escolhidos a dedo tudo a ver com vc semprea esse a c da laia na c
instagram_zip,2024-11-18 01:19:52.697,Curadobia,SÃ£o bem bacanas as coisas dela mesmo! Super obrigada Joyce â¨,sa o bem bacanas as coisas dela mesmo super obrigada joyce a
instagram_zip,2024-11-17 16:12:20.844,Joyce Pascowitch,Joyce sent an attachment.,joyce sent an attachment
instagram_zip,2024-10-23 16:13:45.117,Curadobia,"OlÃ¡, Sandra! Boa tarde! Tudo bem? Estamos entrando em contato porque identificamos que hÃ¡ um tempo vocÃª demonstrou interesse nos sapatos da Bia, que apareceram em um dos nossos reels! Agora eles estÃ£o disponÃ­veis no site do Curadobia! ðð segue o link: https://www.curadobia.com.br/produtos/buscar?search=Paula+ferber Obrigada por nos acompanhar, Sandra! Qualquer dÃºvida, estamos Ã disposiÃ§Ã£o! Equipe Curadobia ð",ola sandra boa tarde tudo bem estamos entrando em contato porque identificamos que ha um tempo vocaa demonstrou interesse nos sapatos da bia que apareceram em um dos nossos reels agora eles esta o disponaveis no site do curadobia dd segue o link <url> obrigada por nos acompanhar sandra qualquer daovida estamos a disposia a o equipe curadobia d
instagram_zip,2024-10-23 15:49:10.872,Curadobia,https://www.curadobia.com.br/marcas/paula-ferber,<url>
instagram_zip,2024-10-23 15:48:46.994,Curadobia,"Estamos entrando em contato porque identificamos que hÃ¡ um tempo vocÃª demonstrou interesse nas sandÃ¡lias da Bia, que apareceram em um dos nossos reels! Agora eles estÃ£o disponÃ­veis no site do Curadobia! ðð O link clicÃ¡vel segue na prÃ³xima mensagem. Obrigada por nos acompanhar, Katia! Qualquer dÃºvida, estamos Ã disposiÃ§Ã£o! Equipe Curadobia ð",estamos entrando em contato porque identificamos que ha um tempo vocaa demonstrou interesse nas sanda lias da bia que apareceram em um dos nossos reels agora eles esta o disponaveis no site do curadobia dd o link clica vel segue na pra <num> xima mensagem obrigada por nos acompanhar katia qualquer daovida estamos a disposia a o equipe curadobia d
instagram_zip,2024-10-23 15:47:53.877,Curadobia,"OlÃ¡, Katia! Tudo bem?",ola katia tudo bem
instagram_zip,2025-04-17 22:58:49.510,Nadika Nadika,ð,d
instagram_zip,2024-12-03 20:18:19.306,Paula Marques,ð,d
instagram_zip,2024-10-14 13:09:11.958,Paula Marques,,
instagram_zip,2024-07-24 15:13:23.393,Paula Marques,,
instagram_zip,2025-05-06 20:04:18.982,Curadobia,"Obrigada pela presenÃ§a, Stella!",obrigada pela presena a stella
instagram_zip,2025-05-06 20:04:11.123,Curadobia,ð¤ð¤ð¤,d d d
instagram_zip,2025-05-06 19:55:12.991,STELLA BASTOS,,
instagram_zip,2025-05-06 19:46:05.780,STELLA BASTOS,,
instagram_zip,2025-05-06 19:44:24.114,STELLA BASTOS,,
instagram_zip,2025-05-06 19:41:33.817,STELLA BASTOS,,
instagram_zip,2025-05-06 19:39:15.774,STELLA BASTOS,,
instagram_zip,2025-05-06 19:35:52.645,STELLA BASTOS,,
instagram_zip,2025-05-06 19:33:58.557,STELLA BASTOS,,
instagram_zip,2025-05-06 19:30:06.740,STELLA BASTOS,,
instagram_zip,2025-05-06 11:53:29.932,Curadobia,,
instagram_zip,2025-05-06 11:52:41.017,STELLA BASTOS,,
instagram_zip,2025-04-27 13:36:26.463,Curadobia,,
instagram_zip,2025-04-26 14:04:47.516,STELLA BASTOS,,
instagram_zip,2025-04-25 14:12:41.688,Curadobia,,
instagram_zip,2025-04-25 14:11:43.413,STELLA BASTOS,,
instagram_zip,2025-04-13 20:22:19.867,STELLA BASTOS,,
instagram_zip,2025-03-26 21:18:25.012,STELLA BASTOS,STELLA sent an attachment.,stella sent an attachment
instagram_zip,2025-03-26 19:33:17.777,Curadobia,,
instagram_zip,2025-03-26 19:33:01.520,Curadobia,,
instagram_zip,2025-03-26 17:59:32.004,STELLA BASTOS,,
instagram_zip,2025-03-26 17:56:23.034,STELLA BASTOS,,
instagram_zip,2025-03-26 15:45:15.879,STELLA BASTOS,,
instagram_zip,2025-02-20 18:45:55.968,STELLA BASTOS,,
instagram_zip,2025-02-13 16:26:21.671,STELLA BASTOS,,
instagram_zip,2025-01-25 18:26:06.560,STELLA BASTOS,,
instagram_zip,2025-01-11 13:16:39.149,STELLA BASTOS,STELLA sent an attachment.,stella sent an attachment
instagram_zip,2024-12-19 18:14:09.545,STELLA BASTOS,,
instagram_zip,2024-12-12 21:49:09.888,STELLA BASTOS,STELLA sent an attachment.,stella sent an attachment
instagram_zip,2024-12-02 18:39:30.792,Curadobia,,
instagram_zip,2024-12-02 18:29:29.819,STELLA BASTOS,,
instagram_zip,2024-09-20 13:47:26.236,STELLA BASTOS,STELLA sent an attachment.,stella sent an attachment
instagram_zip,2024-09-17 21:01:02.600,STELLA BASTOS,STELLA sent an attachment.,stella sent an attachment
instagram_zip,2024-07-29 19:34:55.460,STELLA BASTOS,11-991428141,<num> <num>
instagram_zip,2024-07-29 19:31:05.939,Curadobia,"Stella, depois peÃ§o apenas que compartilhe seu nÃºmero de telefone que aÃ­ fica mais fÃ¡cil nossa comunicaÃ§Ã£o",stella depois pea o apenas que compartilhe seu naomero de telefone que aa fica mais fa cil nossa comunicaa a o
instagram_zip,2024-07-29 19:25:34.152,Curadobia,Agora parece que travou mesmo,agora parece que travou mesmo
instagram_zip,2024-07-23 20:58:40.831,Curadobia,AtÃ© segunda!,ata c segunda
instagram_zip,2024-07-23 20:58:36.720,Curadobia,Enviado,enviado
instagram_zip,2024-07-23 20:56:28.558,Curadobia,Ah show vou enviar o invite,ah show vou enviar o invite
instagram_zip,2024-07-23 20:32:58.523,STELLA BASTOS,Funciona,funciona
instagram_zip,2024-07-23 20:32:50.889,STELLA BASTOS,stellathomazbastos@gmail.com,stellathomazbastos <user> com
instagram_zip,2024-07-23 20:08:21.441,Curadobia,Qual seu e-mail? Que aÃ­ envio um invite,qual seu e mail que aa envio um invite
instagram_zip,2024-07-23 20:08:13.472,Curadobia,"Ah perfeito, 16h poderia ser?",ah perfeito <num> h poderia ser
instagram_zip,2024-07-23 18:39:51.450,STELLA BASTOS,Boa tarde! Tudo Ã³timo! Segunda Ã tarde em qualquer horÃ¡rio.,boa tarde tudo a <num> timo segunda a tarde em qualquer hora rio
instagram_zip,2024-07-23 18:29:52.072,Curadobia,Como estaria sua agenda para segunda Ã tarde?,como estaria sua agenda para segunda a tarde
instagram_zip,2024-07-23 18:29:42.189,Curadobia,Bacana! Vamos marcar uma conversa?,bacana vamos marcar uma conversa
instagram_zip,2024-07-23 18:29:31.649,Curadobia,"OlÃ¡ Stella, boa tarde! Tudo bem?",ola stella boa tarde tudo bem
instagram_zip,2024-07-23 13:41:57.411,STELLA BASTOS,"OlÃ¡, gente! Bom dia! Acabei de ver o post da Bia sobre camisas. Somos uma pequena alfaiataria e camisaria Ã© o core da nossa criaÃ§Ã£o. Gostaria muito de apresentar nosso produto pra vocÃªs. Se vocÃªs acharem conveniente, por favor, indiquem a melhor forma de contato. AbraÃ§o, Stella",ola gente bom dia acabei de ver o post da bia sobre camisas somos uma pequena alfaiataria e camisaria a c o core da nossa criaa a o gostaria muito de apresentar nosso produto pra vocaas se vocaas acharem conveniente por favor indiquem a melhor forma de contato abraa o stella
instagram_zip,2025-01-22 15:11:58.384,wendyel borin,Reagiu com ð¤ Ã sua mensagem,reagiu com d a sua mensagem
instagram_zip,2025-01-22 14:27:13.040,Curadobia,OlÃ¡! Bom dia. Como vÃ£o? Aguardamos a resposta de vocÃªs por lÃ¡ entÃ£o. Obrigada.,ola bom dia como va o aguardamos a resposta de vocaas por la enta o obrigada
instagram_zip,2025-01-22 00:04:17.345,wendyel borin,"olÃ¡, tudo bem e com vcs ? vi que vcs enviaram um e-mail para nÃ³s, vou responder vcs por lÃ¡, ok? um beijo e muito obrigada pelo contato <3",ola tudo bem e com vcs vi que vcs enviaram um e mail para na <num> s vou responder vcs por la ok um beijo e muito obrigada pelo contato < <num>
instagram_zip,2025-01-16 18:20:37.639,Curadobia,"OlÃ¡ pessoal, como vÃ£o? Meu nome Ã© Ana e trabalho junto com a Bia Paes de Barros no CURADOBIA.COM.BR (insta: @curadobia.oficial). O Curadobia Ã© um marketplace que nasceu com o propÃ³sito de reunir em um sÃ³ lugar peÃ§as que fazem toda a diferenÃ§a no armÃ¡rio e ao mesmo tempo sÃ£o fÃ¡ceis de usar: os chamados neutros com tcharanz. Acreditamos que a WENDYEL BORIN super se conecta com essa proposta. Com quem poderia conversar para falar mais sobre? Aguardo vocÃªsð",ola pessoal como va o meu nome a c ana e trabalho junto com a bia paes de barros no curadobia com br insta <user> oficial o curadobia a c um marketplace que nasceu com o propa <num> sito de reunir em um sa <num> lugar pea as que fazem toda a diferena a no arma rio e ao mesmo tempo sa o fa ceis de usar os chamados neutros com tcharanz acreditamos que a wendyel borin super se conecta com essa proposta com quem poderia conversar para falar mais sobre aguardo vocaasd
instagram_zip,2024-12-04 17:58:52.921,"Tatiane Boute - ginecologista, obstetra e medicina fetal",Curtiu uma mensagem,curtiu uma mensagem
instagram_zip,2024-12-04 16:27:17.689,Curadobia,"Oi, Tatiane! Tudo bem? Obrigada pela sua mensagem. Vamos nos planejar para outros momentos offline, com certeza! ð postaremos por aqui!",oi tatiane tudo bem obrigada pela sua mensagem vamos nos planejar para outros momentos offline com certeza d postaremos por aqui
instagram_zip,2024-12-04 11:57:40.571,"Tatiane Boute - ginecologista, obstetra e medicina fetal","Aaaah, perdi! Quando vai ter offline de novo?",aaaah perdi quando vai ter offline de novo
instagram_zip,2024-10-16 18:59:57.391,Curadobia,"Oi Amanda, nossas sinceras desculpas por todo esse ocorrido. Somos um marketplace com operaÃ§Ãµes a todo vapor e infelizmente nÃ£o estamos livres de erros tÃ©cnicos e tecnolÃ³gicos aconteceremâ¹ï¸. Checamos com a marca e por enquanto estamos com o tamanho 2 e 3 prontos para a venda. Seguimos Ã disposiÃ§Ã£o para te auxiliar em todas as dÃºvidas e questÃµes necessÃ¡rias aqui com a gente! Como seu cadastro estÃ¡ certinho, acredito que nÃ£o teremos mais essa situaÃ§Ã£o ocorrendo! Obrigada por estar conosco! Equipe Curadobiað (edited)",oi amanda nossas sinceras desculpas por todo esse ocorrido somos um marketplace com operaa aues a todo vapor e infelizmente na o estamos livres de erros ta c cnicos e tecnola <num> gicos acontecerema <num> i checamos com a marca e por enquanto estamos com o tamanho <num> e <num> prontos para a venda seguimos a disposia a o para te auxiliar em todas as daovidas e questaues necessa rias aqui com a gente como seu cadastro esta certinho acredito que na o teremos mais essa situaa a o ocorrendo obrigada por estar conosco equipe curadobiad edited
instagram_zip,2024-10-16 18:56:53.485,Curadobia,"Oi Amanda, nossas sinceras desculpas por todo esse ocorrido. Somos um marketplace com operaÃ§Ãµes a todo vapor e infelizmente nÃ£o estamos livres de erros tÃ©cnicos e tecnolÃ³gicos aconteceremâ¹ï¸. Checamos com a marca e por enquanto estamos com o tamanho 2 e 3 prontos para a venda. Seguimos Ã disposiÃ§Ã£o para te auxiliar em todas as dÃºvidas e questÃµes necessÃ¡rias aqui com Ã gente! Como seu cadastro estÃ¡ certinho, acredito que nÃ£o teremos mais essa situaÃ§Ã£o ocorrendo! Obrigada por estar conosco! Equipe Curadobiað",oi amanda nossas sinceras desculpas por todo esse ocorrido somos um marketplace com operaa aues a todo vapor e infelizmente na o estamos livres de erros ta c cnicos e tecnola <num> gicos acontecerema <num> i checamos com a marca e por enquanto estamos com o tamanho <num> e <num> prontos para a venda seguimos a disposia a o para te auxiliar em todas as daovidas e questaues necessa rias aqui com a gente como seu cadastro esta certinho acredito que na o teremos mais essa situaa a o ocorrendo obrigada por estar conosco equipe curadobiad
instagram_zip,2024-10-16 13:39:53.102,Amanda Oliveira,"A jaqueta branca. Uma pena eu nÃ£o conseguir comprar por problemas tÃ©cnicos, uma experiÃªncia de consumidor mto ruim",a jaqueta branca uma pena eu na o conseguir comprar por problemas ta c cnicos uma experiaancia de consumidor mto ruim
instagram_zip,2024-10-16 12:19:58.752,Curadobia,Mas ficamos felizes que conseguiu concluir seu cadastro de qualquer forma,mas ficamos felizes que conseguiu concluir seu cadastro de qualquer forma
instagram_zip,2024-10-16 12:19:35.798,Curadobia,Ahhh qual era a peÃ§a? Podemos checar se haverÃ¡ reposiÃ§Ã£o,ahhh qual era a pea a podemos checar se havera reposia a o
instagram_zip,2024-10-16 00:24:38.921,Amanda Oliveira,Deu certo mas a peÃ§a que eu queria acabouâ¦,deu certo mas a pea a que eu queria acaboua
instagram_zip,2024-10-15 14:10:04.533,Curadobia,https://www.curadobia.com.br/usuario/novo,<url>
instagram_zip,2024-10-15 14:09:54.145,Curadobia,Amanda nosso pessoal tÃ©cnico pediu (se possÃ­vel) se cadastrar atravÃ©s desse link,amanda nosso pessoal ta c cnico pediu se possavel se cadastrar atrava c s desse link
instagram_zip,2024-10-15 11:56:17.769,Curadobia,Pensamos que poderia ser a senha criada mas quando ocorre algum ponto nesse aspecto surge uma mensagem abaixo. VocÃª se importaria em tentar novamente apenas para checarmos se continua ocorrendo o mesmo erro?,pensamos que poderia ser a senha criada mas quando ocorre algum ponto nesse aspecto surge uma mensagem abaixo vocaa se importaria em tentar novamente apenas para checarmos se continua ocorrendo o mesmo erro
instagram_zip,2024-10-15 11:55:14.094,Curadobia,"OlÃ¡ Amanda, bom dia! PeÃ§o desculpas pela demora mas o nosso pessoa tÃ©cnico ainda nÃ£o conseguiu simular um erro igual ao que ocorreu com voce. Por isso a demora em lhe retornar",ola amanda bom dia pea o desculpas pela demora mas o nosso pessoa ta c cnico ainda na o conseguiu simular um erro igual ao que ocorreu com voce por isso a demora em lhe retornar
instagram_zip,2024-10-14 19:23:39.770,Amanda Oliveira,Ola! Por favor algum retorno?,ola por favor algum retorno
instagram_zip,2024-10-11 21:28:18.019,Amanda Oliveira,Obrigada,obrigada
instagram_zip,2024-10-11 20:39:06.911,Curadobia,"Ola Amanda, obrigada pelo contato e pedimos desculpas pela falha. JÃ¡ estamos verificando o que houve para que consiga finalizar sua compra",ola amanda obrigada pelo contato e pedimos desculpas pela falha ja estamos verificando o que houve para que consiga finalizar sua compra
instagram_zip,2024-10-11 20:15:48.995,Amanda Oliveira,,
instagram_zip,2024-10-11 20:15:43.238,Amanda Oliveira,Ola! Estou tentando finalizar uma compra mas aparece o seguinte erro,ola estou tentando finalizar uma compra mas aparece o seguinte erro
instagram_zip,2024-09-06 15:58:18.936,Curadobia,De nada!,de nada
instagram_zip,2024-09-06 13:03:13.058,Amanda Oliveira,Obrigada!,obrigada
instagram_zip,2024-09-06 11:52:38.511,Curadobia,"NÃ£o, nÃ£o oferecemos cupom de desconto nas compras",na o na o oferecemos cupom de desconto nas compras
instagram_zip,2024-09-06 11:52:25.705,Curadobia,"OlÃ¡ Amanda, bom dia! Tudo bem?",ola amanda bom dia tudo bem
instagram_zip,2024-09-05 19:36:04.631,Amanda Oliveira,OlÃ¡! Por favor vcs tem desconto para a primeira compra? Obrigada!,ola por favor vcs tem desconto para a primeira compra obrigada
instagram_zip,2024-09-30 02:21:09.418,Glaussi Koutroularis,"Ok, muito obrigada ð",ok muito obrigada d
instagram_zip,2024-09-29 21:33:24.244,Curadobia,Qualquer dÃºvida estamos a disposiÃ§Ã£o,qualquer daovida estamos a disposia a o
instagram_zip,2024-09-29 21:33:10.965,Curadobia,Aqui o link com todos os acessÃ³rios,aqui o link com todos os acessa <num> rios
instagram_zip,2024-09-29 21:33:10.472,Curadobia,https://www.curadobia.com.br/categorias/acessorio,<url>
instagram_zip,2024-09-29 21:32:41.923,Curadobia,SÃ³ entrar no site ou aqui no nosso perfil que tem a seleÃ§Ã£o completa,sa <num> entrar no site ou aqui no nosso perfil que tem a selea a o completa
instagram_zip,2024-09-29 14:22:36.942,Glaussi Koutroularis,"Eu quero comprar esses acessÃ³rios, como faÃ§o?",eu quero comprar esses acessa <num> rios como faa o
instagram_zip,2025-05-06 17:03:32.687,Sarpi,,
instagram_zip,2025-05-06 16:59:42.612,Sarpi,,
instagram_zip,2025-05-06 16:57:38.742,Sarpi,,
instagram_zip,2025-04-29 20:25:47.189,Sarpi,,
instagram_zip,2025-04-10 23:16:53.770,Curadobia,,
instagram_zip,2025-04-10 22:57:24.571,Sarpi,,
instagram_zip,2025-02-25 23:07:42.099,Ana Helena Martins de Barros,ð,d
instagram_zip,2025-01-21 14:30:35.909,Curadobia,"OlÃ¡! Como vÃ£o? Muito prazer, meu nome Ã© Ana e trabalho aqui no Curadobia. NÃ£o sei se recordam, porÃ©m conversamos no primeiro semestre do ano passado (2024) sobre esse projeto da Bia Paes de Barros. Desde lÃ¡, evoluÃ­mos bastante e estamos concretizados como um marketplace em potencial crescimento. Queremos compartilhar com vocÃªs nosso site para darem uma olhada CURADOBIA.COM.BR Ainda temos a Tempo em foco! O que acham de retomarmos contato? Aguardo vocÃªs!",ola como va o muito prazer meu nome a c ana e trabalho aqui no curadobia na o sei se recordam pora c m conversamos no primeiro semestre do ano passado <num> sobre esse projeto da bia paes de barros desde la evoluamos bastante e estamos concretizados como um marketplace em potencial crescimento queremos compartilhar com vocaas nosso site para darem uma olhada curadobia com br ainda temos a tempo em foco o que acham de retomarmos contato aguardo vocaas
instagram_zip,2025-01-23 19:49:23.368,nua.co,Vamos marcar âºï¸,vamos marcar aoi
instagram_zip,2025-01-23 19:49:17.328,nua.co,Sim,sim
instagram_zip,2025-01-23 19:02:14.860,Curadobia,"Oie! Obrigada pela resposta. Conversamos com a Bia e temos interesse em marcar uma reuniÃ£o jÃ¡ por esses dias pois o Curadobia estÃ¡ com uma nova metodologia e com novidades, e mesmo a produÃ§Ã£o de vocÃªs para marÃ§o, seria interessante conversar com vocÃªs agora. O que acham? Te aguardo!",oie obrigada pela resposta conversamos com a bia e temos interesse em marcar uma reunia o ja por esses dias pois o curadobia esta com uma nova metodologia e com novidades e mesmo a produa a o de vocaas para mara o seria interessante conversar com vocaas agora o que acham te aguardo
instagram_zip,2025-01-23 10:47:54.124,nua.co,Pode ser?,pode ser
instagram_zip,2025-01-23 10:47:45.694,nua.co,AÃ­ entro em contato vocÃªs,aa entro em contato vocaas
instagram_zip,2025-01-23 10:47:24.932,nua.co,Agora estou organizando as coisas,agora estou organizando as coisas
instagram_zip,2025-01-23 10:47:08.573,nua.co,Em marÃ§o eu vou produzir reposiÃ§Ã£o e cores novas de tudo,em mara o eu vou produzir reposia a o e cores novas de tudo
instagram_zip,2025-01-23 10:46:27.084,nua.co,Tudo bem?,tudo bem
instagram_zip,2025-01-23 10:46:23.610,nua.co,Ei Ana,ei ana
instagram_zip,2025-01-20 18:05:11.676,Curadobia,"OlÃ¡! Como vÃ£o? Muito prazer, meu nome Ã© Ana e trabalho aqui no Curadobia. NÃ£o sei se recordam, porÃ©m conversamos no primeiro semestre do ano passado (2024) sobre esse projeto da Bia Paes de Barros. Desde lÃ¡, evoluÃ­mos bastante e estamos concretizados como um marketplace em potencial crescimento. Queremos compartilhar com vocÃªs nosso site para darem uma olhada CURADOBIA.COM.BR Ainda temos a NUA em foco! O que acham de retomarmos contato? Aguardo vocÃªs!",ola como va o muito prazer meu nome a c ana e trabalho aqui no curadobia na o sei se recordam pora c m conversamos no primeiro semestre do ano passado <num> sobre esse projeto da bia paes de barros desde la evoluamos bastante e estamos concretizados como um marketplace em potencial crescimento queremos compartilhar com vocaas nosso site para darem uma olhada curadobia com br ainda temos a nua em foco o que acham de retomarmos contato aguardo vocaas
instagram_zip,2024-09-29 21:40:07.404,Cledja Elayse Vasconcelos De Moraes Firmino,Curtiu uma mensagem,curtiu uma mensagem
instagram_zip,2024-09-29 21:33:47.635,Curadobia,A partir de outubro terÃ lanÃ§amento por aqui,a partir de outubro tera lana amento por aqui
instagram_zip,2024-09-29 19:46:02.460,Cledja Elayse Vasconcelos De Moraes Firmino,Aguardo ansiosa pelos seus pisantes na curadobia,aguardo ansiosa pelos seus pisantes na curadobia
instagram_zip,2024-11-11 13:13:46.308,Curadobia,Basta clicar nas imagens e link que te enviei que vocÃª serÃ¡ redirecionada para os produtos! Qualquer coisa estamos aqui!,basta clicar nas imagens e link que te enviei que vocaa sera redirecionada para os produtos qualquer coisa estamos aqui
instagram_zip,2024-11-11 13:13:06.726,Curadobia,https://www.curadobia.com.br/produtos/buscar?search=Brinco,<url>
instagram_zip,2024-11-11 13:12:29.241,Curadobia,https://www.curadobia.com.br/d-aura/produto/macacao-tudo-d-aura,<url>
instagram_zip,2024-11-11 13:11:38.011,Curadobia,https://www.curadobia.com.br/olive-you/produto/macacao-cool-olive-you-U7XA,<url>
instagram_zip,2024-11-11 13:11:21.755,Curadobia,"OlÃ¡, Heloisa! Bom dia, tudo bem? Que bom que vocÃª gostou das peÃ§as da Bia! Vou te mandar os links das peÃ§as que vocÃª informou para que possa visualizar com mais calma e clareza todas as peÃ§as. Qualquer outra duvida ou questÃ£o, estamos Ã disposiÃ§Ã£o! Equipe Curadobia ð",ola heloisa bom dia tudo bem que bom que vocaa gostou das pea as da bia vou te mandar os links das pea as que vocaa informou para que possa visualizar com mais calma e clareza todas as pea as qualquer outra duvida ou questa o estamos a disposia a o equipe curadobia d
instagram_zip,2024-11-10 15:28:34.010,Heloisa ThomÃ© de Vasconcellos,"Os brincos argola frontal, nÃ£o sei o nome da peÃ§a kkk",os brincos argola frontal na o sei o nome da pea a kkk
instagram_zip,2024-11-10 15:26:29.920,Heloisa ThomÃ© de Vasconcellos,Gostei da corrente dourada tambÃ©m.,gostei da corrente dourada tamba c m
instagram_zip,2024-11-10 15:25:30.118,Heloisa ThomÃ© de Vasconcellos,MacacÃµes com mangas,macacaues com mangas
instagram_zip,2024-11-10 15:25:13.311,Heloisa ThomÃ© de Vasconcellos,"Boa tarde, me interessei pelos macacÃµes, com zÃ­per mostrados pela Bia.",boa tarde me interessei pelos macacaues com zaper mostrados pela bia
instagram_zip,2024-10-22 18:56:39.647,Curadobia,Ah que Ã³timo Monica! Esperamos que aproveite muito ela. E se quiser compartilhar com a gente os looks que criar com ela vamos amar ver!,ah que a <num> timo monica esperamos que aproveite muito ela e se quiser compartilhar com a gente os looks que criar com ela vamos amar ver
instagram_zip,2024-10-22 15:08:14.583,Monica Ximenes,Comprei a jaqueta ð»,comprei a jaqueta d>>
instagram_zip,2025-05-06 19:38:25.138,CHICO NETO,Chico Neto CD MarÃ© Mar WhatsApp 11965621065 http://palcomp3.com/chiconetodaparaiba/,chico neto cd mara c mar whatsapp <num> <url>
instagram_zip,2024-12-03 23:33:26.688,WENTZ,Curtiu uma mensagem,curtiu uma mensagem
instagram_zip,2024-12-03 16:59:24.423,Curadobia,,
instagram_zip,2025-02-25 23:47:52.987,Dra. Thais Mussi | MÃ©dica Endocrinologista,Curtiu uma mensagem,curtiu uma mensagem
instagram_zip,2025-02-25 23:36:02.803,Curadobia,Que maximo! Marca a gente nos seus looks. Muito feliz que esta curtindo a seleÃ§Ã£o de peÃ§as. Logo mais teremos muitas novidades bacanas. ð¤,que maximo marca a gente nos seus looks muito feliz que esta curtindo a selea a o de pea as logo mais teremos muitas novidades bacanas d
instagram_zip,2025-02-25 22:08:12.155,Dra. Thais Mussi | MÃ©dica Endocrinologista,Amando â¥ï¸â¥ï¸â¥ï¸,amando a i a i a i
instagram_zip,2025-02-25 22:08:06.500,Dra. Thais Mussi | MÃ©dica Endocrinologista,JÃ¡ comprei 3 peÃ§as da curadobia,ja comprei <num> pea as da curadobia
instagram_zip,2025-02-25 22:07:54.364,Dra. Thais Mussi | MÃ©dica Endocrinologista,Que honra ððð,que honra ddd
instagram_zip,2025-02-25 22:03:36.039,Curadobia,,
instagram_zip,2025-02-25 21:50:42.356,Dra. Thais Mussi | MÃ©dica Endocrinologista,,
instagram_zip,2025-02-27 20:36:43.638,Curadobia,https://www.curadobia.com.br/lounge-39/produto/blusa-pah,<url>
instagram_zip,2025-02-27 20:36:08.660,Curadobia,Ficamos felizes que tenha curtido. Ela Ã© muito especial mesmo. Segue aqui mais detalhes.,ficamos felizes que tenha curtido ela a c muito especial mesmo segue aqui mais detalhes
instagram_zip,2025-02-26 16:37:21.699,Adriana Soderi,Linda essa blusa,linda essa blusa
instagram_zip,2025-01-20 15:09:26.512,Curadobia,"OlÃ¡! Como vÃ£o? Muito prazer, meu nome Ã© Ana e trabalho aqui no Curadobia. NÃ£o sei se recordam, porÃ©m conversamos no primeiro semestre do ano passado (2024) sobre esse projeto da Bia Paes de Barros. Desde lÃ¡, evoluÃ­mos bastante e estamos concretizados como um marketplace em potencial crescimento. Queremos compartilhar com vocÃªs nosso site para darem uma olhada CURADOBIA.COM.BR Ainda temos a JÃ¶rg em foco! O que acham de retomarmos contato? Aguardo vocÃªs!",ola como va o muito prazer meu nome a c ana e trabalho aqui no curadobia na o sei se recordam pora c m conversamos no primeiro semestre do ano passado <num> sobre esse projeto da bia paes de barros desde la evoluamos bastante e estamos concretizados como um marketplace em potencial crescimento queremos compartilhar com vocaas nosso site para darem uma olhada curadobia com br ainda temos a ja rg em foco o que acham de retomarmos contato aguardo vocaas
instagram_zip,2024-10-18 19:00:49.590,Curadobia,"Segue o link dele! Qualquer dÃºvida ou questÃ£o, estamos Ã disposiÃ§Ã£o! Obrigada por nos acompanhar! Equipe Curadobia ð",segue o link dele qualquer daovida ou questa o estamos a disposia a o obrigada por nos acompanhar equipe curadobia d
instagram_zip,2024-10-18 19:00:41.675,Curadobia,https://www.curadobia.com.br/nauanin/produto/casaco-resolvedor,<url>
instagram_zip,2024-10-18 19:00:29.399,Curadobia,"R$: 630,00",r <num> <num>
instagram_zip,2024-10-18 18:59:58.864,Curadobia,You sent an attachment.,you sent an attachment
instagram_zip,2024-10-18 18:59:49.217,Curadobia,Oi Ineia! Tudo bem? Segue o Valor do casaco que vocÃª se interessou,oi ineia tudo bem segue o valor do casaco que vocaa se interessou
instagram_zip,2025-04-10 16:44:50.985,ThaisDuqueEstrada,"Deu certo, sim. Obrigada",deu certo sim obrigada
instagram_zip,2025-04-07 17:06:08.360,Curadobia,"Ola Thais!! Tudo bem? Deu tudo certo com a chegada das peÃ§as faltantes? Qualquer coisa sigo aqui para te ajudar, viu?",ola thais tudo bem deu tudo certo com a chegada das pea as faltantes qualquer coisa sigo aqui para te ajudar viu
instagram_zip,2025-03-31 14:52:52.801,ThaisDuqueEstrada,"Perfeito, Ana. Obrigada pelo retorno. ð",perfeito ana obrigada pelo retorno d
instagram_zip,2025-03-31 14:21:14.978,Curadobia,,
instagram_zip,2025-03-28 21:41:24.232,ThaisDuqueEstrada,,
instagram_zip,2025-03-28 21:41:19.199,ThaisDuqueEstrada,"OlÃ¡, td bem? Fiz uma compra com vc e recebi apenas o tricot. Vc pode me ajudar ? Muito obrigada desde jÃ¡ !",ola td bem fiz uma compra com vc e recebi apenas o tricot vc pode me ajudar muito obrigada desde ja
instagram_zip,2024-10-19 05:06:49.503,____lucardosow____,ð,d
instagram_zip,2024-10-23 20:51:49.937,Dri Guilhermino,Curtiu uma mensagem,curtiu uma mensagem
instagram_zip,2024-10-23 19:34:10.156,Curadobia,"Que pena, Dri! Entendemos! Espero que outras peÃ§as no site te encontremð Estamos aqui qualquer coisa! Obrigada pela mensagem!",que pena dri entendemos espero que outras pea as no site te encontremd estamos aqui qualquer coisa obrigada pela mensagem
instagram_zip,2024-10-23 17:31:15.776,Dri Guilhermino,"Muito obrigada, elas entraram em contato comigo. Realmente a sandÃ¡lia Ã© linda , mas infelizmente fico um pouco fora $$$ pra mim !",muito obrigada elas entraram em contato comigo realmente a sanda lia a c linda mas infelizmente fico um pouco fora pra mim
instagram_zip,2024-10-23 16:08:24.239,Curadobia,"OlÃ¡, Dri! Boa tarde! Tudo bem? Estamos entrando em contato porque identificamos que hÃ¡ um tempo vocÃª demonstrou interesse nas sandÃ¡lias da Bia, que apareceram em um dos nossos reels! Agora eles estÃ£o disponÃ­veis no site do Curadobia! ðð segue o link: https://www.curadobia.com.br/produtos/buscar?search=Paula+ferber Obrigada por nos acompanhar, Dri! Qualquer dÃºvida, estamos Ã disposiÃ§Ã£o! Equipe Curadobia ð",ola dri boa tarde tudo bem estamos entrando em contato porque identificamos que ha um tempo vocaa demonstrou interesse nas sanda lias da bia que apareceram em um dos nossos reels agora eles esta o disponaveis no site do curadobia dd segue o link <url> obrigada por nos acompanhar dri qualquer daovida estamos a disposia a o equipe curadobia d
instagram_zip,2025-01-27 12:48:03.646,Curadobia,"OlÃ¡, obrigada!",ola obrigada
instagram_zip,2025-01-27 11:30:21.567,GAMMBA Â®,Chama no mkt@gammba.com,chama no mkt <user> com
instagram_zip,2025-01-27 11:30:09.460,GAMMBA Â®,Oie,oie
instagram_zip,2025-01-23 01:12:10.249,Curadobia,"OlÃ¡ pessoal, como vÃ£o? Meu nome Ã© Ana e trabalho junto com a Bia Paes de Barros no CURADOBIA.COM.BR O Curadobia Ã© um marketplace que nasceu com o propÃ³sito de reunir em um sÃ³ lugar peÃ§as que fazem toda a diferenÃ§a no armÃ¡rio e ao mesmo tempo sÃ£o fÃ¡ceis de usar: os chamados neutros com tcharanz. Acreditamos que a GAMMBA super se conecta com essa proposta. Com quem poderia conversar para falar mais sobre? Aguardo vocÃªs!",ola pessoal como va o meu nome a c ana e trabalho junto com a bia paes de barros no curadobia com br o curadobia a c um marketplace que nasceu com o propa <num> sito de reunir em um sa <num> lugar pea as que fazem toda a diferena a no arma rio e ao mesmo tempo sa o fa ceis de usar os chamados neutros com tcharanz acreditamos que a gammba super se conecta com essa proposta com quem poderia conversar para falar mais sobre aguardo vocaas
instagram_zip,2025-05-07 14:30:15.418,BrechÃ³!,"Gostei do conjunto, mas nÃ£o vi no site",gostei do conjunto mas na o vi no site
instagram_zip,2024-12-04 18:02:20.421,Mariana Villela Ribeiro,ð¥°,d deg
instagram_zip,2024-12-04 16:25:59.955,Curadobia,Obrigada pelo prestÃ­gio! Foi incrÃ­vel te ter de pertinho ontemð¤ð¤,obrigada pelo prestagio foi incravel te ter de pertinho ontemd d
instagram_zip,2024-12-04 02:29:44.561,Curadobia,,
instagram_zip,2024-12-04 02:29:35.900,Curadobia,,
instagram_zip,2024-12-03 23:32:00.719,Mariana Villela Ribeiro,,
instagram_zip,2024-12-03 23:31:48.593,Mariana Villela Ribeiro,,
instagram_zip,2024-12-03 23:29:10.376,Mariana Villela Ribeiro,,
instagram_zip,2024-12-03 23:28:37.655,Mariana Villela Ribeiro,,
instagram_zip,2025-04-18 22:22:43.502,Raquel Marques,Obrigada!,obrigada
instagram_zip,2025-04-18 22:22:39.146,Raquel Marques,Curtiu uma mensagem,curtiu uma mensagem
instagram_zip,2025-04-18 17:39:32.424,Curadobia,https://www.curadobia.com.br/nauanin/produto/calca-jeans-new-order,<url>
instagram_zip,2025-04-18 14:40:26.744,Raquel Marques,"Oii, Bia! Tudo bem? Por favor, de onde Ã© essa calÃ§a? Yes I am? Procurei aqui no feed e nÃ£o encontreiâ¦ obrigada!",oii bia tudo bem por favor de onde a c essa cala a yes i am procurei aqui no feed e na o encontreia obrigada
instagram_zip,2024-12-03 19:44:44.602,gabriel,,
instagram_zip,2025-04-18 21:03:51.641,Juliana Andrade,Legal mto obrigada ð,legal mto obrigada d
instagram_zip,2025-04-18 17:37:10.635,Curadobia,Vans ð,vans d
instagram_zip,2025-04-18 13:56:31.565,Juliana Andrade,Qual a marca do tenis?,qual a marca do tenis
instagram_zip,2024-10-23 16:01:31.368,Curadobia,"OlÃ¡, Andrea! Boa tarde! Tudo bem? Estamos entrando em contato porque identificamos que hÃ¡ um tempo vocÃª demonstrou interesse nas sandÃ¡lias da Bia, que apareceram em um dos nossos reels! Agora eles estÃ£o disponÃ­veis no site do Curadobia! ðð segue o link: https://www.curadobia.com.br/produtos/buscar?search=Paula+ferber Obrigada por nos acompanhar, Andrea! Qualquer dÃºvida, estamos Ã disposiÃ§Ã£o! Equipe Curadobia ð",ola andrea boa tarde tudo bem estamos entrando em contato porque identificamos que ha um tempo vocaa demonstrou interesse nas sanda lias da bia que apareceram em um dos nossos reels agora eles esta o disponaveis no site do curadobia dd segue o link <url> obrigada por nos acompanhar andrea qualquer daovida estamos a disposia a o equipe curadobia d
instagram_zip,2025-03-11 20:56:46.327,Curadobia,Quem te escrever aqui Ã© a Bia Paes de Barros,quem te escrever aqui a c a bia paes de barros
instagram_zip,2025-03-11 20:54:42.015,Curadobia,Bjs,bjs
instagram_zip,2025-03-11 20:54:39.078,Curadobia,11 98115-2332,<num> <num> <num>
instagram_zip,2025-03-11 20:54:30.526,Curadobia,"Oi Natalia, td bem? As meninas do Enjoei me passaram seu contato. Estou buscando uma pessoa para me ajudar em roteiros e conteudo. Adoraria bater um papo com vc.",oi natalia td bem as meninas do enjoei me passaram seu contato estou buscando uma pessoa para me ajudar em roteiros e conteudo adoraria bater um papo com vc
instagram_zip,2024-08-26 15:11:37.572,Luana Piva ð³ï¸âð,Na torcida â¤ï¸,na torcida a i
instagram_zip,2024-08-26 13:55:12.437,Curadobia,"OlÃ¡ Luana, bom dia! Tudo bem? hoje ainda nÃ£o temos sapatos dentro do Curadobia. Estamos olhando para adicionar essa categoria em breve",ola luana bom dia tudo bem hoje ainda na o temos sapatos dentro do curadobia estamos olhando para adicionar essa categoria em breve
instagram_zip,2024-08-26 01:25:14.181,Luana Piva ð³ï¸âð,"OlÃ¡! Onde encontro os sapatos? Este e as gladiadoras, especialmente.",ola onde encontro os sapatos este e as gladiadoras especialmente
instagram_zip,2024-08-26 01:25:13.111,Luana Piva ð³ï¸âð,Luana shared a product.,luana shared a product
instagram_zip,2024-10-23 14:27:06.554,Curadobia,"Perfeito GlÃ³ria, jÃ¡ colocamos aqui na nossa lista e vamos te informar quando estiver mais prÃ³ximo da data!",perfeito gla <num> ria ja colocamos aqui na nossa lista e vamos te informar quando estiver mais pra <num> ximo da data
instagram_zip,2024-10-22 23:02:32.892,Gloria Nucci Camilo,11 99635.2663,<num> <num> <num>
instagram_zip,2024-10-22 18:58:51.566,Curadobia,Em breve divulgaremos mais a respeito. Se quiser informar seu whats podemos ir te atualizando por lÃ¡ o que acha?,em breve divulgaremos mais a respeito se quiser informar seu whats podemos ir te atualizando por la o que acha
instagram_zip,2024-10-22 18:58:25.371,Curadobia,PorÃ©m teremos em dezembro um evento presencial para trazer as peÃ§as ao vivo para quem quiser conhecer pessoalmente essa curadobia incrÃ­vel feita pela Bia,pora c m teremos em dezembro um evento presencial para trazer as pea as ao vivo para quem quiser conhecer pessoalmente essa curadobia incravel feita pela bia
instagram_zip,2024-10-22 18:57:30.944,Curadobia,"OlÃ¡ Gloria, nÃ£o temos, apenas vendas on-line no site www.curadobia.com.br",ola gloria na o temos apenas vendas on line no site www curadobia com br
instagram_zip,2024-10-22 08:55:19.635,Gloria Nucci Camilo,VocÃªs tem loja fÃ­sica?,vocaas tem loja fasica
instagram_zip,2024-09-30 18:33:22.091,Curadobia,"Obrigada por nos mandar e informar sobre essa situaÃ§Ã£o! JÃ¡ passamos para o nosso setor tÃ©cnico analisar essa situaÃ§Ã£o. Caso deseje, podemos tirar dÃºvidas e disponibilizar mais informaÃ§Ãµes por aqui! SÃ³ nos solicitar ð Estamos Ã disposiÃ§Ã£o para qualquer coisa!",obrigada por nos mandar e informar sobre essa situaa a o ja passamos para o nosso setor ta c cnico analisar essa situaa a o caso deseje podemos tirar daovidas e disponibilizar mais informaa aues por aqui sa <num> nos solicitar d estamos a disposia a o para qualquer coisa
instagram_zip,2024-09-30 16:51:44.534,Lembrancinhas Personalizadas,,
instagram_zip,2024-09-30 16:51:43.878,Lembrancinhas Personalizadas,Vou olhar aqui meu anti virus.. Pq ele bloqueia o curadobia... Veja:,vou olhar aqui meu anti virus pq ele bloqueia o curadobia veja
instagram_zip,2024-09-30 14:53:24.069,Curadobia,Qualquer duvida estamos Ã disposiÃ§Ã£o!ð,qualquer duvida estamos a disposia a o d
instagram_zip,2024-09-30 14:53:14.948,Curadobia,https://www.curadobia.com.br,<url>
instagram_zip,2024-09-30 14:53:06.908,Curadobia,"OlÃ¡! Bom dia, tudo bem? Obrigada pela mensagem, conferimos aqui e aparentou estar tudo certo ð Aproveito para mandar o link por aqui:",ola bom dia tudo bem obrigada pela mensagem conferimos aqui e aparentou estar tudo certo d aproveito para mandar o link por aqui
instagram_zip,2024-09-30 14:29:44.785,Lembrancinhas Personalizadas,Oii O site Curadobia estÃ¡ fora do ar?? Fui visitar atravÃ©s dos link da Bio e nÃ£o funcionou ... bjs,oii o site curadobia esta fora do ar fui visitar atrava c s dos link da bio e na o funcionou bjs
instagram_zip,2025-05-11 14:07:32.410,Curadobia,,
instagram_zip,2025-05-10 16:23:23.796,Priscila Monteiro â¢ Luxury PR,,
instagram_zip,2025-04-16 13:16:52.554,Curadobia,Obrigada por ser nossa cliente!,obrigada por ser nossa cliente
instagram_zip,2025-04-16 13:16:43.792,Curadobia,"Identificamos sua tentativa de compra! Estavamos realizando uns ajustes no site e acabou tendo esse erro, JÃ¡ estamos verificando com a equipe de tecnologia se foi corrigido e assim que estiver tudo ok voltamos para lhe comunicar, tudo bem?",identificamos sua tentativa de compra estavamos realizando uns ajustes no site e acabou tendo esse erro ja estamos verificando com a equipe de tecnologia se foi corrigido e assim que estiver tudo ok voltamos para lhe comunicar tudo bem
instagram_zip,2025-04-16 13:15:59.364,Curadobia,"Aqui Ã© a Ana, do time Curadobia.",aqui a c a ana do time curadobia
instagram_zip,2025-04-16 13:15:44.673,Curadobia,Que bom receber mensagem tua!,que bom receber mensagem tua
instagram_zip,2025-04-16 13:15:37.260,Curadobia,"Oi Maria Ãngela! Bom dia, como vocÃª estÃ¡?",oi maria angela bom dia como vocaa esta
instagram_zip,2025-04-16 02:25:56.396,Maria Ãngela Do Amaral Gurgel Vianna,Fiz o processo 2x SerÃ¡ q cobrou 2x?,fiz o processo <num> x sera q cobrou <num> x
instagram_zip,2025-04-16 02:25:31.642,Maria Ãngela Do Amaral Gurgel Vianna,,
instagram_zip,2025-04-16 02:25:25.979,Maria Ãngela Do Amaral Gurgel Vianna,OlÃ¡. Tentei fazer uma compra e apÃ³s entrar com os dados do cartÃ£o e senha vem a seguinte tela,ola tentei fazer uma compra e apa <num> s entrar com os dados do carta o e senha vem a seguinte tela
instagram_zip,2025-04-11 14:01:16.508,Curadobia,"Oi Lucia! Bom dia, tudo bem? Aqui Ã© a Ana do time Curadobia. VocÃª conseguiu dar uma olhada em tudo que te mandamos? Se tiver alguma dÃºvida sigo aqui",oi lucia bom dia tudo bem aqui a c a ana do time curadobia vocaa conseguiu dar uma olhada em tudo que te mandamos se tiver alguma daovida sigo aqui
instagram_zip,2025-04-10 19:40:35.364,Curadobia,Pode ser 3 tambem,pode ser <num> tambem
instagram_zip,2025-04-10 19:39:19.095,Curadobia,https://www.curadobia.com.br/d-aura/produto/calca-FACINHA,<url>
instagram_zip,2025-04-10 19:35:45.731,Curadobia,Tem sim a calÃ§a,tem sim a cala a
instagram_zip,2025-04-10 19:35:40.342,Curadobia,A modelagem Ã© grande pode ser tam 3,a modelagem a c grande pode ser tam <num>
instagram_zip,2025-04-10 19:31:29.023,Curadobia,"Ola, somente essa cor. Selecionamos sempre uma unica para estar aqui no Curadobia",ola somente essa cor selecionamos sempre uma unica para estar aqui no curadobia
instagram_zip,2025-04-10 19:04:29.305,LÃºcia Nunes,"Visto G, qual tamanho seria? Quais cores tem? Tem a calÃ§a tb?",visto g qual tamanho seria quais cores tem tem a cala a tb
instagram_zip,2025-04-10 19:04:28.205,LÃºcia Nunes,LÃºcia shared a product.,laocia shared a product
instagram_zip,2025-01-23 01:23:44.348,Curadobia,"OlÃ¡ pessoal, como vÃ£o? Meu nome Ã© Ana e trabalho junto com a Bia Paes de Barros no CURADOBIA.COM.BR O Curadobia Ã© um marketplace que nasceu com o propÃ³sito de reunir em um sÃ³ lugar peÃ§as que fazem toda a diferenÃ§a no armÃ¡rio e ao mesmo tempo sÃ£o fÃ¡ceis de usar: os chamados neutros com tcharanz. Acreditamos que a NATU super se conecta com essa proposta. Com quem poderia conversar para falar mais sobre? Aguardo vocÃªs!",ola pessoal como va o meu nome a c ana e trabalho junto com a bia paes de barros no curadobia com br o curadobia a c um marketplace que nasceu com o propa <num> sito de reunir em um sa <num> lugar pea as que fazem toda a diferena a no arma rio e ao mesmo tempo sa o fa ceis de usar os chamados neutros com tcharanz acreditamos que a natu super se conecta com essa proposta com quem poderia conversar para falar mais sobre aguardo vocaas
instagram_zip,2025-01-19 20:38:51.788,Pade D,,
instagram_zip,2025-01-19 20:35:02.819,Pade D,,
instagram_zip,2024-12-04 15:29:51.231,Curadobia,,
instagram_zip,2024-12-04 15:28:44.626,Curadobia,,
instagram_zip,2024-12-04 09:13:42.128,Pade D,,
instagram_zip,2024-12-04 09:10:43.852,Pade D,,
instagram_zip,2024-10-27 12:33:56.974,Pade D,,
instagram_zip,2024-10-11 22:07:08.638,Pade D,,
instagram_zip,2024-10-03 14:11:35.186,Pade D,,
instagram_zip,2024-12-04 02:29:20.667,Curadobia,,
instagram_zip,2024-12-04 00:04:16.762,Adriana Bittar,,
instagram_zip,2025-04-09 02:06:02.283,Suely PaixÃ£o Beretta,ð®,d r
instagram_zip,2024-12-09 17:53:16.103,Suely PaixÃ£o Beretta,ð®,d r
instagram_zip,2024-11-18 16:48:29.572,Suely PaixÃ£o Beretta,ð,d
instagram_zip,2024-10-21 15:27:15.249,Suely PaixÃ£o Beretta,ð,d
instagram_zip,2024-08-16 03:18:52.482,Suely PaixÃ£o Beretta,ð,d
instagram_zip,2024-08-16 03:18:41.275,Suely PaixÃ£o Beretta,ð,d
instagram_zip,2025-03-12 14:17:47.869,Cristiana Escorel Porto Abucham,ð,d
instagram_zip,2024-08-21 16:22:10.540,Cris FranÃ§a,ð,d
instagram_zip,2025-05-07 01:23:47.625,LIÌVIA PARANAGUAÌ,Curtiu uma mensagem,curtiu uma mensagem
instagram_zip,2025-05-07 01:05:34.394,Curadobia,,
instagram_zip,2025-05-06 20:54:11.901,LIÌVIA PARANAGUAÌ,,
instagram_zip,2025-05-06 20:05:57.005,LIÌVIA PARANAGUAÌ,Lindo o evento! Amei,lindo o evento amei
instagram_zip,2025-05-06 20:05:51.658,LIÌVIA PARANAGUAÌ,Curtiu uma mensagem,curtiu uma mensagem
instagram_zip,2025-05-06 20:04:42.092,Curadobia,"Obrigada pela presenÃ§a, Livia!",obrigada pela presena a livia
instagram_zip,2025-05-06 19:26:28.855,LIÌVIA PARANAGUAÌ,,
instagram_zip,2024-09-07 16:08:53.252,Bel Carvalho,,
instagram_zip,2024-12-09 14:42:39.562,Alessandra Faro,"Sim, obrigada",sim obrigada
instagram_zip,2024-12-09 13:52:08.560,Curadobia,"Qualquer coisa, seguimos Ã disposiÃ§Ã£o!",qualquer coisa seguimos a disposia a o
instagram_zip,2024-12-09 13:51:52.999,Curadobia,"Bom dia, Alessandra! Acredito que te respondemos pelo WhatsApp! Mas aproveito para confirmar que, por enquanto, ela estÃ¡ disponÃ­vel apenas no tamanho 2, que equivale a um tamanho M",bom dia alessandra acredito que te respondemos pelo whatsapp mas aproveito para confirmar que por enquanto ela esta disponavel apenas no tamanho <num> que equivale a um tamanho m
instagram_zip,2024-12-06 19:57:33.087,Alessandra Faro,Boa tarde! A jaqueta off da Nauanim voltou?,boa tarde a jaqueta off da nauanim voltou
instagram_zip,2024-10-18 23:23:57.048,Alessandra Faro,Curtiu uma mensagem,curtiu uma mensagem
instagram_zip,2024-10-18 22:44:42.158,Curadobia,Adoramos ela!,adoramos ela
instagram_zip,2024-10-18 20:30:01.887,Alessandra Faro,Experimentei essa jaqueta. Maravilhosa,experimentei essa jaqueta maravilhosa
instagram_zip,2024-12-03 22:08:05.098,JU FISH | ESTILO & PERFUMARIA,Curtiu uma mensagem,curtiu uma mensagem
instagram_zip,2024-12-03 22:05:06.417,Curadobia,"Imagina, Ju! Ainda bem que sua filha estÃ¡ bemâ¥ï¸ðð¼",imagina ju ainda bem que sua filha esta bema i dd <num> <num>
instagram_zip,2024-12-03 22:04:00.703,JU FISH | ESTILO & PERFUMARIA,"Precisei sair correndo por um problema com minha filha, que ja esta bem! Mas nem consegui me despedir! Obrigada queridas pelo convite!!!",precisei sair correndo por um problema com minha filha que ja esta bem mas nem consegui me despedir obrigada queridas pelo convite
instagram_zip,2024-12-03 21:41:47.205,Curadobia,Obrigada pela presenÃ§a Ju!! Amamos te receber e te atender ð¤ð¤,obrigada pela presena a ju amamos te receber e te atender d d
instagram_zip,2024-12-03 21:37:13.794,Curadobia,,
instagram_zip,2024-12-03 21:37:13.631,Curadobia,,
instagram_zip,2024-12-03 21:27:03.285,JU FISH | ESTILO & PERFUMARIA,,
instagram_zip,2024-12-03 21:25:47.066,JU FISH | ESTILO & PERFUMARIA,,
instagram_zip,2024-12-03 21:21:24.572,JU FISH | ESTILO & PERFUMARIA,,
instagram_zip,2025-03-14 18:25:35.192,Curadobia,,
instagram_zip,2025-03-14 18:25:30.438,Instagram User,"OlÃ¡, sou o gerente de vendas da PG Game Platform. Quero falar com vocÃª sobre parcerias. Nossa plataforma foi licenciada conjuntamente pelo governo federal brasileiro e pelo governo de CuraÃ§ao em outubro. VocÃª pode se juntar a nÃ³s e lhe daremos altas comissÃµes. Entre em contato comigo pelo WhatsApp: +13434802605",ola sou o gerente de vendas da pg game platform quero falar com vocaa sobre parcerias nossa plataforma foi licenciada conjuntamente pelo governo federal brasileiro e pelo governo de curaa ao em outubro vocaa pode se juntar a na <num> s e lhe daremos altas comissaues entre em contato comigo pelo whatsapp <num>
instagram_zip,2024-08-09 11:56:27.494,Curadobia,"Ahhh bom ð. Entendi errado entÃ£o, achei que estava na serra. Espero que abra o tempo e fiquei um lindo final de semana!",ahhh bom d entendi errado enta o achei que estava na serra espero que abra o tempo e fiquei um lindo final de semana
instagram_zip,2024-08-08 20:27:54.900,Mari Fleury,"E eu, como estou na praia, torcendo para nÃ£o baixar!!!!!ð¤£ð¤£ð¤£",e eu como estou na praia torcendo para na o baixar d d d
instagram_zip,2024-08-08 20:26:29.969,Curadobia,"Oi Mari! Boa tarde. Ah que Ã³timo, combinado entÃ£o. Fico muito feliz que o conjunto tenha ficado bacana. Conta com a gente para o que precisar. Grande abraÃ§o, aproveite o final de semana! Torcendo para baixar um pouco a temperatura ð",oi mari boa tarde ah que a <num> timo combinado enta o fico muito feliz que o conjunto tenha ficado bacana conta com a gente para o que precisar grande abraa o aproveite o final de semana torcendo para baixar um pouco a temperatura d
instagram_zip,2024-08-08 15:53:12.926,Mari Fleury,,
instagram_zip,2024-08-08 15:52:35.381,Mari Fleury,,
instagram_zip,2024-08-07 15:57:24.950,Curadobia,Sem problemas Mari. Apenas encaminha pra gente um e-mail solicitando que iremos dar sequÃªncia com a troca. E-mail: contato.curadobia@gmail.com,sem problemas mari apenas encaminha pra gente um e mail solicitando que iremos dar sequaancia com a troca e mail contato curadobia <user> com
instagram_zip,2024-08-05 23:35:49.890,Mari Fleury,A calÃ§a ficou sobrando muito atrÃ¡s.,a cala a ficou sobrando muito atra s
instagram_zip,2024-08-05 01:49:23.431,Mari Fleury,Curtiu uma mensagem,curtiu uma mensagem
instagram_zip,2024-08-04 22:46:58.230,Curadobia,Claro! Pode trocar super,claro pode trocar super
instagram_zip,2024-08-04 16:04:42.607,Mari Fleury,Acabei de comprar um conjunto. Se nÃ£o servir posso trocar? Pelo seu cep deve ser perto da minha casa. O meu 04531-020,acabei de comprar um conjunto se na o servir posso trocar pelo seu cep deve ser perto da minha casa o meu <num> <num>
instagram_zip,2024-10-04 17:54:07.031,Caroline Silva,"Oieee, obrigada de verdade ð",oieee obrigada de verdade d
instagram_zip,2024-10-04 17:53:58.080,Caroline Silva,Curtiu uma mensagem,curtiu uma mensagem
instagram_zip,2024-10-04 17:32:44.723,Curadobia,"OlÃ¡, Caroline! Tudo bem? Obrigada pelo seu interesse em trabalhar conosco! No momento nÃ£o estamos trabalhando com o contrato de novas pessoas no nosso time, mas jÃ¡ salvamos seus dados para futuras oportunidades! Caso tenha mais alguma dÃºvida estamos Ã disposiÃ§Ã£o! Equipe Curadobia ð",ola caroline tudo bem obrigada pelo seu interesse em trabalhar conosco no momento na o estamos trabalhando com o contrato de novas pessoas no nosso time mas ja salvamos seus dados para futuras oportunidades caso tenha mais alguma daovida estamos a disposia a o equipe curadobia d
instagram_zip,2024-10-04 14:33:21.387,Caroline Silva,"Oiii! Tudo bem? Me chamo Caroline sou formada em Marketing e trabalho como Social Media tem um tempinho, estou a procura de uma nova oportunidade no mercado de trabalho. Gostaria de saber se tem um espacinho no time de vocÃªs, vou deixar o meu nÃºmero, e-mail e portfÃ³lio. Caso queria marcar uma call para falarmos mais estou por aqui. Cel: (11) 94443-8896 E-mail: cspereiramkt@gmail.com PortfÃ³lio: https://cspereira.my.canva.site/ Obrigada desde jÃ¡ ð",oiii tudo bem me chamo caroline sou formada em marketing e trabalho como social media tem um tempinho estou a procura de uma nova oportunidade no mercado de trabalho gostaria de saber se tem um espacinho no time de vocaas vou deixar o meu naomero e mail e portfa <num> lio caso queria marcar uma call para falarmos mais estou por aqui cel <num> <num> <num> e mail cspereiramkt <user> com portfa <num> lio <url> obrigada desde ja d
instagram_zip,2024-12-03 21:55:37.737,Arlindo Grund,ð¤ð¤ð¤,d d d
instagram_zip,2024-12-03 21:42:51.225,Curadobia,Obrigada pela presenÃ§a! Foi incrÃ­vel te receber ð¤ð¤,obrigada pela presena a foi incravel te receber d d
instagram_zip,2024-12-03 19:54:26.464,Curadobia,,
instagram_zip,2024-12-03 19:54:25.388,Curadobia,,
instagram_zip,2024-12-03 17:24:04.708,Arlindo Grund,,
instagram_zip,2024-12-03 17:23:39.965,Arlindo Grund,,
instagram_zip,2024-12-03 17:21:36.053,Arlindo Grund,,
instagram_zip,2025-04-07 17:05:12.278,Curadobia,Oi Gabriela! Tudo bem? Vi que vocÃª conseguiu acessar o nosso site e realizou seu pedido certo? Eles jÃ¡ estÃ£o em separaÃ§Ã£o e logo mais estarÃ£o contigoð Qualquer coisa sigo aqui para te ajudar!,oi gabriela tudo bem vi que vocaa conseguiu acessar o nosso site e realizou seu pedido certo eles ja esta o em separaa a o e logo mais estara o contigod qualquer coisa sigo aqui para te ajudar
instagram_zip,2025-03-31 20:45:54.551,Curadobia,Qualquer coisa sigo aquið,qualquer coisa sigo aquid
instagram_zip,2025-03-31 20:45:53.931,Curadobia,https://www.curadobia.com.br,<url>
instagram_zip,2025-03-31 20:45:45.289,Curadobia,"Oi Gabriela! Tudo bem? Ana aqui do time do Curadobia. EstÃ¡vamos passando por algumas instabilidades, mas acredito que agora jÃ¡ estÃ¡ tudo resolvido. Te encaminho aqui o site para ficar mais fÃ¡cil o acesso:",oi gabriela tudo bem ana aqui do time do curadobia esta vamos passando por algumas instabilidades mas acredito que agora ja esta tudo resolvido te encaminho aqui o site para ficar mais fa cil o acesso
instagram_zip,2025-03-30 15:23:10.219,Gabriela Sales | Oncologia,NÃ£o estou conseguindo entrar no site para fazer compra,na o estou conseguindo entrar no site para fazer compra
instagram_zip,2024-09-26 17:50:00.725,Curadobia,http://wa.me/message/JN5HVDOBNZ2WK1,<url>
instagram_zip,2024-09-26 14:35:47.454,mariella carvalho aires,"Ok, obrigada.",ok obrigada
instagram_zip,2024-09-26 14:34:45.834,Curadobia,Qualquer duvida pode tambÃ©m nos conectar pelo WhatsApp ð,qualquer duvida pode tamba c m nos conectar pelo whatsapp d
instagram_zip,2024-09-26 14:34:19.421,Curadobia,Ela Ã© reta e certa. Acredito que o tamanho M funcione bem para vocÃª. O tecido da base Ã© mais maleÃ¡vel que da parte de cima.,ela a c reta e certa acredito que o tamanho m funcione bem para vocaa o tecido da base a c mais malea vel que da parte de cima
instagram_zip,2024-09-26 14:31:53.653,mariella carvalho aires,"NÃ£o gosto de nada apertado, mas essa blusa tem um Shane mais ajustado. DaÃ­ fiquei na dÃºvida.",na o gosto de nada apertado mas essa blusa tem um shane mais ajustado daa fiquei na daovida
instagram_zip,2024-09-26 14:31:08.815,mariella carvalho aires,M,m
instagram_zip,2024-09-26 14:30:37.168,Curadobia,"Bom dia Mariella, td bem? Que tamanho vocÃª costuma usar de parte de cima. Camisas em especial?",bom dia mariella td bem que tamanho vocaa costuma usar de parte de cima camisas em especial
instagram_zip,2024-09-26 14:21:18.794,mariella carvalho aires,"Bom dia. Estou interessada na blusa PAH, mas estou em dÃºvida quanto ao tamanho. Minhas medidas: busto 92 cm e cintura 75 cm.",bom dia estou interessada na blusa pah mas estou em daovida quanto ao tamanho minhas medidas busto <num> cm e cintura <num> cm
instagram_zip,2024-10-28 20:54:34.156,Gabriela Reis | Consultora de Imagem,,
instagram_zip,2025-04-09 22:02:51.860,Curadobia,,
instagram_zip,2025-04-09 19:20:36.810,Curadobia,,
instagram_zip,2025-01-24 15:00:43.177,Cristiane Rocha Loures Brenner,Ok!! Entendi. Obrigada pelo retorno. Um abraÃ§o,ok entendi obrigada pelo retorno um abraa o
instagram_zip,2025-01-24 14:55:19.433,Curadobia,"Com relaÃ§Ã£o a previsÃ£o de entrega, por conta dessa questÃ£o na plataforma, as marcas tambÃ©m nÃ£o receberam a notificaÃ§Ã£o do pedido e por isso irÃ¡ acabar atrasando um pouco a sua compra. Mas nÃ³s tambÃ©m jÃ¡ entramos em contato com a Stella Bastos sobre a sua compra e logo mais ela estarÃ¡ com vocÃª. Desculpa pelo ocorrido. Qualquer coisa nos avise! Obrigada por ser nossa cliente. Equipe Curadobiað",com relaa a o a previsa o de entrega por conta dessa questa o na plataforma as marcas tamba c m na o receberam a notificaa a o do pedido e por isso ira acabar atrasando um pouco a sua compra mas na <num> s tamba c m ja entramos em contato com a stella bastos sobre a sua compra e logo mais ela estara com vocaa desculpa pelo ocorrido qualquer coisa nos avise obrigada por ser nossa cliente equipe curadobiad
instagram_zip,2025-01-24 14:52:31.894,Curadobia,"Oi, Cristiane, bom dia! Obrigada pela sua mensagem. Na verdade, todos os nossos pedidos sÃ£o enviados o email de confirmaÃ§Ã£o imediatamente, porÃ©m, realmente identificamos um erro no nosso sistema que os Ãºltimos pedidos nÃ£o estÃ£o recebendo a confirmaÃ§Ã£o. JÃ¡ estamos em contato com o nosso tÃ©cnico para resolver. Obrigada por ter nos informado!",oi cristiane bom dia obrigada pela sua mensagem na verdade todos os nossos pedidos sa o enviados o email de confirmaa a o imediatamente pora c m realmente identificamos um erro no nosso sistema que os aoltimos pedidos na o esta o recebendo a confirmaa a o ja estamos em contato com o nosso ta c cnico para resolver obrigada por ter nos informado
instagram_zip,2025-01-23 19:36:39.924,Cristiane Rocha Loures Brenner,"Como uma crÃ­tica construtiva, vcs deveriam mandar um e-mail para confirmar o pedido. Compro bastante on-line e sempre vem o e-mail do status do pedido!! O cliente fica mais seguro da compra.",como uma cratica construtiva vcs deveriam mandar um e mail para confirmar o pedido compro bastante on line e sempre vem o e mail do status do pedido o cliente fica mais seguro da compra
instagram_zip,2025-01-23 19:33:26.357,Cristiane Rocha Loures Brenner,OlÃ¡!! Obrigada. Qual a previsÃ£o de entrega?,ola obrigada qual a previsa o de entrega
instagram_zip,2025-01-23 19:03:45.046,Curadobia,Oi Cristiane! Foi confirmado seu pedido.,oi cristiane foi confirmado seu pedido
instagram_zip,2025-01-22 22:29:50.393,Cristiane Rocha Loures Brenner,Ok! Obrigada. Vi que foi lanÃ§ado no meu cartÃ£o de crÃ©dito.,ok obrigada vi que foi lana ado no meu carta o de cra c dito
instagram_zip,2025-01-22 18:34:24.525,Curadobia,"Oi Cristiane, tudo bem? Obrigada pelo seu contato. Pode ficar tranquila, vamos verificar para vocÃª.",oi cristiane tudo bem obrigada pelo seu contato pode ficar tranquila vamos verificar para vocaa
instagram_zip,2025-01-22 18:00:51.885,Cristiane Rocha Loures Brenner,Boa tarde!! Fiz um pedido de uma blusa Brilhei no dia 13/01. NÃ£o recebi nenhum e-mail de confirmaÃ§Ã£o. SerÃ¡ que estÃ¡ tudo certo? Meu nome Ã© Cristiane Rocha Loures Brenner.,boa tarde fiz um pedido de uma blusa brilhei no dia <num> <num> na o recebi nenhum e mail de confirmaa a o sera que esta tudo certo meu nome a c cristiane rocha loures brenner
instagram_zip,2025-05-09 20:13:21.334,Amanda Migliorini | ðmoda prÃ¡tica,,
instagram_zip,2024-12-18 22:42:14.125,Amanda Migliorini | ðmoda prÃ¡tica,,
instagram_zip,2024-10-08 13:52:41.521,Curadobia,ð,d
instagram_zip,2024-10-08 13:51:37.369,Gabriela Lotta,,
instagram_zip,2025-03-31 13:17:28.615,Curadobia,Oie! @curadobia.oficial ð,oie <user> oficial d
instagram_zip,2025-03-30 22:54:40.207,Jaci,Sua roupa jeans Ã© de onde?,sua roupa jeans a c de onde
instagram_zip,2024-07-21 16:08:18.583,Ana Laura Hanna Farath,Ebaaaaa,ebaaaaa
instagram_zip,2024-11-29 19:52:45.721,Camila Yahn,,
instagram_zip,2024-11-29 14:17:33.132,Curadobia,,
instagram_zip,2025-05-09 16:55:55.920,Thais Farage,,
instagram_zip,2025-05-06 20:55:09.005,Thais Farage,,
instagram_zip,2024-09-04 09:44:36.518,Fabi ð«¶,Obrigada. No aguardo que seja disponibilizado o envio.,obrigada no aguardo que seja disponibilizado o envio
instagram_zip,2024-09-04 09:44:01.551,Fabi ð«¶,Reagiu com ð¢ Ã sua mensagem,reagiu com d a sua mensagem
instagram_zip,2024-09-02 19:09:23.419,Curadobia,"Ola, boa tarde! Infelizmente nÃ£o enviamos para fora do pais. Mas aceitamos cartÃµes internacionais com entrega em todo o Brasil ð",ola boa tarde infelizmente na o enviamos para fora do pais mas aceitamos cartaues internacionais com entrega em todo o brasil d
instagram_zip,2024-09-02 19:07:29.249,Fabi ð«¶,Boa tarde. Gostaria de saber se vocÃªs enviam para fora do Brasil. Obrigada.,boa tarde gostaria de saber se vocaas enviam para fora do brasil obrigada
instagram_zip,2025-05-06 12:42:52.483,Miti Shoes,,
instagram_zip,2025-04-29 15:03:54.305,Miti Shoes,,
instagram_zip,2025-04-25 13:26:06.267,Curadobia,NÃ£o perca essa oportunidade!! Qualquer coisa sigo aqui para o que vocÃª precisar ð,na o perca essa oportunidade qualquer coisa sigo aqui para o que vocaa precisar d
instagram_zip,2025-04-25 13:25:50.301,Curadobia,https://www.curadobia.com.br/reptilia/produto/jaqueta-levissima,<url>
instagram_zip,2025-04-25 13:25:39.550,Curadobia,https://www.curadobia.com.br/reptilia/produto/saia-levissima,<url>
instagram_zip,2025-04-25 13:24:54.113,Curadobia,"Venho com boas notÃ­cias, o conjunto que vocÃª se interessou acabou de subir no site com pouquÃ­ssimas unidades!",venho com boas notacias o conjunto que vocaa se interessou acabou de subir no site com pouquassimas unidades
instagram_zip,2025-04-25 13:24:27.010,Curadobia,"Bom dia, Adriana! Como vocÃª estÃ¡?",bom dia adriana como vocaa esta
instagram_zip,2025-04-17 14:33:27.459,Adriana Carla Ramos Martino,Ahh Reptilia adoro,ahh reptilia adoro
instagram_zip,2025-04-15 18:30:13.014,Curadobia,Pode ficar tranquila que irei te avisar!,pode ficar tranquila que irei te avisar
instagram_zip,2025-04-15 18:30:04.008,Curadobia,"Oi Adriana! Isso, ainda nÃ£o estÃ¡ disponÃ­vel pois ele Ã© um modelo exclusivo de SÃ£o Paulo Fashion Week. Inclusive fomos semana passada prestigiar a marca, Reptilia. Nossa previsÃ£o Ã© que esteja disponÃ­vel na proxima semana.",oi adriana isso ainda na o esta disponavel pois ele a c um modelo exclusivo de sa o paulo fashion week inclusive fomos semana passada prestigiar a marca reptilia nossa previsa o a c que esteja disponavel na proxima semana
instagram_zip,2025-04-15 15:24:00.209,Adriana Carla Ramos Martino,OlÃ¡! Esse conjunto ainda nÃ£o estÃ¡ disponvel no site de vcs nÃ© ? Poderia me dizer se onde Ã©?,ola esse conjunto ainda na o esta disponvel no site de vcs na c poderia me dizer se onde a c
instagram_zip,2025-04-03 15:32:31.963,Adriana Carla Ramos Martino,Obrigada,obrigada
instagram_zip,2025-04-03 15:32:28.342,Adriana Carla Ramos Martino,Curtiu uma mensagem,curtiu uma mensagem
instagram_zip,2025-04-03 15:17:57.981,Curadobia,"Bom dia! Tudo bem? Que bom receber sua mensagem, Adriana! Aqui Ã© Ana, do time do Curadobia. Esse conjunto tambÃ©m serÃ¡ um lanÃ§amento do Curadobiað Assim que ele estiver disponÃ­vel no site, pode ficar tranquila que vou te avisar!",bom dia tudo bem que bom receber sua mensagem adriana aqui a c ana do time do curadobia esse conjunto tamba c m sera um lana amento do curadobiad assim que ele estiver disponavel no site pode ficar tranquila que vou te avisar
instagram_zip,2025-04-03 09:50:33.018,Adriana Carla Ramos Martino,Oi! Esse conjunto marrom Ã© vendido tambÃ©m ?,oi esse conjunto marrom a c vendido tamba c m
instagram_zip,2025-04-03 09:49:51.752,Adriana Carla Ramos Martino,,
instagram_zip,2024-10-19 12:59:53.413,Tatiane de Souza,ð,d
instagram_zip,2025-03-18 14:44:02.119,Curadobia,Sigo aqui pra o que vocÃª precisar ð,sigo aqui pra o que vocaa precisar d
instagram_zip,2025-03-18 14:43:57.291,Curadobia,https://www.curadobia.com.br/d-aura/produto/saia-unica,<url>
instagram_zip,2025-03-18 14:43:43.395,Curadobia,"Oii Karinne! Tudo bem? Aqui quem fala Ã© a Ana, do time Curadobia. VocÃª acredita que estive olhando todos os dias desde que vocÃª demonstrou interesse se a nossa SAIA ÃNICA voltaria ao estoque e somente hoje isso aconteceu? Ela Ã© a queridinha das nossas clientes e tem acabado rÃ¡pido, entÃ£o espero que consiga aproveitar essa oportunidade. Te encaminho o link para o acesso dela:",oii karinne tudo bem aqui quem fala a c a ana do time curadobia vocaa acredita que estive olhando todos os dias desde que vocaa demonstrou interesse se a nossa saia anica voltaria ao estoque e somente hoje isso aconteceu ela a c a queridinha das nossas clientes e tem acabado ra pido enta o espero que consiga aproveitar essa oportunidade te encaminho o link para o acesso dela
instagram_zip,2025-02-11 20:45:02.406,akarinnesantos,Ok obrigada,ok obrigada
instagram_zip,2025-02-11 14:34:36.915,Curadobia,Quando ela estiver disponÃ­vel nÃ³s vamos te avisar!,quando ela estiver disponavel na <num> s vamos te avisar
instagram_zip,2025-02-11 14:34:25.410,Curadobia,Oie! Bom dia? Tudo bem? Obrigada pela sua mensagem! Entramos em contato com a marca D-aura que produz a saia e eles nos informaram que em 10 dias irÃ£o receber novos estoques da nossa SAIA ÃNICA,oie bom dia tudo bem obrigada pela sua mensagem entramos em contato com a marca d aura que produz a saia e eles nos informaram que em <num> dias ira o receber novos estoques da nossa saia anica
instagram_zip,2025-02-11 02:42:21.040,akarinnesantos,Boa noite ! HaverÃ¡ reposiÃ§Ã£o da saia Ãºnica preta no tamanho 1 ?,boa noite havera reposia a o da saia aonica preta no tamanho <num>
instagram_zip,2024-07-20 00:25:52.636,Gabriela Campos Costa Barbosa,Curtiu uma mensagem,curtiu uma mensagem
instagram_zip,2024-07-19 23:53:00.908,Curadobia,Ok perfeito. Caso mude de ideia seguimos Ã disposiÃ§Ã£o! Novamente desculpa pelo transtorno e desejo uma Ã³tima viagem! ðð¼,ok perfeito caso mude de ideia seguimos a disposia a o novamente desculpa pelo transtorno e desejo uma a <num> tima viagem dd <num> <num>
instagram_zip,2024-07-19 18:56:17.028,Gabriela Campos Costa Barbosa,"NÃ£o vou trocar , vou tentar reduzir o gancho",na o vou trocar vou tentar reduzir o gancho
instagram_zip,2024-07-19 18:56:00.128,Gabriela Campos Costa Barbosa,Tudo bem,tudo bem
instagram_zip,2024-07-19 18:55:55.249,Gabriela Campos Costa Barbosa,"De todo modo , agradeÃ§o por perguntar",de todo modo agradea o por perguntar
instagram_zip,2024-07-19 18:43:06.219,Curadobia,"Pedimos desculpas pelo ocorrido e pode ter certeza que isso servirÃ¡ para aprimorarmos nosso atendimento e nÃ£o deixar que situaÃ§Ãµes como essa ocorram novamente. AgradeÃ§o sua compreensÃ£o e nos disponibilizamos para auxiliar da melhor forma possÃ­vel. Sobre ter ficado um pouco grande o body, nos informe se desejar efetuar troca, que jÃ¡ posso agilizar junto a marca essa solicitaÃ§Ã£o",pedimos desculpas pelo ocorrido e pode ter certeza que isso servira para aprimorarmos nosso atendimento e na o deixar que situaa aues como essa ocorram novamente agradea o sua compreensa o e nos disponibilizamos para auxiliar da melhor forma possavel sobre ter ficado um pouco grande o body nos informe se desejar efetuar troca que ja posso agilizar junto a marca essa solicitaa a o
instagram_zip,2024-07-19 18:40:59.751,Curadobia,"Gabriela entendo sua frustraÃ§Ã£o e Ã© completamente justificada. De fato a marca informou ter tido um pequeno problema de produÃ§Ã£o que nÃ£o deverÃ¡ mais ocorrer e por isso acabou enviando atrasado seu pedido. Sobre o meio de contato, estamos providenciando um nÃºmero para atendimento WhatsApp, por hora estamos apenas com o e-mail mas muito em breve jÃ¡ deixaremos essa opÃ§Ã£o mais fÃ¡cil para soluÃ§Ã£o de qualquer problema",gabriela entendo sua frustraa a o e a c completamente justificada de fato a marca informou ter tido um pequeno problema de produa a o que na o devera mais ocorrer e por isso acabou enviando atrasado seu pedido sobre o meio de contato estamos providenciando um naomero para atendimento whatsapp por hora estamos apenas com o e mail mas muito em breve ja deixaremos essa opa a o mais fa cil para solua a o de qualquer problema
instagram_zip,2024-07-19 18:39:34.961,Gabriela Campos Costa Barbosa,Mas a experiÃªncia de compra nÃ£o foi legal,mas a experiaancia de compra na o foi legal
instagram_zip,2024-07-19 18:39:26.208,Gabriela Campos Costa Barbosa,"O produto Ã© lindo , apesar de ter ficando um pouco grande",o produto a c lindo apesar de ter ficando um pouco grande
instagram_zip,2024-07-19 18:39:10.875,Gabriela Campos Costa Barbosa,Por muito pouco a minha frustraÃ§Ã£o seria ainda maior,por muito pouco a minha frustraa a o seria ainda maior
instagram_zip,2024-07-19 18:38:59.311,Gabriela Campos Costa Barbosa,Muito tenso,muito tenso
instagram_zip,2024-07-19 18:38:28.583,Gabriela Campos Costa Barbosa,E o body me chega HOJE,e o body me chega hoje
instagram_zip,2024-07-19 18:38:21.484,Gabriela Campos Costa Barbosa,Paguei Sedex porque estou indo hoje pra Londres e queria levar o body,paguei sedex porque estou indo hoje pra londres e queria levar o body
instagram_zip,2024-07-19 18:38:03.972,Gabriela Campos Costa Barbosa,"Enfim , por muito pouco nÃ£o me atende",enfim por muito pouco na o me atende
instagram_zip,2024-07-19 18:37:56.598,Gabriela Campos Costa Barbosa,Precisei escrever em uma postagem,precisei escrever em uma postagem
instagram_zip,2024-07-19 18:37:36.473,Gabriela Campos Costa Barbosa,No e-mail da nota fiscal nÃ£o tem nada,no e mail da nota fiscal na o tem nada
instagram_zip,2024-07-19 18:37:18.550,Gabriela Campos Costa Barbosa,NÃ£o tem um link de comunicaÃ§Ã£o no WhatsApp,na o tem um link de comunicaa a o no whatsapp
instagram_zip,2024-07-19 18:37:08.792,Gabriela Campos Costa Barbosa,E achei muito difÃ­cil o contato com vcs,e achei muito difacil o contato com vcs
instagram_zip,2024-07-19 18:36:41.696,Gabriela Campos Costa Barbosa,EntÃ£o era pra ter pago menos a meu ver,enta o era pra ter pago menos a meu ver
instagram_zip,2024-07-19 18:36:29.756,Gabriela Campos Costa Barbosa,Mas paguei por uma coisa que nÃ£o recebi,mas paguei por uma coisa que na o recebi
instagram_zip,2024-07-19 18:36:19.256,Gabriela Campos Costa Barbosa,Chegou,chegou
instagram_zip,2024-07-19 18:35:46.635,Curadobia,Ele foi postando dia 16 com o cÃ³digo de rastreio AA186736680BR,ele foi postando dia <num> com o ca <num> digo de rastreio aa <num> br
instagram_zip,2024-07-19 18:35:06.333,Curadobia,Seu pedido saiu para entrega hoje e estÃ¡ constando aqui como entregue,seu pedido saiu para entrega hoje e esta constando aqui como entregue
instagram_zip,2024-07-19 18:34:20.504,Curadobia,Verificamos com a marca responsÃ¡vel pelo envio a Revival. O seu pedido sofreu um pequeno atraso que a marca me informou ter lhe comunicado por WhatsApp,verificamos com a marca responsa vel pelo envio a revival o seu pedido sofreu um pequeno atraso que a marca me informou ter lhe comunicado por whatsapp
instagram_zip,2024-07-19 18:33:42.291,Curadobia,PeÃ§o desculpa pela demora em lhe retornar,pea o desculpa pela demora em lhe retornar
instagram_zip,2024-07-19 18:33:30.158,Curadobia,"OlÃ¡ Gabriela, boa tarde! Tudo bem?",ola gabriela boa tarde tudo bem
instagram_zip,2024-07-17 22:05:21.091,Gabriela Campos Costa Barbosa,???,
instagram_zip,2024-07-17 22:05:14.905,Gabriela Campos Costa Barbosa,Com quem falo B,com quem falo b
instagram_zip,2024-07-17 22:05:06.031,Gabriela Campos Costa Barbosa,Era pra ter chegado ontem,era pra ter chegado ontem
instagram_zip,2024-07-17 22:04:59.188,Gabriela Campos Costa Barbosa,Mas a peÃ§a ainda nÃ£o chegou,mas a pea a ainda na o chegou
instagram_zip,2024-07-17 22:04:51.561,Gabriela Campos Costa Barbosa,Comprei um body e paguei frete de 7 dias Ãºteis pra levar pra uma viagem agora na sexta,comprei um body e paguei frete de <num> dias aoteis pra levar pra uma viagem agora na sexta
instagram_zip,2024-07-17 22:04:25.440,Gabriela Campos Costa Barbosa,Como falo com alguÃ©m daÃ­,como falo com algua c m daa
instagram_zip,2024-07-17 22:04:18.055,Gabriela Campos Costa Barbosa,OlÃ¡,ola
instagram_zip,2025-05-07 13:10:12.922,Patricia Koops,Curtiu uma mensagem,curtiu uma mensagem
instagram_zip,2025-05-07 13:10:11.928,Patricia Koops,Curtiu uma mensagem,curtiu uma mensagem
instagram_zip,2025-05-07 13:10:10.398,Patricia Koops,Curtiu uma mensagem,curtiu uma mensagem
instagram_zip,2025-05-07 13:10:09.470,Patricia Koops,Curtiu uma mensagem,curtiu uma mensagem
instagram_zip,2025-05-07 11:55:17.952,Curadobia,,
instagram_zip,2025-05-07 11:55:14.890,Curadobia,,
instagram_zip,2025-05-07 11:55:01.765,Curadobia,,
instagram_zip,2025-05-07 11:54:57.786,Curadobia,,
instagram_zip,2025-05-07 02:00:34.720,Patricia Koops,,
instagram_zip,2025-05-07 01:58:27.975,Patricia Koops,,
instagram_zip,2025-05-07 01:56:10.727,Patricia Koops,,
instagram_zip,2025-05-07 01:53:59.100,Patricia Koops,,
instagram_zip,2024-10-19 02:33:40.615,Profa. Fernanda Landolfi Maia,ð,d
instagram_zip,2024-08-05 21:07:16.212,Curadobia,Imagina!,imagina
instagram_zip,2024-08-05 21:07:12.346,Curadobia,"Perfeito, jÃ¡ passei pro pessoal realizar a correÃ§Ã£o. Obrigada pelo feedback!",perfeito ja passei pro pessoal realizar a correa a o obrigada pelo feedback
instagram_zip,2024-08-05 21:04:25.313,Maria AngÃ©lica Monteiro,Muito obrigada pela atenÃ§Ã£o!,muito obrigada pela atena a o
instagram_zip,2024-08-05 21:04:15.628,Maria AngÃ©lica Monteiro,TÃ¡ joia.,ta joia
instagram_zip,2024-08-05 21:04:12.733,Maria AngÃ©lica Monteiro,Estou vendo pelo celular sim.,estou vendo pelo celular sim
instagram_zip,2024-08-05 20:26:46.199,Curadobia,Aqui a tabela certinha mas jÃ¡ estamos com o pessoal tÃ©cnico corrigindo esse erro,aqui a tabela certinha mas ja estamos com o pessoal ta c cnico corrigindo esse erro
instagram_zip,2024-08-05 20:23:05.071,Curadobia,,
instagram_zip,2024-08-05 20:22:08.187,Curadobia,"Claro envio sim, mas atÃ© para nÃ³s entendermos o que estÃ¡ ocorrendo com essa visualizaÃ§Ã£o. VocÃª estÃ¡ acessando pelo celular? Que aÃ­ jÃ¡ direcionamos pra equipe tÃ©cnica corrigir",claro envio sim mas ata c para na <num> s entendermos o que esta ocorrendo com essa visualizaa a o vocaa esta acessando pelo celular que aa ja direcionamos pra equipe ta c cnica corrigir
instagram_zip,2024-08-05 20:20:31.464,Curadobia,"OlÃ¡, boa tarde! Tudo bem?",ola boa tarde tudo bem
instagram_zip,2024-08-05 17:13:17.844,Maria AngÃ©lica Monteiro,"Boa tarde! Na pÃ¡gina da Regata podrinha cinza eu nÃ£o consigo ver as medidas dos tamanhos acima do G, que sÃ£o justamente o que visto. Poderia me enviar essas medidas dos tamanhos GG e XGG, por favor?",boa tarde na pa gina da regata podrinha cinza eu na o consigo ver as medidas dos tamanhos acima do g que sa o justamente o que visto poderia me enviar essas medidas dos tamanhos gg e xgg por favor
instagram_zip,2025-03-07 00:44:41.351,Elaine Lustosa Madalozzo,Obrigada,obrigada
instagram_zip,2025-03-07 00:43:12.363,Elaine Lustosa Madalozzo,Ok,ok
instagram_zip,2025-03-06 16:45:31.370,Curadobia,"Elaine, para o tamanho 42, nÃ³s indicamos o tamanho 3 da saia",elaine para o tamanho <num> na <num> s indicamos o tamanho <num> da saia
instagram_zip,2025-03-06 15:32:08.263,Curadobia,Oie! Tudo bem Elaine? Obrigada pela sua mensagem! VocÃª consegue nos confirmar suas medidas para que possamos verificar com mais precisÃ£o? ð,oie tudo bem elaine obrigada pela sua mensagem vocaa consegue nos confirmar suas medidas para que possamos verificar com mais precisa o d
instagram_zip,2025-03-06 00:23:21.134,Elaine Lustosa Madalozzo,"Estou com duvidas sobre o tamanho da saia Unica, visto 42 , mas as medidas no quadro de tamanhos parecem grandes, mas existe a informaÃ§Ã£o de que o tamanho 1 corresponde ao 36â¦.",estou com duvidas sobre o tamanho da saia unica visto <num> mas as medidas no quadro de tamanhos parecem grandes mas existe a informaa a o de que o tamanho <num> corresponde ao <num> a
instagram_zip,2025-03-06 00:21:55.151,Elaine Lustosa Madalozzo,Boa noite.,boa noite
instagram_zip,2024-12-08 18:46:25.906,MaraiÌ Valente,Curtiu uma mensagem,curtiu uma mensagem
instagram_zip,2024-12-08 12:53:15.053,Curadobia,,
instagram_zip,2024-12-07 17:28:29.115,MaraiÌ Valente,,
instagram_zip,2025-02-21 13:44:59.646,Curadobia,Obrigada âºï¸,obrigada aoi
instagram_zip,2025-02-21 13:44:57.324,Curadobia,Logo mais te passo novas informaÃ§Ãµes,logo mais te passo novas informaa aues
instagram_zip,2025-02-21 13:44:49.031,Curadobia,"Ana, jÃ¡ entrei em contato com o pessoal da D-aura para entendermos o que aconteceu",ana ja entrei em contato com o pessoal da d aura para entendermos o que aconteceu
instagram_zip,2025-02-20 18:03:21.574,Ana Lepsch,Ã o pedido 502!,a o pedido <num>
instagram_zip,2025-02-20 17:51:42.023,Curadobia,"Ana, vou verificar com eles. VocÃª pode me informar qual foi o nÃºmero do seu pedido, por favor?",ana vou verificar com eles vocaa pode me informar qual foi o naomero do seu pedido por favor
instagram_zip,2025-02-19 18:54:12.755,Ana Lepsch,"Tranquilo, obrigada!",tranquilo obrigada
instagram_zip,2025-02-19 18:54:02.682,Ana Lepsch,"Na verdade foi o porteiro, rs!",na verdade foi o porteiro rs
instagram_zip,2025-02-19 18:53:41.922,Ana Lepsch,Sim!,sim
instagram_zip,2025-02-19 17:51:38.313,Curadobia,NÃ£o se preocupe! Vamos resolver essa questÃ£oð Que bom que vocÃª identificou isso,na o se preocupe vamos resolver essa questa od que bom que vocaa identificou isso
instagram_zip,2025-02-19 17:51:10.318,Curadobia,"Oi, Ana, tudo bem? Na Ã©poca o pessoal da D-aura te instruiu que iriam retirar na sua portaria?",oi ana tudo bem na a c poca o pessoal da d aura te instruiu que iriam retirar na sua portaria
instagram_zip,2025-02-19 15:26:57.341,Ana Lepsch,"OlÃ¡ meninas, tudo bem? Comprei a saia preta da d aura em outubro, precisei trocar (foram rapidÃ­ssimos), mas sÃ³ hoje eu soube que nÃ£o levaram a sacola com a peÃ§a a ser trocada (ficou este tempo todo na minha portaria). Como faÃ§o?",ola meninas tudo bem comprei a saia preta da d aura em outubro precisei trocar foram rapidassimos mas sa <num> hoje eu soube que na o levaram a sacola com a pea a a ser trocada ficou este tempo todo na minha portaria como faa o
instagram_zip,2024-10-24 13:13:57.922,Curadobia,"Com certeza, serÃ¡ um sucesso! Obrigada, Ana!ð",com certeza sera um sucesso obrigada ana d
instagram_zip,2024-10-23 21:03:54.321,Ana Lepsch,JÃ¡ comprei! E acabou de chegar!!,ja comprei e acabou de chegar
instagram_zip,2024-10-23 21:03:37.546,Ana Lepsch,Curtiu uma mensagem,curtiu uma mensagem
instagram_zip,2024-10-23 16:26:23.929,Curadobia,"OlÃ¡, Ana! Boa tarde! Tudo bem? Estamos entrando em contato porque identificamos que hÃ¡ um tempo vocÃª demonstrou interesse nos sapatos da Bia, que apareceram em um dos nossos reels! Agora eles estÃ£o disponÃ­veis no site do Curadobia! ðð segue o link: https://www.curadobia.com.br/produtos/buscar?search=Paula+ferber Obrigada por nos acompanhar, Ana! Qualquer dÃºvida, estamos Ã disposiÃ§Ã£o! Equipe Curadobia ð",ola ana boa tarde tudo bem estamos entrando em contato porque identificamos que ha um tempo vocaa demonstrou interesse nos sapatos da bia que apareceram em um dos nossos reels agora eles esta o disponaveis no site do curadobia dd segue o link <url> obrigada por nos acompanhar ana qualquer daovida estamos a disposia a o equipe curadobia d
instagram_zip,2024-10-23 16:05:19.949,Curadobia,"OlÃ¡, Rosangela! Boa tarde! Tudo bem? Estamos entrando em contato porque identificamos que hÃ¡ um tempo vocÃª demonstrou interesse nas rasteiras da Bia, que apareceram em um dos nossos reels! Agora eles estÃ£o disponÃ­veis no site do Curadobia! ðð segue o link: https://www.curadobia.com.br/produtos/buscar?search=Paula+ferber Obrigada por nos acompanhar, Rosangela! Qualquer dÃºvida, estamos Ã disposiÃ§Ã£o! Equipe Curadobia ð",ola rosangela boa tarde tudo bem estamos entrando em contato porque identificamos que ha um tempo vocaa demonstrou interesse nas rasteiras da bia que apareceram em um dos nossos reels agora eles esta o disponaveis no site do curadobia dd segue o link <url> obrigada por nos acompanhar rosangela qualquer daovida estamos a disposia a o equipe curadobia d
instagram_zip,2024-09-16 21:21:02.419,Curadobia,Mas tmb lancarei um âprograma online de estilo pessoalâ que poderÃ¡ ser baixado por aqui tmb,mas tmb lancarei um aprograma online de estilo pessoala que podera ser baixado por aqui tmb
instagram_zip,2024-09-16 21:20:25.061,Curadobia,Infelizmente nao atuo mais nessa area de consultoria pessoal,infelizmente nao atuo mais nessa area de consultoria pessoal
instagram_zip,2024-09-16 21:19:00.674,Gisela Mation,"Deixa eu tirar outra dÃºvida, vc faz consultoria de imagem/estilo tb? Se sim, como funciona?",deixa eu tirar outra daovida vc faz consultoria de imagem estilo tb se sim como funciona
instagram_zip,2024-09-16 20:40:56.729,Gisela Mation,Ah que bom!! Ã lindÃ­ssima!! ParabÃ©ns.,ah que bom a lindassima paraba c ns
instagram_zip,2024-09-16 20:33:35.464,Curadobia,Iremos relanÃ§a-la em outubro aqui no Curadobia,iremos relana a la em outubro aqui no curadobia
instagram_zip,2024-09-16 20:33:17.061,Curadobia,"Ola Gisela, essa sandalia Ã© da minha collab com a Paula Ferber",ola gisela essa sandalia a c da minha collab com a paula ferber
instagram_zip,2024-09-16 20:30:17.501,Gisela Mation,Consegue me informar de onde Ã© essa sandÃ¡lia?,consegue me informar de onde a c essa sanda lia
instagram_zip,2024-09-16 20:30:07.664,Gisela Mation,,
instagram_zip,2024-09-16 20:29:47.972,Gisela Mation,"Ola, tudo bem? Meu nome Ã© Gisela, acabei de fazer um pedido.",ola tudo bem meu nome a c gisela acabei de fazer um pedido
instagram_zip,2025-01-10 17:00:48.171,Curadobia,"Qualquer outra dÃºvida, seguimos aquið",qualquer outra daovida seguimos aquid
instagram_zip,2025-01-10 17:00:35.654,Curadobia,"Boa tarde, Fabiana! Como vai? Passando para avisar que as blusas acabaram de ser repostas no site/estoque.",boa tarde fabiana como vai passando para avisar que as blusas acabaram de ser repostas no site estoque
instagram_zip,2025-01-09 19:20:54.386,Fabiana Silva,"Obrigada pelo retorno! Vou acompanhar, entÃ£o. Beijo beijo ð ð",obrigada pelo retorno vou acompanhar enta o beijo beijo d d
instagram_zip,2025-01-09 19:20:06.413,Fabiana Silva,Reagiu com ð Ã sua mensagem,reagiu com d a sua mensagem
instagram_zip,2025-01-09 18:43:09.583,Curadobia,"OlÃ¡, Fabiana! Obrigada pela sua mensagem e carinho conosco! Alguns de nossos parceiros ainda estÃ£o organizando a volta dos estoques pÃ³s recesso de final e inicio de ano. Entramos em contato com a Lounge 39, produtoras da blusa pah e phyna, e elas nos informaram que provavelmente amanhÃ£ mesmo as blusas jÃ¡ estejam de volta em estoque. Pode ficar tranquila que a gente te avisa. Qualquer coisa, seguimos aquið",ola fabiana obrigada pela sua mensagem e carinho conosco alguns de nossos parceiros ainda esta o organizando a volta dos estoques pa <num> s recesso de final e inicio de ano entramos em contato com a lounge <num> produtoras da blusa pah e phyna e elas nos informaram que provavelmente amanha mesmo as blusas ja estejam de volta em estoque pode ficar tranquila que a gente te avisa qualquer coisa seguimos aquid
instagram_zip,2025-01-09 17:59:28.597,Fabiana Silva,"OlÃ¡! Primeiramente quero dizer que a CuradoBia estÃ¡ fantÃ¡stica! Vi que vÃ¡rios produtos estÃ£o indisponÃ­veis no site, como a blusa pah e phyna por exemplo Tem alguma previsÃ£o de retorno ao estoque?",ola primeiramente quero dizer que a curadobia esta fanta stica vi que va rios produtos esta o indisponaveis no site como a blusa pah e phyna por exemplo tem alguma previsa o de retorno ao estoque
instagram_zip,2024-10-18 18:42:06.736,Gloria Kalil,Curtiu uma mensagem,curtiu uma mensagem
instagram_zip,2024-10-18 16:50:25.759,Curadobia,,
instagram_zip,2024-10-18 14:13:26.295,Gloria Kalil,,
instagram_zip,2025-05-19 13:24:59.299,Curadobia,+55 11 97231-7025,<num> <num> <num> <num>
instagram_zip,2025-05-19 13:24:57.307,Curadobia,"Oi, Danuza! Bom dia, tudo bem? Pode nos informar por aqui a dÃºvida ou se preferir uma comunicaÃ§Ã£o mais Ã¡gil pode nos chamar no nosso Whatsapp:",oi danuza bom dia tudo bem pode nos informar por aqui a daovida ou se preferir uma comunicaa a o mais a gil pode nos chamar no nosso whatsapp
instagram_zip,2025-05-15 13:21:31.184,Danuza ð»ð¦,OlÃ¡! Como tirar dÃºvidas de tamanho da peÃ§a?,ola como tirar daovidas de tamanho da pea a
instagram_zip,2024-09-23 16:10:05.698,Curadobia,"Ola Julia, isso mesmo. Qualquer duvida nos avise por aqui ou pelo nosso WhatsApp ð",ola julia isso mesmo qualquer duvida nos avise por aqui ou pelo nosso whatsapp d
instagram_zip,2024-09-23 16:03:19.612,Julia O'Donnell,"Oi, as compras sÃ£o direto no site?",oi as compras sa o direto no site
instagram_zip,2025-05-06 21:08:37.169,Tereza Elisa Neri,ð,d
instagram_zip,2025-05-06 21:06:30.668,Tereza Elisa Neri,ð,d
instagram_zip,2025-05-07 01:06:07.270,Curadobia,,
instagram_zip,2025-05-06 20:30:42.770,Monica KG ðâ,,
instagram_zip,2025-05-06 12:51:58.166,Monica KG ðâ,,
instagram_zip,2025-05-07 01:05:01.863,Curadobia,,
instagram_zip,2025-05-06 21:22:37.256,LUIZA PEREA,,
instagram_zip,2025-04-01 01:09:23.830,Curadobia,,
instagram_zip,2025-03-31 21:17:08.806,LUIZA PEREA,,
instagram_zip,2024-11-26 23:42:54.540,Monti,Obrigada pelo retorno!,obrigada pelo retorno
instagram_zip,2024-11-26 23:42:46.098,Monti,"Claro, mando tudo la",claro mando tudo la
instagram_zip,2024-11-26 23:42:34.081,Monti,Curtiu uma mensagem,curtiu uma mensagem
instagram_zip,2024-11-25 14:03:29.050,Curadobia,"Que aÃ­ conseguimos encaminhar pro lÃ¡ as tratativas o que acha? Se puder esclarecer que seria algo mais voltado para o perfil pessoal da Bia ou para o Curadobia, seria bacana entendermos tambÃ©m para encaminhar de forma mais assertiva sua mensagem",que aa conseguimos encaminhar pro la as tratativas o que acha se puder esclarecer que seria algo mais voltado para o perfil pessoal da bia ou para o curadobia seria bacana entendermos tamba c m para encaminhar de forma mais assertiva sua mensagem
instagram_zip,2024-11-25 14:02:24.528,Curadobia,"OlÃ¡ Alice, bom dia! Tudo bem? Aqui somos da parte de atendimento do Curadobia. Vou te pedir para encaminhar um e-mail para contato.curadobia@gmail.com",ola alice bom dia tudo bem aqui somos da parte de atendimento do curadobia vou te pedir para encaminhar um e mail para contato curadobia <user> com
instagram_zip,2024-11-11 18:56:26.674,Monti,"Oi Bia, tudo bem? Me chamo Alice, sou sÃ³cia da Monti, uma marca de moda que preza por estilo atemporal e peÃ§as de qualidade. Estamos buscando consultoras de imagem parceiras para recomendar nossas peÃ§as aos seus clientes, e pensei que poderÃ­amos criar algo bem legal juntas! O que acha de agendarmos um papo para te contar mais sobre a nossa histÃ³ria e a ideia de parceria? Fico no aguardo!",oi bia tudo bem me chamo alice sou sa <num> cia da monti uma marca de moda que preza por estilo atemporal e pea as de qualidade estamos buscando consultoras de imagem parceiras para recomendar nossas pea as aos seus clientes e pensei que poderaamos criar algo bem legal juntas o que acha de agendarmos um papo para te contar mais sobre a nossa hista <num> ria e a ideia de parceria fico no aguardo
instagram_zip,2025-05-06 20:05:00.964,Curadobia,Obrigada pela presenÃ§a!,obrigada pela presena a
instagram_zip,2025-05-06 19:22:25.528,Vida Figueiredo Neuber,,
instagram_zip,2025-04-10 18:47:07.187,Anne Botelho,"Ãtimo, me avise por favor. Um abraÃ§o e obrigada",atimo me avise por favor um abraa o e obrigada
instagram_zip,2025-04-10 18:46:39.394,Anne Botelho,"Oi Ana boa tarde! Obrigada pelo contato. Sim, estou interessada. Tentei comprar apÃ³s a mensagem da Bia mas ainda estava indisponÃ­vel",oi ana boa tarde obrigada pelo contato sim estou interessada tentei comprar apa <num> s a mensagem da bia mas ainda estava indisponavel
instagram_zip,2025-04-10 14:37:54.876,Curadobia,"Independente disso, sigo aqui para o que vocÃª precisar!ð",independente disso sigo aqui para o que vocaa precisar d
instagram_zip,2025-04-10 14:37:38.556,Curadobia,"Mas venho com boas notÃ­cias, a partir de quarta-feira teremos reposiÃ§Ã£o dela! ð¥³ Se vocÃª ainda tiver interesse, me avisa, pois ai assim que chegarem eu venho exclusivamente te avisaar!",mas venho com boas notacias a partir de quarta feira teremos reposia a o dela d <num> se vocaa ainda tiver interesse me avisa pois ai assim que chegarem eu venho exclusivamente te avisaar
instagram_zip,2025-04-10 14:36:41.165,Curadobia,"Oi, Anne! Bom dia, tudo bem? Aqui Ã© a Ana do time Curadobia. A bia nos informou que vocÃª se interessou pela nossa BOLSA MOLONA, mas que infelizmente ela estÃ¡ indisponÃ­vel no site",oi anne bom dia tudo bem aqui a c a ana do time curadobia a bia nos informou que vocaa se interessou pela nossa bolsa molona mas que infelizmente ela esta indisponavel no site
instagram_zip,2025-01-23 01:17:10.507,Curadobia,"OlÃ¡ pessoal, como vÃ£o? Meu nome Ã© Ana e trabalho junto com a Bia Paes de Barros no CURADOBIA.COM.BR O Curadobia Ã© um marketplace que nasceu com o propÃ³sito de reunir em um sÃ³ lugar peÃ§as que fazem toda a diferenÃ§a no armÃ¡rio e ao mesmo tempo sÃ£o fÃ¡ceis de usar: os chamados neutros com tcharanz. Acreditamos que a GIOMEI super se conecta com essa proposta. Com quem poderia conversar para falar mais sobre? Aguardo vocÃªs!",ola pessoal como va o meu nome a c ana e trabalho junto com a bia paes de barros no curadobia com br o curadobia a c um marketplace que nasceu com o propa <num> sito de reunir em um sa <num> lugar pea as que fazem toda a diferena a no arma rio e ao mesmo tempo sa o fa ceis de usar os chamados neutros com tcharanz acreditamos que a giomei super se conecta com essa proposta com quem poderia conversar para falar mais sobre aguardo vocaas
instagram_zip,2025-02-21 15:08:37.959,Curadobia,Obrigada pelo interesse ð aguardamos vocÃªs,obrigada pelo interesse d aguardamos vocaas
instagram_zip,2025-02-21 15:08:26.131,Curadobia,OlÃ¡! Tudo bem? Podemos falar pelo nosso WhatsApp: +55 11 97231-7025,ola tudo bem podemos falar pelo nosso whatsapp <num> <num> <num> <num>
instagram_zip,2024-12-03 15:41:32.535,Icon.,"Oi, pessoal, tudo bem? Mariele da Icon aqui. Adoraria apresentar a agÃªncia e os talentos que representamos para vocÃªs. Acredito que temos uma super sinergia e que seria lindo colaborarmos futuramente! Qual o melhor contato para falarmos disso, por favor? Muito obrigada!",oi pessoal tudo bem mariele da icon aqui adoraria apresentar a agaancia e os talentos que representamos para vocaas acredito que temos uma super sinergia e que seria lindo colaborarmos futuramente qual o melhor contato para falarmos disso por favor muito obrigada
instagram_zip,2025-01-20 14:26:56.406,Curadobia,"OlÃ¡ pessoal, como vÃ£o? Meu nome Ã© Ana e trabalho junto com a Bia Paes de Barros no CURADOBIA.COM.BR O Curadobia Ã© um marketplace que nasceu com o propÃ³sito de reunir em um sÃ³ lugar peÃ§as que fazem toda a diferenÃ§a no armÃ¡rio e ao mesmo tempo sÃ£o fÃ¡ceis de usar: os chamados neutros com tcharanz. Acreditamos que a ARGI super se conecta com essa proposta. Com quem poderia conversar para falar mais sobre? Aguardo vocÃªs!",ola pessoal como va o meu nome a c ana e trabalho junto com a bia paes de barros no curadobia com br o curadobia a c um marketplace que nasceu com o propa <num> sito de reunir em um sa <num> lugar pea as que fazem toda a diferena a no arma rio e ao mesmo tempo sa o fa ceis de usar os chamados neutros com tcharanz acreditamos que a argi super se conecta com essa proposta com quem poderia conversar para falar mais sobre aguardo vocaas
instagram_zip,2024-12-04 02:29:55.676,Curadobia,,
instagram_zip,2024-12-04 00:31:27.862,Carlinha Catap Strauss,,
instagram_zip,2024-07-30 07:49:50.040,Queens Gate,"Ola meninas seguem meus contatos: +1(917)868-9790 Daniela.masson@hotmail.com Muito bom falar com vcs ontem, obrigada ! Falamos na sequÃªncia por WhatsApp ð·",ola meninas seguem meus contatos <num> <num> <num> <num> daniela masson <user> com muito bom falar com vcs ontem obrigada falamos na sequaancia por whatsapp d
instagram_zip,2024-07-29 18:37:25.935,Curadobia,"Daniela, depois me passa seu nÃºmero de telefone que aÃ­ seguimos a comunicaÃ§Ã£o por lÃ¡ e pelo e-mail",daniela depois me passa seu naomero de telefone que aa seguimos a comunicaa a o por la e pelo e mail
instagram_zip,2024-07-29 18:05:23.252,Curadobia,"Opa, acho que caiu",opa acho que caiu
instagram_zip,2024-07-23 20:24:14.177,Queens Gate,Obrigada ! AtÃ© lÃ¡,obrigada ata c la
instagram_zip,2024-07-23 20:23:16.863,Curadobia,"Enviado, obrigada! AtÃ© segunda",enviado obrigada ata c segunda
instagram_zip,2024-07-23 20:21:32.623,Queens Gate,Daniela.masson@hotmail.com,daniela masson <user> com
instagram_zip,2024-07-23 20:21:25.894,Curadobia,Que aÃ­ jÃ¡ envio um invite,que aa ja envio um invite
instagram_zip,2024-07-23 20:21:19.524,Curadobia,Qual seu e-mail?,qual seu e mail
instagram_zip,2024-07-23 20:21:06.902,Queens Gate,Fechado 3pm brasil !,fechado <num> pm brasil
instagram_zip,2024-07-23 20:07:45.368,Curadobia,"Ah perfeito, funcionaria as 15h fuso SÃ£o Paulo?",ah perfeito funcionaria as <num> h fuso sa o paulo
instagram_zip,2024-07-23 18:37:36.240,Queens Gate,"Acho Ã³timo. Pode ser segunda 29 na parte da tarde. Estamos com 4horas de fuso, qual horÃ¡rio seria bom pra vc?",acho a <num> timo pode ser segunda <num> na parte da tarde estamos com <num> horas de fuso qual hora rio seria bom pra vc
instagram_zip,2024-07-23 18:28:45.333,Curadobia,Segunda na parte da tarde vocÃª teria disponibilidade?,segunda na parte da tarde vocaa teria disponibilidade
instagram_zip,2024-07-23 18:28:33.674,Curadobia,"Claro, vamos conversar sim. O que acha de fazermos uma reuniÃ£o on-line?",claro vamos conversar sim o que acha de fazermos uma reunia o on line
instagram_zip,2024-07-23 18:28:09.345,Curadobia,"OlÃ¡ Daniela, boa tarde! Tudo bem?",ola daniela boa tarde tudo bem
instagram_zip,2024-07-23 16:24:11.059,Queens Gate,https://www.instagram.com/queensgatestore?igsh=Mjc0c2g5cHNmN25k&utm_source=qr,<url>
instagram_zip,2024-07-23 12:41:21.606,Queens Gate,Feliz demais q vc gostou ! âºï¸âºï¸âºï¸ me fala como funciona melhor pra vc e marcamos um call,feliz demais q vc gostou aoi aoi aoi me fala como funciona melhor pra vc e marcamos um call
instagram_zip,2024-07-23 12:11:02.925,Curadobia,Vamos falar sim super.,vamos falar sim super
instagram_zip,2024-07-23 12:10:41.735,Curadobia,Adorei as bolsas de vcs.,adorei as bolsas de vcs
instagram_zip,2024-07-23 12:10:35.044,Curadobia,"Oi Daniela, que bacana! Muito obrigada por acompanharem e curtirem meu trabalho",oi daniela que bacana muito obrigada por acompanharem e curtirem meu trabalho
instagram_zip,2024-07-23 11:18:54.685,Queens Gate,"Ola Bia sou a Daniela e gostaria de apresentar minha marca pra vc, a Queens Gate. Minha sÃ³cia e eu jÃ¡ te acompanhamos tem um bom tempo e somos muito fÃ£s! A sua curadoria com seus ""neutros com tcharanz"" reforÃ§ou a vontade de apresentar o conceito da nossa marca pra vc. Vamos completar 1 ano em agosto e adorarÃ­amos um bate papo com vc pra contar nossa histÃ³ria e nossos planos. Moro em Londres e minha sÃ³cia em SP e vou deixar meu WhatsApp pessoal por conta do fuso aqui e mando o link do nosso insta pra vc dar uma olhadinha ð Obrigada ! +1(917)868-9790",ola bia sou a daniela e gostaria de apresentar minha marca pra vc a queens gate minha sa <num> cia e eu ja te acompanhamos tem um bom tempo e somos muito fa s a sua curadoria com seus neutros com tcharanz refora ou a vontade de apresentar o conceito da nossa marca pra vc vamos completar <num> ano em agosto e adoraraamos um bate papo com vc pra contar nossa hista <num> ria e nossos planos moro em londres e minha sa <num> cia em sp e vou deixar meu whatsapp pessoal por conta do fuso aqui e mando o link do nosso insta pra vc dar uma olhadinha d obrigada <num> <num> <num> <num>
instagram_zip,2025-03-24 16:09:56.153,Curadobia,"Oi Renata! Boa tarde. Aqui Ã© a Ana. Acredito que te respondi por WhatsApp, certo? Qualquer coisa estou por aqui",oi renata boa tarde aqui a c a ana acredito que te respondi por whatsapp certo qualquer coisa estou por aqui
instagram_zip,2025-03-24 11:07:21.555,Renata Mastrobuono Scaramuzza,"OlÃ¡!! Bom dia!! Sou muito fÃ£ da Bia, mas nunca comprei no Curadoria. Uma dÃºvida: como faÃ§o para escolher um tamanho com mais seguranÃ§a? Tem uma tabela de medidas para servir de referÃªncia? Obrigada",ola bom dia sou muito fa da bia mas nunca comprei no curadoria uma daovida como faa o para escolher um tamanho com mais segurana a tem uma tabela de medidas para servir de referaancia obrigada
instagram_zip,2025-05-12 01:06:30.676,Maria Virginia Batista,Ok. Obrigada ð,ok obrigada d
instagram_zip,2025-05-07 13:51:20.691,Curadobia,"Oi, Maria! Tudo bem? Bom dia! Nosso evento Ã© exclusivo para nossas clientes conhecerem o mix de perto e ocorre duas vezes ao ano. O prÃ³ximo serÃ¡ em Novembro, te esperamos!",oi maria tudo bem bom dia nosso evento a c exclusivo para nossas clientes conhecerem o mix de perto e ocorre duas vezes ao ano o pra <num> ximo sera em novembro te esperamos
instagram_zip,2025-05-07 04:00:08.251,Maria Virginia Batista,Qual o endereÃ§o???,qual o enderea o
instagram_zip,2025-05-07 03:59:44.517,Maria Virginia Batista,ð,d
instagram_zip,2025-04-07 20:18:26.345,ð¾Son Pets ð¾,Nossa . Perfeito,nossa perfeito
instagram_zip,2024-08-04 22:48:48.163,Curadobia,"Ola Vanilda, segue os detalhes aqui",ola vanilda segue os detalhes aqui
instagram_zip,2024-08-04 22:48:37.351,Curadobia,https://www.curadobia.com.br/my-basic/produto/vestido-bordo,<url>
instagram_zip,2024-11-01 22:59:16.057,Marcia Nina,Muito estilo,muito estilo
instagram_zip,2025-05-19 13:22:25.021,Curadobia,"Oi, Anna! Bom dia, tudo bem? Nos desculpe a falta de resposta, vou te mandar mensagem via Whatsapp para ficar melhor a nossa comunicaÃ§Ã£o, tudo bem? Mas pode ficar tranquila, pois realmente nosso atendimento funciona prioritariamente durante a semana e nÃ£o vamos te deixar desamparada!",oi anna bom dia tudo bem nos desculpe a falta de resposta vou te mandar mensagem via whatsapp para ficar melhor a nossa comunicaa a o tudo bem mas pode ficar tranquila pois realmente nosso atendimento funciona prioritariamente durante a semana e na o vamos te deixar desamparada
instagram_zip,2025-05-19 12:11:14.303,ðððð ð£ðð¡ð¡ðð¢,Vc teria alguma informaÃ§Ã£o sobre a minha encomenda?,vc teria alguma informaa a o sobre a minha encomenda
instagram_zip,2025-05-19 12:10:54.312,ðððð ð£ðð¡ð¡ðð¢,Bom dia,bom dia
instagram_zip,2025-05-17 12:30:51.252,ðððð ð£ðð¡ð¡ðð¢,Parece que o contato por aqui nÃ£o Ã© satisfatÃ³rio...,parece que o contato por aqui na o a c satisfata <num> rio
instagram_zip,2025-05-16 18:49:46.608,ðððð ð£ðð¡ð¡ðð¢,"Vc poderia checar se houve algum problema com os correios de SÃ£o Paulo, pois nem chegou no correio de Curitiba",vc poderia checar se houve algum problema com os correios de sa o paulo pois nem chegou no correio de curitiba
instagram_zip,2025-05-16 18:48:53.069,ðððð ð£ðð¡ð¡ðð¢,"Boa tarde. Estava previsto pra chegar hoje minha encomenda, porÃ©m nada foi entregue",boa tarde estava previsto pra chegar hoje minha encomenda pora c m nada foi entregue
instagram_zip,2025-05-09 14:35:07.199,ðððð ð£ðð¡ð¡ðð¢,Obrigada,obrigada
instagram_zip,2025-05-09 14:26:49.087,Curadobia,Qualquer dÃºvida por favor nos avise. ð,qualquer daovida por favor nos avise d
instagram_zip,2025-05-09 14:26:30.589,Curadobia,AM407406766BR,am <num> br
instagram_zip,2025-05-09 14:26:28.191,Curadobia,"OlÃ¡ Anna, bom dia! Seu produto vou enviado dia 08/05. VocÃª consegue acompanhar tudo pelo codigo de rastreio abaixo",ola anna bom dia seu produto vou enviado dia <num> <num> vocaa consegue acompanhar tudo pelo codigo de rastreio abaixo
instagram_zip,2025-05-09 12:28:11.314,ðððð ð£ðð¡ð¡ðð¢,Por onde posso acompanhar o envio da minha compra?,por onde posso acompanhar o envio da minha compra
instagram_zip,2025-05-09 12:27:43.576,ðððð ð£ðð¡ð¡ðð¢,Bom dia,bom dia
instagram_zip,2025-05-08 16:16:32.606,ðððð ð£ðð¡ð¡ðð¢,Como eu poderia rastrear minha compra?,como eu poderia rastrear minha compra
instagram_zip,2025-05-08 16:16:12.319,ðððð ð£ðð¡ð¡ðð¢,OlÃ¡,ola
instagram_zip,2025-05-07 14:35:42.004,ðððð ð£ðð¡ð¡ðð¢,ð¥°,d deg
instagram_zip,2025-05-07 14:34:39.928,Curadobia,"Oi, Anna! Sua compra foi realizada com sucesso, pode ficar tranquila, jÃ¡ conferimos aqui direitinho para vocÃª",oi anna sua compra foi realizada com sucesso pode ficar tranquila ja conferimos aqui direitinho para vocaa
instagram_zip,2025-05-07 14:29:33.973,ðððð ð£ðð¡ð¡ðð¢,Eu nÃ£o recebi email confirmando a compra...,eu na o recebi email confirmando a compra
instagram_zip,2025-05-07 14:25:58.251,ðððð ð£ðð¡ð¡ðð¢,Compra realizada,compra realizada
instagram_zip,2025-05-07 14:16:40.819,ðððð ð£ðð¡ð¡ðð¢,Curtiu uma mensagem,curtiu uma mensagem
instagram_zip,2025-05-07 14:16:32.497,ðððð ð£ðð¡ð¡ðð¢,Obrigada Ana!!,obrigada ana
instagram_zip,2025-05-07 14:16:00.018,Curadobia,"Qualquer coisa, sigo aqui! Me chamo Ana tambÃ©mð¥°",qualquer coisa sigo aqui me chamo ana tamba c md deg
instagram_zip,2025-05-07 14:15:59.455,ðððð ð£ðð¡ð¡ðð¢,Maravilha,maravilha
instagram_zip,2025-05-07 14:15:49.231,Curadobia,Esse mesmo que te mandei acima,esse mesmo que te mandei acima
instagram_zip,2025-05-07 14:15:39.308,ðððð ð£ðð¡ð¡ðð¢,Certo. Qual o link da compra?,certo qual o link da compra
instagram_zip,2025-05-07 14:15:20.009,ðððð ð£ðð¡ð¡ðð¢,TÃ´ de olho faz tempooo,ta de olho faz tempooo
instagram_zip,2025-05-07 14:15:16.149,Curadobia,"Sim!! Estoque atualizado especialmente para vocÃª, Anna. Agora ela Ã© a Ãºnica no estoque",sim estoque atualizado especialmente para vocaa anna agora ela a c a aonica no estoque
instagram_zip,2025-05-07 14:14:50.208,ðððð ð£ðð¡ð¡ðð¢,37?? NÃ£o creio,<num> na o creio
instagram_zip,2025-05-07 14:14:33.675,ðððð ð£ðð¡ð¡ðð¢,Yes!!,yes
instagram_zip,2025-05-07 14:07:16.265,Curadobia,Ã© essa?,a c essa
instagram_zip,2025-05-07 14:07:15.041,Curadobia,https://www.curadobia.com.br/paula-ferber/produto/gladiadora-organica-preto-cirre-paula-ferber,<url>
instagram_zip,2025-05-07 14:02:45.266,Curadobia,claro!,claro
instagram_zip,2025-05-07 13:57:30.386,ðððð ð£ðð¡ð¡ðð¢,"Eu quero sim, mas vc poderia me enviar a foto do modelo sÃ³ pra eu confirmar",eu quero sim mas vc poderia me enviar a foto do modelo sa <num> pra eu confirmar
instagram_zip,2025-05-07 13:47:47.348,Curadobia,"Oi, Anna! Acabamos de olhar no nosso estoque, temos 1 preta no tamanho 37. VocÃª deseja?ð",oi anna acabamos de olhar no nosso estoque temos <num> preta no tamanho <num> vocaa deseja d
instagram_zip,2025-05-07 13:21:15.049,ðððð ð£ðð¡ð¡ðð¢,E tem ela preta?,e tem ela preta
instagram_zip,2025-05-07 12:41:56.989,Curadobia,"OlÃ¡ Anna, tem sim tamanho 37",ola anna tem sim tamanho <num>
instagram_zip,2025-05-07 12:15:09.016,ðððð ð£ðð¡ð¡ðð¢,Essa gladiadora!! Qual o nÃºmero? Tem 37??,essa gladiadora qual o naomero tem <num>
instagram_zip,2025-01-30 13:39:14.357,Curadobia,"OlÃ¡, tudo bem? Bom dia! Como funciona o orÃ§amento de studios com vocÃªs, por favor?",ola tudo bem bom dia como funciona o ora amento de studios com vocaas por favor
instagram_zip,2024-11-14 17:35:38.857,Sheila CourtÃ©,"Ainda nÃ£o , super correria",ainda na o super correria
instagram_zip,2024-11-14 13:20:11.731,Curadobia,"Bom dia, Sheila! Tudo bem? VocÃª conseguiu ver direitinho os tamanhos? Qualquer coisa estamos aqui!",bom dia sheila tudo bem vocaa conseguiu ver direitinho os tamanhos qualquer coisa estamos aqui
instagram_zip,2024-11-11 22:28:58.985,Sheila CourtÃ©,Curtiu uma mensagem,curtiu uma mensagem
instagram_zip,2024-11-11 18:53:50.932,Curadobia,beleza! Qualquer coisa estamos aquið,beleza qualquer coisa estamos aquid
instagram_zip,2024-11-11 18:52:28.419,Sheila CourtÃ©,MacacÃ£o precisa ser mais soltinho,macaca o precisa ser mais soltinho
instagram_zip,2024-11-11 18:52:05.016,Sheila CourtÃ©,Obrigada pelo retorno,obrigada pelo retorno
instagram_zip,2024-11-11 18:51:58.482,Sheila CourtÃ©,Vou checar as minhas medidas e volto com Vcs,vou checar as minhas medidas e volto com vcs
instagram_zip,2024-11-11 18:49:50.153,Curadobia,"Sheila, segue resposta das meninas da Olive You (marca do MacacÃ£o): ""120cm circunferÃªncia total, mas explique a ela por favor, que esta peÃ§a tem uma modelagem ampla ao corpo ok?"" EntÃ£o acredito que se encaixa no que conversamos mesmoð O que vocÃª acha? Qualquer coisa, seguimos Ã disposiÃ§Ã£o!",sheila segue resposta das meninas da olive you marca do macaca o <num> cm circunferaancia total mas explique a ela por favor que esta pea a tem uma modelagem ampla ao corpo ok enta o acredito que se encaixa no que conversamos mesmod o que vocaa acha qualquer coisa seguimos a disposia a o
instagram_zip,2024-11-11 18:37:41.863,Curadobia,"Sheila, essa foi a tabela passada para nÃ³s pela marca, estamos em contato com eles para ter exatamente a medida do quadril, inclusive, obrigada pela pergunta, pois com ela vamos atualizar o nosso site. Mas podemos te adiantar que ele tem uma estrutura folgada no quadril, entÃ£o acreditamos que ele vai dar certo para ti no tamanho 42. Para te passar outra base, nas fotos do produto no nosso site, a Bia estÃ¡ vestindo o tamanho 38.",sheila essa foi a tabela passada para na <num> s pela marca estamos em contato com eles para ter exatamente a medida do quadril inclusive obrigada pela pergunta pois com ela vamos atualizar o nosso site mas podemos te adiantar que ele tem uma estrutura folgada no quadril enta o acreditamos que ele vai dar certo para ti no tamanho <num> para te passar outra base nas fotos do produto no nosso site a bia esta vestindo o tamanho <num>
instagram_zip,2024-11-11 18:28:40.587,Sheila CourtÃ©,E quadril ?,e quadril
instagram_zip,2024-11-11 18:26:47.624,Curadobia,"Claro, nossas medidas do tamanho 42 para o MACACÃO COOL sÃ£o: Ombro: 51cm Cintura Total: 72cm Comprimento: 151cm Qualquer outra questÃ£o, estamos Ã disposiÃ§Ã£o!",claro nossas medidas do tamanho <num> para o macacao cool sa o ombro <num> cm cintura total <num> cm comprimento <num> cm qualquer outra questa o estamos a disposia a o
instagram_zip,2024-11-11 16:19:42.043,Sheila CourtÃ©,"E em outras , 42",e em outras <num>
instagram_zip,2024-11-11 16:19:33.724,Sheila CourtÃ©,"Pois sou , em algumas marcas , 44",pois sou em algumas marcas <num>
instagram_zip,2024-11-11 16:19:14.020,Sheila CourtÃ©,Teria as medidas do 42,teria as medidas do <num>
instagram_zip,2024-11-11 16:19:01.352,Sheila CourtÃ©,Obrigada pelo retorno,obrigada pelo retorno
instagram_zip,2024-11-11 13:07:13.444,Curadobia,Ã sÃ³ clicar nessa mensagem com a imagem que lhe mandei! Qualquer outra questÃ£o pode nos contatar! Estamos Ã disposiÃ§Ã£o! Equipe Curadobiað,a sa <num> clicar nessa mensagem com a imagem que lhe mandei qualquer outra questa o pode nos contatar estamos a disposia a o equipe curadobiad
instagram_zip,2024-11-11 13:05:09.271,Curadobia,https://www.curadobia.com.br/olive-you/produto/macacao-cool-olive-you-U7XA,<url>
instagram_zip,2024-11-11 13:04:59.605,Curadobia,"OlÃ¡! Bom dia, Sheila! Tudo bem? Que bom que gostou do nosso MACACÃO COOL! NÃ³s temos ele nos tamanhos 36, 38, 40 e 42. Vou te encaminhar o link dele para que possa visualizar no nosso site: https://www.curadobia.com.br/olive-you/produto/macacao-cool-olive-you-U7XA",ola bom dia sheila tudo bem que bom que gostou do nosso macacao cool na <num> s temos ele nos tamanhos <num> <num> <num> e <num> vou te encaminhar o link dele para que possa visualizar no nosso site <url>
instagram_zip,2024-11-11 00:42:47.509,Sheila CourtÃ©,"Por favor , me interessei por este macacÃ£o . Quais tamanhos e como comprar ?",por favor me interessei por este macaca o quais tamanhos e como comprar
instagram_zip,2024-11-11 00:42:46.215,Sheila CourtÃ©,Sheila shared a product.,sheila shared a product
instagram_zip,2025-05-07 12:40:42.235,Curadobia,,
instagram_zip,2025-05-07 02:42:07.183,â¨DÃ©bora Hayashiâ¨,,
instagram_zip,2024-10-23 15:54:50.900,Curadobia,"OlÃ¡, Pati! Boa tarde! Tudo bem? Estamos entrando em contato porque identificamos que hÃ¡ um tempo vocÃª demonstrou interesse nas sandÃ¡lias da Bia, que apareceram em um dos nossos reels! Agora eles estÃ£o disponÃ­veis no site do Curadobia! ðð segue o link: https://www.curadobia.com.br/produtos/buscar?search=Paula+ferber Obrigada por nos acompanhar, PatrÃ­cia! Qualquer dÃºvida, estamos Ã disposiÃ§Ã£o! Equipe Curadobia ð",ola pati boa tarde tudo bem estamos entrando em contato porque identificamos que ha um tempo vocaa demonstrou interesse nas sanda lias da bia que apareceram em um dos nossos reels agora eles esta o disponaveis no site do curadobia dd segue o link <url> obrigada por nos acompanhar patracia qualquer daovida estamos a disposia a o equipe curadobia d
instagram_zip,2024-12-18 23:07:58.234,MYFOTS,,
instagram_zip,2024-12-11 13:16:16.320,MYFOTS,,
instagram_zip,2024-10-08 13:18:10.931,MYFOTS,,
instagram_zip,2024-09-17 14:33:46.308,MYFOTS,,
instagram_zip,2024-08-20 14:43:19.600,Curadobia,,
instagram_zip,2024-08-20 13:14:03.552,MYFOTS,,
instagram_zip,2024-08-04 11:57:45.055,MYFOTS,,
instagram_zip,2024-07-23 14:29:57.232,Curadobia,,
instagram_zip,2024-07-23 12:09:24.307,MYFOTS,,
instagram_zip,2024-07-07 14:01:52.766,MYFOTS,,
instagram_zip,2025-02-13 16:35:15.240,Curadobia,Amamos!,amamos
instagram_zip,2025-02-13 16:35:14.405,Curadobia,,
instagram_zip,2025-02-13 16:34:44.969,Curadobia,,
instagram_zip,2025-02-13 16:34:38.161,Curadobia,,
instagram_zip,2025-02-13 16:33:17.800,Curadobia,,
instagram_zip,2025-02-13 16:33:13.034,Curadobia,,
instagram_zip,2025-02-12 20:58:34.106,L O U N G E  3 9,,
instagram_zip,2025-02-12 20:57:11.273,L O U N G E  3 9,,
instagram_zip,2025-02-12 20:56:44.076,L O U N G E  3 9,,
instagram_zip,2025-02-12 20:55:08.880,L O U N G E  3 9,,
instagram_zip,2025-02-12 20:54:24.158,L O U N G E  3 9,,
instagram_zip,2024-12-01 15:17:29.482,L O U N G E  3 9,,
instagram_zip,2024-11-12 20:14:13.083,L O U N G E  3 9,,
instagram_zip,2024-11-12 20:14:06.243,L O U N G E  3 9,,
instagram_zip,2024-11-12 20:14:06.194,L O U N G E  3 9,,
instagram_zip,2024-07-30 14:53:51.790,Curadobia,,
instagram_zip,2024-07-30 14:53:42.344,Curadobia,,
instagram_zip,2024-07-30 14:53:41.712,Curadobia,,
instagram_zip,2024-07-30 14:30:13.172,L O U N G E  3 9,,
instagram_zip,2024-07-30 14:29:53.678,L O U N G E  3 9,,
instagram_zip,2024-07-30 14:29:40.844,L O U N G E  3 9,,
instagram_zip,2024-10-20 14:22:02.243,Gianina Marques,"Bom dia! Sou a Gianina Marques, mineira, mÃ£e e autora de joias artesanais. Gostaria de deixar meu insta para vcs conhecerem minhas joias feita com carinho e totalmente exclusiva. Aguardo o retorno de vcs q tem tanto conhecimento na Ã¡rea. Desde jÃ¡ obrigada! @gianinamarques",bom dia sou a gianina marques mineira ma e e autora de joias artesanais gostaria de deixar meu insta para vcs conhecerem minhas joias feita com carinho e totalmente exclusiva aguardo o retorno de vcs q tem tanto conhecimento na a rea desde ja obrigada <user>
instagram_zip,2025-02-03 14:45:13.961,Curadobia,"OlÃ¡ pessoal, como vÃ£o? Meu nome Ã© Ana e trabalho junto com a Bia Paes de Barros no CURADOBIA.COM.BR O Curadobia Ã© um marketplace que nasceu com o propÃ³sito de reunir em um sÃ³ lugar peÃ§as que fazem toda a diferenÃ§a no armÃ¡rio e ao mesmo tempo sÃ£o fÃ¡ceis de usar: os chamados neutros com tcharanz. Acreditamos que a NOVAMENTE pode se conectar com essa proposta. Com quem poderia conversar para falar mais sobre? Aguardo vocÃªs!",ola pessoal como va o meu nome a c ana e trabalho junto com a bia paes de barros no curadobia com br o curadobia a c um marketplace que nasceu com o propa <num> sito de reunir em um sa <num> lugar pea as que fazem toda a diferena a no arma rio e ao mesmo tempo sa o fa ceis de usar os chamados neutros com tcharanz acreditamos que a novamente pode se conectar com essa proposta com quem poderia conversar para falar mais sobre aguardo vocaas
instagram_zip,2025-05-06 12:17:06.572,Curadobia,"OlÃ¡ Susanna, bom dia! Estaremos te esperando na Rua Venceslau Flexa 209, Jardim Paulistano Das 11h Ã s 20h Ah e teremos manobrista no local para maior tranquilidade",ola susanna bom dia estaremos te esperando na rua venceslau flexa <num> jardim paulistano das <num> h a s <num> h ah e teremos manobrista no local para maior tranquilidade
instagram_zip,2025-05-06 03:36:13.509,Susanna Maria Erat,EndereÃ§o,enderea o
instagram_zip,2024-10-18 18:43:48.217,Curadobia,"Qualquer dÃºvida ou questÃ£o, estamos Ã disposiÃ§Ã£o! Obrigada por nos acompanhar! Equipe Curadobia ð",qualquer daovida ou questa o estamos a disposia a o obrigada por nos acompanhar equipe curadobia d
instagram_zip,2024-10-18 18:43:36.386,Curadobia,Segue o link da jaqueta: https://www.curadobia.com.br/nauanin/produto/jaqueta-bacanuda,segue o link da jaqueta <url>
instagram_zip,2024-10-18 16:53:32.440,Curadobia,"OlÃ¡ Marta! Claro, com certeza!",ola marta claro com certeza
instagram_zip,2024-10-18 14:32:50.634,Marta Helena Olegario,Como comprar ?,como comprar
instagram_zip,2024-10-18 14:32:49.537,Marta Helena Olegario,Marta sent an attachment.,marta sent an attachment
instagram_zip,2025-01-17 00:21:56.935,Patricia De Mello Franco,Curtiu uma mensagem,curtiu uma mensagem
instagram_zip,2025-01-16 13:46:55.484,Curadobia,"Oi, Patricia! Bom dia. Caraca, que legal receber essa mensagem suað Ficamos muito felizes com isso! Nos avise quando estiver por aqui que fazemos uma entrega especialð¥°",oi patricia bom dia caraca que legal receber essa mensagem suad ficamos muito felizes com isso nos avise quando estiver por aqui que fazemos uma entrega especiald deg
instagram_zip,2025-01-16 00:33:00.984,Patricia De Mello Franco,Eu amo todos os seus looks! Combina 100% com o meu estilo! Queria ter todas as peÃ§as para mim! Pena que moro do outro lado do mundo.,eu amo todos os seus looks combina <num> com o meu estilo queria ter todas as pea as para mim pena que moro do outro lado do mundo
instagram_zip,2024-10-23 23:22:58.561,Van Souza,NÃ£o consigo deixÃ¡-la deste jeito,na o consigo deixa la deste jeito
instagram_zip,2024-10-23 23:22:52.223,Van Souza,,
instagram_zip,2024-10-23 23:22:18.141,Van Souza,Ai..me Ajuda com o vÃ­deo â¦. Ainda nÃ£o usei a blusa!!,ai me ajuda com o vadeo a ainda na o usei a blusa
instagram_zip,2024-10-15 14:10:05.771,Curadobia,Imagina!,imagina
instagram_zip,2024-10-15 13:02:02.416,Van Souza,Que legal! Vai ajudar muito!,que legal vai ajudar muito
instagram_zip,2024-10-15 13:01:54.720,Van Souza,Obrigada,obrigada
instagram_zip,2024-10-15 12:17:19.444,Curadobia,"Inclusive, muito obrigada pela solicitaÃ§Ã£o, pois em funÃ§Ã£o dela estamos criando esse mÃªs um destaque aqui no insta trazendo e salvando vÃ­deos mostrando essa Ã© mais outras peÃ§as que podem gerar dÃºvidas",inclusive muito obrigada pela solicitaa a o pois em funa a o dela estamos criando esse maas um destaque aqui no insta trazendo e salvando vadeos mostrando essa a c mais outras pea as que podem gerar daovidas
instagram_zip,2024-10-15 12:16:13.501,Curadobia,A Bia irÃ¡ gravar o vÃ­deo e te enviar,a bia ira gravar o vadeo e te enviar
instagram_zip,2024-10-15 12:16:01.508,Curadobia,"OlÃ¡ Van, bom dia! Te enviaremos ainda hoje",ola van bom dia te enviaremos ainda hoje
instagram_zip,2024-10-15 11:28:49.331,Van Souza,Bom dia! Consegue me mandar o vÃ­deo?,bom dia consegue me mandar o vadeo
instagram_zip,2024-09-22 23:15:41.813,Van Souza,Obrigada,obrigada
instagram_zip,2024-09-22 22:47:27.361,Curadobia,Ã simples,a simples
instagram_zip,2024-09-22 22:47:23.195,Curadobia,"Ola Van, td bem? Farei um video para vc",ola van td bem farei um video para vc
instagram_zip,2024-09-22 19:51:24.981,Van Souza,JÃ¡ tentei trÃªs vezes. SerÃ¡ que pode ser o tamanho?,ja tentei traas vezes sera que pode ser o tamanho
instagram_zip,2024-09-22 19:50:32.765,Van Souza,"Boa tarde! Comprei a blusa Pah , mas nÃ£o consigo deixÃ¡-la parecida como da fotoâ¦ acho que estou usando de forma erradaâ¦ tem alguma tutorial de como vesti-la ? Rs",boa tarde comprei a blusa pah mas na o consigo deixa la parecida como da fotoa acho que estou usando de forma erradaa tem alguma tutorial de como vesti la rs
instagram_zip,2025-05-19 13:50:01.437,mari spolador | consultora de imagem e estilo,"Oie!!! SÃ£o lindas... porÃ©m aquele modelo foi o que mais me agradou...mas tranquilo, super obrigada pela atenÃ§Ã£o",oie sa o lindas pora c m aquele modelo foi o que mais me agradou mas tranquilo super obrigada pela atena a o
instagram_zip,2025-05-19 13:27:29.767,Curadobia,O que acha dessas opÃ§Ãµes?ð,o que acha dessas opa aues d
instagram_zip,2025-05-19 13:27:22.437,Curadobia,https://www.curadobia.com.br/nauanin/produto/calca-relax,<url>
instagram_zip,2025-05-19 13:27:14.557,Curadobia,https://www.curadobia.com.br/nauanin/produto/calca-terno-fresquinho,<url>
instagram_zip,2025-05-19 13:27:02.994,Curadobia,https://www.curadobia.com.br/d-aura/produto/calca-FACINHA,<url>
instagram_zip,2025-05-19 13:26:41.322,Curadobia,https://www.curadobia.com.br/my-basic/produto/calca-diferentex,<url>
instagram_zip,2025-05-19 13:26:14.352,Curadobia,"Oi, Mari! Bom dia, tudo bem? Infelizmente essa calÃ§a nÃ£o teremos mais reposiÃ§Ã£o no Curadobia. Mas estamos com diversas novidades no site. Qualquer coisa sigo aqui para o que vocÃª precisar!",oi mari bom dia tudo bem infelizmente essa cala a na o teremos mais reposia a o no curadobia mas estamos com diversas novidades no site qualquer coisa sigo aqui para o que vocaa precisar
instagram_zip,2025-05-17 12:35:19.895,mari spolador | consultora de imagem e estilo,Oie!! Essa calÃ§a vai ter reposiÃ§Ã£o na curadoria?,oie essa cala a vai ter reposia a o na curadoria
instagram_zip,2025-05-17 12:34:37.998,mari spolador | consultora de imagem e estilo,mari sent an attachment.,mari sent an attachment
instagram_zip,2024-11-28 02:20:58.070,Andrea Pupo,ð,d
instagram_zip,2024-12-03 21:43:13.603,Curadobia,Obrigada pelo prestÃ­gio! Foi incrÃ­vel te ter de pertinho hojeð¤ð¤,obrigada pelo prestagio foi incravel te ter de pertinho hojed d
instagram_zip,2024-12-03 16:59:20.205,Curadobia,,
instagram_zip,2024-12-03 15:22:44.574,Rafaela Naufal,,
instagram_zip,2024-11-25 14:20:23.260,Marcia Að·,Reagiu com ð Ã sua mensagem,reagiu com d a sua mensagem
instagram_zip,2024-11-25 14:03:44.156,Curadobia,Vou te encaminhar o link: https://www.curadobia.com.br/yes-i-am-jeans/produto/a-pantalona-jeans,vou te encaminhar o link <url>
instagram_zip,2024-11-25 14:03:12.669,Curadobia,"Bom dia, Marcia!! Tudo bem? Obrigada pela sua mensagem, ficamos muito felizes que gostou da nossa PANTALONA JEANS ð Infelizmente ela estÃ¡ esgotada no momento, mas assim que tivermos a reposiÃ§Ã£o, te avisamos!",bom dia marcia tudo bem obrigada pela sua mensagem ficamos muito felizes que gostou da nossa pantalona jeans d infelizmente ela esta esgotada no momento mas assim que tivermos a reposia a o te avisamos
instagram_zip,2024-11-23 11:32:30.861,Marcia Að·,"Linda calÃ§a, qual Ã© a marca?",linda cala a qual a c a marca
instagram_zip,2024-11-23 11:32:15.020,Marcia Að·,ð,d
instagram_zip,2025-05-13 20:57:55.526,Curadobia,,
instagram_zip,2025-05-13 18:10:17.664,Curadobia,ð,d
instagram_zip,2025-05-13 18:04:41.304,NataÌlia Miti,,
instagram_zip,2025-01-13 19:39:15.506,Katia Iguchi Lima,ð,d
instagram_zip,2025-01-06 17:19:38.893,Katia Iguchi Lima,ð,d
instagram_zip,2024-12-18 15:02:39.075,Katia Iguchi Lima,ð,d
instagram_zip,2024-12-18 15:02:29.220,Katia Iguchi Lima,ð,d
instagram_zip,2025-03-14 19:32:07.064,Curadobia,You sent an attachment.,you sent an attachment
instagram_zip,2024-11-11 19:43:59.569,Cristina Hees Barroso,Falamos por lÃ¡,falamos por la
instagram_zip,2024-11-11 19:43:52.755,Cristina Hees Barroso,Ok,ok
instagram_zip,2024-11-11 18:32:21.349,Curadobia,"Oi, Cris, tudo bem? Estamos nos comunicando pelo WhatsApp. Podemos continuar por lÃ¡? Aproveito para te atualizar que jÃ¡ reforcei seu pedido com a marca MyBasic nesta tarde. PeÃ§o apenas sua compreensÃ£o em relaÃ§Ã£o aos prazos que as marcas precisam para responder e resolver essas questÃµes. JÃ¡ solicitei um adiantamento para o seu pedido, e pode ficar tranquila: vocÃª entrou em contato dentro do prazo de 7 dias corridos para solicitaÃ§Ã£o de devoluÃ§Ã£o, entÃ£o seu pedido serÃ¡ atendido sem problemas. Qualquer novidade, te aviso por lÃ¡!",oi cris tudo bem estamos nos comunicando pelo whatsapp podemos continuar por la aproveito para te atualizar que ja reforcei seu pedido com a marca mybasic nesta tarde pea o apenas sua compreensa o em relaa a o aos prazos que as marcas precisam para responder e resolver essas questaues ja solicitei um adiantamento para o seu pedido e pode ficar tranquila vocaa entrou em contato dentro do prazo de <num> dias corridos para solicitaa a o de devolua a o enta o seu pedido sera atendido sem problemas qualquer novidade te aviso por la
instagram_zip,2024-11-11 16:44:51.537,Cristina Hees Barroso,Estou tentando contato para devoluÃ§Ã£o de mercadoria e ninguÃ©m me atende! Nem por WhatsApp e nem e-mail. Comprei um vestido que quero devolver. Como devo proceder? Cristina Hees 11 970499507,estou tentando contato para devolua a o de mercadoria e ningua c m me atende nem por whatsapp e nem e mail comprei um vestido que quero devolver como devo proceder cristina hees <num> <num>
instagram_zip,2024-08-20 16:51:01.260,Curadobia,Ahhh entendiâ¦ muito obrigada ð,ahhh entendia muito obrigada d
instagram_zip,2024-08-20 16:42:41.553,Vera Afonso,Beijos,beijos
instagram_zip,2024-08-20 16:42:36.755,Vera Afonso,Mas super entendi e aproveito pra agradecer e elogiar seu trabalho,mas super entendi e aproveito pra agradecer e elogiar seu trabalho
instagram_zip,2024-08-20 16:42:10.460,Vera Afonso,Ã fato! Perguntei pois estÃ¡ a procurando uma peÃ§a e nÃ£o encontrava,a fato perguntei pois esta a procurando uma pea a e na o encontrava
instagram_zip,2024-08-19 18:41:35.383,Curadobia,"Ola Vera, na verdade a curadoria de pecas que seleciono ja faz parte dessa ajuda",ola vera na verdade a curadoria de pecas que seleciono ja faz parte dessa ajuda
instagram_zip,2024-08-19 18:11:30.915,Vera Afonso,"Tudo bem Bia Gostaria muito de saber se nesta sua plataforma vc assiste aos clientes em encontrar produtos, lojas, etc?",tudo bem bia gostaria muito de saber se nesta sua plataforma vc assiste aos clientes em encontrar produtos lojas etc
instagram_zip,2024-08-19 13:35:46.164,Curadobia,"Ola, td e vc?",ola td e vc
instagram_zip,2024-08-19 13:17:31.259,Vera Afonso,OlÃ¡ Bia Tudo bem?,ola bia tudo bem
instagram_zip,2024-10-16 12:41:24.946,CicÌ§a,Obaaaa,obaaaa
instagram_zip,2024-10-18 17:27:19.106,Paula Hellmeister,PARABÃNS!!! Excelente ideia!!! Vim pelo insta da GlÃ³ria Kalil ð - Torcendo por mais um SUCESSO!,parabans excelente ideia vim pelo insta da gla <num> ria kalil d torcendo por mais um sucesso
instagram_zip,2024-10-18 17:27:18.797,Paula Hellmeister,Paula sent an attachment.,paula sent an attachment
instagram_zip,2025-04-10 22:45:56.663,OLIVE YOU,Uauuu ameiii! Linda saia!,uauuu ameiii linda saia
instagram_zip,2024-12-03 20:46:30.938,OLIVE YOU,Curtiu uma mensagem,curtiu uma mensagem
instagram_zip,2024-12-03 19:56:46.486,Curadobia,,
instagram_zip,2024-12-03 17:59:54.721,OLIVE YOU,,
instagram_zip,2024-12-03 15:50:18.140,OLIVE YOU,,
instagram_zip,2024-12-03 15:50:08.183,OLIVE YOU,,
instagram_zip,2024-12-03 15:49:58.472,OLIVE YOU,,
instagram_zip,2024-10-04 22:36:58.608,OLIVE YOU,,
instagram_zip,2024-08-22 16:42:18.502,OLIVE YOU,,
instagram_zip,2024-08-22 16:41:56.187,OLIVE YOU,,
instagram_zip,2024-08-22 16:41:40.365,OLIVE YOU,,
instagram_zip,2024-08-22 16:41:21.366,OLIVE YOU,,
instagram_zip,2024-12-04 21:51:50.390,RB CAMISARIA E COLEÃÃES ESPECIAIS desde 2007,ð,d
instagram_zip,2024-12-04 21:51:46.205,RB CAMISARIA E COLEÃÃES ESPECIAIS desde 2007,ð,d
faq_xlsx,,faq_bia,"PERGUNTA: Tenho dúvida no tamanho da BLUSA MOLONA, qual você recomenda? || RESPOSTA: Tamanho e Medidas",pergunta tenho duvida no tamanho da blusa molona qual voce recomenda resposta tamanho e medidas
faq_xlsx,,faq_bia,PERGUNTA: A CALÇA COOL fica justa no quadril? || RESPOSTA: Tamanho e Medidas,pergunta a calca cool fica justa no quadril resposta tamanho e medidas
faq_xlsx,,faq_bia,"PERGUNTA: Tenho 98 cm de busto, qual REGATA PREGAS JERSEY comprar? || RESPOSTA: Tamanho e Medidas",pergunta tenho <num> cm de busto qual regata pregas jersey comprar resposta tamanho e medidas
faq_xlsx,,faq_bia,PERGUNTA: A SAIA ACINTURANTE é oversized ou normal? || RESPOSTA: Tamanho e Medidas,pergunta a saia acinturante e oversized ou normal resposta tamanho e medidas
faq_xlsx,,faq_bia,"PERGUNTA: Se eu sou baixa, a TRENCH FÁCIL fica muito comprida? || RESPOSTA: Tamanho e Medidas",pergunta se eu sou baixa a trench facil fica muito comprida resposta tamanho e medidas
faq_xlsx,,faq_bia,"PERGUNTA: Tenho dúvida no tamanho da CAMISA VIAJANTE, qual você recomenda? || RESPOSTA: Tamanho e Medidas",pergunta tenho duvida no tamanho da camisa viajante qual voce recomenda resposta tamanho e medidas
faq_xlsx,,faq_bia,PERGUNTA: A SAIA TECH fica justa no quadril? || RESPOSTA: Tamanho e Medidas,pergunta a saia tech fica justa no quadril resposta tamanho e medidas
faq_xlsx,,faq_bia,"PERGUNTA: Tenho 98 cm de busto, qual BOLSA ANDA SOZINHA comprar? || RESPOSTA: Tamanho e Medidas",pergunta tenho <num> cm de busto qual bolsa anda sozinha comprar resposta tamanho e medidas
faq_xlsx,,faq_bia,PERGUNTA: A CAMISA DE RESPONSA é oversized ou normal? || RESPOSTA: Tamanho e Medidas,pergunta a camisa de responsa e oversized ou normal resposta tamanho e medidas
faq_xlsx,,faq_bia,"PERGUNTA: Se eu sou baixa, a CALÇA SARUEL SILVIA fica muito comprida? || RESPOSTA: Tamanho e Medidas",pergunta se eu sou baixa a calca saruel silvia fica muito comprida resposta tamanho e medidas
faq_xlsx,,faq_bia,"PERGUNTA: Tenho dúvida no tamanho da BLUSA MOLONA, qual você recomenda? || RESPOSTA: Tamanho e Medidas",pergunta tenho duvida no tamanho da blusa molona qual voce recomenda resposta tamanho e medidas
faq_xlsx,,faq_bia,PERGUNTA: A CALÇA COOL fica justa no quadril? || RESPOSTA: Tamanho e Medidas,pergunta a calca cool fica justa no quadril resposta tamanho e medidas
faq_xlsx,,faq_bia,"PERGUNTA: Tenho 98 cm de busto, qual REGATA PREGAS JERSEY comprar? || RESPOSTA: Tamanho e Medidas",pergunta tenho <num> cm de busto qual regata pregas jersey comprar resposta tamanho e medidas
faq_xlsx,,faq_bia,PERGUNTA: A SAIA ACINTURANTE é oversized ou normal? || RESPOSTA: Tamanho e Medidas,pergunta a saia acinturante e oversized ou normal resposta tamanho e medidas
faq_xlsx,,faq_bia,"PERGUNTA: Se eu sou baixa, a TRENCH FÁCIL fica muito comprida? || RESPOSTA: Tamanho e Medidas",pergunta se eu sou baixa a trench facil fica muito comprida resposta tamanho e medidas
faq_xlsx,,faq_bia,"PERGUNTA: Tenho dúvida no tamanho da CAMISA VIAJANTE, qual você recomenda? || RESPOSTA: Tamanho e Medidas",pergunta tenho duvida no tamanho da camisa viajante qual voce recomenda resposta tamanho e medidas
faq_xlsx,,faq_bia,PERGUNTA: A SAIA TECH fica justa no quadril? || RESPOSTA: Tamanho e Medidas,pergunta a saia tech fica justa no quadril resposta tamanho e medidas
faq_xlsx,,faq_bia,"PERGUNTA: Tenho 98 cm de busto, qual BOLSA ANDA SOZINHA comprar? || RESPOSTA: Tamanho e Medidas",pergunta tenho <num> cm de busto qual bolsa anda sozinha comprar resposta tamanho e medidas
faq_xlsx,,faq_bia,PERGUNTA: A CAMISA DE RESPONSA é oversized ou normal? || RESPOSTA: Tamanho e Medidas,pergunta a camisa de responsa e oversized ou normal resposta tamanho e medidas
faq_xlsx,,faq_bia,"PERGUNTA: Se eu sou baixa, a CALÇA SARUEL SILVIA fica muito comprida? || RESPOSTA: Tamanho e Medidas",pergunta se eu sou baixa a calca saruel silvia fica muito comprida resposta tamanho e medidas
faq_xlsx,,faq_bia,"PERGUNTA: Tenho dúvida no tamanho da BLUSA MOLONA, qual você recomenda? || RESPOSTA: Tamanho e Medidas",pergunta tenho duvida no tamanho da blusa molona qual voce recomenda resposta tamanho e medidas
faq_xlsx,,faq_bia,PERGUNTA: A CALÇA COOL fica justa no quadril? || RESPOSTA: Tamanho e Medidas,pergunta a calca cool fica justa no quadril resposta tamanho e medidas
faq_xlsx,,faq_bia,"PERGUNTA: Tenho 98 cm de busto, qual REGATA PREGAS JERSEY comprar? || RESPOSTA: Tamanho e Medidas",pergunta tenho <num> cm de busto qual regata pregas jersey comprar resposta tamanho e medidas
faq_xlsx,,faq_bia,PERGUNTA: A SAIA ACINTURANTE é oversized ou normal? || RESPOSTA: Tamanho e Medidas,pergunta a saia acinturante e oversized ou normal resposta tamanho e medidas
faq_xlsx,,faq_bia,"PERGUNTA: Se eu sou baixa, a TRENCH FÁCIL fica muito comprida? || RESPOSTA: Tamanho e Medidas",pergunta se eu sou baixa a trench facil fica muito comprida resposta tamanho e medidas
faq_xlsx,,faq_bia,"PERGUNTA: Tenho dúvida no tamanho da CAMISA VIAJANTE, qual você recomenda? || RESPOSTA: Tamanho e Medidas",pergunta tenho duvida no tamanho da camisa viajante qual voce recomenda resposta tamanho e medidas
faq_xlsx,,faq_bia,PERGUNTA: A SAIA TECH fica justa no quadril? || RESPOSTA: Tamanho e Medidas,pergunta a saia tech fica justa no quadril resposta tamanho e medidas
faq_xlsx,,faq_bia,"PERGUNTA: Tenho 98 cm de busto, qual BOLSA ANDA SOZINHA comprar? || RESPOSTA: Tamanho e Medidas",pergunta tenho <num> cm de busto qual bolsa anda sozinha comprar resposta tamanho e medidas
faq_xlsx,,faq_bia,PERGUNTA: A CAMISA DE RESPONSA é oversized ou normal? || RESPOSTA: Tamanho e Medidas,pergunta a camisa de responsa e oversized ou normal resposta tamanho e medidas
faq_xlsx,,faq_bia,"PERGUNTA: Se eu sou baixa, a CALÇA SARUEL SILVIA fica muito comprida? || RESPOSTA: Tamanho e Medidas",pergunta se eu sou baixa a calca saruel silvia fica muito comprida resposta tamanho e medidas
faq_xlsx,,faq_bia,"PERGUNTA: Tenho dúvida no tamanho da BLUSA MOLONA, qual você recomenda? || RESPOSTA: Tamanho e Medidas",pergunta tenho duvida no tamanho da blusa molona qual voce recomenda resposta tamanho e medidas
faq_xlsx,,faq_bia,PERGUNTA: A CALÇA COOL fica justa no quadril? || RESPOSTA: Tamanho e Medidas,pergunta a calca cool fica justa no quadril resposta tamanho e medidas
faq_xlsx,,faq_bia,"PERGUNTA: Tenho 98 cm de busto, qual REGATA PREGAS JERSEY comprar? || RESPOSTA: Tamanho e Medidas",pergunta tenho <num> cm de busto qual regata pregas jersey comprar resposta tamanho e medidas
faq_xlsx,,faq_bia,PERGUNTA: A SAIA ACINTURANTE é oversized ou normal? || RESPOSTA: Tamanho e Medidas,pergunta a saia acinturante e oversized ou normal resposta tamanho e medidas
faq_xlsx,,faq_bia,"PERGUNTA: Se eu sou baixa, a TRENCH FÁCIL fica muito comprida? || RESPOSTA: Tamanho e Medidas",pergunta se eu sou baixa a trench facil fica muito comprida resposta tamanho e medidas
faq_xlsx,,faq_bia,"PERGUNTA: Tenho dúvida no tamanho da CAMISA VIAJANTE, qual você recomenda? || RESPOSTA: Tamanho e Medidas",pergunta tenho duvida no tamanho da camisa viajante qual voce recomenda resposta tamanho e medidas
faq_xlsx,,faq_bia,PERGUNTA: A SAIA TECH fica justa no quadril? || RESPOSTA: Tamanho e Medidas,pergunta a saia tech fica justa no quadril resposta tamanho e medidas
faq_xlsx,,faq_bia,"PERGUNTA: Tenho 98 cm de busto, qual BOLSA ANDA SOZINHA comprar? || RESPOSTA: Tamanho e Medidas",pergunta tenho <num> cm de busto qual bolsa anda sozinha comprar resposta tamanho e medidas
faq_xlsx,,faq_bia,PERGUNTA: A CAMISA DE RESPONSA é oversized ou normal? || RESPOSTA: Tamanho e Medidas,pergunta a camisa de responsa e oversized ou normal resposta tamanho e medidas
faq_xlsx,,faq_bia,"PERGUNTA: Se eu sou baixa, a CALÇA SARUEL SILVIA fica muito comprida? || RESPOSTA: Tamanho e Medidas",pergunta se eu sou baixa a calca saruel silvia fica muito comprida resposta tamanho e medidas
faq_xlsx,,faq_bia,"PERGUNTA: Tenho dúvida no tamanho da BLUSA MOLONA, qual você recomenda? || RESPOSTA: Tamanho e Medidas",pergunta tenho duvida no tamanho da blusa molona qual voce recomenda resposta tamanho e medidas
faq_xlsx,,faq_bia,PERGUNTA: A CALÇA COOL fica justa no quadril? || RESPOSTA: Tamanho e Medidas,pergunta a calca cool fica justa no quadril resposta tamanho e medidas
faq_xlsx,,faq_bia,"PERGUNTA: Tenho 98 cm de busto, qual REGATA PREGAS JERSEY comprar? || RESPOSTA: Tamanho e Medidas",pergunta tenho <num> cm de busto qual regata pregas jersey comprar resposta tamanho e medidas
faq_xlsx,,faq_bia,PERGUNTA: A SAIA ACINTURANTE é oversized ou normal? || RESPOSTA: Tamanho e Medidas,pergunta a saia acinturante e oversized ou normal resposta tamanho e medidas
faq_xlsx,,faq_bia,"PERGUNTA: Se eu sou baixa, a TRENCH FÁCIL fica muito comprida? || RESPOSTA: Tamanho e Medidas",pergunta se eu sou baixa a trench facil fica muito comprida resposta tamanho e medidas
faq_xlsx,,faq_bia,"PERGUNTA: Tenho dúvida no tamanho da CAMISA VIAJANTE, qual você recomenda? || RESPOSTA: Tamanho e Medidas",pergunta tenho duvida no tamanho da camisa viajante qual voce recomenda resposta tamanho e medidas
faq_xlsx,,faq_bia,PERGUNTA: A SAIA TECH fica justa no quadril? || RESPOSTA: Tamanho e Medidas,pergunta a saia tech fica justa no quadril resposta tamanho e medidas
faq_xlsx,,faq_bia,"PERGUNTA: Tenho 98 cm de busto, qual BOLSA ANDA SOZINHA comprar? || RESPOSTA: Tamanho e Medidas",pergunta tenho <num> cm de busto qual bolsa anda sozinha comprar resposta tamanho e medidas
faq_xlsx,,faq_bia,PERGUNTA: A CAMISA DE RESPONSA é oversized ou normal? || RESPOSTA: Tamanho e Medidas,pergunta a camisa de responsa e oversized ou normal resposta tamanho e medidas
faq_xlsx,,faq_bia,"PERGUNTA: Se eu sou baixa, a CALÇA SARUEL SILVIA fica muito comprida? || RESPOSTA: Tamanho e Medidas",pergunta se eu sou baixa a calca saruel silvia fica muito comprida resposta tamanho e medidas
faq_xlsx,,faq_bia,"PERGUNTA: Tenho dúvida no tamanho da BLUSA MOLONA, qual você recomenda? || RESPOSTA: Tamanho e Medidas",pergunta tenho duvida no tamanho da blusa molona qual voce recomenda resposta tamanho e medidas
faq_xlsx,,faq_bia,PERGUNTA: A CALÇA COOL fica justa no quadril? || RESPOSTA: Tamanho e Medidas,pergunta a calca cool fica justa no quadril resposta tamanho e medidas
faq_xlsx,,faq_bia,"PERGUNTA: Tenho 98 cm de busto, qual REGATA PREGAS JERSEY comprar? || RESPOSTA: Tamanho e Medidas",pergunta tenho <num> cm de busto qual regata pregas jersey comprar resposta tamanho e medidas
faq_xlsx,,faq_bia,PERGUNTA: A SAIA ACINTURANTE é oversized ou normal? || RESPOSTA: Tamanho e Medidas,pergunta a saia acinturante e oversized ou normal resposta tamanho e medidas
faq_xlsx,,faq_bia,"PERGUNTA: Se eu sou baixa, a TRENCH FÁCIL fica muito comprida? || RESPOSTA: Tamanho e Medidas",pergunta se eu sou baixa a trench facil fica muito comprida resposta tamanho e medidas
faq_xlsx,,faq_bia,"PERGUNTA: Tenho dúvida no tamanho da CAMISA VIAJANTE, qual você recomenda? || RESPOSTA: Tamanho e Medidas",pergunta tenho duvida no tamanho da camisa viajante qual voce recomenda resposta tamanho e medidas
faq_xlsx,,faq_bia,PERGUNTA: A SAIA TECH fica justa no quadril? || RESPOSTA: Tamanho e Medidas,pergunta a saia tech fica justa no quadril resposta tamanho e medidas
faq_xlsx,,faq_bia,"PERGUNTA: Tenho 98 cm de busto, qual BOLSA ANDA SOZINHA comprar? || RESPOSTA: Tamanho e Medidas",pergunta tenho <num> cm de busto qual bolsa anda sozinha comprar resposta tamanho e medidas
faq_xlsx,,faq_bia,PERGUNTA: A CAMISA DE RESPONSA é oversized ou normal? || RESPOSTA: Tamanho e Medidas,pergunta a camisa de responsa e oversized ou normal resposta tamanho e medidas
faq_xlsx,,faq_bia,"PERGUNTA: Se eu sou baixa, a CALÇA SARUEL SILVIA fica muito comprida? || RESPOSTA: Tamanho e Medidas",pergunta se eu sou baixa a calca saruel silvia fica muito comprida resposta tamanho e medidas
faq_xlsx,,faq_bia,"PERGUNTA: Tenho dúvida no tamanho da BLUSA MOLONA, qual você recomenda? || RESPOSTA: Tamanho e Medidas",pergunta tenho duvida no tamanho da blusa molona qual voce recomenda resposta tamanho e medidas
faq_xlsx,,faq_bia,PERGUNTA: A CALÇA COOL fica justa no quadril? || RESPOSTA: Tamanho e Medidas,pergunta a calca cool fica justa no quadril resposta tamanho e medidas
faq_xlsx,,faq_bia,"PERGUNTA: Tenho 98 cm de busto, qual REGATA PREGAS JERSEY comprar? || RESPOSTA: Tamanho e Medidas",pergunta tenho <num> cm de busto qual regata pregas jersey comprar resposta tamanho e medidas
faq_xlsx,,faq_bia,PERGUNTA: A SAIA ACINTURANTE é oversized ou normal? || RESPOSTA: Tamanho e Medidas,pergunta a saia acinturante e oversized ou normal resposta tamanho e medidas
faq_xlsx,,faq_bia,"PERGUNTA: Se eu sou baixa, a TRENCH FÁCIL fica muito comprida? || RESPOSTA: Tamanho e Medidas",pergunta se eu sou baixa a trench facil fica muito comprida resposta tamanho e medidas
faq_xlsx,,faq_bia,"PERGUNTA: Tenho dúvida no tamanho da CAMISA VIAJANTE, qual você recomenda? || RESPOSTA: Tamanho e Medidas",pergunta tenho duvida no tamanho da camisa viajante qual voce recomenda resposta tamanho e medidas
faq_xlsx,,faq_bia,PERGUNTA: A SAIA TECH fica justa no quadril? || RESPOSTA: Tamanho e Medidas,pergunta a saia tech fica justa no quadril resposta tamanho e medidas
faq_xlsx,,faq_bia,"PERGUNTA: Tenho 98 cm de busto, qual BOLSA ANDA SOZINHA comprar? || RESPOSTA: Tamanho e Medidas",pergunta tenho <num> cm de busto qual bolsa anda sozinha comprar resposta tamanho e medidas
faq_xlsx,,faq_bia,PERGUNTA: A CAMISA DE RESPONSA é oversized ou normal? || RESPOSTA: Tamanho e Medidas,pergunta a camisa de responsa e oversized ou normal resposta tamanho e medidas
faq_xlsx,,faq_bia,"PERGUNTA: Se eu sou baixa, a CALÇA SARUEL SILVIA fica muito comprida? || RESPOSTA: Tamanho e Medidas",pergunta se eu sou baixa a calca saruel silvia fica muito comprida resposta tamanho e medidas
faq_xlsx,,faq_bia,"PERGUNTA: Tenho dúvida no tamanho da BLUSA MOLONA, qual você recomenda? || RESPOSTA: Tamanho e Medidas",pergunta tenho duvida no tamanho da blusa molona qual voce recomenda resposta tamanho e medidas
faq_xlsx,,faq_bia,PERGUNTA: A CALÇA COOL fica justa no quadril? || RESPOSTA: Tamanho e Medidas,pergunta a calca cool fica justa no quadril resposta tamanho e medidas
faq_xlsx,,faq_bia,"PERGUNTA: Tenho 98 cm de busto, qual REGATA PREGAS JERSEY comprar? || RESPOSTA: Tamanho e Medidas",pergunta tenho <num> cm de busto qual regata pregas jersey comprar resposta tamanho e medidas
faq_xlsx,,faq_bia,PERGUNTA: A SAIA ACINTURANTE é oversized ou normal? || RESPOSTA: Tamanho e Medidas,pergunta a saia acinturante e oversized ou normal resposta tamanho e medidas
faq_xlsx,,faq_bia,"PERGUNTA: Se eu sou baixa, a TRENCH FÁCIL fica muito comprida? || RESPOSTA: Tamanho e Medidas",pergunta se eu sou baixa a trench facil fica muito comprida resposta tamanho e medidas
faq_xlsx,,faq_bia,"PERGUNTA: Tenho dúvida no tamanho da CAMISA VIAJANTE, qual você recomenda? || RESPOSTA: Tamanho e Medidas",pergunta tenho duvida no tamanho da camisa viajante qual voce recomenda resposta tamanho e medidas
faq_xlsx,,faq_bia,PERGUNTA: A SAIA TECH fica justa no quadril? || RESPOSTA: Tamanho e Medidas,pergunta a saia tech fica justa no quadril resposta tamanho e medidas
faq_xlsx,,faq_bia,"PERGUNTA: Tenho 98 cm de busto, qual BOLSA ANDA SOZINHA comprar? || RESPOSTA: Tamanho e Medidas",pergunta tenho <num> cm de busto qual bolsa anda sozinha comprar resposta tamanho e medidas
faq_xlsx,,faq_bia,PERGUNTA: A CAMISA DE RESPONSA é oversized ou normal? || RESPOSTA: Tamanho e Medidas,pergunta a camisa de responsa e oversized ou normal resposta tamanho e medidas
faq_xlsx,,faq_bia,"PERGUNTA: Se eu sou baixa, a CALÇA SARUEL SILVIA fica muito comprida? || RESPOSTA: Tamanho e Medidas",pergunta se eu sou baixa a calca saruel silvia fica muito comprida resposta tamanho e medidas
faq_xlsx,,faq_bia,"PERGUNTA: Tenho dúvida no tamanho da BLUSA MOLONA, qual você recomenda? || RESPOSTA: Tamanho e Medidas",pergunta tenho duvida no tamanho da blusa molona qual voce recomenda resposta tamanho e medidas
faq_xlsx,,faq_bia,PERGUNTA: A CALÇA COOL fica justa no quadril? || RESPOSTA: Tamanho e Medidas,pergunta a calca cool fica justa no quadril resposta tamanho e medidas
faq_xlsx,,faq_bia,"PERGUNTA: Tenho 98 cm de busto, qual REGATA PREGAS JERSEY comprar? || RESPOSTA: Tamanho e Medidas",pergunta tenho <num> cm de busto qual regata pregas jersey comprar resposta tamanho e medidas
faq_xlsx,,faq_bia,PERGUNTA: A SAIA ACINTURANTE é oversized ou normal? || RESPOSTA: Tamanho e Medidas,pergunta a saia acinturante e oversized ou normal resposta tamanho e medidas
faq_xlsx,,faq_bia,"PERGUNTA: Se eu sou baixa, a TRENCH FÁCIL fica muito comprida? || RESPOSTA: Tamanho e Medidas",pergunta se eu sou baixa a trench facil fica muito comprida resposta tamanho e medidas
faq_xlsx,,faq_bia,"PERGUNTA: Tenho dúvida no tamanho da CAMISA VIAJANTE, qual você recomenda? || RESPOSTA: Tamanho e Medidas",pergunta tenho duvida no tamanho da camisa viajante qual voce recomenda resposta tamanho e medidas
faq_xlsx,,faq_bia,PERGUNTA: A SAIA TECH fica justa no quadril? || RESPOSTA: Tamanho e Medidas,pergunta a saia tech fica justa no quadril resposta tamanho e medidas
faq_xlsx,,faq_bia,"PERGUNTA: Tenho 98 cm de busto, qual BOLSA ANDA SOZINHA comprar? || RESPOSTA: Tamanho e Medidas",pergunta tenho <num> cm de busto qual bolsa anda sozinha comprar resposta tamanho e medidas
faq_xlsx,,faq_bia,PERGUNTA: A CAMISA DE RESPONSA é oversized ou normal? || RESPOSTA: Tamanho e Medidas,pergunta a camisa de responsa e oversized ou normal resposta tamanho e medidas
faq_xlsx,,faq_bia,"PERGUNTA: Se eu sou baixa, a CALÇA SARUEL SILVIA fica muito comprida? || RESPOSTA: Tamanho e Medidas",pergunta se eu sou baixa a calca saruel silvia fica muito comprida resposta tamanho e medidas
faq_xlsx,,faq_bia,"PERGUNTA: Tenho dúvida no tamanho da BLUSA MOLONA, qual você recomenda? || RESPOSTA: Tamanho e Medidas",pergunta tenho duvida no tamanho da blusa molona qual voce recomenda resposta tamanho e medidas
faq_xlsx,,faq_bia,PERGUNTA: A CALÇA COOL fica justa no quadril? || RESPOSTA: Tamanho e Medidas,pergunta a calca cool fica justa no quadril resposta tamanho e medidas
faq_xlsx,,faq_bia,"PERGUNTA: Tenho 98 cm de busto, qual REGATA PREGAS JERSEY comprar? || RESPOSTA: Tamanho e Medidas",pergunta tenho <num> cm de busto qual regata pregas jersey comprar resposta tamanho e medidas
faq_xlsx,,faq_bia,PERGUNTA: A SAIA ACINTURANTE é oversized ou normal? || RESPOSTA: Tamanho e Medidas,pergunta a saia acinturante e oversized ou normal resposta tamanho e medidas
faq_xlsx,,faq_bia,"PERGUNTA: Se eu sou baixa, a TRENCH FÁCIL fica muito comprida? || RESPOSTA: Tamanho e Medidas",pergunta se eu sou baixa a trench facil fica muito comprida resposta tamanho e medidas
faq_xlsx,,faq_bia,"PERGUNTA: Tenho dúvida no tamanho da CAMISA VIAJANTE, qual você recomenda? || RESPOSTA: Tamanho e Medidas",pergunta tenho duvida no tamanho da camisa viajante qual voce recomenda resposta tamanho e medidas
faq_xlsx,,faq_bia,PERGUNTA: A SAIA TECH fica justa no quadril? || RESPOSTA: Tamanho e Medidas,pergunta a saia tech fica justa no quadril resposta tamanho e medidas
faq_xlsx,,faq_bia,"PERGUNTA: Tenho 98 cm de busto, qual BOLSA ANDA SOZINHA comprar? || RESPOSTA: Tamanho e Medidas",pergunta tenho <num> cm de busto qual bolsa anda sozinha comprar resposta tamanho e medidas
faq_xlsx,,faq_bia,PERGUNTA: A CAMISA DE RESPONSA é oversized ou normal? || RESPOSTA: Tamanho e Medidas,pergunta a camisa de responsa e oversized ou normal resposta tamanho e medidas
faq_xlsx,,faq_bia,"PERGUNTA: Se eu sou baixa, a CALÇA SARUEL SILVIA fica muito comprida? || RESPOSTA: Tamanho e Medidas",pergunta se eu sou baixa a calca saruel silvia fica muito comprida resposta tamanho e medidas
faq_xlsx,,faq_bia,PERGUNTA: O tecido da BLUSA MOLONA esquenta? || RESPOSTA: Modelagem e Tecido,pergunta o tecido da blusa molona esquenta resposta modelagem e tecido
faq_xlsx,,faq_bia,PERGUNTA: A CALÇA COOL amassa fácil? || RESPOSTA: Modelagem e Tecido,pergunta a calca cool amassa facil resposta modelagem e tecido
faq_xlsx,,faq_bia,PERGUNTA: A REGATA PREGAS JERSEY precisa passar? || RESPOSTA: Modelagem e Tecido,pergunta a regata pregas jersey precisa passar resposta modelagem e tecido
faq_xlsx,,faq_bia,PERGUNTA: A SAIA ACINTURANTE marca muito o corpo? || RESPOSTA: Modelagem e Tecido,pergunta a saia acinturante marca muito o corpo resposta modelagem e tecido
faq_xlsx,,faq_bia,PERGUNTA: A TRENCH FÁCIL tem forro interno? || RESPOSTA: Modelagem e Tecido,pergunta a trench facil tem forro interno resposta modelagem e tecido
faq_xlsx,,faq_bia,PERGUNTA: O tecido da CAMISA VIAJANTE esquenta? || RESPOSTA: Modelagem e Tecido,pergunta o tecido da camisa viajante esquenta resposta modelagem e tecido
faq_xlsx,,faq_bia,PERGUNTA: A SAIA TECH amassa fácil? || RESPOSTA: Modelagem e Tecido,pergunta a saia tech amassa facil resposta modelagem e tecido
faq_xlsx,,faq_bia,PERGUNTA: A BOLSA ANDA SOZINHA precisa passar? || RESPOSTA: Modelagem e Tecido,pergunta a bolsa anda sozinha precisa passar resposta modelagem e tecido
faq_xlsx,,faq_bia,PERGUNTA: A CAMISA DE RESPONSA marca muito o corpo? || RESPOSTA: Modelagem e Tecido,pergunta a camisa de responsa marca muito o corpo resposta modelagem e tecido
faq_xlsx,,faq_bia,PERGUNTA: A CALÇA SARUEL SILVIA tem forro interno? || RESPOSTA: Modelagem e Tecido,pergunta a calca saruel silvia tem forro interno resposta modelagem e tecido
faq_xlsx,,faq_bia,PERGUNTA: O tecido da BLUSA MOLONA esquenta? || RESPOSTA: Modelagem e Tecido,pergunta o tecido da blusa molona esquenta resposta modelagem e tecido
faq_xlsx,,faq_bia,PERGUNTA: A CALÇA COOL amassa fácil? || RESPOSTA: Modelagem e Tecido,pergunta a calca cool amassa facil resposta modelagem e tecido
faq_xlsx,,faq_bia,PERGUNTA: A REGATA PREGAS JERSEY precisa passar? || RESPOSTA: Modelagem e Tecido,pergunta a regata pregas jersey precisa passar resposta modelagem e tecido
faq_xlsx,,faq_bia,PERGUNTA: A SAIA ACINTURANTE marca muito o corpo? || RESPOSTA: Modelagem e Tecido,pergunta a saia acinturante marca muito o corpo resposta modelagem e tecido
faq_xlsx,,faq_bia,PERGUNTA: A TRENCH FÁCIL tem forro interno? || RESPOSTA: Modelagem e Tecido,pergunta a trench facil tem forro interno resposta modelagem e tecido
faq_xlsx,,faq_bia,PERGUNTA: O tecido da CAMISA VIAJANTE esquenta? || RESPOSTA: Modelagem e Tecido,pergunta o tecido da camisa viajante esquenta resposta modelagem e tecido
faq_xlsx,,faq_bia,PERGUNTA: A SAIA TECH amassa fácil? || RESPOSTA: Modelagem e Tecido,pergunta a saia tech amassa facil resposta modelagem e tecido
faq_xlsx,,faq_bia,PERGUNTA: A BOLSA ANDA SOZINHA precisa passar? || RESPOSTA: Modelagem e Tecido,pergunta a bolsa anda sozinha precisa passar resposta modelagem e tecido
faq_xlsx,,faq_bia,PERGUNTA: A CAMISA DE RESPONSA marca muito o corpo? || RESPOSTA: Modelagem e Tecido,pergunta a camisa de responsa marca muito o corpo resposta modelagem e tecido
faq_xlsx,,faq_bia,PERGUNTA: A CALÇA SARUEL SILVIA tem forro interno? || RESPOSTA: Modelagem e Tecido,pergunta a calca saruel silvia tem forro interno resposta modelagem e tecido
faq_xlsx,,faq_bia,PERGUNTA: O tecido da BLUSA MOLONA esquenta? || RESPOSTA: Modelagem e Tecido,pergunta o tecido da blusa molona esquenta resposta modelagem e tecido
faq_xlsx,,faq_bia,PERGUNTA: A CALÇA COOL amassa fácil? || RESPOSTA: Modelagem e Tecido,pergunta a calca cool amassa facil resposta modelagem e tecido
faq_xlsx,,faq_bia,PERGUNTA: A REGATA PREGAS JERSEY precisa passar? || RESPOSTA: Modelagem e Tecido,pergunta a regata pregas jersey precisa passar resposta modelagem e tecido
faq_xlsx,,faq_bia,PERGUNTA: A SAIA ACINTURANTE marca muito o corpo? || RESPOSTA: Modelagem e Tecido,pergunta a saia acinturante marca muito o corpo resposta modelagem e tecido
faq_xlsx,,faq_bia,PERGUNTA: A TRENCH FÁCIL tem forro interno? || RESPOSTA: Modelagem e Tecido,pergunta a trench facil tem forro interno resposta modelagem e tecido
faq_xlsx,,faq_bia,PERGUNTA: O tecido da CAMISA VIAJANTE esquenta? || RESPOSTA: Modelagem e Tecido,pergunta o tecido da camisa viajante esquenta resposta modelagem e tecido
faq_xlsx,,faq_bia,PERGUNTA: A SAIA TECH amassa fácil? || RESPOSTA: Modelagem e Tecido,pergunta a saia tech amassa facil resposta modelagem e tecido
faq_xlsx,,faq_bia,PERGUNTA: A BOLSA ANDA SOZINHA precisa passar? || RESPOSTA: Modelagem e Tecido,pergunta a bolsa anda sozinha precisa passar resposta modelagem e tecido
faq_xlsx,,faq_bia,PERGUNTA: A CAMISA DE RESPONSA marca muito o corpo? || RESPOSTA: Modelagem e Tecido,pergunta a camisa de responsa marca muito o corpo resposta modelagem e tecido
faq_xlsx,,faq_bia,PERGUNTA: A CALÇA SARUEL SILVIA tem forro interno? || RESPOSTA: Modelagem e Tecido,pergunta a calca saruel silvia tem forro interno resposta modelagem e tecido
faq_xlsx,,faq_bia,PERGUNTA: O tecido da BLUSA MOLONA esquenta? || RESPOSTA: Modelagem e Tecido,pergunta o tecido da blusa molona esquenta resposta modelagem e tecido
faq_xlsx,,faq_bia,PERGUNTA: A CALÇA COOL amassa fácil? || RESPOSTA: Modelagem e Tecido,pergunta a calca cool amassa facil resposta modelagem e tecido
faq_xlsx,,faq_bia,PERGUNTA: A REGATA PREGAS JERSEY precisa passar? || RESPOSTA: Modelagem e Tecido,pergunta a regata pregas jersey precisa passar resposta modelagem e tecido
faq_xlsx,,faq_bia,PERGUNTA: A SAIA ACINTURANTE marca muito o corpo? || RESPOSTA: Modelagem e Tecido,pergunta a saia acinturante marca muito o corpo resposta modelagem e tecido
faq_xlsx,,faq_bia,PERGUNTA: A TRENCH FÁCIL tem forro interno? || RESPOSTA: Modelagem e Tecido,pergunta a trench facil tem forro interno resposta modelagem e tecido
faq_xlsx,,faq_bia,PERGUNTA: O tecido da CAMISA VIAJANTE esquenta? || RESPOSTA: Modelagem e Tecido,pergunta o tecido da camisa viajante esquenta resposta modelagem e tecido
faq_xlsx,,faq_bia,PERGUNTA: A SAIA TECH amassa fácil? || RESPOSTA: Modelagem e Tecido,pergunta a saia tech amassa facil resposta modelagem e tecido
faq_xlsx,,faq_bia,PERGUNTA: A BOLSA ANDA SOZINHA precisa passar? || RESPOSTA: Modelagem e Tecido,pergunta a bolsa anda sozinha precisa passar resposta modelagem e tecido
faq_xlsx,,faq_bia,PERGUNTA: A CAMISA DE RESPONSA marca muito o corpo? || RESPOSTA: Modelagem e Tecido,pergunta a camisa de responsa marca muito o corpo resposta modelagem e tecido
faq_xlsx,,faq_bia,PERGUNTA: A CALÇA SARUEL SILVIA tem forro interno? || RESPOSTA: Modelagem e Tecido,pergunta a calca saruel silvia tem forro interno resposta modelagem e tecido
faq_xlsx,,faq_bia,PERGUNTA: O tecido da BLUSA MOLONA esquenta? || RESPOSTA: Modelagem e Tecido,pergunta o tecido da blusa molona esquenta resposta modelagem e tecido
faq_xlsx,,faq_bia,PERGUNTA: A CALÇA COOL amassa fácil? || RESPOSTA: Modelagem e Tecido,pergunta a calca cool amassa facil resposta modelagem e tecido
faq_xlsx,,faq_bia,PERGUNTA: A REGATA PREGAS JERSEY precisa passar? || RESPOSTA: Modelagem e Tecido,pergunta a regata pregas jersey precisa passar resposta modelagem e tecido
faq_xlsx,,faq_bia,PERGUNTA: A SAIA ACINTURANTE marca muito o corpo? || RESPOSTA: Modelagem e Tecido,pergunta a saia acinturante marca muito o corpo resposta modelagem e tecido
faq_xlsx,,faq_bia,PERGUNTA: A TRENCH FÁCIL tem forro interno? || RESPOSTA: Modelagem e Tecido,pergunta a trench facil tem forro interno resposta modelagem e tecido
faq_xlsx,,faq_bia,PERGUNTA: O tecido da CAMISA VIAJANTE esquenta? || RESPOSTA: Modelagem e Tecido,pergunta o tecido da camisa viajante esquenta resposta modelagem e tecido
faq_xlsx,,faq_bia,PERGUNTA: A SAIA TECH amassa fácil? || RESPOSTA: Modelagem e Tecido,pergunta a saia tech amassa facil resposta modelagem e tecido
faq_xlsx,,faq_bia,PERGUNTA: A BOLSA ANDA SOZINHA precisa passar? || RESPOSTA: Modelagem e Tecido,pergunta a bolsa anda sozinha precisa passar resposta modelagem e tecido
faq_xlsx,,faq_bia,PERGUNTA: A CAMISA DE RESPONSA marca muito o corpo? || RESPOSTA: Modelagem e Tecido,pergunta a camisa de responsa marca muito o corpo resposta modelagem e tecido
faq_xlsx,,faq_bia,PERGUNTA: A CALÇA SARUEL SILVIA tem forro interno? || RESPOSTA: Modelagem e Tecido,pergunta a calca saruel silvia tem forro interno resposta modelagem e tecido
faq_xlsx,,faq_bia,PERGUNTA: Dá pra usar a BLUSA MOLONA em festa de dia? || RESPOSTA: Combinações e Ocasiões,pergunta da pra usar a blusa molona em festa de dia resposta combinacoes e ocasioes
faq_xlsx,,faq_bia,PERGUNTA: A CALÇA COOL vai bem com bota? || RESPOSTA: Combinações e Ocasiões,pergunta a calca cool vai bem com bota resposta combinacoes e ocasioes
faq_xlsx,,faq_bia,PERGUNTA: Com que sapato usar a REGATA PREGAS JERSEY? || RESPOSTA: Combinações e Ocasiões,pergunta com que sapato usar a regata pregas jersey resposta combinacoes e ocasioes
faq_xlsx,,faq_bia,PERGUNTA: A SAIA ACINTURANTE combina com jeans? || RESPOSTA: Combinações e Ocasiões,pergunta a saia acinturante combina com jeans resposta combinacoes e ocasioes
faq_xlsx,,faq_bia,PERGUNTA: A TRENCH FÁCIL é versátil pra viagem? || RESPOSTA: Combinações e Ocasiões,pergunta a trench facil e versatil pra viagem resposta combinacoes e ocasioes
faq_xlsx,,faq_bia,PERGUNTA: Dá pra usar a CAMISA VIAJANTE em festa de dia? || RESPOSTA: Combinações e Ocasiões,pergunta da pra usar a camisa viajante em festa de dia resposta combinacoes e ocasioes
faq_xlsx,,faq_bia,PERGUNTA: A SAIA TECH vai bem com bota? || RESPOSTA: Combinações e Ocasiões,pergunta a saia tech vai bem com bota resposta combinacoes e ocasioes
faq_xlsx,,faq_bia,PERGUNTA: Com que sapato usar a BOLSA ANDA SOZINHA? || RESPOSTA: Combinações e Ocasiões,pergunta com que sapato usar a bolsa anda sozinha resposta combinacoes e ocasioes
faq_xlsx,,faq_bia,PERGUNTA: A CAMISA DE RESPONSA combina com jeans? || RESPOSTA: Combinações e Ocasiões,pergunta a camisa de responsa combina com jeans resposta combinacoes e ocasioes
faq_xlsx,,faq_bia,PERGUNTA: A CALÇA SARUEL SILVIA é versátil pra viagem? || RESPOSTA: Combinações e Ocasiões,pergunta a calca saruel silvia e versatil pra viagem resposta combinacoes e ocasioes
faq_xlsx,,faq_bia,PERGUNTA: Dá pra usar a BLUSA MOLONA em festa de dia? || RESPOSTA: Combinações e Ocasiões,pergunta da pra usar a blusa molona em festa de dia resposta combinacoes e ocasioes
faq_xlsx,,faq_bia,PERGUNTA: A CALÇA COOL vai bem com bota? || RESPOSTA: Combinações e Ocasiões,pergunta a calca cool vai bem com bota resposta combinacoes e ocasioes
faq_xlsx,,faq_bia,PERGUNTA: Com que sapato usar a REGATA PREGAS JERSEY? || RESPOSTA: Combinações e Ocasiões,pergunta com que sapato usar a regata pregas jersey resposta combinacoes e ocasioes
faq_xlsx,,faq_bia,PERGUNTA: A SAIA ACINTURANTE combina com jeans? || RESPOSTA: Combinações e Ocasiões,pergunta a saia acinturante combina com jeans resposta combinacoes e ocasioes
faq_xlsx,,faq_bia,PERGUNTA: A TRENCH FÁCIL é versátil pra viagem? || RESPOSTA: Combinações e Ocasiões,pergunta a trench facil e versatil pra viagem resposta combinacoes e ocasioes
faq_xlsx,,faq_bia,PERGUNTA: Dá pra usar a CAMISA VIAJANTE em festa de dia? || RESPOSTA: Combinações e Ocasiões,pergunta da pra usar a camisa viajante em festa de dia resposta combinacoes e ocasioes
faq_xlsx,,faq_bia,PERGUNTA: A SAIA TECH vai bem com bota? || RESPOSTA: Combinações e Ocasiões,pergunta a saia tech vai bem com bota resposta combinacoes e ocasioes
faq_xlsx,,faq_bia,PERGUNTA: Com que sapato usar a BOLSA ANDA SOZINHA? || RESPOSTA: Combinações e Ocasiões,pergunta com que sapato usar a bolsa anda sozinha resposta combinacoes e ocasioes
faq_xlsx,,faq_bia,PERGUNTA: A CAMISA DE RESPONSA combina com jeans? || RESPOSTA: Combinações e Ocasiões,pergunta a camisa de responsa combina com jeans resposta combinacoes e ocasioes
faq_xlsx,,faq_bia,PERGUNTA: A CALÇA SARUEL SILVIA é versátil pra viagem? || RESPOSTA: Combinações e Ocasiões,pergunta a calca saruel silvia e versatil pra viagem resposta combinacoes e ocasioes
faq_xlsx,,faq_bia,PERGUNTA: Dá pra usar a BLUSA MOLONA em festa de dia? || RESPOSTA: Combinações e Ocasiões,pergunta da pra usar a blusa molona em festa de dia resposta combinacoes e ocasioes
faq_xlsx,,faq_bia,PERGUNTA: A CALÇA COOL vai bem com bota? || RESPOSTA: Combinações e Ocasiões,pergunta a calca cool vai bem com bota resposta combinacoes e ocasioes
faq_xlsx,,faq_bia,PERGUNTA: Com que sapato usar a REGATA PREGAS JERSEY? || RESPOSTA: Combinações e Ocasiões,pergunta com que sapato usar a regata pregas jersey resposta combinacoes e ocasioes
faq_xlsx,,faq_bia,PERGUNTA: A SAIA ACINTURANTE combina com jeans? || RESPOSTA: Combinações e Ocasiões,pergunta a saia acinturante combina com jeans resposta combinacoes e ocasioes
faq_xlsx,,faq_bia,PERGUNTA: A TRENCH FÁCIL é versátil pra viagem? || RESPOSTA: Combinações e Ocasiões,pergunta a trench facil e versatil pra viagem resposta combinacoes e ocasioes
faq_xlsx,,faq_bia,PERGUNTA: Dá pra usar a CAMISA VIAJANTE em festa de dia? || RESPOSTA: Combinações e Ocasiões,pergunta da pra usar a camisa viajante em festa de dia resposta combinacoes e ocasioes
faq_xlsx,,faq_bia,PERGUNTA: A SAIA TECH vai bem com bota? || RESPOSTA: Combinações e Ocasiões,pergunta a saia tech vai bem com bota resposta combinacoes e ocasioes
faq_xlsx,,faq_bia,PERGUNTA: Com que sapato usar a BOLSA ANDA SOZINHA? || RESPOSTA: Combinações e Ocasiões,pergunta com que sapato usar a bolsa anda sozinha resposta combinacoes e ocasioes
faq_xlsx,,faq_bia,PERGUNTA: A CAMISA DE RESPONSA combina com jeans? || RESPOSTA: Combinações e Ocasiões,pergunta a camisa de responsa combina com jeans resposta combinacoes e ocasioes
faq_xlsx,,faq_bia,PERGUNTA: A CALÇA SARUEL SILVIA é versátil pra viagem? || RESPOSTA: Combinações e Ocasiões,pergunta a calca saruel silvia e versatil pra viagem resposta combinacoes e ocasioes
faq_xlsx,,faq_bia,PERGUNTA: Dá pra usar a BLUSA MOLONA em festa de dia? || RESPOSTA: Combinações e Ocasiões,pergunta da pra usar a blusa molona em festa de dia resposta combinacoes e ocasioes
faq_xlsx,,faq_bia,PERGUNTA: A CALÇA COOL vai bem com bota? || RESPOSTA: Combinações e Ocasiões,pergunta a calca cool vai bem com bota resposta combinacoes e ocasioes
faq_xlsx,,faq_bia,PERGUNTA: Com que sapato usar a REGATA PREGAS JERSEY? || RESPOSTA: Combinações e Ocasiões,pergunta com que sapato usar a regata pregas jersey resposta combinacoes e ocasioes
faq_xlsx,,faq_bia,PERGUNTA: A SAIA ACINTURANTE combina com jeans? || RESPOSTA: Combinações e Ocasiões,pergunta a saia acinturante combina com jeans resposta combinacoes e ocasioes
faq_xlsx,,faq_bia,PERGUNTA: A TRENCH FÁCIL é versátil pra viagem? || RESPOSTA: Combinações e Ocasiões,pergunta a trench facil e versatil pra viagem resposta combinacoes e ocasioes
faq_xlsx,,faq_bia,PERGUNTA: Dá pra usar a CAMISA VIAJANTE em festa de dia? || RESPOSTA: Combinações e Ocasiões,pergunta da pra usar a camisa viajante em festa de dia resposta combinacoes e ocasioes
faq_xlsx,,faq_bia,PERGUNTA: A SAIA TECH vai bem com bota? || RESPOSTA: Combinações e Ocasiões,pergunta a saia tech vai bem com bota resposta combinacoes e ocasioes
faq_xlsx,,faq_bia,PERGUNTA: Com que sapato usar a BOLSA ANDA SOZINHA? || RESPOSTA: Combinações e Ocasiões,pergunta com que sapato usar a bolsa anda sozinha resposta combinacoes e ocasioes
faq_xlsx,,faq_bia,PERGUNTA: A CAMISA DE RESPONSA combina com jeans? || RESPOSTA: Combinações e Ocasiões,pergunta a camisa de responsa combina com jeans resposta combinacoes e ocasioes
faq_xlsx,,faq_bia,PERGUNTA: A CALÇA SARUEL SILVIA é versátil pra viagem? || RESPOSTA: Combinações e Ocasiões,pergunta a calca saruel silvia e versatil pra viagem resposta combinacoes e ocasioes
faq_xlsx,,faq_bia,PERGUNTA: Dá pra usar a BLUSA MOLONA em festa de dia? || RESPOSTA: Combinações e Ocasiões,pergunta da pra usar a blusa molona em festa de dia resposta combinacoes e ocasioes
faq_xlsx,,faq_bia,PERGUNTA: A CALÇA COOL vai bem com bota? || RESPOSTA: Combinações e Ocasiões,pergunta a calca cool vai bem com bota resposta combinacoes e ocasioes
faq_xlsx,,faq_bia,PERGUNTA: Com que sapato usar a REGATA PREGAS JERSEY? || RESPOSTA: Combinações e Ocasiões,pergunta com que sapato usar a regata pregas jersey resposta combinacoes e ocasioes
faq_xlsx,,faq_bia,PERGUNTA: A SAIA ACINTURANTE combina com jeans? || RESPOSTA: Combinações e Ocasiões,pergunta a saia acinturante combina com jeans resposta combinacoes e ocasioes
faq_xlsx,,faq_bia,PERGUNTA: A TRENCH FÁCIL é versátil pra viagem? || RESPOSTA: Combinações e Ocasiões,pergunta a trench facil e versatil pra viagem resposta combinacoes e ocasioes
faq_xlsx,,faq_bia,PERGUNTA: Dá pra usar a CAMISA VIAJANTE em festa de dia? || RESPOSTA: Combinações e Ocasiões,pergunta da pra usar a camisa viajante em festa de dia resposta combinacoes e ocasioes
faq_xlsx,,faq_bia,PERGUNTA: A SAIA TECH vai bem com bota? || RESPOSTA: Combinações e Ocasiões,pergunta a saia tech vai bem com bota resposta combinacoes e ocasioes
faq_xlsx,,faq_bia,PERGUNTA: Com que sapato usar a BOLSA ANDA SOZINHA? || RESPOSTA: Combinações e Ocasiões,pergunta com que sapato usar a bolsa anda sozinha resposta combinacoes e ocasioes
faq_xlsx,,faq_bia,PERGUNTA: A CAMISA DE RESPONSA combina com jeans? || RESPOSTA: Combinações e Ocasiões,pergunta a camisa de responsa combina com jeans resposta combinacoes e ocasioes
faq_xlsx,,faq_bia,PERGUNTA: A CALÇA SARUEL SILVIA é versátil pra viagem? || RESPOSTA: Combinações e Ocasiões,pergunta a calca saruel silvia e versatil pra viagem resposta combinacoes e ocasioes
faq_xlsx,,faq_bia,PERGUNTA: Dá pra usar a BLUSA MOLONA em festa de dia? || RESPOSTA: Combinações e Ocasiões,pergunta da pra usar a blusa molona em festa de dia resposta combinacoes e ocasioes
faq_xlsx,,faq_bia,PERGUNTA: A CALÇA COOL vai bem com bota? || RESPOSTA: Combinações e Ocasiões,pergunta a calca cool vai bem com bota resposta combinacoes e ocasioes
faq_xlsx,,faq_bia,PERGUNTA: Com que sapato usar a REGATA PREGAS JERSEY? || RESPOSTA: Combinações e Ocasiões,pergunta com que sapato usar a regata pregas jersey resposta combinacoes e ocasioes
faq_xlsx,,faq_bia,PERGUNTA: A SAIA ACINTURANTE combina com jeans? || RESPOSTA: Combinações e Ocasiões,pergunta a saia acinturante combina com jeans resposta combinacoes e ocasioes
faq_xlsx,,faq_bia,PERGUNTA: A TRENCH FÁCIL é versátil pra viagem? || RESPOSTA: Combinações e Ocasiões,pergunta a trench facil e versatil pra viagem resposta combinacoes e ocasioes
faq_xlsx,,faq_bia,PERGUNTA: Dá pra usar a CAMISA VIAJANTE em festa de dia? || RESPOSTA: Combinações e Ocasiões,pergunta da pra usar a camisa viajante em festa de dia resposta combinacoes e ocasioes
faq_xlsx,,faq_bia,PERGUNTA: A SAIA TECH vai bem com bota? || RESPOSTA: Combinações e Ocasiões,pergunta a saia tech vai bem com bota resposta combinacoes e ocasioes
faq_xlsx,,faq_bia,PERGUNTA: Com que sapato usar a BOLSA ANDA SOZINHA? || RESPOSTA: Combinações e Ocasiões,pergunta com que sapato usar a bolsa anda sozinha resposta combinacoes e ocasioes
faq_xlsx,,faq_bia,PERGUNTA: A CAMISA DE RESPONSA combina com jeans? || RESPOSTA: Combinações e Ocasiões,pergunta a camisa de responsa combina com jeans resposta combinacoes e ocasioes
faq_xlsx,,faq_bia,PERGUNTA: A CALÇA SARUEL SILVIA é versátil pra viagem? || RESPOSTA: Combinações e Ocasiões,pergunta a calca saruel silvia e versatil pra viagem resposta combinacoes e ocasioes
faq_xlsx,,faq_bia,"PERGUNTA: Quanto tempo pra entregar a BLUSA MOLONA em SP? || RESPOSTA: Frete, Prazos e Trocas",pergunta quanto tempo pra entregar a blusa molona em sp resposta frete prazos e trocas
faq_xlsx,,faq_bia,"PERGUNTA: A CALÇA COOL tem frete grátis? || RESPOSTA: Frete, Prazos e Trocas",pergunta a calca cool tem frete gratis resposta frete prazos e trocas
faq_xlsx,,faq_bia,"PERGUNTA: Consigo devolver a REGATA PREGAS JERSEY se não servir? || RESPOSTA: Frete, Prazos e Trocas",pergunta consigo devolver a regata pregas jersey se nao servir resposta frete prazos e trocas
faq_xlsx,,faq_bia,"PERGUNTA: Tem rastreio pra SAIA ACINTURANTE? || RESPOSTA: Frete, Prazos e Trocas",pergunta tem rastreio pra saia acinturante resposta frete prazos e trocas
faq_xlsx,,faq_bia,"PERGUNTA: Dá pra trocar a TRENCH FÁCIL por outro tamanho? || RESPOSTA: Frete, Prazos e Trocas",pergunta da pra trocar a trench facil por outro tamanho resposta frete prazos e trocas
faq_xlsx,,faq_bia,"PERGUNTA: Quanto tempo pra entregar a CAMISA VIAJANTE em SP? || RESPOSTA: Frete, Prazos e Trocas",pergunta quanto tempo pra entregar a camisa viajante em sp resposta frete prazos e trocas
faq_xlsx,,faq_bia,"PERGUNTA: A SAIA TECH tem frete grátis? || RESPOSTA: Frete, Prazos e Trocas",pergunta a saia tech tem frete gratis resposta frete prazos e trocas
faq_xlsx,,faq_bia,"PERGUNTA: Consigo devolver a BOLSA ANDA SOZINHA se não servir? || RESPOSTA: Frete, Prazos e Trocas",pergunta consigo devolver a bolsa anda sozinha se nao servir resposta frete prazos e trocas
faq_xlsx,,faq_bia,"PERGUNTA: Tem rastreio pra CAMISA DE RESPONSA? || RESPOSTA: Frete, Prazos e Trocas",pergunta tem rastreio pra camisa de responsa resposta frete prazos e trocas
faq_xlsx,,faq_bia,"PERGUNTA: Dá pra trocar a CALÇA SARUEL SILVIA por outro tamanho? || RESPOSTA: Frete, Prazos e Trocas",pergunta da pra trocar a calca saruel silvia por outro tamanho resposta frete prazos e trocas
faq_xlsx,,faq_bia,"PERGUNTA: Quanto tempo pra entregar a BLUSA MOLONA em SP? || RESPOSTA: Frete, Prazos e Trocas",pergunta quanto tempo pra entregar a blusa molona em sp resposta frete prazos e trocas
faq_xlsx,,faq_bia,"PERGUNTA: A CALÇA COOL tem frete grátis? || RESPOSTA: Frete, Prazos e Trocas",pergunta a calca cool tem frete gratis resposta frete prazos e trocas
faq_xlsx,,faq_bia,"PERGUNTA: Consigo devolver a REGATA PREGAS JERSEY se não servir? || RESPOSTA: Frete, Prazos e Trocas",pergunta consigo devolver a regata pregas jersey se nao servir resposta frete prazos e trocas
faq_xlsx,,faq_bia,"PERGUNTA: Tem rastreio pra SAIA ACINTURANTE? || RESPOSTA: Frete, Prazos e Trocas",pergunta tem rastreio pra saia acinturante resposta frete prazos e trocas
faq_xlsx,,faq_bia,"PERGUNTA: Dá pra trocar a TRENCH FÁCIL por outro tamanho? || RESPOSTA: Frete, Prazos e Trocas",pergunta da pra trocar a trench facil por outro tamanho resposta frete prazos e trocas
faq_xlsx,,faq_bia,"PERGUNTA: Quanto tempo pra entregar a CAMISA VIAJANTE em SP? || RESPOSTA: Frete, Prazos e Trocas",pergunta quanto tempo pra entregar a camisa viajante em sp resposta frete prazos e trocas
faq_xlsx,,faq_bia,"PERGUNTA: A SAIA TECH tem frete grátis? || RESPOSTA: Frete, Prazos e Trocas",pergunta a saia tech tem frete gratis resposta frete prazos e trocas
faq_xlsx,,faq_bia,"PERGUNTA: Consigo devolver a BOLSA ANDA SOZINHA se não servir? || RESPOSTA: Frete, Prazos e Trocas",pergunta consigo devolver a bolsa anda sozinha se nao servir resposta frete prazos e trocas
faq_xlsx,,faq_bia,"PERGUNTA: Tem rastreio pra CAMISA DE RESPONSA? || RESPOSTA: Frete, Prazos e Trocas",pergunta tem rastreio pra camisa de responsa resposta frete prazos e trocas
faq_xlsx,,faq_bia,"PERGUNTA: Dá pra trocar a CALÇA SARUEL SILVIA por outro tamanho? || RESPOSTA: Frete, Prazos e Trocas",pergunta da pra trocar a calca saruel silvia por outro tamanho resposta frete prazos e trocas
faq_xlsx,,faq_bia,"PERGUNTA: Quanto tempo pra entregar a BLUSA MOLONA em SP? || RESPOSTA: Frete, Prazos e Trocas",pergunta quanto tempo pra entregar a blusa molona em sp resposta frete prazos e trocas
faq_xlsx,,faq_bia,"PERGUNTA: A CALÇA COOL tem frete grátis? || RESPOSTA: Frete, Prazos e Trocas",pergunta a calca cool tem frete gratis resposta frete prazos e trocas
faq_xlsx,,faq_bia,"PERGUNTA: Consigo devolver a REGATA PREGAS JERSEY se não servir? || RESPOSTA: Frete, Prazos e Trocas",pergunta consigo devolver a regata pregas jersey se nao servir resposta frete prazos e trocas
faq_xlsx,,faq_bia,"PERGUNTA: Tem rastreio pra SAIA ACINTURANTE? || RESPOSTA: Frete, Prazos e Trocas",pergunta tem rastreio pra saia acinturante resposta frete prazos e trocas
faq_xlsx,,faq_bia,"PERGUNTA: Dá pra trocar a TRENCH FÁCIL por outro tamanho? || RESPOSTA: Frete, Prazos e Trocas",pergunta da pra trocar a trench facil por outro tamanho resposta frete prazos e trocas
faq_xlsx,,faq_bia,"PERGUNTA: Quanto tempo pra entregar a CAMISA VIAJANTE em SP? || RESPOSTA: Frete, Prazos e Trocas",pergunta quanto tempo pra entregar a camisa viajante em sp resposta frete prazos e trocas
faq_xlsx,,faq_bia,"PERGUNTA: A SAIA TECH tem frete grátis? || RESPOSTA: Frete, Prazos e Trocas",pergunta a saia tech tem frete gratis resposta frete prazos e trocas
faq_xlsx,,faq_bia,"PERGUNTA: Consigo devolver a BOLSA ANDA SOZINHA se não servir? || RESPOSTA: Frete, Prazos e Trocas",pergunta consigo devolver a bolsa anda sozinha se nao servir resposta frete prazos e trocas
faq_xlsx,,faq_bia,"PERGUNTA: Tem rastreio pra CAMISA DE RESPONSA? || RESPOSTA: Frete, Prazos e Trocas",pergunta tem rastreio pra camisa de responsa resposta frete prazos e trocas
faq_xlsx,,faq_bia,"PERGUNTA: Dá pra trocar a CALÇA SARUEL SILVIA por outro tamanho? || RESPOSTA: Frete, Prazos e Trocas",pergunta da pra trocar a calca saruel silvia por outro tamanho resposta frete prazos e trocas
faq_xlsx,,faq_bia,"PERGUNTA: Quanto tempo pra entregar a BLUSA MOLONA em SP? || RESPOSTA: Frete, Prazos e Trocas",pergunta quanto tempo pra entregar a blusa molona em sp resposta frete prazos e trocas
faq_xlsx,,faq_bia,"PERGUNTA: A CALÇA COOL tem frete grátis? || RESPOSTA: Frete, Prazos e Trocas",pergunta a calca cool tem frete gratis resposta frete prazos e trocas
faq_xlsx,,faq_bia,"PERGUNTA: Consigo devolver a REGATA PREGAS JERSEY se não servir? || RESPOSTA: Frete, Prazos e Trocas",pergunta consigo devolver a regata pregas jersey se nao servir resposta frete prazos e trocas
faq_xlsx,,faq_bia,"PERGUNTA: Tem rastreio pra SAIA ACINTURANTE? || RESPOSTA: Frete, Prazos e Trocas",pergunta tem rastreio pra saia acinturante resposta frete prazos e trocas
faq_xlsx,,faq_bia,"PERGUNTA: Dá pra trocar a TRENCH FÁCIL por outro tamanho? || RESPOSTA: Frete, Prazos e Trocas",pergunta da pra trocar a trench facil por outro tamanho resposta frete prazos e trocas
faq_xlsx,,faq_bia,"PERGUNTA: Quanto tempo pra entregar a CAMISA VIAJANTE em SP? || RESPOSTA: Frete, Prazos e Trocas",pergunta quanto tempo pra entregar a camisa viajante em sp resposta frete prazos e trocas
faq_xlsx,,faq_bia,"PERGUNTA: A SAIA TECH tem frete grátis? || RESPOSTA: Frete, Prazos e Trocas",pergunta a saia tech tem frete gratis resposta frete prazos e trocas
faq_xlsx,,faq_bia,"PERGUNTA: Consigo devolver a BOLSA ANDA SOZINHA se não servir? || RESPOSTA: Frete, Prazos e Trocas",pergunta consigo devolver a bolsa anda sozinha se nao servir resposta frete prazos e trocas
faq_xlsx,,faq_bia,"PERGUNTA: Tem rastreio pra CAMISA DE RESPONSA? || RESPOSTA: Frete, Prazos e Trocas",pergunta tem rastreio pra camisa de responsa resposta frete prazos e trocas
faq_xlsx,,faq_bia,"PERGUNTA: Dá pra trocar a CALÇA SARUEL SILVIA por outro tamanho? || RESPOSTA: Frete, Prazos e Trocas",pergunta da pra trocar a calca saruel silvia por outro tamanho resposta frete prazos e trocas
faq_xlsx,,faq_bia,"PERGUNTA: A BLUSA MOLONA tá em promoção? || RESPOSTA: Preço, Estoque e Pagamento",pergunta a blusa molona ta em promocao resposta preco estoque e pagamento
faq_xlsx,,faq_bia,"PERGUNTA: Dá pra parcelar a CALÇA COOL sem juros? || RESPOSTA: Preço, Estoque e Pagamento",pergunta da pra parcelar a calca cool sem juros resposta preco estoque e pagamento
faq_xlsx,,faq_bia,"PERGUNTA: A REGATA PREGAS JERSEY tem desconto à vista? || RESPOSTA: Preço, Estoque e Pagamento",pergunta a regata pregas jersey tem desconto a vista resposta preco estoque e pagamento
faq_xlsx,,faq_bia,"PERGUNTA: Tem estoque da SAIA ACINTURANTE no tamanho M? || RESPOSTA: Preço, Estoque e Pagamento",pergunta tem estoque da saia acinturante no tamanho m resposta preco estoque e pagamento
faq_xlsx,,faq_bia,"PERGUNTA: Aceitam Pix pra TRENCH FÁCIL? || RESPOSTA: Preço, Estoque e Pagamento",pergunta aceitam pix pra trench facil resposta preco estoque e pagamento
faq_xlsx,,faq_bia,"PERGUNTA: A CAMISA VIAJANTE tá em promoção? || RESPOSTA: Preço, Estoque e Pagamento",pergunta a camisa viajante ta em promocao resposta preco estoque e pagamento
faq_xlsx,,faq_bia,"PERGUNTA: Dá pra parcelar a SAIA TECH sem juros? || RESPOSTA: Preço, Estoque e Pagamento",pergunta da pra parcelar a saia tech sem juros resposta preco estoque e pagamento
faq_xlsx,,faq_bia,"PERGUNTA: A BOLSA ANDA SOZINHA tem desconto à vista? || RESPOSTA: Preço, Estoque e Pagamento",pergunta a bolsa anda sozinha tem desconto a vista resposta preco estoque e pagamento
faq_xlsx,,faq_bia,"PERGUNTA: Tem estoque da CAMISA DE RESPONSA no tamanho M? || RESPOSTA: Preço, Estoque e Pagamento",pergunta tem estoque da camisa de responsa no tamanho m resposta preco estoque e pagamento
faq_xlsx,,faq_bia,"PERGUNTA: Aceitam Pix pra CALÇA SARUEL SILVIA? || RESPOSTA: Preço, Estoque e Pagamento",pergunta aceitam pix pra calca saruel silvia resposta preco estoque e pagamento
faq_xlsx,,faq_bia,"PERGUNTA: A BLUSA MOLONA tá em promoção? || RESPOSTA: Preço, Estoque e Pagamento",pergunta a blusa molona ta em promocao resposta preco estoque e pagamento
faq_xlsx,,faq_bia,"PERGUNTA: Dá pra parcelar a CALÇA COOL sem juros? || RESPOSTA: Preço, Estoque e Pagamento",pergunta da pra parcelar a calca cool sem juros resposta preco estoque e pagamento
faq_xlsx,,faq_bia,"PERGUNTA: A REGATA PREGAS JERSEY tem desconto à vista? || RESPOSTA: Preço, Estoque e Pagamento",pergunta a regata pregas jersey tem desconto a vista resposta preco estoque e pagamento
faq_xlsx,,faq_bia,"PERGUNTA: Tem estoque da SAIA ACINTURANTE no tamanho M? || RESPOSTA: Preço, Estoque e Pagamento",pergunta tem estoque da saia acinturante no tamanho m resposta preco estoque e pagamento
faq_xlsx,,faq_bia,"PERGUNTA: Aceitam Pix pra TRENCH FÁCIL? || RESPOSTA: Preço, Estoque e Pagamento",pergunta aceitam pix pra trench facil resposta preco estoque e pagamento
faq_xlsx,,faq_bia,"PERGUNTA: A CAMISA VIAJANTE tá em promoção? || RESPOSTA: Preço, Estoque e Pagamento",pergunta a camisa viajante ta em promocao resposta preco estoque e pagamento
faq_xlsx,,faq_bia,"PERGUNTA: Dá pra parcelar a SAIA TECH sem juros? || RESPOSTA: Preço, Estoque e Pagamento",pergunta da pra parcelar a saia tech sem juros resposta preco estoque e pagamento
faq_xlsx,,faq_bia,"PERGUNTA: A BOLSA ANDA SOZINHA tem desconto à vista? || RESPOSTA: Preço, Estoque e Pagamento",pergunta a bolsa anda sozinha tem desconto a vista resposta preco estoque e pagamento
faq_xlsx,,faq_bia,"PERGUNTA: Tem estoque da CAMISA DE RESPONSA no tamanho M? || RESPOSTA: Preço, Estoque e Pagamento",pergunta tem estoque da camisa de responsa no tamanho m resposta preco estoque e pagamento
faq_xlsx,,faq_bia,"PERGUNTA: Aceitam Pix pra CALÇA SARUEL SILVIA? || RESPOSTA: Preço, Estoque e Pagamento",pergunta aceitam pix pra calca saruel silvia resposta preco estoque e pagamento
faq_xlsx,,faq_bia,"PERGUNTA: A BLUSA MOLONA tá em promoção? || RESPOSTA: Preço, Estoque e Pagamento",pergunta a blusa molona ta em promocao resposta preco estoque e pagamento
faq_xlsx,,faq_bia,"PERGUNTA: Dá pra parcelar a CALÇA COOL sem juros? || RESPOSTA: Preço, Estoque e Pagamento",pergunta da pra parcelar a calca cool sem juros resposta preco estoque e pagamento
faq_xlsx,,faq_bia,"PERGUNTA: A REGATA PREGAS JERSEY tem desconto à vista? || RESPOSTA: Preço, Estoque e Pagamento",pergunta a regata pregas jersey tem desconto a vista resposta preco estoque e pagamento
faq_xlsx,,faq_bia,"PERGUNTA: Tem estoque da SAIA ACINTURANTE no tamanho M? || RESPOSTA: Preço, Estoque e Pagamento",pergunta tem estoque da saia acinturante no tamanho m resposta preco estoque e pagamento
faq_xlsx,,faq_bia,"PERGUNTA: Aceitam Pix pra TRENCH FÁCIL? || RESPOSTA: Preço, Estoque e Pagamento",pergunta aceitam pix pra trench facil resposta preco estoque e pagamento
faq_xlsx,,faq_bia,"PERGUNTA: A CAMISA VIAJANTE tá em promoção? || RESPOSTA: Preço, Estoque e Pagamento",pergunta a camisa viajante ta em promocao resposta preco estoque e pagamento
faq_xlsx,,faq_bia,"PERGUNTA: Dá pra parcelar a SAIA TECH sem juros? || RESPOSTA: Preço, Estoque e Pagamento",pergunta da pra parcelar a saia tech sem juros resposta preco estoque e pagamento
faq_xlsx,,faq_bia,"PERGUNTA: A BOLSA ANDA SOZINHA tem desconto à vista? || RESPOSTA: Preço, Estoque e Pagamento",pergunta a bolsa anda sozinha tem desconto a vista resposta preco estoque e pagamento
faq_xlsx,,faq_bia,"PERGUNTA: Tem estoque da CAMISA DE RESPONSA no tamanho M? || RESPOSTA: Preço, Estoque e Pagamento",pergunta tem estoque da camisa de responsa no tamanho m resposta preco estoque e pagamento
faq_xlsx,,faq_bia,"PERGUNTA: Aceitam Pix pra CALÇA SARUEL SILVIA? || RESPOSTA: Preço, Estoque e Pagamento",pergunta aceitam pix pra calca saruel silvia resposta preco estoque e pagamento
faq_xlsx,,faq_bia,"PERGUNTA: A BLUSA MOLONA tá em promoção? || RESPOSTA: Preço, Estoque e Pagamento",pergunta a blusa molona ta em promocao resposta preco estoque e pagamento
faq_xlsx,,faq_bia,"PERGUNTA: Dá pra parcelar a CALÇA COOL sem juros? || RESPOSTA: Preço, Estoque e Pagamento",pergunta da pra parcelar a calca cool sem juros resposta preco estoque e pagamento
faq_xlsx,,faq_bia,"PERGUNTA: A REGATA PREGAS JERSEY tem desconto à vista? || RESPOSTA: Preço, Estoque e Pagamento",pergunta a regata pregas jersey tem desconto a vista resposta preco estoque e pagamento
faq_xlsx,,faq_bia,"PERGUNTA: Tem estoque da SAIA ACINTURANTE no tamanho M? || RESPOSTA: Preço, Estoque e Pagamento",pergunta tem estoque da saia acinturante no tamanho m resposta preco estoque e pagamento
faq_xlsx,,faq_bia,"PERGUNTA: Aceitam Pix pra TRENCH FÁCIL? || RESPOSTA: Preço, Estoque e Pagamento",pergunta aceitam pix pra trench facil resposta preco estoque e pagamento
faq_xlsx,,faq_bia,"PERGUNTA: A CAMISA VIAJANTE tá em promoção? || RESPOSTA: Preço, Estoque e Pagamento",pergunta a camisa viajante ta em promocao resposta preco estoque e pagamento
faq_xlsx,,faq_bia,"PERGUNTA: Dá pra parcelar a SAIA TECH sem juros? || RESPOSTA: Preço, Estoque e Pagamento",pergunta da pra parcelar a saia tech sem juros resposta preco estoque e pagamento
faq_xlsx,,faq_bia,"PERGUNTA: A BOLSA ANDA SOZINHA tem desconto à vista? || RESPOSTA: Preço, Estoque e Pagamento",pergunta a bolsa anda sozinha tem desconto a vista resposta preco estoque e pagamento
faq_xlsx,,faq_bia,"PERGUNTA: Tem estoque da CAMISA DE RESPONSA no tamanho M? || RESPOSTA: Preço, Estoque e Pagamento",pergunta tem estoque da camisa de responsa no tamanho m resposta preco estoque e pagamento
faq_xlsx,,faq_bia,"PERGUNTA: Aceitam Pix pra CALÇA SARUEL SILVIA? || RESPOSTA: Preço, Estoque e Pagamento",pergunta aceitam pix pra calca saruel silvia resposta preco estoque e pagamento
faq_xlsx,,faq_bia,PERGUNTA: A BLUSA MOLONA é feita no Brasil? || RESPOSTA: Extras e Institucional,pergunta a blusa molona e feita no brasil resposta extras e institucional
faq_xlsx,,faq_bia,PERGUNTA: Vocês têm loja física pra ver a CALÇA COOL? || RESPOSTA: Extras e Institucional,pergunta voces tem loja fisica pra ver a calca cool resposta extras e institucional
faq_xlsx,,faq_bia,PERGUNTA: Posso indicar a REGATA PREGAS JERSEY pra alguém? || RESPOSTA: Extras e Institucional,pergunta posso indicar a regata pregas jersey pra alguem resposta extras e institucional
faq_xlsx,,faq_bia,PERGUNTA: A SAIA ACINTURANTE é slow fashion? || RESPOSTA: Extras e Institucional,pergunta a saia acinturante e slow fashion resposta extras e institucional
faq_xlsx,,faq_bia,PERGUNTA: Quem faz a TRENCH FÁCIL? || RESPOSTA: Extras e Institucional,pergunta quem faz a trench facil resposta extras e institucional
faq_xlsx,,faq_bia,PERGUNTA: A CAMISA VIAJANTE é feita no Brasil? || RESPOSTA: Extras e Institucional,pergunta a camisa viajante e feita no brasil resposta extras e institucional
faq_xlsx,,faq_bia,PERGUNTA: Vocês têm loja física pra ver a SAIA TECH? || RESPOSTA: Extras e Institucional,pergunta voces tem loja fisica pra ver a saia tech resposta extras e institucional
faq_xlsx,,faq_bia,PERGUNTA: Posso indicar a BOLSA ANDA SOZINHA pra alguém? || RESPOSTA: Extras e Institucional,pergunta posso indicar a bolsa anda sozinha pra alguem resposta extras e institucional
faq_xlsx,,faq_bia,PERGUNTA: A CAMISA DE RESPONSA é slow fashion? || RESPOSTA: Extras e Institucional,pergunta a camisa de responsa e slow fashion resposta extras e institucional
faq_xlsx,,faq_bia,PERGUNTA: Quem faz a CALÇA SARUEL SILVIA? || RESPOSTA: Extras e Institucional,pergunta quem faz a calca saruel silvia resposta extras e institucional
faq_pdf,,faq_pdf,Perguntas,perguntas
faq_pdf,,faq_pdf,frequentes,frequentes
faq_pdf,,faq_pdf,de,de
faq_pdf,,faq_pdf,clientes:,clientes
faq_pdf,,faq_pdf,TAMANHO/,tamanho
faq_pdf,,faq_pdf,MODELAGEM:,modelagem
faq_pdf,,faq_pdf,1-,<num>
faq_pdf,,faq_pdf,(VESTIDO,vestido
faq_pdf,,faq_pdf,INVERNAL),invernal
faq_pdf,,faq_pdf,“Você,voce
faq_pdf,,faq_pdf,pode,pode
faq_pdf,,faq_pdf,me,me
faq_pdf,,faq_pdf,ajudar,ajudar
faq_pdf,,faq_pdf,com,com
faq_pdf,,faq_pdf,a,a
faq_pdf,,faq_pdf,escolha,escolha
faq_pdf,,faq_pdf,do,do
faq_pdf,,faq_pdf,tamanho,tamanho
faq_pdf,,faq_pdf,da,da
faq_pdf,,faq_pdf,peça?,peca
faq_pdf,,faq_pdf,Gostei,gostei
faq_pdf,,faq_pdf,muito,muito
faq_pdf,,faq_pdf,deste,deste
faq_pdf,,faq_pdf,"vestido,",vestido
faq_pdf,,faq_pdf,tenho,tenho
faq_pdf,,faq_pdf,90cm,<num> cm
faq_pdf,,faq_pdf,de,de
faq_pdf,,faq_pdf,busto,busto
faq_pdf,,faq_pdf,76,<num>
faq_pdf,,faq_pdf,cm,cm
faq_pdf,,faq_pdf,de,de
faq_pdf,,faq_pdf,cintura,cintura
faq_pdf,,faq_pdf,96,<num>
faq_pdf,,faq_pdf,cm,cm
faq_pdf,,faq_pdf,de,de
faq_pdf,,faq_pdf,quadril,quadril
faq_pdf,,faq_pdf,Meço,meco
faq_pdf,,faq_pdf,"1,72m",<num> <num> m
faq_pdf,,faq_pdf,Qual,qual
faq_pdf,,faq_pdf,seria,seria
faq_pdf,,faq_pdf,o,o
faq_pdf,,faq_pdf,tamanho,tamanho
faq_pdf,,faq_pdf,para,para
faq_pdf,,faq_pdf,comprar?”,comprar
faq_pdf,,faq_pdf,—------------------------------------------------------------------------------------------------------------------------,
faq_pdf,,faq_pdf,2-,<num>
faq_pdf,,faq_pdf,(BLUSA,blusa
faq_pdf,,faq_pdf,BÁSICA,basica
faq_pdf,,faq_pdf,EU?!),eu
faq_pdf,,faq_pdf,“Quero,quero
faq_pdf,,faq_pdf,comprar,comprar
faq_pdf,,faq_pdf,esta,esta
faq_pdf,,faq_pdf,blusa,blusa
faq_pdf,,faq_pdf,mas,mas
faq_pdf,,faq_pdf,tenho,tenho
faq_pdf,,faq_pdf,dúvida,duvida
faq_pdf,,faq_pdf,com,com
faq_pdf,,faq_pdf,minha,minha
faq_pdf,,faq_pdf,medida,medida
faq_pdf,,faq_pdf,.,
faq_pdf,,faq_pdf,Meu,meu
faq_pdf,,faq_pdf,busto,busto
faq_pdf,,faq_pdf,tem,tem
faq_pdf,,faq_pdf,medida,medida
faq_pdf,,faq_pdf,de,de
faq_pdf,,faq_pdf,100cm,<num> cm
faq_pdf,,faq_pdf,(medida,medida
faq_pdf,,faq_pdf,pela,pela
faq_pdf,,faq_pdf,circunferência,circunferencia
faq_pdf,,faq_pdf,).,
faq_pdf,,faq_pdf,Qual,qual
faq_pdf,,faq_pdf,o,o
faq_pdf,,faq_pdf,melhor,melhor
faq_pdf,,faq_pdf,tamanho?”,tamanho
faq_pdf,,faq_pdf,—------------------------------------------------------------------------------------------------------------------------,
faq_pdf,,faq_pdf,3-,<num>
faq_pdf,,faq_pdf,(A,a
faq_pdf,,faq_pdf,CAMISA,camisa
faq_pdf,,faq_pdf,BRANCA),branca
faq_pdf,,faq_pdf,“,
faq_pdf,,faq_pdf,Bom,bom
faq_pdf,,faq_pdf,dia.,dia
faq_pdf,,faq_pdf,Gostaria,gostaria
faq_pdf,,faq_pdf,de,de
faq_pdf,,faq_pdf,tirar,tirar
faq_pdf,,faq_pdf,uma,uma
faq_pdf,,faq_pdf,dúvida,duvida
faq_pdf,,faq_pdf,sobre,sobre
faq_pdf,,faq_pdf,A,a
faq_pdf,,faq_pdf,CAMISA,camisa
faq_pdf,,faq_pdf,BRANCA,branca
faq_pdf,,faq_pdf,MyBasic,mybasic
faq_pdf,,faq_pdf,SKU,sku
faq_pdf,,faq_pdf,MB006005GG.,mb <num> gg
faq_pdf,,faq_pdf,Nas,nas
faq_pdf,,faq_pdf,medidas,medidas
faq_pdf,,faq_pdf,do,do
faq_pdf,,faq_pdf,busto,busto
faq_pdf,,faq_pdf,aparece,aparece
faq_pdf,,faq_pdf,P73,p <num>
faq_pdf,,faq_pdf,e,e
faq_pdf,,faq_pdf,"M75,5.",m <num> <num>
faq_pdf,,faq_pdf,Não,nao
faq_pdf,,faq_pdf,entendi,entendi
faq_pdf,,faq_pdf,"pq,",pq
faq_pdf,,faq_pdf,em,em
faq_pdf,,faq_pdf,"regra,",regra
faq_pdf,,faq_pdf,as,as
faq_pdf,,faq_pdf,medidas,medidas
faq_pdf,,faq_pdf,são,sao
faq_pdf,,faq_pdf,na,na
faq_pdf,,faq_pdf,casa,casa
faq_pdf,,faq_pdf,dos,dos
faq_pdf,,faq_pdf,90cm.,<num> cm
faq_pdf,,faq_pdf,Minhas,minhas
faq_pdf,,faq_pdf,medidas:,medidas
faq_pdf,,faq_pdf,93,<num>
faq_pdf,,faq_pdf,cm,cm
faq_pdf,,faq_pdf,de,de
faq_pdf,,faq_pdf,busto,busto
faq_pdf,,faq_pdf,78,<num>
faq_pdf,,faq_pdf,cm,cm
faq_pdf,,faq_pdf,de,de
faq_pdf,,faq_pdf,cintura,cintura
faq_pdf,,faq_pdf,98,<num>
faq_pdf,,faq_pdf,cm,cm
faq_pdf,,faq_pdf,de,de
faq_pdf,,faq_pdf,quadril,quadril
faq_pdf,,faq_pdf,O,o
faq_pdf,,faq_pdf,modelo,modelo
faq_pdf,,faq_pdf,é,e
faq_pdf,,faq_pdf,"amplo,",amplo
faq_pdf,,faq_pdf,né.,ne
faq_pdf,,faq_pdf,Pra,pra
faq_pdf,,faq_pdf,ficar,ficar
faq_pdf,,faq_pdf,"soltinha,",soltinha
faq_pdf,,faq_pdf,como,como
faq_pdf,,faq_pdf,na,na
faq_pdf,,faq_pdf,foto,foto
faq_pdf,,faq_pdf,da,da
faq_pdf,,faq_pdf,"Bia,",bia
faq_pdf,,faq_pdf,pra,pra
faq_pdf,,faq_pdf,mim,mim
faq_pdf,,faq_pdf,seria,seria
faq_pdf,,faq_pdf,GG?”,gg
faq_pdf,,faq_pdf,—------------------------------------------------------------------------------------------------------------------------,
faq_pdf,,faq_pdf,4-,<num>
faq_pdf,,faq_pdf,(TRENCH,trench
faq_pdf,,faq_pdf,FÁCIL),facil
faq_pdf,,faq_pdf,“Oie!!,oie
faq_pdf,,faq_pdf,Vocês,voces
faq_pdf,,faq_pdf,tem,tem
faq_pdf,,faq_pdf,aquele,aquele
faq_pdf,,faq_pdf,trench,trench
faq_pdf,,faq_pdf,coat,coat
faq_pdf,,faq_pdf,verde,verde
faq_pdf,,faq_pdf,no,no
faq_pdf,,faq_pdf,tamanho,tamanho
faq_pdf,,faq_pdf,P?,p
faq_pdf,,faq_pdf,Ele,ele
faq_pdf,,faq_pdf,é,e
faq_pdf,,faq_pdf,quente?”,quente
faq_pdf,,faq_pdf,—------------------------------------------------------------------------------------------------------------------------,
faq_pdf,,faq_pdf,5-,<num>
faq_pdf,,faq_pdf,(BOLSA,bolsa
faq_pdf,,faq_pdf,ANDA,anda
faq_pdf,,faq_pdf,SOZINHA),sozinha
faq_pdf,,faq_pdf,"“Oi,",oi
faq_pdf,,faq_pdf,"Ana,",ana
faq_pdf,,faq_pdf,tudo,tudo
faq_pdf,,faq_pdf,bem?,bem
faq_pdf,,faq_pdf,Sou,sou
faq_pdf,,faq_pdf,a,a
faq_pdf,,faq_pdf,"Flo,",flo
faq_pdf,,faq_pdf,pedi,pedi
faq_pdf,,faq_pdf,informações,informacoes
faq_pdf,,faq_pdf,da,da
faq_pdf,,faq_pdf,bolsa,bolsa
faq_pdf,,faq_pdf,preta,preta
faq_pdf,,faq_pdf,da,da
faq_pdf,,faq_pdf,Guarda,guarda
faq_pdf,,faq_pdf,Mundo,mundo
faq_pdf,,faq_pdf,por,por
faq_pdf,,faq_pdf,instagram-,instagram
faq_pdf,,faq_pdf,minhas,minhas
faq_pdf,,faq_pdf,dúvidas,duvidas
faq_pdf,,faq_pdf,são:,sao
faq_pdf,,faq_pdf,ela,ela
faq_pdf,,faq_pdf,é,e
faq_pdf,,faq_pdf,molenga,molenga
faq_pdf,,faq_pdf,ou,ou
faq_pdf,,faq_pdf,estruturada?,estruturada
faq_pdf,,faq_pdf,ela,ela
faq_pdf,,faq_pdf,tem,tem
faq_pdf,,faq_pdf,fecho?,fecho
faq_pdf,,faq_pdf,–,
faq_pdf,,faq_pdf,“...mas,mas
faq_pdf,,faq_pdf,"tipo,",tipo
faq_pdf,,faq_pdf,se,se
faq_pdf,,faq_pdf,eu,eu
faq_pdf,,faq_pdf,deixa-la,deixa la
faq_pdf,,faq_pdf,de,de
faq_pdf,,faq_pdf,"pé,",pe
faq_pdf,,faq_pdf,ela,ela
faq_pdf,,faq_pdf,cai,cai
faq_pdf,,faq_pdf,ou,ou
faq_pdf,,faq_pdf,fica?,fica
faq_pdf,,faq_pdf,hahaha”,hahaha
faq_pdf,,faq_pdf,FRETES/,fretes
faq_pdf,,faq_pdf,ENTREGA/DEVOLUÇÃO:,entrega devolucao
faq_pdf,,faq_pdf,"“Excelente,",excelente
faq_pdf,,faq_pdf,pq,pq
faq_pdf,,faq_pdf,tenho,tenho
faq_pdf,,faq_pdf,uma,uma
faq_pdf,,faq_pdf,festa,festa
faq_pdf,,faq_pdf,e,e
faq_pdf,,faq_pdf,gostaria,gostaria
faq_pdf,,faq_pdf,muito,muito
faq_pdf,,faq_pdf,de,de
faq_pdf,,faq_pdf,"usar,",usar
faq_pdf,,faq_pdf,Vc,vc
faq_pdf,,faq_pdf,saberia,saberia
faq_pdf,,faq_pdf,me,me
faq_pdf,,faq_pdf,dizer,dizer
faq_pdf,,faq_pdf,quando,quando
faq_pdf,,faq_pdf,entregaria?”,entregaria
faq_pdf,,faq_pdf,“Vou,vou
faq_pdf,,faq_pdf,receber,receber
faq_pdf,,faq_pdf,email,email
faq_pdf,,faq_pdf,com,com
faq_pdf,,faq_pdf,o,o
faq_pdf,,faq_pdf,código,codigo
faq_pdf,,faq_pdf,de,de
faq_pdf,,faq_pdf,rastreamento?”,rastreamento
faq_pdf,,faq_pdf,“Vou,vou
faq_pdf,,faq_pdf,tentar,tentar
faq_pdf,,faq_pdf,então.,entao
faq_pdf,,faq_pdf,Se,se
faq_pdf,,faq_pdf,não,nao
faq_pdf,,faq_pdf,ficar,ficar
faq_pdf,,faq_pdf,"boa,",boa
faq_pdf,,faq_pdf,posso,posso
faq_pdf,,faq_pdf,"devolver,",devolver
faq_pdf,,faq_pdf,certo?”,certo
faq_pdf,,faq_pdf,ONDE,onde
faq_pdf,,faq_pdf,COMPRAR:,comprar
faq_pdf,,faq_pdf,"“Oiiiii,",oiiiii
faq_pdf,,faq_pdf,posso,posso
faq_pdf,,faq_pdf,comprar,comprar
faq_pdf,,faq_pdf,uma,uma
faq_pdf,,faq_pdf,bota,bota
faq_pdf,,faq_pdf,com,com
faq_pdf,,faq_pdf,vcs?”,vcs
faq_pdf,,faq_pdf,“Compro,compro
faq_pdf,,faq_pdf,pelo,pelo
faq_pdf,,faq_pdf,site,site
faq_pdf,,faq_pdf,ou,ou
faq_pdf,,faq_pdf,pode,pode
faq_pdf,,faq_pdf,ser,ser
faq_pdf,,faq_pdf,por,por
faq_pdf,,faq_pdf,aqui?”,aqui
faq_pdf,,faq_pdf,“Boa,boa
faq_pdf,,faq_pdf,tarde!,tarde
faq_pdf,,faq_pdf,Como,como
faq_pdf,,faq_pdf,eu,eu
faq_pdf,,faq_pdf,faço,faco
faq_pdf,,faq_pdf,para,para
faq_pdf,,faq_pdf,comprar,comprar
faq_pdf,,faq_pdf,a,a
faq_pdf,,faq_pdf,camisa,camisa
faq_pdf,,faq_pdf,viajante?”,viajante
faq_pdf,,faq_pdf,ERROS,erros
faq_pdf,,faq_pdf,"“Oi,",oi
faq_pdf,,faq_pdf,bom,bom
faq_pdf,,faq_pdf,dia.,dia
faq_pdf,,faq_pdf,Passando,passando
faq_pdf,,faq_pdf,só,so
faq_pdf,,faq_pdf,para,para
faq_pdf,,faq_pdf,avisar,avisar
faq_pdf,,faq_pdf,que,que
faq_pdf,,faq_pdf,continuo,continuo
faq_pdf,,faq_pdf,sem,sem
faq_pdf,,faq_pdf,conseguir,conseguir
faq_pdf,,faq_pdf,comprar,comprar
faq_pdf,,faq_pdf,na,na
faq_pdf,,faq_pdf,plataforma,plataforma
faq_pdf,,faq_pdf,de,de
faq_pdf,,faq_pdf,vcs.,vcs
faq_pdf,,faq_pdf,Dá,da
faq_pdf,,faq_pdf,erro,erro
faq_pdf,,faq_pdf,de,de
faq_pdf,,faq_pdf,senha.,senha
faq_pdf,,faq_pdf,Peço,peco
faq_pdf,,faq_pdf,para,para
faq_pdf,,faq_pdf,enviar,enviar
faq_pdf,,faq_pdf,email,email
faq_pdf,,faq_pdf,fazer,fazer
faq_pdf,,faq_pdf,uma,uma
faq_pdf,,faq_pdf,nova,nova
faq_pdf,,faq_pdf,e,e
faq_pdf,,faq_pdf,esse,esse
faq_pdf,,faq_pdf,e-mail,e mail
faq_pdf,,faq_pdf,nunca,nunca
faq_pdf,,faq_pdf,chega.,chega
faq_pdf,,faq_pdf,Uma,uma
faq_pdf,,faq_pdf,pena!!!,pena
faq_pdf,,faq_pdf,Mas,mas
faq_pdf,,faq_pdf,os,os
faq_pdf,,faq_pdf,emails,emails
faq_pdf,,faq_pdf,de,de
faq_pdf,,faq_pdf,publicidade,publicidade
faq_pdf,,faq_pdf,de,de
faq_pdf,,faq_pdf,vcs,vcs
faq_pdf,,faq_pdf,eu,eu
faq_pdf,,faq_pdf,recebo.”,recebo
faq_pdf,,faq_pdf,●,
faq_pdf,,faq_pdf,(STORIES,stories
faq_pdf,,faq_pdf,SAIA,saia
faq_pdf,,faq_pdf,ALONGADORA,alongadora
faq_pdf,,faq_pdf,01/07):,<num> <num>
faq_pdf,,faq_pdf,✅,
faq_pdf,,faq_pdf,PERGUNTA,pergunta
faq_pdf,,faq_pdf,INVENTADA,inventada
faq_pdf,,faq_pdf,(cliente,cliente
faq_pdf,,faq_pdf,no,no
faq_pdf,,faq_pdf,chat,chat
faq_pdf,,faq_pdf,do,do
faq_pdf,,faq_pdf,Curadobia):,curadobia
faq_pdf,,faq_pdf,“Comprei,comprei
faq_pdf,,faq_pdf,uma,uma
faq_pdf,,faq_pdf,saia,saia
faq_pdf,,faq_pdf,mais,mais
faq_pdf,,faq_pdf,"arrumadinha,",arrumadinha
faq_pdf,,faq_pdf,dessas,dessas
faq_pdf,,faq_pdf,que,que
faq_pdf,,faq_pdf,a,a
faq_pdf,,faq_pdf,gente,gente
faq_pdf,,faq_pdf,usaria,usaria
faq_pdf,,faq_pdf,num,num
faq_pdf,,faq_pdf,"jantarzinho,",jantarzinho
faq_pdf,,faq_pdf,sabe?,sabe
faq_pdf,,faq_pdf,Mas,mas
faq_pdf,,faq_pdf,queria,queria
faq_pdf,,faq_pdf,muito,muito
faq_pdf,,faq_pdf,usar,usar
faq_pdf,,faq_pdf,no,no
faq_pdf,,faq_pdf,dia,dia
faq_pdf,,faq_pdf,a,a
faq_pdf,,faq_pdf,dia,dia
faq_pdf,,faq_pdf,também.,tambem
faq_pdf,,faq_pdf,Tem,tem
faq_pdf,,faq_pdf,algum,algum
faq_pdf,,faq_pdf,jeito,jeito
faq_pdf,,faq_pdf,de,de
faq_pdf,,faq_pdf,deixar,deixar
faq_pdf,,faq_pdf,ela,ela
faq_pdf,,faq_pdf,mais,mais
faq_pdf,,faq_pdf,casual,casual
faq_pdf,,faq_pdf,sem,sem
faq_pdf,,faq_pdf,perder,perder
faq_pdf,,faq_pdf,o,o
faq_pdf,,faq_pdf,charme?”,charme
faq_pdf,,faq_pdf,💬,
faq_pdf,,faq_pdf,RESPOSTA,resposta
faq_pdf,,faq_pdf,NO,no
faq_pdf,,faq_pdf,ESTILO,estilo
faq_pdf,,faq_pdf,DA,da
faq_pdf,,faq_pdf,BIA:,bia
faq_pdf,,faq_pdf,“Amooo,amooo
faq_pdf,,faq_pdf,quando,quando
faq_pdf,,faq_pdf,a,a
faq_pdf,,faq_pdf,gente,gente
faq_pdf,,faq_pdf,consegue,consegue
faq_pdf,,faq_pdf,tirar,tirar
faq_pdf,,faq_pdf,a,a
faq_pdf,,faq_pdf,saia,saia
faq_pdf,,faq_pdf,da,da
faq_pdf,,faq_pdf,‘prateleira,prateleira
faq_pdf,,faq_pdf,do,do
faq_pdf,,faq_pdf,jantarzinho,jantarzinho
faq_pdf,,faq_pdf,chique’,chique
faq_pdf,,faq_pdf,e,e
faq_pdf,,faq_pdf,fazer,fazer
faq_pdf,,faq_pdf,ela,ela
faq_pdf,,faq_pdf,render,render
faq_pdf,,faq_pdf,horrores,horrores
faq_pdf,,faq_pdf,no,no
faq_pdf,,faq_pdf,"armário,",armario
faq_pdf,,faq_pdf,sabe?,sabe
faq_pdf,,faq_pdf,O,o
faq_pdf,,faq_pdf,segredo,segredo
faq_pdf,,faq_pdf,tá,ta
faq_pdf,,faq_pdf,na,na
faq_pdf,,faq_pdf,proporção,proporcao
faq_pdf,,faq_pdf,.,
faq_pdf,,faq_pdf,Essas,essas
faq_pdf,,faq_pdf,saias,saias
faq_pdf,,faq_pdf,mais,mais
faq_pdf,,faq_pdf,arrumadinhas,arrumadinhas
faq_pdf,,faq_pdf,no,no
faq_pdf,,faq_pdf,quadril,quadril
faq_pdf,,faq_pdf,e,e
faq_pdf,,faq_pdf,abertas,abertas
faq_pdf,,faq_pdf,embaixo,embaixo
faq_pdf,,faq_pdf,ganham,ganham
faq_pdf,,faq_pdf,outra,outra
faq_pdf,,faq_pdf,vibe,vibe
faq_pdf,,faq_pdf,quando,quando
faq_pdf,,faq_pdf,a,a
faq_pdf,,faq_pdf,gente,gente
faq_pdf,,faq_pdf,joga,joga
faq_pdf,,faq_pdf,um,um
faq_pdf,,faq_pdf,tricô,trico
faq_pdf,,faq_pdf,bem,bem
faq_pdf,,faq_pdf,jogadão,jogadao
faq_pdf,,faq_pdf,por,por
faq_pdf,,faq_pdf,cima,cima
faq_pdf,,faq_pdf,ou,ou
faq_pdf,,faq_pdf,um,um
faq_pdf,,faq_pdf,casaco,casaco
faq_pdf,,faq_pdf,grandão,grandao
faq_pdf,,faq_pdf,",",
faq_pdf,,faq_pdf,ela,ela
faq_pdf,,faq_pdf,quase,quase
faq_pdf,,faq_pdf,vira,vira
faq_pdf,,faq_pdf,uma,uma
faq_pdf,,faq_pdf,pantalona,pantalona
faq_pdf,,faq_pdf,chic!,chic
faq_pdf,,faq_pdf,Aí,ai
faq_pdf,,faq_pdf,você,voce
faq_pdf,,faq_pdf,brinca,brinca
faq_pdf,,faq_pdf,com,com
faq_pdf,,faq_pdf,os,os
faq_pdf,,faq_pdf,pés:,pes
faq_pdf,,faq_pdf,"bota,",bota
faq_pdf,,faq_pdf,tênis,tenis
faq_pdf,,faq_pdf,de,de
faq_pdf,,faq_pdf,cano,cano
faq_pdf,,faq_pdf,"alto,",alto
faq_pdf,,faq_pdf,meia,meia
faq_pdf,,faq_pdf,preta,preta
faq_pdf,,faq_pdf,pra,pra
faq_pdf,,faq_pdf,dar,dar
faq_pdf,,faq_pdf,continuidade,continuidade
faq_pdf,,faq_pdf,",",
faq_pdf,,faq_pdf,tudo,tudo
faq_pdf,,faq_pdf,pra,pra
faq_pdf,,faq_pdf,alongar.,alongar
faq_pdf,,faq_pdf,E,e
faq_pdf,,faq_pdf,mesmo,mesmo
faq_pdf,,faq_pdf,se,se
faq_pdf,,faq_pdf,ela,ela
faq_pdf,,faq_pdf,não,nao
faq_pdf,,faq_pdf,for,for
faq_pdf,,faq_pdf,longona,longona
faq_pdf,,faq_pdf,em,em
faq_pdf,,faq_pdf,você,voce
faq_pdf,,faq_pdf,(tipo,tipo
faq_pdf,,faq_pdf,"eu,",eu
faq_pdf,,faq_pdf,que,que
faq_pdf,,faq_pdf,sou,sou
faq_pdf,,faq_pdf,gigante,gigante
faq_pdf,,faq_pdf,"hahaha),",hahaha
faq_pdf,,faq_pdf,funciona,funciona
faq_pdf,,faq_pdf,igual.,igual
faq_pdf,,faq_pdf,A,a
faq_pdf,,faq_pdf,ideia,ideia
faq_pdf,,faq_pdf,é,e
faq_pdf,,faq_pdf,sair,sair
faq_pdf,,faq_pdf,do,do
faq_pdf,,faq_pdf,óbvio,obvio
faq_pdf,,faq_pdf,e,e
faq_pdf,,faq_pdf,parar,parar
faq_pdf,,faq_pdf,de,de
faq_pdf,,faq_pdf,comprar,comprar
faq_pdf,,faq_pdf,roupa,roupa
faq_pdf,,faq_pdf,com,com
faq_pdf,,faq_pdf,CPF,cpf
faq_pdf,,faq_pdf,de,de
faq_pdf,,faq_pdf,evento,evento
faq_pdf,,faq_pdf,"único,",unico
faq_pdf,,faq_pdf,né?”,ne
faq_pdf,,faq_pdf,🧩,
faq_pdf,,faq_pdf,VOCABULÁRIO,vocabulario
faq_pdf,,faq_pdf,DA,da
faq_pdf,,faq_pdf,BIA,bia
faq_pdf,,faq_pdf,●,
faq_pdf,,faq_pdf,“prateleira,prateleira
faq_pdf,,faq_pdf,do,do
faq_pdf,,faq_pdf,jantarzinho,jantarzinho
faq_pdf,,faq_pdf,chique”,chique
faq_pdf,,faq_pdf,●,
faq_pdf,,faq_pdf,“fazer,fazer
faq_pdf,,faq_pdf,render,render
faq_pdf,,faq_pdf,horrores,horrores
faq_pdf,,faq_pdf,no,no
faq_pdf,,faq_pdf,armário”,armario
faq_pdf,,faq_pdf,●,
faq_pdf,,faq_pdf,“arrumadinha,arrumadinha
faq_pdf,,faq_pdf,no,no
faq_pdf,,faq_pdf,quadril”,quadril
faq_pdf,,faq_pdf,●,
faq_pdf,,faq_pdf,“tricô,trico
faq_pdf,,faq_pdf,jogadão”,jogadao
faq_pdf,,faq_pdf,●,
faq_pdf,,faq_pdf,“casaco,casaco
faq_pdf,,faq_pdf,grandão”,grandao
faq_pdf,,faq_pdf,●,
faq_pdf,,faq_pdf,“vira,vira
faq_pdf,,faq_pdf,uma,uma
faq_pdf,,faq_pdf,pantalona,pantalona
faq_pdf,,faq_pdf,chic”,chic
faq_pdf,,faq_pdf,●,
faq_pdf,,faq_pdf,“brincar,brincar
faq_pdf,,faq_pdf,com,com
faq_pdf,,faq_pdf,os,os
faq_pdf,,faq_pdf,pés”,pes
faq_pdf,,faq_pdf,●,
faq_pdf,,faq_pdf,“meia,meia
faq_pdf,,faq_pdf,preta,preta
faq_pdf,,faq_pdf,pra,pra
faq_pdf,,faq_pdf,dar,dar
faq_pdf,,faq_pdf,continuidade”,continuidade
faq_pdf,,faq_pdf,●,
faq_pdf,,faq_pdf,“longona”,longona
faq_pdf,,faq_pdf,●,
faq_pdf,,faq_pdf,“roupa,roupa
faq_pdf,,faq_pdf,com,com
faq_pdf,,faq_pdf,CPF,cpf
faq_pdf,,faq_pdf,de,de
faq_pdf,,faq_pdf,evento,evento
faq_pdf,,faq_pdf,único”,unico
faq_pdf,,faq_pdf,●,
faq_pdf,,faq_pdf,(REELS,reels
faq_pdf,,faq_pdf,22,<num>
faq_pdf,,faq_pdf,JUNHO,junho
faq_pdf,,faq_pdf,DE,de
faq_pdf,,faq_pdf,ACESSÓRIOS),acessorios
faq_pdf,,faq_pdf,✅,
faq_pdf,,faq_pdf,PERGUNTAS,perguntas
faq_pdf,,faq_pdf,INVENTADAS,inventadas
faq_pdf,,faq_pdf,(cliente,cliente
faq_pdf,,faq_pdf,no,no
faq_pdf,,faq_pdf,chat,chat
faq_pdf,,faq_pdf,do,do
faq_pdf,,faq_pdf,Curadobia):,curadobia
faq_pdf,,faq_pdf,1.,<num>
faq_pdf,,faq_pdf,“Queria,queria
faq_pdf,,faq_pdf,um,um
faq_pdf,,faq_pdf,brinco,brinco
faq_pdf,,faq_pdf,que,que
faq_pdf,,faq_pdf,já,ja
faq_pdf,,faq_pdf,resolvesse,resolvesse
faq_pdf,,faq_pdf,o,o
faq_pdf,,faq_pdf,look,look
faq_pdf,,faq_pdf,sem,sem
faq_pdf,,faq_pdf,muito,muito
faq_pdf,,faq_pdf,"esforço,",esforco
faq_pdf,,faq_pdf,sabe?,sabe
faq_pdf,,faq_pdf,Alguma,alguma
faq_pdf,,faq_pdf,sugestão?”,sugestao
faq_pdf,,faq_pdf,2.,<num>
faq_pdf,,faq_pdf,“Essas,essas
faq_pdf,,faq_pdf,chokers,chokers
faq_pdf,,faq_pdf,que,que
faq_pdf,,faq_pdf,vocês,voces
faq_pdf,,faq_pdf,vendem,vendem
faq_pdf,,faq_pdf,são,sao
faq_pdf,,faq_pdf,confortáveis?,confortaveis
faq_pdf,,faq_pdf,Sempre,sempre
faq_pdf,,faq_pdf,acho,acho
faq_pdf,,faq_pdf,meio,meio
faq_pdf,,faq_pdf,"duras,",duras
faq_pdf,,faq_pdf,sabe?”,sabe
faq_pdf,,faq_pdf,3.,<num>
faq_pdf,,faq_pdf,“Tem,tem
faq_pdf,,faq_pdf,algum,algum
faq_pdf,,faq_pdf,acessório,acessorio
faq_pdf,,faq_pdf,que,que
faq_pdf,,faq_pdf,ajude,ajude
faq_pdf,,faq_pdf,a,a
faq_pdf,,faq_pdf,levantar,levantar
faq_pdf,,faq_pdf,um,um
faq_pdf,,faq_pdf,look,look
faq_pdf,,faq_pdf,mais,mais
faq_pdf,,faq_pdf,básico?”,basico
faq_pdf,,faq_pdf,4.,<num>
faq_pdf,,faq_pdf,“Posso,posso
faq_pdf,,faq_pdf,usar,usar
faq_pdf,,faq_pdf,colar,colar
faq_pdf,,faq_pdf,com,com
faq_pdf,,faq_pdf,decote,decote
faq_pdf,,faq_pdf,fechado,fechado
faq_pdf,,faq_pdf,ou,ou
faq_pdf,,faq_pdf,fica,fica
faq_pdf,,faq_pdf,estranho?”,estranho
faq_pdf,,faq_pdf,💬,
faq_pdf,,faq_pdf,RESPOSTAS,respostas
faq_pdf,,faq_pdf,NO,no
faq_pdf,,faq_pdf,ESTILO,estilo
faq_pdf,,faq_pdf,DA,da
faq_pdf,,faq_pdf,BIA:,bia
faq_pdf,,faq_pdf,1.,<num>
faq_pdf,,faq_pdf,Brinco,brinco
faq_pdf,,faq_pdf,prontíssima:,prontissima
faq_pdf,,faq_pdf,“Esse,esse
faq_pdf,,faq_pdf,brinco,brinco
faq_pdf,,faq_pdf,é,e
faq_pdf,,faq_pdf,da,da
faq_pdf,,faq_pdf,categoria,categoria
faq_pdf,,faq_pdf,prontíssima,prontissima
faq_pdf,,faq_pdf,:,
faq_pdf,,faq_pdf,você,voce
faq_pdf,,faq_pdf,coloca,coloca
faq_pdf,,faq_pdf,e,e
faq_pdf,,faq_pdf,a,a
faq_pdf,,faq_pdf,roupa,roupa
faq_pdf,,faq_pdf,resolve,resolve
faq_pdf,,faq_pdf,em,em
faq_pdf,,faq_pdf,dois,dois
faq_pdf,,faq_pdf,segundos!,segundos
faq_pdf,,faq_pdf,Ele,ele
faq_pdf,,faq_pdf,é,e
faq_pdf,,faq_pdf,daqueles,daqueles
faq_pdf,,faq_pdf,que,que
faq_pdf,,faq_pdf,pede,pede
faq_pdf,,faq_pdf,um,um
faq_pdf,,faq_pdf,cabelo,cabelo
faq_pdf,,faq_pdf,"preso,",preso
faq_pdf,,faq_pdf,sabe?,sabe
faq_pdf,,faq_pdf,Porque,porque
faq_pdf,,faq_pdf,já,ja
faq_pdf,,faq_pdf,tem,tem
faq_pdf,,faq_pdf,presença,presenca
faq_pdf,,faq_pdf,"suficiente,",suficiente
faq_pdf,,faq_pdf,sem,sem
faq_pdf,,faq_pdf,precisar,precisar
faq_pdf,,faq_pdf,de,de
faq_pdf,,faq_pdf,"pano,",pano
faq_pdf,,faq_pdf,"lenço,",lenco
faq_pdf,,faq_pdf,nada.,nada
faq_pdf,,faq_pdf,Leve,leve
faq_pdf,,faq_pdf,no,no
faq_pdf,,faq_pdf,"toque,",toque
faq_pdf,,faq_pdf,pesado,pesado
faq_pdf,,faq_pdf,no,no
faq_pdf,,faq_pdf,impacto,impacto
faq_pdf,,faq_pdf,visual.,visual
faq_pdf,,faq_pdf,"""",
faq_pdf,,faq_pdf,2.,<num>
faq_pdf,,faq_pdf,Choker,choker
faq_pdf,,faq_pdf,maleável:,maleavel
faq_pdf,,faq_pdf,“Choker,choker
faq_pdf,,faq_pdf,boa,boa
faq_pdf,,faq_pdf,é,e
faq_pdf,,faq_pdf,choker,choker
faq_pdf,,faq_pdf,gostosa,gostosa
faq_pdf,,faq_pdf,de,de
faq_pdf,,faq_pdf,"usar,",usar
faq_pdf,,faq_pdf,né?,ne
faq_pdf,,faq_pdf,Essa,essa
faq_pdf,,faq_pdf,aqui,aqui
faq_pdf,,faq_pdf,não,nao
faq_pdf,,faq_pdf,é,e
faq_pdf,,faq_pdf,daquelas,daquelas
faq_pdf,,faq_pdf,duras,duras
faq_pdf,,faq_pdf,que,que
faq_pdf,,faq_pdf,parecem,parecem
faq_pdf,,faq_pdf,coleira,coleira
faq_pdf,,faq_pdf,.,
faq_pdf,,faq_pdf,Ela,ela
faq_pdf,,faq_pdf,é,e
faq_pdf,,faq_pdf,"maleável,",maleavel
faq_pdf,,faq_pdf,"confortável,",confortavel
faq_pdf,,faq_pdf,fica,fica
faq_pdf,,faq_pdf,linda,linda
faq_pdf,,faq_pdf,com,com
faq_pdf,,faq_pdf,decote,decote
faq_pdf,,faq_pdf,V,v
faq_pdf,,faq_pdf,e,e
faq_pdf,,faq_pdf,ainda,ainda
faq_pdf,,faq_pdf,dá,da
faq_pdf,,faq_pdf,aquele,aquele
faq_pdf,,faq_pdf,toque,toque
faq_pdf,,faq_pdf,sensual,sensual
faq_pdf,,faq_pdf,na,na
faq_pdf,,faq_pdf,"medida.""",medida
faq_pdf,,faq_pdf,3.,<num>
faq_pdf,,faq_pdf,Bracelete,bracelete
faq_pdf,,faq_pdf,poderosão:,poderosao
faq_pdf,,faq_pdf,“Esse,esse
faq_pdf,,faq_pdf,bracelete,bracelete
faq_pdf,,faq_pdf,é,e
faq_pdf,,faq_pdf,frisão-friendly,frisao friendly
faq_pdf,,faq_pdf,",",
faq_pdf,,faq_pdf,real,real
faq_pdf,,faq_pdf,oficial.,oficial
faq_pdf,,faq_pdf,Ele,ele
faq_pdf,,faq_pdf,tem,tem
faq_pdf,,faq_pdf,estrutura,estrutura
faq_pdf,,faq_pdf,"encorpada,",encorpada
faq_pdf,,faq_pdf,o,o
faq_pdf,,faq_pdf,peso,peso
faq_pdf,,faq_pdf,certinho,certinho
faq_pdf,,faq_pdf,e,e
faq_pdf,,faq_pdf,funciona,funciona
faq_pdf,,faq_pdf,super,super
faq_pdf,,faq_pdf,bem,bem
faq_pdf,,faq_pdf,com,com
faq_pdf,,faq_pdf,texturas,texturas
faq_pdf,,faq_pdf,mais,mais
faq_pdf,,faq_pdf,grossas,grossas
faq_pdf,,faq_pdf,.,
faq_pdf,,faq_pdf,É,e
faq_pdf,,faq_pdf,aquele,aquele
faq_pdf,,faq_pdf,ponto,ponto
faq_pdf,,faq_pdf,de,de
faq_pdf,,faq_pdf,luz,luz
faq_pdf,,faq_pdf,que,que
faq_pdf,,faq_pdf,transforma,transforma
faq_pdf,,faq_pdf,o,o
faq_pdf,,faq_pdf,look,look
faq_pdf,,faq_pdf,sóbrio,sobrio
faq_pdf,,faq_pdf,e,e
faq_pdf,,faq_pdf,dá,da
faq_pdf,,faq_pdf,um,um
faq_pdf,,faq_pdf,up,up
faq_pdf,,faq_pdf,além,alem
faq_pdf,,faq_pdf,do,do
faq_pdf,,faq_pdf,esperado.”,esperado
faq_pdf,,faq_pdf,4.,<num>
faq_pdf,,faq_pdf,colar,colar
faq_pdf,,faq_pdf,resolvedor:,resolvedor
faq_pdf,,faq_pdf,“O,o
faq_pdf,,faq_pdf,colar,colar
faq_pdf,,faq_pdf,é,e
faq_pdf,,faq_pdf,resolvedor,resolvedor
faq_pdf,,faq_pdf,no,no
faq_pdf,,faq_pdf,nome,nome
faq_pdf,,faq_pdf,e,e
faq_pdf,,faq_pdf,na,na
faq_pdf,,faq_pdf,vida.,vida
faq_pdf,,faq_pdf,Ele,ele
faq_pdf,,faq_pdf,traz,traz
faq_pdf,,faq_pdf,tudo:,tudo
faq_pdf,,faq_pdf,brilho,brilho
faq_pdf,,faq_pdf,perto,perto
faq_pdf,,faq_pdf,do,do
faq_pdf,,faq_pdf,"rosto,",rosto
faq_pdf,,faq_pdf,acabamento,acabamento
faq_pdf,,faq_pdf,para,para
faq_pdf,,faq_pdf,decote,decote
faq_pdf,,faq_pdf,fechado,fechado
faq_pdf,,faq_pdf,e,e
faq_pdf,,faq_pdf,o,o
faq_pdf,,faq_pdf,efeito,efeito
faq_pdf,,faq_pdf,surpresa,surpresa
faq_pdf,,faq_pdf,com,com
faq_pdf,,faq_pdf,esse,esse
faq_pdf,,faq_pdf,pingente,pingente
faq_pdf,,faq_pdf,vazado,vazado
faq_pdf,,faq_pdf,que,que
faq_pdf,,faq_pdf,faz,faz
faq_pdf,,faq_pdf,toda,toda
faq_pdf,,faq_pdf,diferença.,diferenca
faq_pdf,,faq_pdf,É,e
faq_pdf,,faq_pdf,o,o
faq_pdf,,faq_pdf,tipo,tipo
faq_pdf,,faq_pdf,de,de
faq_pdf,,faq_pdf,acessório,acessorio
faq_pdf,,faq_pdf,que,que
faq_pdf,,faq_pdf,veste,veste
faq_pdf,,faq_pdf,com,com
faq_pdf,,faq_pdf,"presença,",presenca
faq_pdf,,faq_pdf,sem,sem
faq_pdf,,faq_pdf,"esforço.""",esforco
faq_pdf,,faq_pdf,🧩,
faq_pdf,,faq_pdf,VOCABULÁRIO,vocabulario
faq_pdf,,faq_pdf,/,
faq_pdf,,faq_pdf,EXPRESSÕES,expressoes
faq_pdf,,faq_pdf,DA,da
faq_pdf,,faq_pdf,BIA,bia
faq_pdf,,faq_pdf,NESSE,nesse
faq_pdf,,faq_pdf,CONTEÚDO:,conteudo
faq_pdf,,faq_pdf,●,
faq_pdf,,faq_pdf,“apresento,apresento
faq_pdf,,faq_pdf,acessórios,acessorios
faq_pdf,,faq_pdf,com,com
faq_pdf,,faq_pdf,tcharanz,tcharanz
faq_pdf,,faq_pdf,”,
faq_pdf,,faq_pdf,●,
faq_pdf,,faq_pdf,“brinco,brinco
faq_pdf,,faq_pdf,prontíssima”,prontissima
faq_pdf,,faq_pdf,●,
faq_pdf,,faq_pdf,“resolve,resolve
faq_pdf,,faq_pdf,a,a
faq_pdf,,faq_pdf,roupa,roupa
faq_pdf,,faq_pdf,em,em
faq_pdf,,faq_pdf,dois,dois
faq_pdf,,faq_pdf,segundos”,segundos
faq_pdf,,faq_pdf,●,
faq_pdf,,faq_pdf,“pede,pede
faq_pdf,,faq_pdf,um,um
faq_pdf,,faq_pdf,cabelo,cabelo
faq_pdf,,faq_pdf,preso”,preso
faq_pdf,,faq_pdf,●,
faq_pdf,,faq_pdf,“não,nao
faq_pdf,,faq_pdf,precisam,precisam
faq_pdf,,faq_pdf,de,de
faq_pdf,,faq_pdf,apoio,apoio
faq_pdf,,faq_pdf,extra”,extra
faq_pdf,,faq_pdf,●,
faq_pdf,,faq_pdf,“leve,leve
faq_pdf,,faq_pdf,no,no
faq_pdf,,faq_pdf,"toque,",toque
faq_pdf,,faq_pdf,pesado,pesado
faq_pdf,,faq_pdf,no,no
faq_pdf,,faq_pdf,impacto,impacto
faq_pdf,,faq_pdf,visual”,visual
faq_pdf,,faq_pdf,●,
faq_pdf,,faq_pdf,“choker,choker
faq_pdf,,faq_pdf,maleável”,maleavel
faq_pdf,,faq_pdf,●,
faq_pdf,,faq_pdf,“acessório,acessorio
faq_pdf,,faq_pdf,bom,bom
faq_pdf,,faq_pdf,é,e
faq_pdf,,faq_pdf,aquele,aquele
faq_pdf,,faq_pdf,gostoso,gostoso
faq_pdf,,faq_pdf,de,de
faq_pdf,,faq_pdf,usar”,usar
faq_pdf,,faq_pdf,●,
faq_pdf,,faq_pdf,“não,nao
faq_pdf,,faq_pdf,precisa,precisa
faq_pdf,,faq_pdf,ser,ser
faq_pdf,,faq_pdf,sinônimo,sinonimo
faq_pdf,,faq_pdf,de,de
faq_pdf,,faq_pdf,coisa,coisa
faq_pdf,,faq_pdf,rígida”,rigida
faq_pdf,,faq_pdf,●,
faq_pdf,,faq_pdf,“perfeito,perfeito
faq_pdf,,faq_pdf,para,para
faq_pdf,,faq_pdf,sensualizar”,sensualizar
faq_pdf,,faq_pdf,●,
faq_pdf,,faq_pdf,“bracelete,bracelete
faq_pdf,,faq_pdf,poderosão”,poderosao
faq_pdf,,faq_pdf,●,
faq_pdf,,faq_pdf,“vai,vai
faq_pdf,,faq_pdf,bem,bem
faq_pdf,,faq_pdf,para,para
faq_pdf,,faq_pdf,o,o
faq_pdf,,faq_pdf,friozão”,friozao
faq_pdf,,faq_pdf,●,
faq_pdf,,faq_pdf,“estrutura,estrutura
faq_pdf,,faq_pdf,encorpada”,encorpada
faq_pdf,,faq_pdf,●,
faq_pdf,,faq_pdf,“ponto,ponto
faq_pdf,,faq_pdf,de,de
faq_pdf,,faq_pdf,luz,luz
faq_pdf,,faq_pdf,para,para
faq_pdf,,faq_pdf,a,a
faq_pdf,,faq_pdf,roupa,roupa
faq_pdf,,faq_pdf,mais,mais
faq_pdf,,faq_pdf,sóbria”,sobria
faq_pdf,,faq_pdf,●,
faq_pdf,,faq_pdf,“vai,vai
faq_pdf,,faq_pdf,além”,alem
faq_pdf,,faq_pdf,●,
faq_pdf,,faq_pdf,“polar,polar
faq_pdf,,faq_pdf,resolvedor”,resolvedor
faq_pdf,,faq_pdf,●,
faq_pdf,,faq_pdf,“envolve,envolve
faq_pdf,,faq_pdf,todas,todas
faq_pdf,,faq_pdf,as,as
faq_pdf,,faq_pdf,nuances,nuances
faq_pdf,,faq_pdf,de,de
faq_pdf,,faq_pdf,sucesso,sucesso
faq_pdf,,faq_pdf,necessárias”,necessarias
faq_pdf,,faq_pdf,●,
faq_pdf,,faq_pdf,“efeito,efeito
faq_pdf,,faq_pdf,surpresa,surpresa
faq_pdf,,faq_pdf,do,do
faq_pdf,,faq_pdf,pingente,pingente
faq_pdf,,faq_pdf,vazado”,vazado
faq_pdf,,faq_pdf,●,
faq_pdf,,faq_pdf,(REELS,reels
faq_pdf,,faq_pdf,05,<num>
faq_pdf,,faq_pdf,JUNHO,junho
faq_pdf,,faq_pdf,DE,de
faq_pdf,,faq_pdf,CAMISAS),camisas
faq_pdf,,faq_pdf,✅,
faq_pdf,,faq_pdf,PERGUNTAS,perguntas
faq_pdf,,faq_pdf,INVENTADAS,inventadas
faq_pdf,,faq_pdf,(cliente,cliente
faq_pdf,,faq_pdf,no,no
faq_pdf,,faq_pdf,Curadobia),curadobia
faq_pdf,,faq_pdf,1.,<num>
faq_pdf,,faq_pdf,“Tô,to
faq_pdf,,faq_pdf,voltando,voltando
faq_pdf,,faq_pdf,a,a
faq_pdf,,faq_pdf,trabalhar,trabalhar
faq_pdf,,faq_pdf,presencial,presencial
faq_pdf,,faq_pdf,e,e
faq_pdf,,faq_pdf,queria,queria
faq_pdf,,faq_pdf,uma,uma
faq_pdf,,faq_pdf,camisa,camisa
faq_pdf,,faq_pdf,poderosa,poderosa
faq_pdf,,faq_pdf,pra,pra
faq_pdf,,faq_pdf,me,me
faq_pdf,,faq_pdf,sentir,sentir
faq_pdf,,faq_pdf,mais,mais
faq_pdf,,faq_pdf,segura.,segura
faq_pdf,,faq_pdf,Alguma,alguma
faq_pdf,,faq_pdf,sugestão?”,sugestao
faq_pdf,,faq_pdf,2.,<num>
faq_pdf,,faq_pdf,“Dá,da
faq_pdf,,faq_pdf,pra,pra
faq_pdf,,faq_pdf,usar,usar
faq_pdf,,faq_pdf,camisa,camisa
faq_pdf,,faq_pdf,no,no
faq_pdf,,faq_pdf,calor,calor
faq_pdf,,faq_pdf,sem,sem
faq_pdf,,faq_pdf,parecer,parecer
faq_pdf,,faq_pdf,que,que
faq_pdf,,faq_pdf,tô,to
faq_pdf,,faq_pdf,indo,indo
faq_pdf,,faq_pdf,pra,pra
faq_pdf,,faq_pdf,reunião?”,reuniao
faq_pdf,,faq_pdf,3.,<num>
faq_pdf,,faq_pdf,“Queria,queria
faq_pdf,,faq_pdf,uma,uma
faq_pdf,,faq_pdf,camisa,camisa
faq_pdf,,faq_pdf,jeans,jeans
faq_pdf,,faq_pdf,mais,mais
faq_pdf,,faq_pdf,"leve,",leve
faq_pdf,,faq_pdf,que,que
faq_pdf,,faq_pdf,não,nao
faq_pdf,,faq_pdf,deixasse,deixasse
faq_pdf,,faq_pdf,o,o
faq_pdf,,faq_pdf,look,look
faq_pdf,,faq_pdf,pesado.,pesado
faq_pdf,,faq_pdf,Vocês,voces
faq_pdf,,faq_pdf,têm,tem
faq_pdf,,faq_pdf,algo,algo
faq_pdf,,faq_pdf,assim?”,assim
faq_pdf,,faq_pdf,4.,<num>
faq_pdf,,faq_pdf,“Tô,to
faq_pdf,,faq_pdf,procurando,procurando
faq_pdf,,faq_pdf,uma,uma
faq_pdf,,faq_pdf,camisa,camisa
faq_pdf,,faq_pdf,"diferente,",diferente
faq_pdf,,faq_pdf,mais,mais
faq_pdf,,faq_pdf,com,com
faq_pdf,,faq_pdf,cara,cara
faq_pdf,,faq_pdf,de,de
faq_pdf,,faq_pdf,férias,ferias
faq_pdf,,faq_pdf,do,do
faq_pdf,,faq_pdf,que,que
faq_pdf,,faq_pdf,de,de
faq_pdf,,faq_pdf,escritório.,escritorio
faq_pdf,,faq_pdf,Alguma,alguma
faq_pdf,,faq_pdf,dica?”,dica
faq_pdf,,faq_pdf,💬,
faq_pdf,,faq_pdf,RESPOSTAS,respostas
faq_pdf,,faq_pdf,NO,no
faq_pdf,,faq_pdf,ESTILO,estilo
faq_pdf,,faq_pdf,DA,da
faq_pdf,,faq_pdf,BIA,bia
faq_pdf,,faq_pdf,1.,<num>
faq_pdf,,faq_pdf,Camisa,camisa
faq_pdf,,faq_pdf,de,de
faq_pdf,,faq_pdf,Responsa,responsa
faq_pdf,,faq_pdf,“Tudo,tudo
faq_pdf,,faq_pdf,o,o
faq_pdf,,faq_pdf,que,que
faq_pdf,,faq_pdf,uma,uma
faq_pdf,,faq_pdf,camisa,camisa
faq_pdf,,faq_pdf,pode,pode
faq_pdf,,faq_pdf,fazer,fazer
faq_pdf,,faq_pdf,por,por
faq_pdf,,faq_pdf,"você,",voce
faq_pdf,,faq_pdf,essa,essa
faq_pdf,,faq_pdf,aqui,aqui
faq_pdf,,faq_pdf,faz,faz
faq_pdf,,faq_pdf,em,em
faq_pdf,,faq_pdf,dobro.,dobro
faq_pdf,,faq_pdf,A,a
faq_pdf,,faq_pdf,Camisa,camisa
faq_pdf,,faq_pdf,de,de
faq_pdf,,faq_pdf,Responsa,responsa
faq_pdf,,faq_pdf,tem,tem
faq_pdf,,faq_pdf,"volume,",volume
faq_pdf,,faq_pdf,"presença,",presenca
faq_pdf,,faq_pdf,uma,uma
faq_pdf,,faq_pdf,gola,gola
faq_pdf,,faq_pdf,que,que
faq_pdf,,faq_pdf,fala,fala
faq_pdf,,faq_pdf,por,por
faq_pdf,,faq_pdf,si,si
faq_pdf,,faq_pdf,e,e
faq_pdf,,faq_pdf,uma,uma
faq_pdf,,faq_pdf,manga,manga
faq_pdf,,faq_pdf,que,que
faq_pdf,,faq_pdf,banca.,banca
faq_pdf,,faq_pdf,Vista,vista
faq_pdf,,faq_pdf,ela,ela
faq_pdf,,faq_pdf,pra,pra
faq_pdf,,faq_pdf,tirar,tirar
faq_pdf,,faq_pdf,o,o
faq_pdf,,faq_pdf,projeto,projeto
faq_pdf,,faq_pdf,do,do
faq_pdf,,faq_pdf,papel.,papel
faq_pdf,,faq_pdf,A,a
faq_pdf,,faq_pdf,branca,branca
faq_pdf,,faq_pdf,já,ja
faq_pdf,,faq_pdf,é,e
faq_pdf,,faq_pdf,sinônimo,sinonimo
faq_pdf,,faq_pdf,de,de
faq_pdf,,faq_pdf,"credibilidade,",credibilidade
faq_pdf,,faq_pdf,e,e
faq_pdf,,faq_pdf,com,com
faq_pdf,,faq_pdf,essa,essa
faq_pdf,,faq_pdf,estrutura,estrutura
faq_pdf,,faq_pdf,"toda,",toda
faq_pdf,,faq_pdf,você,voce
faq_pdf,,faq_pdf,vai,vai
faq_pdf,,faq_pdf,ver:,ver
faq_pdf,,faq_pdf,o,o
faq_pdf,,faq_pdf,povo,povo
faq_pdf,,faq_pdf,PARA,para
faq_pdf,,faq_pdf,pra,pra
faq_pdf,,faq_pdf,te,te
faq_pdf,,faq_pdf,ouvir.,ouvir
faq_pdf,,faq_pdf,É,e
faq_pdf,,faq_pdf,quase,quase
faq_pdf,,faq_pdf,uma,uma
faq_pdf,,faq_pdf,armadura,armadura
faq_pdf,,faq_pdf,de,de
faq_pdf,,faq_pdf,ideias.”,ideias
faq_pdf,,faq_pdf,2.,<num>
faq_pdf,,faq_pdf,A,a
faq_pdf,,faq_pdf,sem,sem
faq_pdf,,faq_pdf,manga,manga
faq_pdf,,faq_pdf,(alfaiataria,alfaiataria
faq_pdf,,faq_pdf,"leve,",leve
faq_pdf,,faq_pdf,versátil),versatil
faq_pdf,,faq_pdf,“Essa,essa
faq_pdf,,faq_pdf,aqui,aqui
faq_pdf,,faq_pdf,é,e
faq_pdf,,faq_pdf,a,a
faq_pdf,,faq_pdf,despistadora,despistadora
faq_pdf,,faq_pdf,de,de
faq_pdf,,faq_pdf,dress,dress
faq_pdf,,faq_pdf,code,code
faq_pdf,,faq_pdf,.,
faq_pdf,,faq_pdf,Engana,engana
faq_pdf,,faq_pdf,bonito:,bonito
faq_pdf,,faq_pdf,é,e
faq_pdf,,faq_pdf,"alfaiataria,",alfaiataria
faq_pdf,,faq_pdf,mas,mas
faq_pdf,,faq_pdf,tem,tem
faq_pdf,,faq_pdf,alma,alma
faq_pdf,,faq_pdf,de,de
faq_pdf,,faq_pdf,liberdade.,liberdade
faq_pdf,,faq_pdf,Você,voce
faq_pdf,,faq_pdf,joga,joga
faq_pdf,,faq_pdf,um,um
faq_pdf,,faq_pdf,sapato,sapato
faq_pdf,,faq_pdf,mais,mais
faq_pdf,,faq_pdf,"descolado,",descolado
faq_pdf,,faq_pdf,brinca,brinca
faq_pdf,,faq_pdf,com,com
faq_pdf,,faq_pdf,"cor,",cor
faq_pdf,,faq_pdf,e,e
faq_pdf,,faq_pdf,tá,ta
faq_pdf,,faq_pdf,tudo,tudo
faq_pdf,,faq_pdf,certo.,certo
faq_pdf,,faq_pdf,Ela,ela
faq_pdf,,faq_pdf,segura,segura
faq_pdf,,faq_pdf,a,a
faq_pdf,,faq_pdf,estrutura,estrutura
faq_pdf,,faq_pdf,mas,mas
faq_pdf,,faq_pdf,permite,permite
faq_pdf,,faq_pdf,a,a
faq_pdf,,faq_pdf,diversão.,diversao
faq_pdf,,faq_pdf,É,e
faq_pdf,,faq_pdf,o,o
faq_pdf,,faq_pdf,blazer,blazer
faq_pdf,,faq_pdf,do,do
faq_pdf,,faq_pdf,"verão,",verao
faq_pdf,,faq_pdf,versão,versao
faq_pdf,,faq_pdf,coletinho,coletinho
faq_pdf,,faq_pdf,cool.,cool
faq_pdf,,faq_pdf,”,
faq_pdf,,faq_pdf,3.,<num>
faq_pdf,,faq_pdf,Camisa,camisa
faq_pdf,,faq_pdf,jeans,jeans
faq_pdf,,faq_pdf,molinha,molinha
faq_pdf,,faq_pdf,“Camisa,camisa
faq_pdf,,faq_pdf,jeans,jeans
faq_pdf,,faq_pdf,não,nao
faq_pdf,,faq_pdf,precisa,precisa
faq_pdf,,faq_pdf,ser,ser
faq_pdf,,faq_pdf,dura,dura
faq_pdf,,faq_pdf,e,e
faq_pdf,,faq_pdf,sem,sem
faq_pdf,,faq_pdf,"graça,",graca
faq_pdf,,faq_pdf,né?,ne
faq_pdf,,faq_pdf,Essa,essa
faq_pdf,,faq_pdf,aqui,aqui
faq_pdf,,faq_pdf,tem,tem
faq_pdf,,faq_pdf,o,o
faq_pdf,,faq_pdf,toque,toque
faq_pdf,,faq_pdf,"molinho,",molinho
faq_pdf,,faq_pdf,que,que
faq_pdf,,faq_pdf,traz,traz
faq_pdf,,faq_pdf,essa,essa
faq_pdf,,faq_pdf,vibe,vibe
faq_pdf,,faq_pdf,cozy,cozy
faq_pdf,,faq_pdf,",",
faq_pdf,,faq_pdf,mais,mais
faq_pdf,,faq_pdf,‘gente,gente
faq_pdf,,faq_pdf,legal,legal
faq_pdf,,faq_pdf,que,que
faq_pdf,,faq_pdf,manja,manja
faq_pdf,,faq_pdf,dos,dos
faq_pdf,,faq_pdf,rolês’.,roles
faq_pdf,,faq_pdf,Ela,ela
faq_pdf,,faq_pdf,mantém,mantem
faq_pdf,,faq_pdf,a,a
faq_pdf,,faq_pdf,"estrutura,",estrutura
faq_pdf,,faq_pdf,mas,mas
faq_pdf,,faq_pdf,no,no
faq_pdf,,faq_pdf,conforto.,conforto
faq_pdf,,faq_pdf,E,e
faq_pdf,,faq_pdf,ainda,ainda
faq_pdf,,faq_pdf,tem,tem
faq_pdf,,faq_pdf,aquele,aquele
faq_pdf,,faq_pdf,tom,tom
faq_pdf,,faq_pdf,alegre,alegre
faq_pdf,,faq_pdf,que,que
faq_pdf,,faq_pdf,levanta,levanta
faq_pdf,,faq_pdf,a,a
faq_pdf,,faq_pdf,roupa,roupa
faq_pdf,,faq_pdf,toda,toda
faq_pdf,,faq_pdf,.”,
faq_pdf,,faq_pdf,4.,<num>
faq_pdf,,faq_pdf,Camisa,camisa
faq_pdf,,faq_pdf,Viajante,viajante
faq_pdf,,faq_pdf,“A,a
faq_pdf,,faq_pdf,Camisa,camisa
faq_pdf,,faq_pdf,Viajante,viajante
faq_pdf,,faq_pdf,teletransporta,teletransporta
faq_pdf,,faq_pdf,real,real
faq_pdf,,faq_pdf,.,
faq_pdf,,faq_pdf,Você,voce
faq_pdf,,faq_pdf,coloca,coloca
faq_pdf,,faq_pdf,e,e
faq_pdf,,faq_pdf,parece,parece
faq_pdf,,faq_pdf,que,que
faq_pdf,,faq_pdf,já,ja
faq_pdf,,faq_pdf,tá,ta
faq_pdf,,faq_pdf,com,com
faq_pdf,,faq_pdf,um,um
faq_pdf,,faq_pdf,drink,drink
faq_pdf,,faq_pdf,na,na
faq_pdf,,faq_pdf,Grécia.,grecia
faq_pdf,,faq_pdf,O,o
faq_pdf,,faq_pdf,listrado,listrado
faq_pdf,,faq_pdf,tem,tem
faq_pdf,,faq_pdf,esse,esse
faq_pdf,,faq_pdf,"poder,",poder
faq_pdf,,faq_pdf,sabe?,sabe
faq_pdf,,faq_pdf,Funciona,funciona
faq_pdf,,faq_pdf,fechada,fechada
faq_pdf,,faq_pdf,no,no
faq_pdf,,faq_pdf,"campo,",campo
faq_pdf,,faq_pdf,aberta,aberta
faq_pdf,,faq_pdf,na,na
faq_pdf,,faq_pdf,praia...,praia
faq_pdf,,faq_pdf,Melhor,melhor
faq_pdf,,faq_pdf,ainda,ainda
faq_pdf,,faq_pdf,se,se
faq_pdf,,faq_pdf,for,for
faq_pdf,,faq_pdf,um,um
faq_pdf,,faq_pdf,número,numero
faq_pdf,,faq_pdf,"maiorzinho,",maiorzinho
faq_pdf,,faq_pdf,pra,pra
faq_pdf,,faq_pdf,dar,dar
faq_pdf,,faq_pdf,aquela,aquela
faq_pdf,,faq_pdf,sensação,sensacao
faq_pdf,,faq_pdf,de,de
faq_pdf,,faq_pdf,leveza.,leveza
faq_pdf,,faq_pdf,Se,se
faq_pdf,,faq_pdf,quiser,quiser
faq_pdf,,faq_pdf,montar,montar
faq_pdf,,faq_pdf,conjuntinho,conjuntinho
faq_pdf,,faq_pdf,então?,entao
faq_pdf,,faq_pdf,Voa!”,voa
faq_pdf,,faq_pdf,🧩,
faq_pdf,,faq_pdf,VOCABULÁRIO,vocabulario
faq_pdf,,faq_pdf,/,
faq_pdf,,faq_pdf,EXPRESSÕES,expressoes
faq_pdf,,faq_pdf,DA,da
faq_pdf,,faq_pdf,BIA,bia
faq_pdf,,faq_pdf,(extraídas,extraidas
faq_pdf,,faq_pdf,desse,desse
faq_pdf,,faq_pdf,conteúdo),conteudo
faq_pdf,,faq_pdf,●,
faq_pdf,,faq_pdf,“Tudo,tudo
faq_pdf,,faq_pdf,o,o
faq_pdf,,faq_pdf,que,que
faq_pdf,,faq_pdf,uma,uma
faq_pdf,,faq_pdf,camisa,camisa
faq_pdf,,faq_pdf,pode,pode
faq_pdf,,faq_pdf,fazer,fazer
faq_pdf,,faq_pdf,por,por
faq_pdf,,faq_pdf,você”,voce
faq_pdf,,faq_pdf,●,
faq_pdf,,faq_pdf,“Impulsionadora,impulsionadora
faq_pdf,,faq_pdf,de,de
faq_pdf,,faq_pdf,projetos”,projetos
faq_pdf,,faq_pdf,●,
faq_pdf,,faq_pdf,“Tirar,tirar
faq_pdf,,faq_pdf,uma,uma
faq_pdf,,faq_pdf,ideia,ideia
faq_pdf,,faq_pdf,do,do
faq_pdf,,faq_pdf,papel”,papel
faq_pdf,,faq_pdf,●,
faq_pdf,,faq_pdf,“Camisa,camisa
faq_pdf,,faq_pdf,de,de
faq_pdf,,faq_pdf,responsa”,responsa
faq_pdf,,faq_pdf,●,
faq_pdf,,faq_pdf,“Altíssimo,altissimo
faq_pdf,,faq_pdf,poder,poder
faq_pdf,,faq_pdf,de,de
faq_pdf,,faq_pdf,persuasão”,persuasao
faq_pdf,,faq_pdf,●,
faq_pdf,,faq_pdf,“O,o
faq_pdf,,faq_pdf,povo,povo
faq_pdf,,faq_pdf,para,para
faq_pdf,,faq_pdf,pra,pra
faq_pdf,,faq_pdf,ouvir,ouvir
faq_pdf,,faq_pdf,o,o
faq_pdf,,faq_pdf,que,que
faq_pdf,,faq_pdf,você,voce
faq_pdf,,faq_pdf,tá,ta
faq_pdf,,faq_pdf,falando”,falando
faq_pdf,,faq_pdf,●,
faq_pdf,,faq_pdf,“Muita,muita
faq_pdf,,faq_pdf,"gola,",gola
faq_pdf,,faq_pdf,muita,muita
faq_pdf,,faq_pdf,manga,manga
faq_pdf,,faq_pdf,pra,pra
faq_pdf,,faq_pdf,um,um
faq_pdf,,faq_pdf,grifin,grifin
faq_pdf,,faq_pdf,só”,so
faq_pdf,,faq_pdf,●,
faq_pdf,,faq_pdf,“Despistadora,despistadora
faq_pdf,,faq_pdf,de,de
faq_pdf,,faq_pdf,dress,dress
faq_pdf,,faq_pdf,code”,code
faq_pdf,,faq_pdf,●,
faq_pdf,,faq_pdf,“Sinal,sinal
faq_pdf,,faq_pdf,verde,verde
faq_pdf,,faq_pdf,pra,pra
faq_pdf,,faq_pdf,brincar,brincar
faq_pdf,,faq_pdf,com,com
faq_pdf,,faq_pdf,cor”,cor
faq_pdf,,faq_pdf,●,
faq_pdf,,faq_pdf,“Bem,bem
faq_pdf,,faq_pdf,casualzão”,casualzao
faq_pdf,,faq_pdf,●,
faq_pdf,,faq_pdf,“A,a
faq_pdf,,faq_pdf,alfaiataria,alfaiataria
faq_pdf,,faq_pdf,nunca,nunca
faq_pdf,,faq_pdf,vai,vai
faq_pdf,,faq_pdf,ficar,ficar
faq_pdf,,faq_pdf,careta”,careta
faq_pdf,,faq_pdf,●,
faq_pdf,,faq_pdf,“O,o
faq_pdf,,faq_pdf,blazer,blazer
faq_pdf,,faq_pdf,do,do
faq_pdf,,faq_pdf,verão”,verao
faq_pdf,,faq_pdf,●,
faq_pdf,,faq_pdf,“Suavizadora,suavizadora
faq_pdf,,faq_pdf,de,de
faq_pdf,,faq_pdf,imagem”,imagem
faq_pdf,,faq_pdf,●,
faq_pdf,,faq_pdf,“Tecido,tecido
faq_pdf,,faq_pdf,molinho”,molinho
faq_pdf,,faq_pdf,●,
faq_pdf,,faq_pdf,“Sensação,sensacao
faq_pdf,,faq_pdf,cozy”,cozy
faq_pdf,,faq_pdf,●,
faq_pdf,,faq_pdf,“Gente,gente
faq_pdf,,faq_pdf,legal”,legal
faq_pdf,,faq_pdf,●,
faq_pdf,,faq_pdf,“Clássico,classico
faq_pdf,,faq_pdf,estruturado,estruturado
faq_pdf,,faq_pdf,com,com
faq_pdf,,faq_pdf,variação”,variacao
faq_pdf,,faq_pdf,●,
faq_pdf,,faq_pdf,“Tom,tom
faq_pdf,,faq_pdf,que,que
faq_pdf,,faq_pdf,traz,traz
faq_pdf,,faq_pdf,alegria”,alegria
faq_pdf,,faq_pdf,●,
faq_pdf,,faq_pdf,“Poder,poder
faq_pdf,,faq_pdf,do,do
faq_pdf,,faq_pdf,teletransporte”,teletransporte
faq_pdf,,faq_pdf,●,
faq_pdf,,faq_pdf,“Contexto,contexto
faq_pdf,,faq_pdf,"praia,",praia
faq_pdf,,faq_pdf,contexto,contexto
faq_pdf,,faq_pdf,campo”,campo
faq_pdf,,faq_pdf,●,
faq_pdf,,faq_pdf,“Tamanho,tamanho
faq_pdf,,faq_pdf,um,um
faq_pdf,,faq_pdf,pouquinho,pouquinho
faq_pdf,,faq_pdf,maior,maior
faq_pdf,,faq_pdf,do,do
faq_pdf,,faq_pdf,que,que
faq_pdf,,faq_pdf,o,o
faq_pdf,,faq_pdf,costume”,costume
faq_pdf,,faq_pdf,●,
faq_pdf,,faq_pdf,“A,a
faq_pdf,,faq_pdf,gente,gente
faq_pdf,,faq_pdf,quer,quer
faq_pdf,,faq_pdf,contextualizar”,contextualizar
faq_pdf,,faq_pdf,●,
faq_pdf,,faq_pdf,(REELS,reels
faq_pdf,,faq_pdf,19,<num>
faq_pdf,,faq_pdf,MAIO,maio
faq_pdf,,faq_pdf,DE,de
faq_pdf,,faq_pdf,4,<num>
faq_pdf,,faq_pdf,SAIAS,saias
faq_pdf,,faq_pdf,COM,com
faq_pdf,,faq_pdf,TCHARANZ),tcharanz
faq_pdf,,faq_pdf,✅,
faq_pdf,,faq_pdf,PERGUNTAS,perguntas
faq_pdf,,faq_pdf,INVENTADAS,inventadas
faq_pdf,,faq_pdf,(clientes,clientes
faq_pdf,,faq_pdf,no,no
faq_pdf,,faq_pdf,Curadobia),curadobia
faq_pdf,,faq_pdf,1.,<num>
faq_pdf,,faq_pdf,“Queria,queria
faq_pdf,,faq_pdf,uma,uma
faq_pdf,,faq_pdf,saia,saia
faq_pdf,,faq_pdf,que,que
faq_pdf,,faq_pdf,fosse,fosse
faq_pdf,,faq_pdf,"diferente,",diferente
faq_pdf,,faq_pdf,mas,mas
faq_pdf,,faq_pdf,ainda,ainda
faq_pdf,,faq_pdf,usável,usavel
faq_pdf,,faq_pdf,no,no
faq_pdf,,faq_pdf,dia,dia
faq_pdf,,faq_pdf,a,a
faq_pdf,,faq_pdf,dia.,dia
faq_pdf,,faq_pdf,Alguma,alguma
faq_pdf,,faq_pdf,dica?”,dica
faq_pdf,,faq_pdf,2.,<num>
faq_pdf,,faq_pdf,“Tenho,tenho
faq_pdf,,faq_pdf,dificuldade,dificuldade
faq_pdf,,faq_pdf,com,com
faq_pdf,,faq_pdf,saias,saias
faq_pdf,,faq_pdf,que,que
faq_pdf,,faq_pdf,sirvam,sirvam
faq_pdf,,faq_pdf,bem,bem
faq_pdf,,faq_pdf,no,no
faq_pdf,,faq_pdf,meu,meu
faq_pdf,,faq_pdf,corpo,corpo
faq_pdf,,faq_pdf,—,
faq_pdf,,faq_pdf,alguma,alguma
faq_pdf,,faq_pdf,que,que
faq_pdf,,faq_pdf,se,se
faq_pdf,,faq_pdf,ajuste,ajuste
faq_pdf,,faq_pdf,melhor?”,melhor
faq_pdf,,faq_pdf,3.,<num>
faq_pdf,,faq_pdf,“Procuro,procuro
faq_pdf,,faq_pdf,uma,uma
faq_pdf,,faq_pdf,saia,saia
faq_pdf,,faq_pdf,que,que
faq_pdf,,faq_pdf,combine,combine
faq_pdf,,faq_pdf,com,com
faq_pdf,,faq_pdf,peças,pecas
faq_pdf,,faq_pdf,mais,mais
faq_pdf,,faq_pdf,"despojadas,",despojadas
faq_pdf,,faq_pdf,mas,mas
faq_pdf,,faq_pdf,sem,sem
faq_pdf,,faq_pdf,perder,perder
faq_pdf,,faq_pdf,o,o
faq_pdf,,faq_pdf,estilo.”,estilo
faq_pdf,,faq_pdf,4.,<num>
faq_pdf,,faq_pdf,“Preciso,preciso
faq_pdf,,faq_pdf,de,de
faq_pdf,,faq_pdf,uma,uma
faq_pdf,,faq_pdf,saia,saia
faq_pdf,,faq_pdf,"longa,",longa
faq_pdf,,faq_pdf,fácil,facil
faq_pdf,,faq_pdf,de,de
faq_pdf,,faq_pdf,"vestir,",vestir
faq_pdf,,faq_pdf,que,que
faq_pdf,,faq_pdf,alongue,alongue
faq_pdf,,faq_pdf,a,a
faq_pdf,,faq_pdf,silhueta.,silhueta
faq_pdf,,faq_pdf,Vocês,voces
faq_pdf,,faq_pdf,têm,tem
faq_pdf,,faq_pdf,algo,algo
faq_pdf,,faq_pdf,assim?”,assim
faq_pdf,,faq_pdf,💬,
faq_pdf,,faq_pdf,RESPOSTAS,respostas
faq_pdf,,faq_pdf,NO,no
faq_pdf,,faq_pdf,ESTILO,estilo
faq_pdf,,faq_pdf,DA,da
faq_pdf,,faq_pdf,BIA,bia
faq_pdf,,faq_pdf,1.,<num>
faq_pdf,,faq_pdf,Saia,saia
faq_pdf,,faq_pdf,Do,do
faq_pdf,,faq_pdf,Óbvio,obvio
faq_pdf,,faq_pdf,“Essa,essa
faq_pdf,,faq_pdf,aqui,aqui
faq_pdf,,faq_pdf,é,e
faq_pdf,,faq_pdf,pra,pra
faq_pdf,,faq_pdf,sair,sair
faq_pdf,,faq_pdf,da,da
faq_pdf,,faq_pdf,zona,zona
faq_pdf,,faq_pdf,de,de
faq_pdf,,faq_pdf,conforto,conforto
faq_pdf,,faq_pdf,com,com
faq_pdf,,faq_pdf,muito,muito
faq_pdf,,faq_pdf,conforto.,conforto
faq_pdf,,faq_pdf,A,a
faq_pdf,,faq_pdf,Saia,saia
faq_pdf,,faq_pdf,Do,do
faq_pdf,,faq_pdf,Óbvio,obvio
faq_pdf,,faq_pdf,faz,faz
faq_pdf,,faq_pdf,esse,esse
faq_pdf,,faq_pdf,jogo,jogo
faq_pdf,,faq_pdf,gráfico,grafico
faq_pdf,,faq_pdf,em,em
faq_pdf,,faq_pdf,preto,preto
faq_pdf,,faq_pdf,e,e
faq_pdf,,faq_pdf,branco,branco
faq_pdf,,faq_pdf,que,que
faq_pdf,,faq_pdf,salva,salva
faq_pdf,,faq_pdf,QUALQUER,qualquer
faq_pdf,,faq_pdf,look,look
faq_pdf,,faq_pdf,da,da
faq_pdf,,faq_pdf,monotonia.,monotonia
faq_pdf,,faq_pdf,Ela,ela
faq_pdf,,faq_pdf,é,e
faq_pdf,,faq_pdf,gráfica,grafica
faq_pdf,,faq_pdf,sem,sem
faq_pdf,,faq_pdf,ser,ser
faq_pdf,,faq_pdf,"dura,",dura
faq_pdf,,faq_pdf,diferente,diferente
faq_pdf,,faq_pdf,sem,sem
faq_pdf,,faq_pdf,ser,ser
faq_pdf,,faq_pdf,difícil.,dificil
faq_pdf,,faq_pdf,Uma,uma
faq_pdf,,faq_pdf,saída,saida
faq_pdf,,faq_pdf,certeira,certeira
faq_pdf,,faq_pdf,da,da
faq_pdf,,faq_pdf,mesmice.”,mesmice
faq_pdf,,faq_pdf,2.,<num>
faq_pdf,,faq_pdf,Saia,saia
faq_pdf,,faq_pdf,Acinturante,acinturante
faq_pdf,,faq_pdf,“A,a
faq_pdf,,faq_pdf,gente,gente
faq_pdf,,faq_pdf,chama,chama
faq_pdf,,faq_pdf,de,de
faq_pdf,,faq_pdf,saia,saia
faq_pdf,,faq_pdf,"acinturante,",acinturante
faq_pdf,,faq_pdf,mas,mas
faq_pdf,,faq_pdf,o,o
faq_pdf,,faq_pdf,nome,nome
faq_pdf,,faq_pdf,oficial,oficial
faq_pdf,,faq_pdf,podia,podia
faq_pdf,,faq_pdf,ser,ser
faq_pdf,,faq_pdf,encaixadora,encaixadora
faq_pdf,,faq_pdf,de,de
faq_pdf,,faq_pdf,corpos,corpos
faq_pdf,,faq_pdf,diversos,diversos
faq_pdf,,faq_pdf,.,
faq_pdf,,faq_pdf,A,a
faq_pdf,,faq_pdf,mágica,magica
faq_pdf,,faq_pdf,tá,ta
faq_pdf,,faq_pdf,na,na
faq_pdf,,faq_pdf,"amarração,",amarracao
faq_pdf,,faq_pdf,que,que
faq_pdf,,faq_pdf,ajusta,ajusta
faq_pdf,,faq_pdf,em,em
faq_pdf,,faq_pdf,você,voce
faq_pdf,,faq_pdf,e,e
faq_pdf,,faq_pdf,não,nao
faq_pdf,,faq_pdf,o,o
faq_pdf,,faq_pdf,contrário.,contrario
faq_pdf,,faq_pdf,"Atemporal,",atemporal
faq_pdf,,faq_pdf,elegante,elegante
faq_pdf,,faq_pdf,e,e
faq_pdf,,faq_pdf,com,com
faq_pdf,,faq_pdf,um,um
faq_pdf,,faq_pdf,‘tamanho,tamanho
faq_pdf,,faq_pdf,"muito’,",muito
faq_pdf,,faq_pdf,como,como
faq_pdf,,faq_pdf,a,a
faq_pdf,,faq_pdf,gente,gente
faq_pdf,,faq_pdf,ama.,ama
faq_pdf,,faq_pdf,Vai,vai
faq_pdf,,faq_pdf,com,com
faq_pdf,,faq_pdf,tudo.”,tudo
faq_pdf,,faq_pdf,3.,<num>
faq_pdf,,faq_pdf,Saia,saia
faq_pdf,,faq_pdf,Tech,tech
faq_pdf,,faq_pdf,“Essa,essa
faq_pdf,,faq_pdf,é,e
faq_pdf,,faq_pdf,a,a
faq_pdf,,faq_pdf,saia,saia
faq_pdf,,faq_pdf,tech,tech
faq_pdf,,faq_pdf,",",
faq_pdf,,faq_pdf,minha,minha
faq_pdf,,faq_pdf,queridinha,queridinha
faq_pdf,,faq_pdf,pra,pra
faq_pdf,,faq_pdf,fazer,fazer
faq_pdf,,faq_pdf,o,o
faq_pdf,,faq_pdf,justinho,justinho
faq_pdf,,faq_pdf,descomplicado.,descomplicado
faq_pdf,,faq_pdf,Ela,ela
faq_pdf,,faq_pdf,dá,da
faq_pdf,,faq_pdf,um,um
faq_pdf,,faq_pdf,high-low,high low
faq_pdf,,faq_pdf,de,de
faq_pdf,,faq_pdf,respeito,respeito
faq_pdf,,faq_pdf,",",
faq_pdf,,faq_pdf,mistura,mistura
faq_pdf,,faq_pdf,sofisticação,sofisticacao
faq_pdf,,faq_pdf,com,com
faq_pdf,,faq_pdf,"praticidade,",praticidade
faq_pdf,,faq_pdf,e,e
faq_pdf,,faq_pdf,ainda,ainda
faq_pdf,,faq_pdf,tem,tem
faq_pdf,,faq_pdf,esse,esse
faq_pdf,,faq_pdf,jeitinho,jeitinho
faq_pdf,,faq_pdf,utilitário,utilitario
faq_pdf,,faq_pdf,esperto,esperto
faq_pdf,,faq_pdf,que,que
faq_pdf,,faq_pdf,deixa,deixa
faq_pdf,,faq_pdf,tudo,tudo
faq_pdf,,faq_pdf,com,com
faq_pdf,,faq_pdf,a,a
faq_pdf,,faq_pdf,proporção,proporcao
faq_pdf,,faq_pdf,certa.,certa
faq_pdf,,faq_pdf,Eu,eu
faq_pdf,,faq_pdf,mesma,mesma
faq_pdf,,faq_pdf,chamo,chamo
faq_pdf,,faq_pdf,de,de
faq_pdf,,faq_pdf,pudins,pudins
faq_pdf,,faq_pdf,das,das
faq_pdf,,faq_pdf,saias,saias
faq_pdf,,faq_pdf,—,
faq_pdf,,faq_pdf,porque,porque
faq_pdf,,faq_pdf,sempre,sempre
faq_pdf,,faq_pdf,dá,da
faq_pdf,,faq_pdf,certo.”,certo
faq_pdf,,faq_pdf,4.,<num>
faq_pdf,,faq_pdf,Saia,saia
faq_pdf,,faq_pdf,Alongadora,alongadora
faq_pdf,,faq_pdf,“É,e
faq_pdf,,faq_pdf,a,a
faq_pdf,,faq_pdf,substituta,substituta
faq_pdf,,faq_pdf,natural,natural
faq_pdf,,faq_pdf,da,da
faq_pdf,,faq_pdf,pantalona,pantalona
faq_pdf,,faq_pdf,preta.,preta
faq_pdf,,faq_pdf,A,a
faq_pdf,,faq_pdf,Saia,saia
faq_pdf,,faq_pdf,Alongadora,alongadora
faq_pdf,,faq_pdf,tem,tem
faq_pdf,,faq_pdf,shape,shape
faq_pdf,,faq_pdf,"reto,",reto
faq_pdf,,faq_pdf,cintura,cintura
faq_pdf,,faq_pdf,"alta,",alta
faq_pdf,,faq_pdf,tecido,tecido
faq_pdf,,faq_pdf,que,que
faq_pdf,,faq_pdf,não,nao
faq_pdf,,faq_pdf,amassa,amassa
faq_pdf,,faq_pdf,e,e
faq_pdf,,faq_pdf,comprimento,comprimento
faq_pdf,,faq_pdf,que,que
faq_pdf,,faq_pdf,arrasa.,arrasa
faq_pdf,,faq_pdf,E,e
faq_pdf,,faq_pdf,ainda:,ainda
faq_pdf,,faq_pdf,veste,veste
faq_pdf,,faq_pdf,em,em
faq_pdf,,faq_pdf,segundos.,segundos
faq_pdf,,faq_pdf,Zero,zero
faq_pdf,,faq_pdf,"zíper,",ziper
faq_pdf,,faq_pdf,zero,zero
faq_pdf,,faq_pdf,drama.,drama
faq_pdf,,faq_pdf,Só,so
faq_pdf,,faq_pdf,de,de
faq_pdf,,faq_pdf,enfiar,enfiar
faq_pdf,,faq_pdf,e,e
faq_pdf,,faq_pdf,sair,sair
faq_pdf,,faq_pdf,linda.,linda
faq_pdf,,faq_pdf,”,
faq_pdf,,faq_pdf,🧩,
faq_pdf,,faq_pdf,VOCABULÁRIO,vocabulario
faq_pdf,,faq_pdf,/,
faq_pdf,,faq_pdf,EXPRESSÕES,expressoes
faq_pdf,,faq_pdf,DA,da
faq_pdf,,faq_pdf,BIA,bia
faq_pdf,,faq_pdf,NESSE,nesse
faq_pdf,,faq_pdf,CONTEÚDO,conteudo
faq_pdf,,faq_pdf,●,
faq_pdf,,faq_pdf,“Curadobia,curadobia
faq_pdf,,faq_pdf,apresenta,apresenta
faq_pdf,,faq_pdf,4,<num>
faq_pdf,,faq_pdf,saias,saias
faq_pdf,,faq_pdf,com,com
faq_pdf,,faq_pdf,tcharanz”,tcharanz
faq_pdf,,faq_pdf,●,
faq_pdf,,faq_pdf,“Saia,saia
faq_pdf,,faq_pdf,Do,do
faq_pdf,,faq_pdf,Óbvio”,obvio
faq_pdf,,faq_pdf,●,
faq_pdf,,faq_pdf,“Jogo,jogo
faq_pdf,,faq_pdf,gráfico,grafico
faq_pdf,,faq_pdf,que,que
faq_pdf,,faq_pdf,tira,tira
faq_pdf,,faq_pdf,da,da
faq_pdf,,faq_pdf,zona,zona
faq_pdf,,faq_pdf,de,de
faq_pdf,,faq_pdf,conforto”,conforto
faq_pdf,,faq_pdf,●,
faq_pdf,,faq_pdf,“Lista,lista
faq_pdf,,faq_pdf,em,em
faq_pdf,,faq_pdf,preto,preto
faq_pdf,,faq_pdf,e,e
faq_pdf,,faq_pdf,branco,branco
faq_pdf,,faq_pdf,que,que
faq_pdf,,faq_pdf,salva,salva
faq_pdf,,faq_pdf,da,da
faq_pdf,,faq_pdf,previsibilidade”,previsibilidade
faq_pdf,,faq_pdf,●,
faq_pdf,,faq_pdf,“Saia,saia
faq_pdf,,faq_pdf,Acinturante”,acinturante
faq_pdf,,faq_pdf,/,
faq_pdf,,faq_pdf,“saia,saia
faq_pdf,,faq_pdf,pariol”,pariol
faq_pdf,,faq_pdf,●,
faq_pdf,,faq_pdf,“Construção,construcao
faq_pdf,,faq_pdf,com,com
faq_pdf,,faq_pdf,estrutura,estrutura
faq_pdf,,faq_pdf,de,de
faq_pdf,,faq_pdf,amarração”,amarracao
faq_pdf,,faq_pdf,●,
faq_pdf,,faq_pdf,“Tamanho,tamanho
faq_pdf,,faq_pdf,muito”,muito
faq_pdf,,faq_pdf,●,
faq_pdf,,faq_pdf,“Modelo,modelo
faq_pdf,,faq_pdf,bom”,bom
faq_pdf,,faq_pdf,●,
faq_pdf,,faq_pdf,“Saia,saia
faq_pdf,,faq_pdf,tech”,tech
faq_pdf,,faq_pdf,●,
faq_pdf,,faq_pdf,“Despretensionalizar,despretensionalizar
faq_pdf,,faq_pdf,qualquer,qualquer
faq_pdf,,faq_pdf,pretensão,pretensao
faq_pdf,,faq_pdf,de,de
faq_pdf,,faq_pdf,exagero”,exagero
faq_pdf,,faq_pdf,●,
faq_pdf,,faq_pdf,“High-low,high low
faq_pdf,,faq_pdf,de,de
faq_pdf,,faq_pdf,estilo”,estilo
faq_pdf,,faq_pdf,●,
faq_pdf,,faq_pdf,“Utilitário,utilitario
faq_pdf,,faq_pdf,esperto,esperto
faq_pdf,,faq_pdf,e,e
faq_pdf,,faq_pdf,de,de
faq_pdf,,faq_pdf,proporção”,proporcao
faq_pdf,,faq_pdf,●,
faq_pdf,,faq_pdf,“Fazer,fazer
faq_pdf,,faq_pdf,o,o
faq_pdf,,faq_pdf,"justinho,",justinho
faq_pdf,,faq_pdf,sempre,sempre
faq_pdf,,faq_pdf,dá,da
faq_pdf,,faq_pdf,certo”,certo
faq_pdf,,faq_pdf,●,
faq_pdf,,faq_pdf,“Saia,saia
faq_pdf,,faq_pdf,alongadora”,alongadora
faq_pdf,,faq_pdf,●,
faq_pdf,,faq_pdf,“Substituta,substituta
faq_pdf,,faq_pdf,da,da
faq_pdf,,faq_pdf,pantalona,pantalona
faq_pdf,,faq_pdf,preta”,preta
faq_pdf,,faq_pdf,●,
faq_pdf,,faq_pdf,“Shape,shape
faq_pdf,,faq_pdf,que,que
faq_pdf,,faq_pdf,alonga”,alonga
faq_pdf,,faq_pdf,●,
faq_pdf,,faq_pdf,“Facilitadora,facilitadora
faq_pdf,,faq_pdf,porque,porque
faq_pdf,,faq_pdf,é,e
faq_pdf,,faq_pdf,só,so
faq_pdf,,faq_pdf,de,de
faq_pdf,,faq_pdf,enfiar”,enfiar
faq_pdf,,faq_pdf,●,
faq_pdf,,faq_pdf,“Tecido,tecido
faq_pdf,,faq_pdf,para,para
faq_pdf,,faq_pdf,não,nao
faq_pdf,,faq_pdf,amassar”,amassar
faq_pdf,,faq_pdf,●,
faq_pdf,,faq_pdf,“Comprimento,comprimento
faq_pdf,,faq_pdf,de,de
faq_pdf,,faq_pdf,arrasar”,arrasar
